user_id,event_date,event_type,session_duration
1,2026-07-30,upgrade,5.14
1,2026-09-05,feature_use,8.24
1,2026-07-15,login,13.93
1,2026-06-13,cancel,3.96
1,2026-10-18,feature_use,3.77
1,2026-07-04,upgrade,11.65
1,2026-08-09,upgrade,13.4
1,2026-08-20,cancel,10.41
1,2026-08-25,feature_use,26.01
1,2026-08-27,cancel,1.33
1,2026-09-08,feature_use,15.74
1,2026-09-30,feature_use,24.94
1,2026-08-13,cancel,18.39
1,2026-08-28,upgrade,20.6
1,2026-08-19,login,16.01
1,2026-09-23,login,13.86
1,2026-09-26,feature_use,20.68
1,2026-07-29,upgrade,1.5
1,2026-10-01,upgrade,28.13
1,2026-11-14,upgrade,24.65
1,2026-10-31,upgrade,2.87
1,2026-09-16,feature_use,22.98
1,2026-06-10,upgrade,7.3
1,2026-07-14,cancel,10.99
2,2026-10-22,login,6.98
2,2026-11-28,login,15.12
2,2027-03-06,cancel,20.68
2,2027-01-17,feature_use,25.25
2,2026-12-19,feature_use,9.47
2,2027-01-11,login,15.41
2,2026-10-18,login,27.5
2,2027-02-03,upgrade,8.08
2,2027-01-25,feature_use,14.31
2,2027-03-16,cancel,7.04
2,2026-12-28,login,20.84
2,2027-01-01,upgrade,5.46
2,2027-02-19,login,25.1
2,2027-02-15,login,3.15
2,2026-11-07,cancel,14.92
2,2027-03-20,upgrade,16.62
2,2027-01-08,feature_use,8.48
2,2027-02-28,feature_use,26.11
2,2027-02-23,feature_use,20.77
2,2027-01-15,cancel,14.0
2,2026-10-23,upgrade,16.27
2,2026-11-13,upgrade,23.86
2,2026-10-30,upgrade,9.71
2,2026-11-20,login,9.34
2,2026-11-04,login,18.19
2,2026-12-21,upgrade,22.13
2,2026-11-26,cancel,17.29
2,2027-02-15,upgrade,6.49
3,2026-05-15,login,3.0
3,2026-04-20,feature_use,20.83
3,2026-04-28,login,15.5
3,2026-04-02,cancel,9.79
3,2026-02-22,upgrade,27.07
3,2026-07-10,upgrade,6.46
3,2026-04-30,login,8.0
3,2026-03-02,upgrade,7.29
3,2026-05-15,cancel,13.81
3,2026-04-15,upgrade,23.74
3,2026-03-28,feature_use,22.21
3,2026-04-19,upgrade,15.13
3,2026-03-20,cancel,13.68
3,2026-02-26,feature_use,24.83
3,2026-04-01,upgrade,11.73
3,2026-02-16,cancel,16.33
3,2026-03-21,upgrade,7.3
3,2026-01-15,login,17.29
3,2026-03-19,feature_use,28.9
3,2026-04-30,upgrade,1.59
3,2026-05-20,cancel,29.8
3,2026-04-08,feature_use,28.96
4,2026-10-30,login,29.54
4,2026-06-07,upgrade,12.97
4,2026-09-20,feature_use,22.23
4,2026-09-14,login,16.24
4,2026-07-24,cancel,25.29
4,2026-06-22,upgrade,6.1
5,2026-04-30,login,27.27
5,2026-07-25,login,22.02
5,2026-08-30,cancel,18.99
5,2026-07-16,upgrade,27.13
5,2026-04-14,cancel,9.38
5,2026-07-17,feature_use,14.04
5,2026-04-09,cancel,5.53
5,2026-06-28,upgrade,18.75
5,2026-04-15,login,21.39
5,2026-05-17,cancel,10.71
5,2026-06-11,cancel,17.42
5,2026-08-13,upgrade,19.97
5,2026-08-13,login,21.25
5,2026-09-11,login,28.72
5,2026-04-30,upgrade,25.75
5,2026-04-03,cancel,2.32
5,2026-06-04,login,18.39
5,2026-06-21,login,28.46
6,2026-09-13,feature_use,5.52
6,2027-02-12,upgrade,14.28
6,2026-11-28,feature_use,16.89
6,2026-11-07,cancel,12.31
6,2027-01-21,login,23.36
6,2027-01-03,login,16.99
6,2026-10-09,login,23.08
6,2027-02-18,login,13.09
6,2026-09-02,cancel,6.45
6,2026-10-08,feature_use,11.49
6,2026-09-11,feature_use,5.91
6,2027-02-18,upgrade,9.95
6,2026-12-13,upgrade,13.6
6,2026-09-28,upgrade,15.26
6,2026-11-14,upgrade,29.65
6,2027-02-08,cancel,3.32
6,2026-09-13,cancel,29.18
6,2027-02-17,feature_use,18.42
7,2026-10-02,upgrade,1.04
7,2026-11-23,feature_use,29.82
7,2026-12-14,cancel,24.79
7,2026-10-14,cancel,2.08
7,2027-02-21,cancel,23.48
7,2027-03-01,login,24.49
7,2026-11-19,cancel,3.19
7,2026-09-09,login,20.86
7,2026-11-30,feature_use,3.67
7,2026-10-16,upgrade,15.67
7,2026-10-05,feature_use,16.57
7,2026-11-14,upgrade,29.11
7,2027-01-19,login,13.26
7,2027-01-04,cancel,19.93
7,2027-01-24,feature_use,6.76
7,2026-11-18,cancel,4.54
7,2027-02-26,feature_use,13.19
7,2026-12-20,feature_use,19.4
7,2026-09-27,upgrade,18.83
7,2026-12-16,feature_use,26.49
7,2026-11-29,feature_use,13.89
8,2026-10-09,cancel,6.38
8,2026-08-14,upgrade,10.3
8,2026-11-20,login,12.96
8,2026-08-15,cancel,7.19
8,2026-08-25,cancel,9.69
8,2026-06-14,upgrade,28.61
8,2026-09-22,login,2.14
8,2026-10-07,cancel,7.89
8,2026-07-12,upgrade,20.67
8,2026-11-07,upgrade,17.73
8,2026-09-09,feature_use,18.11
8,2026-10-17,upgrade,24.08
8,2026-08-29,upgrade,4.89
9,2027-01-29,login,7.77
9,2027-03-09,cancel,26.22
9,2027-05-16,cancel,27.21
9,2027-05-31,feature_use,19.89
9,2027-01-25,cancel,21.7
9,2027-01-06,cancel,14.08
9,2027-06-09,upgrade,10.27
9,2027-04-19,cancel,1.98
9,2027-04-29,login,21.2
9,2027-05-27,cancel,5.12
9,2027-01-07,cancel,17.66
9,2027-02-18,upgrade,1.04
9,2027-05-27,feature_use,3.55
9,2027-04-30,upgrade,7.07
9,2027-05-26,feature_use,22.87
9,2026-12-29,cancel,26.72
9,2027-05-18,upgrade,25.54
9,2027-04-29,feature_use,25.3
9,2027-02-06,login,2.63
9,2027-01-19,upgrade,13.62
9,2027-04-05,feature_use,9.63
9,2027-05-17,login,23.41
10,2026-12-05,feature_use,2.89
10,2026-11-04,cancel,17.77
10,2027-01-02,feature_use,18.99
10,2027-01-20,upgrade,21.88
10,2026-10-25,cancel,7.96
10,2026-08-19,upgrade,15.54
10,2026-10-08,feature_use,23.29
10,2026-10-25,feature_use,2.05
10,2026-09-25,cancel,5.31
10,2026-11-09,feature_use,10.3
10,2026-11-13,feature_use,8.69
10,2026-10-24,login,26.4
10,2026-09-20,login,3.97
10,2027-01-27,feature_use,25.21
10,2027-02-11,upgrade,19.69
10,2027-01-24,cancel,10.49
10,2026-12-07,login,28.69
11,2026-11-01,login,28.38
11,2026-10-18,login,12.35
11,2027-03-06,cancel,21.36
11,2026-11-04,feature_use,13.06
11,2026-12-15,feature_use,15.48
11,2026-10-24,feature_use,25.13
11,2026-12-14,cancel,29.25
11,2027-01-30,login,26.93
11,2026-11-07,upgrade,12.2
11,2027-02-23,login,8.79
11,2027-02-15,cancel,26.34
11,2027-04-01,upgrade,17.67
12,2026-12-07,feature_use,8.51
12,2027-01-12,feature_use,7.09
12,2027-01-14,feature_use,4.27
12,2027-01-02,cancel,18.72
12,2026-10-20,feature_use,14.32
12,2026-10-04,login,23.12
12,2026-10-06,login,21.89
12,2026-12-26,feature_use,1.8
12,2026-12-19,upgrade,19.11
12,2026-11-18,feature_use,7.72
13,2027-01-12,login,4.97
13,2026-11-30,login,8.07
13,2026-11-05,login,20.55
13,2026-09-21,feature_use,2.48
13,2027-02-13,upgrade,9.32
13,2027-01-19,feature_use,21.42
13,2027-02-15,login,28.36
13,2026-09-03,cancel,18.13
13,2026-09-25,upgrade,12.44
13,2026-10-13,login,28.79
13,2026-11-27,upgrade,1.07
13,2026-11-20,cancel,17.81
13,2026-12-17,feature_use,1.82
13,2027-02-03,login,27.39
13,2027-01-18,upgrade,1.49
13,2027-01-14,feature_use,28.12
13,2026-09-07,upgrade,1.66
14,2026-04-07,cancel,27.92
14,2026-01-31,login,18.85
14,2026-05-14,cancel,14.41
14,2026-07-12,upgrade,4.1
14,2026-06-12,feature_use,24.93
14,2026-04-11,feature_use,18.75
14,2026-06-28,feature_use,5.01
14,2026-03-08,login,15.57
14,2026-04-19,feature_use,9.88
14,2026-07-15,cancel,19.52
14,2026-03-03,feature_use,4.48
14,2026-03-23,cancel,8.78
14,2026-06-06,feature_use,5.02
14,2026-04-28,upgrade,9.31
14,2026-07-08,feature_use,18.58
14,2026-03-24,cancel,29.83
14,2026-03-15,login,12.9
14,2026-03-21,upgrade,23.89
14,2026-06-06,login,22.47
14,2026-07-07,cancel,5.32
14,2026-06-23,login,9.36
14,2026-02-13,upgrade,29.53
14,2026-03-18,cancel,17.48
14,2026-03-11,login,20.74
14,2026-02-17,login,3.37
15,2026-11-09,feature_use,16.94
15,2026-08-10,upgrade,22.02
15,2026-05-27,upgrade,2.02
15,2026-11-04,login,1.98
15,2026-07-20,cancel,7.83
15,2026-11-09,feature_use,16.87
15,2026-05-23,login,26.81
15,2026-07-17,cancel,21.28
15,2026-05-25,login,3.58
15,2026-08-22,feature_use,21.25
15,2026-09-05,upgrade,28.58
15,2026-06-10,login,20.28
16,2026-03-05,feature_use,14.14
16,2026-02-24,login,20.96
16,2026-02-27,upgrade,15.53
16,2026-02-24,feature_use,6.41
16,2026-06-20,upgrade,10.11
16,2026-07-09,feature_use,25.05
16,2026-02-24,cancel,17.01
16,2026-06-22,cancel,26.86
16,2026-08-17,login,12.8
16,2026-04-10,upgrade,2.07
16,2026-05-15,feature_use,14.77
16,2026-04-09,upgrade,13.4
16,2026-04-07,feature_use,12.26
16,2026-03-29,feature_use,27.78
16,2026-03-30,feature_use,24.56
16,2026-06-01,cancel,15.14
16,2026-02-25,login,26.6
16,2026-08-13,upgrade,19.47
16,2026-06-19,login,26.55
17,2026-12-13,cancel,18.2
17,2026-12-02,upgrade,14.41
17,2027-03-15,upgrade,12.18
17,2026-12-17,feature_use,16.64
17,2027-03-02,feature_use,6.16
17,2027-02-06,login,9.17
17,2026-12-26,cancel,15.62
17,2027-03-31,login,12.76
17,2026-12-14,upgrade,12.55
17,2027-04-01,feature_use,23.32
17,2026-11-30,cancel,14.98
17,2027-03-16,login,1.91
17,2026-11-15,feature_use,3.17
17,2027-01-02,feature_use,6.93
17,2027-02-08,upgrade,17.12
17,2027-03-07,cancel,5.46
17,2026-10-29,upgrade,10.97
17,2027-02-06,login,3.23
17,2026-11-11,login,27.61
17,2027-02-23,feature_use,23.24
17,2027-04-18,login,3.65
17,2026-11-07,cancel,15.74
17,2027-02-13,cancel,1.42
17,2027-04-17,feature_use,28.24
17,2027-01-05,cancel,17.25
17,2027-02-12,cancel,7.83
18,2026-07-19,upgrade,22.51
18,2026-10-08,feature_use,16.05
18,2026-12-02,feature_use,6.98
18,2026-11-05,cancel,21.85
18,2026-12-10,login,15.4
18,2026-08-01,feature_use,17.69
18,2026-11-05,login,9.95
18,2026-12-02,upgrade,1.32
19,2026-08-16,login,11.27
19,2026-10-24,upgrade,1.62
19,2026-11-28,login,22.5
19,2026-11-07,login,25.88
19,2026-11-29,feature_use,21.65
19,2026-08-10,feature_use,12.75
19,2026-08-11,upgrade,28.66
19,2026-08-02,login,28.29
19,2026-11-25,feature_use,18.46
19,2026-07-23,login,27.14
20,2027-02-03,cancel,2.66
20,2027-01-10,feature_use,25.93
20,2027-04-03,feature_use,11.28
20,2027-02-27,login,8.76
20,2027-03-22,feature_use,28.25
20,2027-04-28,feature_use,25.16
20,2026-12-27,login,13.6
20,2026-12-31,upgrade,27.85
20,2027-05-03,feature_use,12.54
20,2026-12-18,upgrade,9.69
20,2027-04-07,login,17.56
20,2027-03-04,cancel,2.66
20,2027-02-02,login,22.69
20,2027-04-26,upgrade,18.28
20,2027-01-30,cancel,16.43
20,2027-04-08,login,5.59
20,2026-12-19,upgrade,5.61
20,2027-03-02,feature_use,1.61
20,2027-02-22,upgrade,4.09
21,2026-05-24,feature_use,12.22
21,2026-07-11,cancel,28.66
21,2026-03-07,feature_use,1.08
21,2026-04-24,login,29.88
21,2026-07-03,login,4.72
21,2026-07-01,cancel,19.21
21,2026-02-28,feature_use,24.7
22,2026-11-28,cancel,25.96
22,2026-08-24,cancel,15.66
22,2026-08-24,feature_use,14.63
22,2026-09-10,upgrade,3.12
22,2027-02-11,feature_use,5.15
22,2026-12-04,upgrade,27.79
22,2027-01-03,upgrade,26.66
22,2026-08-19,cancel,8.0
22,2026-12-30,cancel,8.29
22,2027-01-15,login,25.35
22,2026-08-28,login,19.28
22,2026-09-01,feature_use,17.69
22,2027-01-27,login,3.88
22,2026-12-13,feature_use,26.59
22,2026-12-30,login,26.4
22,2026-09-11,upgrade,11.52
22,2026-09-22,cancel,9.72
22,2026-11-06,upgrade,23.05
22,2026-08-18,upgrade,8.78
22,2027-02-08,upgrade,14.92
22,2026-08-22,login,10.2
22,2026-10-01,login,1.36
22,2026-08-24,feature_use,6.56
22,2026-11-14,feature_use,24.55
22,2026-11-29,cancel,9.0
22,2026-10-23,feature_use,22.61
22,2026-12-02,cancel,7.62
23,2026-10-24,login,27.98
23,2026-12-29,upgrade,23.88
23,2027-03-12,cancel,15.73
23,2026-12-31,cancel,2.24
23,2027-01-10,login,17.28
23,2027-01-07,login,10.48
24,2026-12-13,cancel,19.65
24,2027-02-09,cancel,4.58
24,2026-12-19,upgrade,22.63
24,2027-04-10,feature_use,24.46
24,2027-03-03,feature_use,21.89
24,2027-04-20,upgrade,27.67
24,2027-04-02,upgrade,11.69
24,2027-03-27,feature_use,19.67
24,2027-01-15,feature_use,3.32
24,2027-01-23,upgrade,22.7
24,2027-04-24,login,12.19
24,2027-04-06,upgrade,11.05
24,2027-01-24,cancel,7.07
24,2027-03-31,login,10.55
24,2027-02-27,login,12.76
24,2027-05-03,cancel,3.8
24,2027-05-03,cancel,9.02
24,2026-12-25,login,7.71
24,2026-12-25,login,27.21
24,2027-01-28,upgrade,13.56
24,2027-04-11,upgrade,13.56
24,2027-01-18,feature_use,7.02
24,2027-01-25,login,4.39
24,2026-12-06,feature_use,22.41
24,2026-12-20,cancel,1.79
24,2027-04-04,upgrade,14.98
24,2027-01-08,feature_use,9.99
24,2026-12-14,upgrade,11.12
24,2027-04-01,upgrade,23.43
25,2026-07-11,cancel,5.87
25,2026-04-02,login,16.05
25,2026-05-06,login,2.76
25,2026-07-23,login,5.78
25,2026-07-08,upgrade,1.35
25,2026-04-26,login,25.95
25,2026-07-17,feature_use,22.04
25,2026-06-24,feature_use,29.85
25,2026-06-13,feature_use,11.09
25,2026-08-06,feature_use,2.24
25,2026-03-03,cancel,18.3
25,2026-02-23,login,22.23
25,2026-06-11,upgrade,19.3
25,2026-04-14,feature_use,20.78
25,2026-03-20,feature_use,5.69
25,2026-07-07,cancel,7.22
25,2026-07-04,upgrade,1.75
25,2026-04-14,upgrade,22.45
25,2026-02-21,cancel,22.85
25,2026-05-12,upgrade,20.33
25,2026-07-19,feature_use,16.46
25,2026-06-03,feature_use,22.46
25,2026-02-10,login,14.11
25,2026-05-07,login,22.01
25,2026-03-02,feature_use,21.77
25,2026-05-18,feature_use,26.46
25,2026-08-01,cancel,28.25
26,2026-07-04,cancel,29.03
26,2026-06-12,cancel,18.42
26,2026-04-24,feature_use,14.65
26,2026-03-28,cancel,22.64
26,2026-04-30,cancel,21.84
26,2026-05-28,feature_use,25.24
26,2026-03-10,feature_use,19.32
26,2026-04-08,login,7.99
26,2026-08-02,login,26.29
26,2026-06-29,upgrade,7.29
26,2026-06-14,feature_use,15.1
26,2026-06-23,upgrade,7.46
26,2026-06-05,login,26.45
26,2026-03-11,feature_use,21.6
26,2026-06-24,login,3.01
26,2026-03-20,feature_use,20.06
26,2026-04-02,upgrade,18.12
26,2026-07-31,cancel,2.27
26,2026-05-08,login,3.92
26,2026-06-14,cancel,2.33
26,2026-07-30,feature_use,7.74
26,2026-08-03,feature_use,5.8
26,2026-03-09,feature_use,28.14
26,2026-04-18,feature_use,19.44
26,2026-06-07,login,17.99
27,2026-11-09,upgrade,13.26
27,2027-03-10,feature_use,25.63
27,2027-03-21,cancel,28.07
27,2026-12-02,login,3.2
27,2026-11-28,upgrade,8.84
27,2027-01-02,feature_use,14.86
28,2026-04-03,upgrade,21.53
28,2026-03-03,cancel,14.96
28,2026-07-31,feature_use,8.56
28,2026-06-03,cancel,1.04
28,2026-07-13,login,10.96
28,2026-04-12,login,14.61
28,2026-07-27,cancel,19.51
28,2026-07-20,login,18.17
28,2026-02-23,upgrade,9.11
28,2026-06-20,login,10.98
28,2026-04-02,upgrade,13.08
28,2026-04-22,feature_use,15.51
28,2026-05-04,cancel,27.29
29,2026-08-21,feature_use,28.72
29,2026-11-23,cancel,23.93
29,2026-10-21,login,5.72
29,2026-11-24,login,8.33
29,2027-01-18,upgrade,13.27
29,2026-09-14,cancel,10.26
29,2026-11-06,login,22.25
29,2026-12-18,cancel,9.54
29,2026-11-22,feature_use,6.77
29,2026-09-13,upgrade,25.93
29,2026-09-21,upgrade,29.25
29,2026-12-22,login,26.16
29,2026-12-02,upgrade,3.19
29,2026-11-30,upgrade,23.29
29,2026-09-25,login,24.52
29,2026-09-10,feature_use,29.52
29,2026-11-03,cancel,29.06
29,2026-08-16,cancel,21.65
29,2027-01-14,feature_use,12.74
29,2027-01-04,upgrade,5.78
29,2027-01-21,feature_use,12.67
29,2026-09-12,upgrade,13.89
30,2026-03-16,feature_use,2.71
30,2026-05-30,cancel,14.77
30,2026-03-20,feature_use,12.13
30,2026-06-20,feature_use,4.07
30,2026-04-10,login,7.11
30,2026-05-14,login,1.15
30,2026-06-21,upgrade,12.78
30,2026-04-28,login,16.56
30,2026-06-07,feature_use,9.55
30,2026-08-08,login,3.58
30,2026-08-27,login,3.47
30,2026-08-01,feature_use,16.1
30,2026-03-29,feature_use,25.53
30,2026-06-14,upgrade,5.8
31,2027-03-02,login,12.09
31,2027-02-17,login,21.23
31,2027-02-17,cancel,11.17
31,2026-12-23,cancel,9.98
31,2026-12-03,login,5.54
31,2026-11-29,upgrade,17.74
31,2026-12-13,cancel,29.24
31,2027-03-09,cancel,1.02
31,2026-12-14,cancel,29.51
31,2026-12-12,feature_use,28.42
31,2027-02-10,upgrade,25.38
31,2027-02-10,login,2.61
31,2027-01-06,upgrade,22.05
31,2027-02-14,cancel,15.56
31,2027-03-10,upgrade,29.0
31,2026-11-25,cancel,25.92
31,2027-03-21,login,6.42
31,2026-12-18,cancel,3.4
31,2027-01-24,login,10.02
31,2027-04-26,upgrade,14.5
31,2027-01-04,upgrade,6.83
31,2027-01-15,upgrade,18.4
31,2027-04-25,cancel,27.81
31,2027-01-22,login,13.64
32,2026-04-07,cancel,14.25
32,2026-06-27,upgrade,11.75
32,2026-07-28,feature_use,23.98
32,2026-04-03,cancel,12.11
32,2026-06-15,feature_use,11.62
32,2026-08-13,feature_use,23.4
32,2026-04-24,feature_use,10.9
32,2026-03-14,feature_use,13.52
32,2026-08-25,login,14.67
32,2026-05-11,cancel,1.6
32,2026-08-16,upgrade,7.41
32,2026-05-04,upgrade,26.14
32,2026-06-12,feature_use,22.28
32,2026-08-23,feature_use,14.08
32,2026-05-14,login,23.63
32,2026-07-04,feature_use,11.63
32,2026-06-03,cancel,4.66
32,2026-06-28,cancel,9.96
32,2026-07-12,feature_use,1.9
32,2026-07-02,upgrade,25.0
32,2026-04-03,login,21.8
32,2026-07-20,cancel,26.51
32,2026-07-04,feature_use,16.96
32,2026-08-25,feature_use,1.33
32,2026-07-01,login,21.23
32,2026-06-27,login,29.45
32,2026-04-08,upgrade,17.95
32,2026-07-05,feature_use,29.77
32,2026-06-15,login,9.03
33,2026-04-25,cancel,26.05
33,2026-08-14,login,13.9
33,2026-04-25,cancel,19.12
33,2026-05-20,cancel,21.74
33,2026-08-08,cancel,6.03
33,2026-09-10,feature_use,19.0
33,2026-07-02,feature_use,2.46
33,2026-08-17,upgrade,17.59
33,2026-09-20,feature_use,15.32
33,2026-09-17,cancel,21.77
33,2026-06-09,feature_use,27.15
34,2026-07-01,upgrade,4.0
34,2026-06-04,upgrade,8.17
34,2026-04-19,cancel,17.69
34,2026-05-25,upgrade,18.11
34,2026-08-04,login,6.57
34,2026-06-04,upgrade,8.54
34,2026-04-14,feature_use,19.05
34,2026-05-14,upgrade,3.85
34,2026-09-11,feature_use,4.23
34,2026-04-12,cancel,13.15
34,2026-05-27,upgrade,3.65
34,2026-06-20,feature_use,21.89
34,2026-04-21,feature_use,23.92
34,2026-08-13,upgrade,4.74
34,2026-08-28,feature_use,3.01
34,2026-04-12,login,4.29
34,2026-07-25,upgrade,14.72
34,2026-08-11,feature_use,6.73
35,2027-01-09,cancel,6.57
35,2026-10-02,login,14.87
35,2027-01-20,feature_use,17.52
35,2026-10-31,feature_use,17.84
35,2027-01-03,login,9.4
35,2026-08-28,feature_use,26.66
35,2027-02-04,feature_use,9.66
35,2026-10-24,cancel,9.78
35,2026-11-22,feature_use,23.95
35,2026-10-03,login,20.11
35,2026-10-24,feature_use,17.15
35,2026-11-11,login,12.16
35,2026-08-20,upgrade,28.47
35,2026-11-10,feature_use,15.67
35,2026-12-25,upgrade,24.04
35,2026-11-21,login,19.73
35,2026-10-11,cancel,10.87
35,2027-01-27,cancel,26.63
35,2027-01-22,cancel,17.19
35,2027-01-05,login,28.98
35,2026-11-21,cancel,3.28
35,2026-12-07,cancel,28.13
35,2026-10-02,upgrade,12.49
35,2026-10-07,login,21.24
35,2027-01-31,cancel,3.71
35,2026-10-29,feature_use,8.56
36,2026-10-29,login,10.71
36,2026-11-29,feature_use,3.82
36,2026-11-27,cancel,28.35
36,2026-11-25,cancel,11.14
36,2027-01-24,cancel,22.38
37,2026-10-31,login,1.77
37,2026-07-07,login,10.29
37,2026-09-10,login,23.88
37,2026-09-30,cancel,27.59
37,2026-09-10,feature_use,7.59
37,2026-08-07,login,4.71
37,2026-09-13,feature_use,29.04
37,2026-11-03,cancel,6.95
37,2026-08-07,feature_use,18.88
37,2026-08-22,upgrade,24.96
37,2026-07-22,login,20.92
37,2026-10-25,feature_use,1.6
37,2026-11-16,login,6.04
37,2026-10-08,cancel,8.32
37,2026-07-31,cancel,8.74
37,2026-10-10,cancel,10.01
37,2026-10-11,upgrade,9.55
37,2026-07-17,upgrade,9.49
37,2026-08-14,feature_use,13.06
38,2026-07-08,login,15.24
38,2026-08-27,upgrade,26.16
38,2026-05-24,login,15.5
38,2026-06-24,cancel,6.96
38,2026-09-04,upgrade,14.78
38,2026-06-06,login,26.43
38,2026-07-20,login,6.98
38,2026-11-01,login,16.04
38,2026-06-15,feature_use,1.57
38,2026-05-26,cancel,5.39
39,2027-01-14,feature_use,24.19
39,2027-05-16,upgrade,29.37
39,2026-12-21,cancel,7.35
39,2027-01-21,cancel,29.97
39,2027-05-20,login,3.21
39,2026-12-22,upgrade,16.2
39,2027-01-05,upgrade,1.35
39,2027-06-02,feature_use,20.46
39,2027-04-05,feature_use,17.64
39,2027-01-15,cancel,16.56
39,2026-12-15,login,3.9
39,2027-05-31,cancel,14.61
39,2027-02-16,upgrade,4.9
39,2027-06-06,login,3.6
39,2027-01-04,login,2.19
39,2027-03-22,cancel,15.9
39,2027-04-30,login,20.2
39,2027-03-13,feature_use,15.23
39,2027-03-02,cancel,27.09
39,2027-03-07,login,19.31
40,2026-08-26,upgrade,6.37
40,2026-06-25,login,12.55
40,2026-08-25,feature_use,15.73
40,2026-07-02,upgrade,22.72
40,2026-05-31,login,27.19
40,2026-09-08,cancel,29.78
40,2026-09-17,cancel,4.86
40,2026-07-30,upgrade,24.65
40,2026-07-29,feature_use,16.27
40,2026-07-23,upgrade,23.79
40,2026-08-12,upgrade,29.11
40,2026-07-07,login,9.6
40,2026-08-30,feature_use,1.45
40,2026-09-24,upgrade,14.85
40,2026-09-04,cancel,6.25
40,2026-08-31,feature_use,3.35
41,2026-04-13,upgrade,2.63
41,2026-04-12,upgrade,17.02
41,2026-02-10,upgrade,8.35
41,2026-05-21,login,9.7
41,2026-06-02,login,12.0
42,2026-05-24,login,16.22
42,2026-03-02,feature_use,15.89
42,2026-07-14,login,17.44
42,2026-02-21,login,10.4
42,2026-04-13,upgrade,21.12
42,2026-05-30,feature_use,4.99
42,2026-03-11,login,23.91
42,2026-06-26,cancel,20.74
42,2026-05-30,feature_use,10.19
42,2026-02-26,upgrade,27.55
42,2026-04-28,feature_use,13.36
42,2026-03-05,upgrade,4.86
42,2026-04-20,upgrade,18.05
42,2026-03-31,login,21.45
42,2026-04-30,login,7.3
42,2026-07-04,upgrade,18.46
42,2026-03-12,upgrade,10.36
43,2026-07-23,cancel,8.37
43,2026-06-21,upgrade,21.63
43,2026-07-06,upgrade,23.54
43,2026-04-18,upgrade,14.71
43,2026-04-17,upgrade,29.8
43,2026-06-03,login,13.2
43,2026-04-17,feature_use,14.43
43,2026-07-22,login,12.47
43,2026-05-08,upgrade,3.97
43,2026-04-30,cancel,22.83
43,2026-06-12,cancel,3.86
43,2026-04-18,cancel,24.99
43,2026-07-14,cancel,12.05
43,2026-06-18,feature_use,28.12
43,2026-07-24,login,9.87
43,2026-05-06,login,17.51
43,2026-05-03,cancel,29.91
43,2026-04-07,cancel,26.34
43,2026-05-29,cancel,8.9
43,2026-03-02,cancel,21.86
43,2026-02-25,cancel,13.93
43,2026-07-22,login,14.33
43,2026-07-17,upgrade,5.69
43,2026-04-13,feature_use,20.15
43,2026-07-05,cancel,9.13
43,2026-05-15,upgrade,23.98
43,2026-07-23,feature_use,4.81
43,2026-06-10,feature_use,4.82
43,2026-04-16,feature_use,6.05
44,2026-12-24,cancel,3.99
44,2026-11-24,login,20.48
44,2027-03-04,cancel,1.72
44,2026-10-26,login,7.53
44,2026-10-08,upgrade,3.63
44,2027-03-05,cancel,19.41
44,2026-10-21,feature_use,12.42
44,2027-01-22,cancel,16.05
44,2026-10-21,upgrade,2.75
44,2026-12-13,feature_use,10.55
45,2026-03-04,feature_use,12.17
45,2026-05-01,login,11.78
45,2026-04-29,login,18.03
45,2026-06-22,feature_use,2.12
45,2026-02-26,cancel,20.43
45,2026-03-02,feature_use,7.57
45,2026-01-20,cancel,19.82
45,2026-05-24,login,26.31
45,2026-02-09,cancel,24.33
45,2026-05-17,cancel,6.58
46,2027-01-18,cancel,14.71
46,2027-02-22,feature_use,15.82
46,2027-01-07,upgrade,24.94
46,2027-04-05,feature_use,5.97
46,2027-02-27,cancel,13.9
46,2027-05-25,feature_use,21.04
46,2027-04-23,cancel,14.12
46,2027-02-11,login,3.92
46,2027-02-27,upgrade,27.97
46,2027-01-04,feature_use,6.76
47,2027-01-03,login,20.99
47,2027-04-13,login,20.07
47,2026-12-04,upgrade,6.74
47,2027-05-20,cancel,12.21
47,2027-02-26,upgrade,16.9
47,2027-03-13,login,21.45
47,2026-11-30,upgrade,23.52
47,2027-03-28,upgrade,1.62
47,2027-04-18,feature_use,13.96
47,2027-04-06,cancel,5.07
47,2027-04-02,login,25.24
47,2027-04-13,upgrade,16.25
47,2027-01-17,cancel,17.36
47,2027-03-21,cancel,24.67
48,2026-07-24,login,14.87
48,2026-10-17,upgrade,9.05
48,2026-05-19,login,27.66
48,2026-07-19,upgrade,4.79
48,2026-06-07,login,19.22
48,2026-09-07,cancel,12.14
48,2026-09-25,cancel,10.06
49,2026-12-25,cancel,26.96
49,2027-04-02,feature_use,10.54
49,2027-02-18,upgrade,3.02
49,2027-02-25,login,16.21
49,2027-03-28,cancel,26.28
49,2027-01-22,login,3.49
49,2026-12-26,feature_use,17.29
49,2027-01-26,cancel,5.72
49,2026-10-26,cancel,28.71
49,2026-12-25,login,10.78
49,2026-12-31,login,29.18
49,2026-10-22,upgrade,10.1
49,2027-03-03,cancel,8.95
49,2026-11-28,upgrade,14.77
49,2026-11-02,cancel,11.27
49,2027-03-07,feature_use,11.39
49,2027-02-27,upgrade,4.74
49,2027-02-12,upgrade,11.32
49,2027-03-16,feature_use,10.41
49,2027-02-17,login,6.18
49,2026-10-23,login,6.52
49,2026-12-21,login,17.84
49,2027-02-18,feature_use,13.97
49,2026-12-11,cancel,7.71
49,2026-11-25,cancel,6.89
49,2027-03-24,upgrade,24.44
50,2026-09-01,cancel,28.49
50,2026-11-11,feature_use,25.39
50,2026-11-23,feature_use,3.76
50,2027-01-05,feature_use,28.88
50,2026-10-30,upgrade,27.34
50,2026-10-27,upgrade,8.79
50,2027-01-30,feature_use,9.68
50,2027-01-08,cancel,11.07
50,2026-12-18,upgrade,25.97
50,2026-08-27,upgrade,14.69
50,2026-12-28,login,6.93
50,2026-11-24,login,7.87
50,2026-10-12,upgrade,15.61
50,2027-01-23,login,7.88
51,2026-08-26,login,28.48
51,2026-11-01,upgrade,13.09
51,2027-01-27,login,16.14
51,2026-10-29,feature_use,5.69
51,2026-11-16,login,28.52
51,2026-12-30,upgrade,4.69
51,2026-08-24,login,25.12
51,2026-09-14,cancel,17.75
51,2026-12-18,cancel,14.47
51,2026-11-03,cancel,11.02
51,2026-10-19,login,11.83
51,2026-11-21,cancel,5.16
51,2026-09-15,upgrade,20.79
51,2026-11-11,upgrade,20.86
52,2027-01-02,cancel,15.37
52,2027-01-08,feature_use,29.96
52,2026-12-02,cancel,3.02
52,2027-01-24,login,20.8
52,2026-12-22,upgrade,6.08
52,2027-02-27,feature_use,7.87
52,2026-11-23,login,22.03
52,2026-12-09,login,10.75
52,2026-10-24,login,24.17
52,2027-01-30,upgrade,26.39
52,2027-01-28,feature_use,19.58
52,2026-10-15,upgrade,15.54
52,2027-03-15,cancel,16.14
52,2027-03-05,feature_use,24.86
52,2027-02-10,login,18.18
53,2026-07-11,feature_use,14.86
53,2026-06-01,feature_use,29.38
53,2026-06-04,feature_use,7.64
53,2026-10-18,feature_use,19.6
53,2026-07-02,upgrade,9.22
53,2026-07-06,feature_use,24.3
53,2026-10-08,upgrade,1.32
53,2026-08-20,cancel,7.52
53,2026-07-13,feature_use,12.65
53,2026-10-26,login,6.22
53,2026-10-10,feature_use,11.52
53,2026-08-25,upgrade,26.31
53,2026-11-02,cancel,13.07
53,2026-06-09,login,1.17
53,2026-10-05,feature_use,3.58
53,2026-05-30,feature_use,28.41
53,2026-06-08,upgrade,29.4
53,2026-07-26,cancel,9.79
53,2026-08-17,login,8.83
53,2026-06-21,login,8.49
53,2026-06-11,cancel,2.28
53,2026-06-07,feature_use,4.65
53,2026-09-19,upgrade,10.19
53,2026-07-15,feature_use,10.63
53,2026-08-08,login,15.6
53,2026-10-29,upgrade,3.39
53,2026-10-13,upgrade,15.91
54,2026-07-16,upgrade,18.62
54,2026-12-04,feature_use,21.01
54,2026-10-22,feature_use,12.08
54,2026-11-11,upgrade,8.09
54,2026-08-19,upgrade,22.13
54,2026-12-06,upgrade,23.62
54,2026-11-21,feature_use,23.0
54,2026-08-24,login,28.95
54,2026-10-11,login,15.36
54,2026-09-12,login,25.99
54,2026-12-08,upgrade,9.89
54,2026-12-02,feature_use,17.4
54,2026-12-21,login,22.77
54,2026-07-15,feature_use,14.85
54,2026-08-17,feature_use,29.63
55,2026-11-17,upgrade,29.78
55,2026-12-02,login,10.98
55,2026-10-28,feature_use,13.01
55,2026-12-14,upgrade,14.46
55,2027-02-25,cancel,10.4
55,2026-12-05,login,5.13
55,2026-10-23,feature_use,11.15
55,2026-12-01,cancel,1.39
55,2026-12-11,login,24.24
55,2027-01-09,cancel,17.52
55,2026-12-28,cancel,22.75
55,2026-12-16,login,16.51
55,2026-12-31,upgrade,6.38
55,2026-12-02,login,24.11
55,2026-12-03,feature_use,25.06
55,2026-11-16,cancel,21.08
55,2026-09-09,login,27.61
55,2026-10-02,feature_use,9.85
55,2026-10-02,login,27.56
55,2026-09-08,upgrade,20.63
55,2026-12-28,login,19.4
55,2026-10-09,upgrade,27.19
55,2026-09-22,feature_use,15.14
55,2026-09-07,feature_use,10.69
56,2027-02-17,feature_use,12.09
56,2026-11-23,login,28.7
56,2027-02-19,feature_use,17.51
56,2026-10-26,feature_use,7.0
56,2027-01-16,upgrade,26.81
56,2027-03-07,cancel,21.18
56,2027-03-14,login,19.61
56,2027-02-13,feature_use,2.16
56,2026-09-28,upgrade,9.02
56,2026-12-29,cancel,16.4
56,2027-01-31,login,18.04
56,2027-02-26,cancel,13.98
56,2026-12-08,feature_use,10.02
56,2027-03-14,cancel,29.46
57,2026-08-31,cancel,17.31
57,2026-06-02,login,13.14
57,2026-06-09,upgrade,14.2
57,2026-06-01,cancel,27.74
57,2026-10-12,upgrade,26.36
57,2026-07-10,cancel,11.52
57,2026-10-16,cancel,20.69
57,2026-11-08,feature_use,24.31
57,2026-07-10,cancel,22.69
57,2026-09-28,login,14.06
57,2026-10-25,login,22.22
57,2026-08-15,upgrade,13.34
57,2026-08-16,upgrade,5.05
57,2026-08-10,cancel,19.56
57,2026-06-24,feature_use,7.33
57,2026-09-23,upgrade,14.2
57,2026-08-28,login,4.11
57,2026-09-29,feature_use,7.06
57,2026-06-10,upgrade,10.9
57,2026-11-01,login,13.42
57,2026-10-22,login,2.51
57,2026-09-02,upgrade,13.36
58,2026-09-26,cancel,13.68
58,2026-12-01,cancel,5.31
58,2026-10-14,login,18.8
58,2026-09-23,cancel,6.94
58,2026-12-10,cancel,6.16
58,2026-11-25,feature_use,5.51
58,2026-11-13,cancel,12.31
58,2026-10-14,login,16.14
58,2026-10-12,upgrade,7.4
58,2026-09-15,login,20.55
58,2026-07-25,upgrade,7.33
58,2026-11-23,cancel,19.21
58,2026-11-24,login,6.98
58,2026-09-06,feature_use,12.36
59,2026-07-31,upgrade,8.79
59,2026-10-08,feature_use,12.88
59,2026-07-09,login,9.33
59,2026-12-09,cancel,5.46
59,2026-11-25,upgrade,18.38
59,2026-08-05,login,19.97
60,2026-06-07,cancel,5.91
60,2026-05-07,cancel,13.7
60,2026-05-28,cancel,7.1
60,2026-03-29,cancel,15.65
60,2026-02-09,upgrade,12.93
60,2026-06-13,feature_use,15.38
60,2026-05-26,upgrade,20.18
60,2026-01-28,login,22.55
60,2026-02-21,upgrade,28.35
60,2026-02-05,cancel,8.79
60,2026-04-26,feature_use,16.98
60,2026-06-06,feature_use,12.94
60,2026-02-22,feature_use,10.97
60,2026-01-16,login,21.7
60,2026-05-03,login,20.75
60,2026-01-26,upgrade,3.99
60,2026-06-01,upgrade,1.5
60,2026-04-09,cancel,15.52
60,2026-06-29,feature_use,17.68
60,2026-04-11,upgrade,17.79
60,2026-06-25,upgrade,7.25
60,2026-06-21,feature_use,8.97
60,2026-03-13,login,11.92
60,2026-02-04,cancel,2.8
61,2026-11-14,login,18.03
61,2026-12-08,feature_use,11.05
61,2027-01-30,feature_use,15.64
61,2026-12-17,feature_use,27.12
61,2026-12-30,cancel,19.45
61,2027-01-04,cancel,25.75
61,2026-11-22,login,16.66
61,2027-02-06,upgrade,27.56
62,2027-03-06,feature_use,13.42
62,2026-10-26,upgrade,12.53
62,2027-01-26,upgrade,2.59
62,2026-12-28,feature_use,3.38
62,2027-02-27,upgrade,21.63
62,2026-12-11,feature_use,28.11
62,2027-03-06,cancel,14.31
62,2027-02-09,cancel,2.06
62,2027-02-28,cancel,3.0
62,2026-10-09,feature_use,28.44
62,2027-02-17,upgrade,11.52
62,2027-03-21,feature_use,1.68
62,2027-03-16,login,22.73
62,2027-01-27,feature_use,2.1
62,2026-11-22,login,16.3
62,2027-03-07,feature_use,1.86
62,2026-12-27,feature_use,21.04
62,2026-12-18,login,5.33
62,2027-01-08,cancel,15.39
62,2027-01-31,cancel,11.72
62,2026-12-23,upgrade,19.36
62,2026-12-31,upgrade,10.53
62,2027-02-03,cancel,17.98
62,2026-12-06,feature_use,15.26
62,2026-12-03,login,8.43
62,2027-03-18,upgrade,20.45
63,2026-10-23,login,22.08
63,2026-08-08,login,25.38
63,2026-08-28,login,11.99
63,2026-06-29,login,8.19
63,2026-10-30,feature_use,8.2
63,2026-07-30,login,25.76
63,2026-08-15,login,8.26
63,2026-08-26,cancel,2.41
63,2026-10-02,upgrade,14.6
63,2026-08-20,feature_use,6.44
63,2026-07-10,cancel,27.36
64,2027-02-19,login,21.32
64,2027-02-28,upgrade,12.82
64,2027-01-19,cancel,12.58
64,2026-11-28,feature_use,2.71
64,2027-01-19,login,14.87
64,2027-04-07,upgrade,29.02
64,2027-03-26,cancel,22.42
64,2027-02-14,upgrade,12.06
64,2027-03-05,feature_use,14.37
64,2027-03-01,upgrade,8.3
64,2027-02-13,login,12.27
64,2027-01-01,upgrade,15.6
64,2027-03-01,login,3.44
64,2027-03-02,feature_use,5.11
64,2026-11-05,feature_use,29.27
64,2026-11-17,feature_use,28.36
64,2026-10-24,cancel,23.22
64,2027-02-10,login,22.09
64,2026-12-22,cancel,1.38
64,2027-02-14,login,15.85
64,2026-11-23,upgrade,15.06
64,2027-02-21,feature_use,7.85
64,2026-10-24,upgrade,17.52
64,2026-12-23,upgrade,18.49
64,2027-01-24,cancel,27.12
64,2026-11-09,upgrade,3.55
64,2026-12-05,feature_use,8.24
65,2026-08-09,feature_use,27.92
65,2026-10-15,login,2.53
65,2026-10-17,feature_use,19.16
65,2026-08-05,feature_use,4.72
65,2026-09-08,login,4.62
65,2026-12-28,cancel,19.91
65,2026-12-30,cancel,25.3
65,2027-01-01,login,22.4
65,2026-07-31,feature_use,23.3
65,2026-11-06,cancel,21.02
65,2026-09-17,upgrade,6.94
65,2026-10-10,feature_use,16.95
65,2026-08-16,login,29.01
65,2026-12-15,feature_use,3.84
65,2026-10-14,login,11.73
65,2026-11-06,cancel,6.36
66,2026-04-07,upgrade,25.79
66,2026-03-23,login,2.97
66,2026-07-12,feature_use,15.67
66,2026-07-31,upgrade,18.22
66,2026-08-12,upgrade,11.23
66,2026-06-29,feature_use,13.54
66,2026-06-12,login,17.33
66,2026-08-18,cancel,12.82
66,2026-07-10,feature_use,15.53
66,2026-07-29,login,21.66
66,2026-05-30,upgrade,17.21
66,2026-05-29,cancel,7.9
66,2026-03-21,upgrade,17.02
66,2026-08-13,feature_use,7.99
66,2026-05-25,cancel,20.16
66,2026-03-01,cancel,14.54
66,2026-04-27,upgrade,14.03
67,2026-09-30,upgrade,13.42
67,2026-10-11,feature_use,18.32
67,2026-09-11,feature_use,27.86
67,2026-11-25,feature_use,3.74
67,2026-12-25,cancel,23.05
68,2026-06-13,upgrade,5.3
68,2026-09-12,upgrade,13.15
68,2026-07-09,cancel,12.68
68,2026-06-21,feature_use,27.99
68,2026-05-14,login,16.33
68,2026-07-01,feature_use,17.64
68,2026-08-17,cancel,18.54
68,2026-09-04,upgrade,24.03
68,2026-06-10,cancel,1.36
68,2026-10-08,feature_use,3.05
68,2026-10-13,upgrade,28.81
68,2026-08-02,upgrade,23.36
68,2026-07-12,cancel,5.22
69,2027-01-09,upgrade,10.16
69,2026-12-01,upgrade,21.44
69,2026-12-09,login,10.0
69,2026-10-26,cancel,2.29
69,2027-03-30,cancel,20.8
70,2026-12-09,cancel,25.33
70,2026-08-04,feature_use,20.42
70,2026-10-16,feature_use,28.9
70,2026-09-01,cancel,1.2
70,2026-10-13,upgrade,28.79
70,2026-11-15,login,1.79
70,2026-08-19,upgrade,17.1
70,2026-12-07,cancel,1.86
71,2026-08-17,login,12.64
71,2026-09-10,feature_use,26.18
71,2026-10-14,login,6.73
71,2026-08-05,upgrade,28.31
71,2026-06-24,cancel,3.58
71,2026-08-05,feature_use,11.95
71,2026-06-16,cancel,11.24
72,2026-11-01,upgrade,1.65
72,2026-09-30,cancel,18.25
72,2026-10-25,cancel,13.54
72,2027-01-05,cancel,6.73
72,2027-01-04,login,1.25
72,2026-10-21,cancel,15.53
72,2026-12-21,login,24.06
72,2026-10-29,login,23.05
72,2026-10-14,login,3.33
72,2026-12-20,feature_use,1.34
72,2026-07-31,upgrade,23.78
72,2026-08-16,cancel,2.79
72,2026-08-01,cancel,17.77
72,2026-10-29,feature_use,26.99
72,2026-11-06,login,23.37
72,2026-09-30,cancel,13.43
73,2027-03-02,feature_use,26.26
73,2027-05-21,login,7.63
73,2027-02-15,login,28.05
73,2027-06-16,cancel,1.9
73,2027-03-20,cancel,7.62
73,2027-06-02,cancel,25.28
74,2027-04-03,cancel,23.7
74,2026-12-15,login,3.21
74,2027-04-05,feature_use,17.69
74,2026-12-22,cancel,15.48
74,2027-03-08,feature_use,12.32
74,2027-02-09,login,9.52
74,2027-04-26,feature_use,25.65
74,2027-01-22,cancel,5.62
74,2027-03-05,feature_use,22.55
74,2026-12-19,feature_use,16.54
74,2027-04-21,login,16.47
74,2027-02-20,cancel,25.21
75,2026-11-19,cancel,1.02
75,2027-02-10,upgrade,28.27
75,2027-04-09,cancel,23.73
75,2027-03-14,upgrade,26.14
75,2027-01-19,login,11.55
75,2026-11-19,login,17.06
75,2027-01-26,cancel,15.59
75,2027-02-24,upgrade,12.49
76,2027-04-14,upgrade,14.5
76,2027-03-20,feature_use,17.31
76,2027-01-02,upgrade,10.31
76,2026-11-12,cancel,22.32
76,2026-12-09,login,29.69
76,2027-03-19,cancel,21.67
76,2027-01-27,feature_use,13.3
76,2027-02-03,cancel,27.87
76,2027-02-21,cancel,7.86
76,2027-01-26,cancel,19.86
76,2027-02-11,cancel,3.96
76,2027-04-10,feature_use,16.79
76,2027-04-03,login,12.52
76,2027-01-23,cancel,18.97
76,2026-11-20,feature_use,17.93
76,2026-12-04,feature_use,21.85
77,2026-04-18,feature_use,24.66
77,2026-05-16,cancel,29.89
77,2026-03-29,upgrade,26.5
77,2026-06-24,login,3.59
77,2026-07-27,feature_use,11.6
77,2026-06-22,upgrade,14.45
77,2026-04-25,cancel,19.6
77,2026-07-27,login,6.08
77,2026-07-18,cancel,26.99
77,2026-08-20,feature_use,18.94
77,2026-06-02,feature_use,7.05
77,2026-04-23,cancel,21.46
77,2026-06-29,feature_use,20.79
78,2026-06-10,login,18.41
78,2026-08-07,login,12.02
78,2026-04-10,feature_use,25.54
78,2026-07-01,feature_use,1.34
78,2026-05-23,upgrade,26.48
78,2026-03-17,cancel,29.08
78,2026-03-29,feature_use,26.96
78,2026-05-31,login,1.68
79,2026-08-08,login,17.38
79,2026-12-07,upgrade,3.88
79,2026-07-12,feature_use,20.46
79,2026-07-19,cancel,18.69
79,2026-07-27,login,7.65
79,2026-11-19,login,29.73
79,2026-08-20,upgrade,29.85
79,2026-10-16,cancel,22.56
79,2026-08-29,login,12.64
79,2026-07-17,feature_use,24.65
79,2026-09-25,login,29.3
79,2026-08-06,cancel,2.52
79,2026-08-13,upgrade,23.83
79,2026-08-12,login,10.86
79,2026-12-17,login,19.26
79,2026-11-10,login,8.54
79,2026-09-09,login,27.25
79,2026-09-07,login,1.83
79,2026-12-01,login,10.17
79,2026-08-06,login,14.89
79,2026-07-25,cancel,2.83
79,2026-10-07,feature_use,12.9
79,2026-10-13,feature_use,28.93
79,2026-07-09,upgrade,25.2
79,2026-09-08,feature_use,5.05
79,2026-11-07,feature_use,29.71
79,2026-12-29,cancel,26.64
79,2027-01-02,login,6.9
80,2026-10-10,upgrade,4.25
80,2026-12-20,upgrade,12.4
80,2026-11-16,login,29.94
80,2026-10-03,login,5.93
80,2027-01-29,upgrade,13.01
80,2027-02-03,login,16.63
80,2026-12-24,login,3.13
80,2026-11-27,feature_use,16.99
80,2027-01-05,upgrade,13.82
80,2026-10-03,upgrade,23.62
80,2026-11-28,feature_use,3.35
80,2026-09-10,cancel,8.01
80,2026-09-17,feature_use,4.65
80,2026-12-04,cancel,3.03
80,2026-12-21,login,28.03
81,2026-11-15,upgrade,29.73
81,2026-09-16,feature_use,3.9
81,2026-08-10,upgrade,20.49
81,2026-07-05,login,14.89
81,2026-10-04,feature_use,22.53
81,2026-07-09,cancel,24.89
81,2026-08-14,feature_use,3.08
81,2026-10-23,upgrade,9.07
81,2026-07-14,feature_use,8.61
81,2026-07-24,upgrade,18.01
81,2026-08-26,cancel,17.84
81,2026-07-27,login,22.91
81,2026-08-17,upgrade,11.55
81,2026-07-26,upgrade,27.06
81,2026-11-20,upgrade,14.98
81,2026-08-26,upgrade,3.93
81,2026-09-17,cancel,7.17
81,2026-07-11,cancel,5.0
81,2026-09-15,cancel,23.62
81,2026-07-24,upgrade,6.17
81,2026-11-14,upgrade,16.31
81,2026-11-01,upgrade,29.02
81,2026-12-15,feature_use,23.88
81,2026-08-26,upgrade,19.1
81,2026-09-01,login,22.42
81,2026-08-20,upgrade,18.97
81,2026-07-10,feature_use,19.11
81,2026-08-18,login,2.19
81,2026-07-15,upgrade,18.37
82,2026-05-27,login,23.87
82,2026-08-29,cancel,6.96
82,2026-03-30,feature_use,24.72
82,2026-08-24,cancel,8.13
82,2026-06-28,upgrade,6.52
82,2026-08-28,feature_use,1.29
82,2026-09-10,upgrade,12.38
82,2026-04-09,login,7.26
82,2026-07-21,upgrade,19.59
82,2026-04-22,feature_use,25.65
82,2026-07-20,cancel,14.32
82,2026-04-18,upgrade,5.66
82,2026-09-20,cancel,12.96
82,2026-06-12,upgrade,28.68
82,2026-06-17,cancel,11.18
83,2026-04-13,upgrade,8.61
83,2026-02-23,cancel,11.31
83,2026-03-24,upgrade,16.8
83,2026-02-23,feature_use,25.91
83,2026-06-20,login,12.03
83,2026-06-10,cancel,29.37
83,2026-03-07,login,28.08
83,2026-01-10,feature_use,15.5
83,2026-04-23,feature_use,21.86
83,2026-04-20,feature_use,20.78
83,2026-02-12,cancel,9.22
83,2026-04-22,feature_use,15.3
83,2026-06-19,upgrade,14.44
83,2026-03-09,feature_use,17.23
83,2026-04-14,feature_use,16.65
83,2026-03-28,login,26.85
83,2026-05-12,upgrade,21.29
83,2026-01-15,login,12.59
83,2026-02-03,cancel,13.42
83,2026-04-11,cancel,25.87
83,2026-01-27,cancel,29.95
83,2026-02-07,upgrade,6.86
83,2026-04-23,feature_use,14.24
84,2026-12-27,upgrade,15.84
84,2026-12-19,feature_use,6.65
84,2026-11-05,upgrade,16.22
84,2026-11-21,upgrade,26.12
84,2026-11-12,login,24.31
84,2026-08-25,login,17.02
84,2026-08-15,feature_use,19.32
84,2026-11-29,feature_use,4.94
84,2026-12-05,feature_use,23.36
84,2026-12-21,feature_use,25.5
84,2026-09-14,cancel,8.02
84,2026-08-20,cancel,4.05
84,2026-10-02,login,10.31
84,2026-11-12,upgrade,26.31
84,2026-10-05,cancel,12.77
84,2027-01-09,cancel,4.16
84,2026-09-05,feature_use,25.3
84,2026-09-28,feature_use,24.21
84,2026-11-13,login,10.96
84,2026-12-12,login,27.91
84,2026-10-23,feature_use,6.56
84,2026-10-09,login,13.79
84,2026-12-09,login,1.74
84,2026-12-31,login,5.26
85,2026-06-10,cancel,16.97
85,2026-02-07,login,3.66
85,2026-03-04,upgrade,25.73
85,2026-02-16,feature_use,24.64
85,2026-07-14,upgrade,28.24
85,2026-06-14,feature_use,18.29
85,2026-03-07,upgrade,28.49
85,2026-04-29,login,14.55
85,2026-06-14,feature_use,5.32
85,2026-02-25,feature_use,27.67
85,2026-04-08,upgrade,8.25
85,2026-03-14,cancel,26.86
85,2026-01-31,upgrade,4.36
85,2026-05-11,login,3.55
85,2026-03-26,login,10.64
85,2026-03-10,upgrade,22.81
85,2026-07-02,cancel,1.96
85,2026-06-19,cancel,12.03
85,2026-07-02,feature_use,17.45
85,2026-03-18,feature_use,12.47
85,2026-02-11,cancel,29.86
85,2026-05-01,cancel,27.23
85,2026-05-31,cancel,13.47
85,2026-07-12,login,27.79
85,2026-04-06,upgrade,26.42
85,2026-03-20,upgrade,6.59
85,2026-03-31,cancel,15.63
85,2026-02-25,cancel,24.31
85,2026-03-11,feature_use,13.3
86,2026-07-19,cancel,10.87
86,2026-05-05,login,22.77
86,2026-06-16,feature_use,27.87
86,2026-06-15,cancel,3.57
86,2026-07-08,cancel,11.41
86,2026-08-18,cancel,24.55
86,2026-04-14,login,13.28
86,2026-08-16,cancel,16.11
86,2026-09-05,login,25.03
86,2026-07-16,upgrade,14.47
86,2026-05-28,login,3.51
86,2026-08-26,login,12.28
86,2026-08-27,cancel,14.42
86,2026-07-18,upgrade,20.54
86,2026-09-26,cancel,23.11
86,2026-09-12,cancel,25.37
86,2026-09-11,upgrade,24.9
86,2026-04-24,cancel,24.67
86,2026-06-17,cancel,27.82
86,2026-07-02,login,13.19
87,2026-04-20,cancel,5.72
87,2026-04-18,upgrade,23.78
87,2026-05-03,cancel,20.13
87,2026-01-27,upgrade,5.31
87,2026-02-22,login,25.53
87,2026-05-18,feature_use,17.39
87,2026-05-04,upgrade,2.95
87,2026-03-15,login,14.41
87,2026-03-03,feature_use,16.87
87,2026-04-03,upgrade,18.96
87,2026-06-26,upgrade,26.96
87,2026-06-28,login,25.34
87,2026-07-12,cancel,5.26
87,2026-06-20,upgrade,29.94
87,2026-02-06,feature_use,21.17
87,2026-04-14,upgrade,19.94
87,2026-04-09,upgrade,13.99
88,2026-07-08,login,17.1
88,2026-08-17,cancel,24.07
88,2026-07-17,login,10.32
88,2026-09-14,upgrade,13.76
88,2026-09-13,upgrade,26.72
88,2026-08-03,feature_use,23.65
88,2026-09-05,feature_use,10.31
88,2026-11-27,upgrade,14.65
88,2026-06-18,feature_use,19.76
88,2026-07-17,upgrade,28.92
88,2026-08-28,cancel,22.02
88,2026-07-18,login,9.65
88,2026-10-23,cancel,6.13
88,2026-10-26,upgrade,29.14
88,2026-08-04,cancel,10.71
88,2026-11-09,cancel,23.4
88,2026-08-23,feature_use,2.55
88,2026-06-26,upgrade,13.8
88,2026-06-11,feature_use,14.08
88,2026-09-11,login,18.3
89,2026-09-16,login,5.14
89,2026-08-16,cancel,19.16
89,2026-08-12,login,24.61
89,2026-08-29,feature_use,7.62
89,2026-08-15,upgrade,18.41
89,2026-04-21,upgrade,23.48
89,2026-10-03,upgrade,13.34
89,2026-04-27,cancel,25.97
89,2026-05-20,upgrade,22.64
89,2026-07-31,feature_use,15.55
89,2026-05-20,cancel,1.94
89,2026-06-20,login,29.83
89,2026-08-08,upgrade,15.35
89,2026-04-13,upgrade,8.55
89,2026-04-29,cancel,6.04
90,2027-06-07,feature_use,6.08
90,2027-01-05,upgrade,16.5
90,2027-04-01,cancel,19.18
90,2027-01-08,feature_use,28.63
90,2027-06-05,feature_use,29.77
90,2027-01-26,upgrade,17.85
90,2027-06-03,cancel,26.59
90,2027-02-22,cancel,21.67
90,2027-06-02,cancel,4.72
90,2027-03-12,cancel,4.67
90,2027-01-15,login,15.15
90,2027-06-21,login,5.2
90,2027-06-05,login,14.22
90,2027-02-22,upgrade,16.53
90,2027-01-22,feature_use,24.54
91,2026-07-25,login,11.26
91,2026-07-12,login,22.28
91,2026-04-19,upgrade,13.24
91,2026-03-14,cancel,8.02
91,2026-03-25,cancel,28.82
91,2026-05-21,feature_use,15.28
91,2026-03-19,login,15.28
91,2026-07-02,login,4.38
91,2026-06-02,feature_use,18.46
91,2026-07-11,login,5.5
91,2026-03-13,upgrade,19.36
91,2026-07-06,cancel,24.89
91,2026-02-25,login,15.79
91,2026-04-22,cancel,9.59
91,2026-03-21,feature_use,20.07
91,2026-05-15,login,20.85
91,2026-03-29,cancel,17.84
91,2026-05-29,upgrade,4.9
91,2026-07-16,feature_use,29.55
91,2026-06-13,upgrade,17.52
91,2026-02-27,cancel,22.08
91,2026-04-23,feature_use,21.29
91,2026-06-02,feature_use,29.44
91,2026-06-30,login,25.75
92,2027-02-01,cancel,12.27
92,2026-11-15,cancel,9.68
92,2027-01-21,feature_use,10.88
92,2027-01-20,upgrade,10.19
92,2027-01-02,cancel,3.43
93,2027-04-25,login,7.84
93,2026-12-17,login,15.41
93,2027-03-02,cancel,27.96
93,2027-01-13,feature_use,15.01
93,2027-05-05,upgrade,27.97
93,2027-02-03,cancel,10.77
93,2026-12-10,upgrade,11.19
93,2027-02-11,feature_use,7.29
93,2026-12-24,cancel,8.0
93,2027-05-07,login,4.15
93,2026-12-03,login,5.17
93,2027-05-01,upgrade,19.78
93,2027-05-20,upgrade,8.4
93,2027-03-04,cancel,24.22
93,2027-05-08,feature_use,16.15
93,2027-04-29,cancel,1.34
93,2027-03-19,feature_use,26.39
93,2027-02-20,feature_use,2.92
93,2027-05-08,feature_use,6.85
93,2027-01-16,login,19.71
93,2026-12-26,upgrade,23.98
93,2027-03-02,cancel,27.68
94,2026-07-11,upgrade,28.82
94,2026-08-24,login,3.72
94,2026-09-25,upgrade,26.95
94,2026-09-06,upgrade,13.45
94,2026-06-30,upgrade,17.21
94,2026-07-13,feature_use,29.82
94,2026-04-08,upgrade,16.18
94,2026-06-06,login,18.15
94,2026-09-25,cancel,15.88
94,2026-04-10,login,28.16
94,2026-09-11,login,10.43
94,2026-04-16,feature_use,1.54
94,2026-04-25,upgrade,9.77
94,2026-06-07,login,26.16
94,2026-08-20,upgrade,25.02
94,2026-08-11,login,2.35
94,2026-07-02,login,23.07
94,2026-05-16,feature_use,4.25
95,2026-05-26,upgrade,17.19
95,2026-09-11,cancel,29.73
95,2026-04-30,feature_use,25.01
95,2026-06-26,cancel,7.59
95,2026-06-13,login,27.41
95,2026-05-06,cancel,3.23
95,2026-06-21,upgrade,25.3
95,2026-08-02,cancel,28.77
95,2026-06-23,upgrade,8.51
95,2026-07-29,feature_use,4.46
95,2026-06-09,upgrade,21.41
95,2026-09-25,upgrade,2.51
95,2026-08-26,cancel,15.94
95,2026-06-22,feature_use,5.37
96,2026-12-28,cancel,15.78
96,2026-11-27,cancel,14.5
96,2027-01-20,feature_use,29.53
96,2026-12-31,cancel,26.65
96,2027-03-19,cancel,6.3
96,2027-02-26,feature_use,4.23
96,2026-12-14,upgrade,26.47
96,2027-01-09,cancel,10.1
96,2027-02-25,cancel,8.44
96,2026-12-18,cancel,25.78
96,2027-01-28,feature_use,27.35
96,2027-04-29,upgrade,9.65
96,2026-12-27,feature_use,1.33
96,2027-04-06,feature_use,24.47
96,2027-04-08,feature_use,25.83
96,2027-04-28,login,13.27
96,2027-01-11,upgrade,23.97
96,2027-03-19,feature_use,13.0
97,2026-04-26,cancel,15.32
97,2026-05-05,login,21.94
97,2026-08-10,cancel,3.24
97,2026-07-16,upgrade,14.87
97,2026-08-21,upgrade,22.19
97,2026-08-09,cancel,19.72
97,2026-09-09,upgrade,15.5
97,2026-09-14,upgrade,2.73
97,2026-04-15,login,6.98
97,2026-06-22,login,24.71
97,2026-07-26,login,4.6
97,2026-08-12,upgrade,1.63
97,2026-07-21,login,23.63
97,2026-04-16,login,21.08
97,2026-05-29,feature_use,16.97
97,2026-08-15,upgrade,11.06
97,2026-04-19,login,25.09
97,2026-05-28,upgrade,28.52
97,2026-05-11,cancel,25.56
97,2026-05-25,upgrade,17.86
97,2026-08-15,feature_use,9.88
97,2026-09-20,upgrade,20.61
97,2026-09-21,cancel,5.28
97,2026-06-29,cancel,14.13
97,2026-05-23,feature_use,13.34
97,2026-09-14,cancel,2.5
98,2026-12-20,upgrade,27.31
98,2026-08-18,feature_use,23.76
98,2027-01-25,feature_use,14.99
98,2026-11-16,feature_use,24.87
98,2026-12-22,feature_use,21.16
98,2026-12-21,feature_use,17.29
98,2026-11-13,cancel,13.17
98,2026-09-17,feature_use,25.9
98,2026-10-04,login,25.8
98,2026-09-30,upgrade,15.63
98,2026-11-27,upgrade,20.81
99,2026-08-09,cancel,23.7
99,2026-08-11,upgrade,17.17
99,2026-07-26,login,18.23
99,2026-12-19,upgrade,27.82
99,2026-11-12,login,24.79
99,2026-12-10,upgrade,11.3
99,2026-12-15,login,14.99
99,2026-11-09,login,10.34
99,2026-10-15,login,16.94
99,2026-12-02,cancel,7.98
99,2027-01-01,upgrade,18.72
99,2026-08-09,feature_use,24.47
99,2026-11-23,login,13.46
99,2027-01-03,cancel,2.99
99,2026-11-19,login,10.3
99,2026-12-07,login,3.05
99,2026-11-12,cancel,9.13
100,2027-01-25,upgrade,7.85
100,2027-03-06,cancel,5.57
100,2026-12-03,cancel,25.1
100,2027-02-08,login,11.82
100,2027-03-03,upgrade,4.74
100,2026-10-29,upgrade,17.04
100,2026-10-16,login,2.01
100,2026-10-22,upgrade,12.62
100,2026-09-23,login,13.39
100,2027-02-26,cancel,13.31
100,2026-09-17,feature_use,9.33
100,2026-09-08,cancel,9.05
100,2027-02-07,login,8.73
100,2027-02-05,login,26.65
100,2026-12-29,feature_use,2.97
100,2027-03-05,feature_use,6.91
100,2027-01-19,cancel,26.11
100,2026-09-28,cancel,8.43
100,2026-11-18,feature_use,21.65
100,2026-09-14,cancel,2.01
100,2026-12-05,upgrade,24.05
100,2026-11-02,cancel,22.66
100,2026-12-12,cancel,7.69
100,2027-02-18,login,13.44
101,2027-01-15,feature_use,2.52
101,2027-03-29,login,21.58
101,2027-05-13,cancel,9.78
101,2027-03-27,upgrade,5.76
101,2027-05-25,cancel,21.38
101,2027-05-30,login,1.96
102,2027-03-28,cancel,17.12
102,2026-11-04,cancel,17.79
102,2027-03-21,upgrade,9.66
102,2026-10-18,cancel,28.98
102,2027-03-05,feature_use,2.48
102,2027-02-24,login,24.39
102,2026-11-26,feature_use,6.94
102,2027-04-03,feature_use,4.01
102,2026-10-19,feature_use,13.07
102,2027-04-10,cancel,2.0
102,2026-12-29,cancel,1.94
102,2026-11-02,upgrade,29.14
103,2026-05-12,upgrade,10.83
103,2026-06-29,upgrade,12.34
103,2026-07-06,cancel,27.49
103,2026-07-24,feature_use,3.48
103,2026-06-28,login,23.66
103,2026-07-17,upgrade,21.84
103,2026-02-06,cancel,5.66
103,2026-04-02,feature_use,2.7
103,2026-04-25,cancel,21.33
103,2026-05-04,cancel,23.99
103,2026-03-25,cancel,9.03
103,2026-07-23,upgrade,21.14
103,2026-05-09,login,18.59
103,2026-02-22,login,22.62
103,2026-07-26,cancel,26.83
103,2026-07-15,cancel,28.72
104,2026-06-12,login,25.88
104,2026-05-31,feature_use,11.93
104,2026-11-06,upgrade,8.68
104,2026-08-06,upgrade,4.06
104,2026-08-07,login,26.35
104,2026-07-01,upgrade,27.1
104,2026-07-26,upgrade,18.9
104,2026-10-17,upgrade,15.93
104,2026-07-09,feature_use,8.13
104,2026-06-23,cancel,3.55
104,2026-11-14,cancel,15.25
104,2026-07-04,cancel,16.04
104,2026-08-27,cancel,18.86
104,2026-08-12,feature_use,1.38
104,2026-06-29,login,20.95
104,2026-06-29,cancel,15.75
104,2026-11-16,login,10.29
104,2026-10-10,cancel,6.48
104,2026-11-18,upgrade,14.58
104,2026-10-24,cancel,21.72
104,2026-06-01,login,28.81
104,2026-06-21,cancel,24.49
104,2026-10-14,login,8.33
104,2026-07-24,cancel,25.62
104,2026-10-17,feature_use,15.16
104,2026-09-22,login,16.5
104,2026-06-06,cancel,5.41
104,2026-09-04,upgrade,6.1
105,2026-09-06,feature_use,5.39
105,2026-08-28,upgrade,25.86
105,2026-08-02,login,1.09
105,2026-05-20,login,22.24
105,2026-05-12,feature_use,23.5
105,2026-10-08,cancel,10.45
105,2026-09-26,upgrade,14.42
105,2026-07-17,cancel,28.19
105,2026-10-01,login,22.33
105,2026-04-24,login,15.38
105,2026-05-31,cancel,23.24
105,2026-06-14,login,18.6
105,2026-08-18,login,3.38
105,2026-06-19,cancel,16.7
105,2026-05-03,cancel,18.37
105,2026-07-10,feature_use,17.9
105,2026-09-26,feature_use,6.73
105,2026-05-16,login,20.96
105,2026-08-31,upgrade,10.89
105,2026-06-05,cancel,20.98
105,2026-10-09,upgrade,28.96
105,2026-05-22,login,4.88
105,2026-04-24,feature_use,19.51
106,2026-12-31,feature_use,25.31
106,2027-04-16,cancel,23.34
106,2027-05-04,upgrade,29.01
106,2026-12-28,feature_use,23.35
106,2027-06-02,login,16.41
106,2027-03-13,upgrade,23.23
106,2027-04-02,upgrade,27.73
106,2027-03-11,cancel,7.13
106,2027-03-08,feature_use,3.24
106,2027-01-11,feature_use,4.27
106,2027-03-01,login,22.36
106,2027-05-16,upgrade,29.67
106,2027-05-20,upgrade,19.69
106,2027-02-16,upgrade,15.35
106,2027-01-19,feature_use,22.93
106,2027-03-24,login,11.69
106,2027-02-11,upgrade,3.51
106,2027-02-01,login,5.97
106,2027-02-24,feature_use,1.86
106,2027-04-07,upgrade,4.57
106,2027-03-21,upgrade,28.65
106,2027-04-23,login,25.11
106,2027-01-18,login,16.72
106,2027-01-12,upgrade,3.69
106,2027-02-16,cancel,18.57
106,2027-05-28,feature_use,13.44
106,2027-05-14,feature_use,3.37
106,2027-02-15,cancel,13.97
106,2027-04-03,cancel,1.26
107,2026-11-14,feature_use,20.45
107,2026-09-07,upgrade,14.57
107,2027-01-28,login,13.96
107,2026-09-22,login,21.45
107,2026-12-03,feature_use,9.02
107,2027-01-14,cancel,8.65
107,2027-01-16,cancel,17.06
107,2026-09-28,cancel,3.77
107,2027-01-17,feature_use,5.73
107,2027-01-04,cancel,4.96
107,2026-09-23,cancel,25.35
107,2026-10-14,cancel,9.87
107,2026-09-15,feature_use,13.86
107,2026-10-16,login,7.62
107,2026-09-02,cancel,24.05
107,2026-12-14,login,16.09
107,2026-11-26,cancel,10.79
107,2027-01-29,cancel,18.95
107,2026-09-16,login,28.98
107,2026-12-03,upgrade,20.27
107,2026-10-16,cancel,7.37
107,2026-12-15,login,26.49
107,2026-09-04,feature_use,25.68
107,2026-09-06,login,8.11
107,2026-11-13,feature_use,9.66
108,2026-10-31,feature_use,6.32
108,2026-11-07,upgrade,18.99
108,2026-07-31,login,4.09
108,2026-11-03,feature_use,14.18
108,2026-10-08,login,16.84
109,2026-06-16,feature_use,23.27
109,2026-07-16,login,11.53
109,2026-05-06,login,17.73
109,2026-06-01,cancel,16.78
109,2026-07-06,feature_use,15.1
109,2026-05-12,login,29.71
109,2026-10-02,cancel,17.96
109,2026-09-03,upgrade,15.25
109,2026-05-23,cancel,13.36
109,2026-10-18,cancel,10.09
110,2027-01-02,cancel,8.35
110,2027-03-01,feature_use,28.99
110,2027-01-18,feature_use,19.83
110,2026-11-28,login,7.36
110,2026-10-16,cancel,8.11
110,2026-09-13,cancel,25.03
110,2026-12-15,cancel,15.18
110,2026-10-04,login,29.4
110,2026-11-04,login,4.96
110,2026-11-10,login,26.07
110,2026-12-24,login,4.78
110,2026-11-15,login,14.19
110,2026-09-21,feature_use,18.93
110,2027-01-31,upgrade,20.97
110,2027-02-14,login,1.46
110,2027-02-05,login,24.94
110,2026-09-07,cancel,15.85
110,2027-02-26,cancel,4.64
110,2027-02-04,login,28.73
110,2027-03-03,upgrade,10.76
110,2027-02-20,upgrade,20.12
110,2026-09-26,cancel,8.53
110,2026-11-20,login,15.06
111,2026-04-14,cancel,26.19
111,2026-08-18,cancel,9.02
111,2026-08-15,feature_use,23.76
111,2026-06-15,feature_use,26.73
111,2026-05-06,cancel,25.61
111,2026-07-18,login,6.13
111,2026-05-25,upgrade,5.94
111,2026-03-03,upgrade,26.54
111,2026-06-08,feature_use,12.97
111,2026-06-28,feature_use,27.44
111,2026-02-26,feature_use,7.49
111,2026-05-20,feature_use,21.61
111,2026-04-27,upgrade,17.84
111,2026-02-26,login,10.18
111,2026-02-21,login,3.07
111,2026-08-10,upgrade,3.57
111,2026-07-27,cancel,21.21
111,2026-03-01,cancel,16.73
111,2026-04-03,cancel,27.56
111,2026-06-09,feature_use,16.96
111,2026-05-19,login,15.2
111,2026-03-15,feature_use,17.03
111,2026-05-05,feature_use,6.84
111,2026-05-30,feature_use,14.88
111,2026-05-09,upgrade,23.19
111,2026-08-05,feature_use,7.9
111,2026-05-06,upgrade,22.04
111,2026-04-25,feature_use,22.18
112,2026-08-25,login,7.24
112,2026-09-16,login,10.31
112,2026-06-21,login,23.48
112,2026-10-04,feature_use,12.24
112,2026-10-31,feature_use,4.12
112,2026-06-08,feature_use,13.5
112,2026-06-28,login,4.95
112,2026-10-27,feature_use,13.9
112,2026-09-27,login,23.07
112,2026-09-24,login,17.77
112,2026-10-10,cancel,28.26
112,2026-08-29,upgrade,6.45
112,2026-07-04,login,6.23
112,2026-06-24,login,27.16
112,2026-10-08,upgrade,8.58
112,2026-10-07,feature_use,23.5
112,2026-09-22,upgrade,9.16
112,2026-07-25,cancel,16.75
112,2026-09-01,upgrade,23.66
112,2026-10-01,cancel,13.24
112,2026-07-26,upgrade,17.85
112,2026-10-31,upgrade,28.66
112,2026-11-10,feature_use,20.08
112,2026-10-24,upgrade,3.53
113,2026-08-10,login,25.2
113,2026-08-30,cancel,5.62
113,2026-10-29,cancel,14.7
113,2026-10-09,upgrade,19.42
113,2026-06-24,feature_use,26.12
113,2026-07-20,login,17.06
113,2026-06-21,feature_use,17.99
113,2026-07-28,upgrade,29.32
113,2026-07-26,feature_use,14.29
113,2026-08-19,cancel,18.56
113,2026-10-18,upgrade,14.6
113,2026-06-08,login,23.22
113,2026-06-07,cancel,23.75
114,2027-03-22,cancel,13.29
114,2027-02-17,cancel,14.64
114,2026-11-30,login,19.51
114,2027-01-26,login,3.66
114,2027-02-12,cancel,1.06
114,2027-04-07,upgrade,12.17
114,2026-10-20,login,27.91
114,2027-01-09,cancel,3.81
114,2026-12-23,feature_use,26.62
114,2027-03-01,feature_use,4.66
114,2027-01-21,feature_use,15.74
114,2027-03-07,cancel,23.9
114,2026-10-20,login,13.62
114,2026-12-11,feature_use,15.25
114,2027-02-17,feature_use,14.79
114,2026-12-22,login,1.24
114,2026-10-30,upgrade,4.13
114,2026-10-15,cancel,15.55
114,2027-02-22,upgrade,1.89
115,2026-11-19,cancel,19.2
115,2026-12-27,cancel,17.22
115,2026-09-18,login,22.28
115,2026-11-01,cancel,28.68
115,2027-01-20,upgrade,13.9
115,2027-01-30,upgrade,21.99
115,2027-01-05,cancel,1.71
115,2026-11-05,cancel,15.48
115,2027-02-21,cancel,15.24
115,2026-09-25,upgrade,14.31
115,2027-01-06,upgrade,25.2
115,2027-01-28,upgrade,3.59
115,2027-01-23,feature_use,9.48
115,2026-12-18,feature_use,20.95
115,2027-01-06,login,21.38
115,2027-01-20,login,22.13
115,2026-12-28,feature_use,18.77
115,2026-09-17,upgrade,2.92
115,2027-02-25,upgrade,14.49
115,2026-12-27,cancel,17.94
115,2027-02-24,upgrade,26.62
115,2026-12-24,feature_use,29.99
115,2026-11-02,upgrade,20.24
115,2026-11-06,cancel,4.88
115,2026-09-23,cancel,22.16
115,2026-12-28,upgrade,21.39
115,2027-02-03,cancel,12.81
115,2026-10-31,cancel,18.76
115,2026-12-29,cancel,26.1
116,2026-06-01,login,22.73
116,2026-04-09,upgrade,7.89
116,2026-06-30,feature_use,21.3
116,2026-07-06,upgrade,6.8
116,2026-04-24,upgrade,16.01
116,2026-07-13,login,18.79
117,2026-08-02,login,3.02
117,2026-11-01,feature_use,9.13
117,2026-10-29,login,22.35
117,2026-11-12,upgrade,13.47
117,2026-08-25,feature_use,6.91
117,2026-08-02,login,5.49
117,2026-10-22,cancel,7.38
117,2026-07-27,login,18.69
117,2026-08-22,login,24.98
117,2026-08-29,feature_use,12.45
117,2026-09-04,feature_use,16.19
117,2026-08-06,upgrade,8.88
117,2026-09-17,feature_use,10.71
117,2026-08-05,cancel,12.68
117,2026-10-07,upgrade,28.81
117,2026-09-03,feature_use,20.19
117,2026-09-26,cancel,18.94
117,2026-06-28,upgrade,21.74
117,2026-10-16,cancel,9.96
117,2026-09-16,cancel,11.13
117,2026-08-19,cancel,12.72
118,2026-10-30,upgrade,15.85
118,2026-05-23,login,10.86
118,2026-05-13,upgrade,12.83
118,2026-09-04,cancel,5.11
118,2026-07-07,login,19.84
118,2026-09-18,cancel,6.17
118,2026-08-06,feature_use,17.52
118,2026-10-27,feature_use,5.08
118,2026-06-14,feature_use,9.57
118,2026-07-01,login,17.74
118,2026-11-05,upgrade,5.75
118,2026-09-26,login,11.34
118,2026-11-02,cancel,8.2
118,2026-06-08,cancel,9.93
118,2026-07-16,login,29.53
118,2026-08-12,feature_use,17.14
118,2026-09-11,feature_use,2.66
118,2026-05-24,login,19.35
118,2026-08-30,login,3.86
118,2026-10-06,login,17.99
118,2026-09-06,cancel,27.11
118,2026-09-02,feature_use,20.14
119,2026-12-01,feature_use,19.24
119,2026-10-08,upgrade,29.36
119,2026-12-30,feature_use,29.25
119,2027-01-01,feature_use,4.04
119,2027-03-07,cancel,1.81
119,2026-10-20,login,11.52
119,2026-11-19,upgrade,11.84
119,2027-03-12,feature_use,24.59
119,2027-02-14,upgrade,7.1
119,2026-12-29,cancel,5.72
119,2026-11-25,login,27.43
119,2027-01-23,feature_use,10.13
119,2026-11-22,login,1.66
119,2027-01-02,login,5.26
119,2026-12-26,cancel,26.65
120,2027-01-04,login,7.1
120,2026-09-22,login,25.09
120,2026-11-28,cancel,4.29
120,2026-12-14,feature_use,14.21
120,2027-01-27,cancel,4.67
120,2026-11-28,feature_use,13.25
120,2027-02-23,cancel,2.04
120,2026-12-20,cancel,13.96
120,2027-01-12,upgrade,29.1
120,2026-11-05,upgrade,29.43
120,2027-02-21,login,10.9
120,2027-03-01,feature_use,14.04
120,2026-11-19,cancel,27.27
120,2027-03-10,feature_use,10.41
120,2026-10-11,cancel,25.71
120,2027-02-04,login,16.05
120,2027-02-20,upgrade,20.79
120,2026-11-07,login,1.92
120,2026-10-01,upgrade,10.71
120,2027-02-22,upgrade,13.93
120,2026-11-24,feature_use,12.39
120,2027-03-17,upgrade,23.0
121,2026-12-29,upgrade,1.92
121,2027-04-10,upgrade,26.13
121,2026-11-03,login,20.29
121,2027-04-29,feature_use,28.68
121,2026-12-10,upgrade,5.52
121,2026-11-04,upgrade,14.71
121,2027-02-10,upgrade,19.68
121,2027-03-24,upgrade,29.09
122,2026-07-31,feature_use,8.84
122,2026-08-26,cancel,26.2
122,2026-07-21,login,8.63
122,2026-08-24,cancel,5.1
122,2026-09-16,upgrade,16.9
122,2026-09-01,feature_use,2.65
122,2026-08-23,upgrade,15.62
122,2026-10-27,upgrade,10.21
123,2026-10-17,cancel,8.21
123,2026-06-05,feature_use,25.67
123,2026-07-01,cancel,16.82
123,2026-08-03,cancel,24.76
123,2026-08-14,upgrade,11.17
123,2026-06-21,feature_use,1.43
123,2026-11-23,cancel,20.58
123,2026-08-09,feature_use,28.44
123,2026-06-02,cancel,16.27
123,2026-09-19,feature_use,22.95
123,2026-08-12,upgrade,17.37
123,2026-08-06,cancel,13.94
123,2026-09-02,upgrade,18.2
123,2026-10-12,feature_use,23.96
123,2026-07-17,feature_use,26.75
123,2026-10-23,cancel,14.79
123,2026-09-03,cancel,13.87
123,2026-07-15,upgrade,26.87
123,2026-06-13,login,6.44
123,2026-06-24,upgrade,10.06
123,2026-07-04,login,28.99
123,2026-10-05,upgrade,3.94
123,2026-10-05,login,10.46
123,2026-10-12,feature_use,17.34
123,2026-11-19,upgrade,23.19
123,2026-08-30,login,21.06
124,2026-06-26,feature_use,17.68
124,2026-05-30,login,3.38
124,2026-04-29,login,8.2
124,2026-06-10,feature_use,9.89
124,2026-07-03,feature_use,18.39
125,2026-03-16,feature_use,28.99
125,2026-06-27,cancel,13.3
125,2026-05-14,upgrade,24.95
125,2026-04-15,feature_use,17.47
125,2026-02-19,upgrade,5.78
125,2026-06-01,login,19.35
125,2026-06-27,cancel,25.88
125,2026-03-30,cancel,16.06
125,2026-05-04,feature_use,5.35
125,2026-03-02,login,7.62
125,2026-04-30,upgrade,10.95
125,2026-07-26,login,22.52
125,2026-06-14,login,4.7
125,2026-07-03,login,20.74
125,2026-06-26,upgrade,8.27
126,2027-01-06,login,17.04
126,2027-05-29,upgrade,23.71
126,2027-04-11,login,8.54
126,2027-02-15,login,3.66
126,2026-12-27,cancel,7.78
126,2027-03-22,feature_use,15.03
126,2027-05-10,login,12.82
126,2027-05-10,feature_use,29.37
126,2027-02-26,feature_use,23.41
126,2027-03-26,feature_use,29.28
126,2027-01-05,feature_use,7.51
126,2027-03-01,cancel,4.56
126,2027-02-24,feature_use,3.59
126,2027-05-02,feature_use,29.38
126,2027-03-26,upgrade,2.18
126,2027-01-10,upgrade,19.57
126,2027-05-18,upgrade,15.88
126,2027-02-01,upgrade,22.28
126,2027-01-11,upgrade,23.61
126,2027-02-19,upgrade,20.41
126,2027-05-29,upgrade,29.95
126,2027-04-11,cancel,22.04
126,2027-03-14,login,13.0
126,2027-04-30,cancel,12.05
126,2027-02-25,cancel,3.61
126,2027-05-03,login,26.01
127,2026-09-17,upgrade,15.67
127,2026-05-16,feature_use,11.91
127,2026-07-02,cancel,3.69
127,2026-05-01,cancel,14.67
127,2026-05-21,feature_use,6.23
127,2026-04-07,login,19.96
127,2026-06-23,feature_use,13.35
127,2026-07-07,upgrade,17.55
127,2026-07-16,upgrade,25.44
127,2026-05-24,cancel,19.89
127,2026-06-12,login,20.91
127,2026-04-22,feature_use,9.5
127,2026-08-11,cancel,23.77
127,2026-05-15,feature_use,7.58
127,2026-06-21,login,25.53
127,2026-08-08,upgrade,8.21
127,2026-04-16,cancel,16.18
127,2026-04-15,feature_use,21.71
127,2026-06-20,cancel,7.15
127,2026-08-30,login,24.03
127,2026-04-07,cancel,20.76
128,2026-11-27,feature_use,8.44
128,2027-03-16,feature_use,22.42
128,2027-03-18,upgrade,4.13
128,2026-11-16,upgrade,7.25
128,2026-12-30,cancel,5.24
128,2027-03-27,feature_use,23.69
128,2027-02-12,cancel,10.24
128,2026-11-05,upgrade,15.26
128,2027-01-05,feature_use,2.7
128,2026-10-21,cancel,6.47
128,2026-11-16,upgrade,12.04
128,2027-03-25,cancel,23.8
128,2027-02-20,upgrade,23.45
128,2026-10-28,upgrade,2.7
128,2026-11-09,cancel,10.8
128,2026-12-15,feature_use,29.02
128,2027-02-11,feature_use,2.28
128,2026-10-29,upgrade,1.37
128,2027-01-27,upgrade,17.06
128,2027-02-10,login,28.07
128,2027-04-06,upgrade,20.01
128,2026-11-29,upgrade,11.81
128,2027-04-11,login,16.55
129,2026-08-18,feature_use,17.97
129,2026-07-21,login,1.88
129,2026-07-28,feature_use,7.07
129,2026-09-21,login,19.19
129,2026-09-27,feature_use,11.5
129,2026-05-15,login,13.53
129,2026-05-27,feature_use,10.3
129,2026-04-21,login,27.02
129,2026-06-11,feature_use,18.56
129,2026-08-13,upgrade,20.78
129,2026-07-17,cancel,2.27
130,2026-04-21,upgrade,6.78
130,2026-06-07,upgrade,19.53
130,2026-07-17,feature_use,23.34
130,2026-06-16,upgrade,7.85
130,2026-08-20,upgrade,23.22
130,2026-08-18,cancel,21.39
130,2026-07-10,cancel,29.14
130,2026-06-17,login,5.69
130,2026-09-24,cancel,13.66
130,2026-05-10,cancel,16.63
130,2026-07-13,feature_use,26.82
130,2026-07-14,feature_use,5.27
130,2026-04-29,login,17.25
130,2026-04-21,login,6.6
130,2026-07-30,cancel,6.44
130,2026-09-06,upgrade,24.91
130,2026-07-23,upgrade,10.21
130,2026-10-05,upgrade,1.99
130,2026-10-04,cancel,3.23
130,2026-10-05,feature_use,4.74
130,2026-07-05,cancel,19.44
130,2026-07-30,upgrade,14.58
130,2026-08-18,feature_use,3.56
130,2026-09-01,login,9.16
130,2026-05-25,feature_use,18.21
130,2026-05-05,cancel,16.72
130,2026-08-25,login,9.13
130,2026-09-17,feature_use,28.74
131,2026-03-16,login,28.08
131,2026-06-08,feature_use,7.07
131,2026-02-20,feature_use,28.33
131,2026-02-13,login,25.57
131,2026-02-08,feature_use,6.69
131,2026-07-04,login,27.49
131,2026-03-10,feature_use,15.13
131,2026-06-22,upgrade,5.11
131,2026-03-21,cancel,2.64
131,2026-03-28,login,6.72
131,2026-01-23,upgrade,3.72
131,2026-05-27,feature_use,22.05
131,2026-05-21,upgrade,11.92
131,2026-07-15,login,24.7
131,2026-05-16,upgrade,13.26
131,2026-04-25,feature_use,12.79
131,2026-02-14,login,9.15
131,2026-01-21,login,24.03
131,2026-06-17,cancel,18.81
131,2026-02-01,login,8.5
131,2026-06-13,login,27.78
131,2026-03-21,login,17.44
131,2026-02-04,login,5.4
131,2026-03-23,upgrade,16.29
131,2026-02-14,cancel,11.32
131,2026-06-29,login,16.1
132,2026-11-17,login,20.82
132,2026-08-14,login,10.26
132,2026-09-25,upgrade,13.19
132,2026-11-12,feature_use,7.01
132,2026-10-25,cancel,5.34
132,2026-08-25,cancel,11.32
132,2026-11-07,feature_use,26.7
132,2026-07-28,cancel,2.81
132,2026-06-20,upgrade,25.32
132,2026-07-08,feature_use,21.74
132,2026-07-08,cancel,16.3
132,2026-11-02,feature_use,1.39
132,2026-06-09,upgrade,16.96
132,2026-11-26,cancel,17.14
132,2026-10-31,upgrade,1.35
132,2026-09-26,login,20.49
132,2026-06-12,feature_use,10.73
132,2026-08-23,cancel,24.37
132,2026-11-23,login,2.44
132,2026-07-28,login,14.31
132,2026-10-21,login,15.97
133,2027-02-12,cancel,29.29
133,2027-02-10,upgrade,22.74
133,2027-02-15,upgrade,16.76
133,2027-02-06,cancel,27.39
133,2026-12-12,feature_use,11.47
133,2026-11-11,cancel,1.25
133,2026-12-17,cancel,14.35
133,2026-11-16,cancel,13.58
133,2026-11-19,login,24.69
133,2026-11-26,login,25.4
133,2027-02-25,upgrade,3.05
133,2026-12-06,feature_use,13.49
133,2027-01-15,login,1.67
133,2026-10-29,upgrade,5.49
133,2027-02-23,login,7.11
134,2026-08-03,upgrade,22.99
134,2026-07-08,cancel,18.31
134,2026-08-17,login,25.13
134,2026-10-31,feature_use,18.48
134,2026-10-18,login,5.72
135,2026-09-12,cancel,27.9
135,2026-08-26,feature_use,11.74
135,2026-12-12,upgrade,5.86
135,2026-08-23,upgrade,15.86
135,2026-09-15,feature_use,25.99
135,2026-07-08,upgrade,11.47
135,2026-09-02,cancel,25.31
135,2026-06-25,upgrade,8.7
135,2026-11-19,cancel,17.91
135,2026-07-28,cancel,21.27
135,2026-09-02,upgrade,4.69
135,2026-11-08,feature_use,18.76
135,2026-08-24,feature_use,3.22
135,2026-07-28,upgrade,10.67
135,2026-10-08,cancel,24.04
135,2026-08-18,cancel,6.17
135,2026-10-19,upgrade,16.95
135,2026-08-23,login,6.92
136,2026-10-29,upgrade,18.59
136,2026-11-05,upgrade,11.52
136,2026-11-12,feature_use,7.93
136,2026-12-24,feature_use,1.22
136,2026-11-23,feature_use,28.46
136,2026-12-31,login,8.74
136,2026-09-19,cancel,26.11
136,2026-10-05,feature_use,23.86
136,2026-12-15,login,2.34
136,2026-08-12,upgrade,10.83
136,2026-11-18,login,5.45
136,2026-09-16,upgrade,15.71
136,2026-10-21,login,8.43
136,2026-12-01,login,18.42
136,2026-11-17,feature_use,23.79
136,2026-09-19,login,9.52
137,2026-12-26,cancel,2.28
137,2026-12-08,login,16.69
137,2027-04-03,upgrade,6.95
137,2027-03-23,login,22.44
137,2027-02-19,upgrade,22.14
137,2027-03-30,cancel,10.55
137,2026-11-28,feature_use,13.48
137,2027-02-25,cancel,2.64
137,2027-04-05,feature_use,29.17
137,2027-04-25,login,22.17
137,2027-02-22,feature_use,8.02
137,2026-11-22,feature_use,4.49
137,2027-01-04,upgrade,21.35
137,2026-11-17,cancel,9.95
137,2026-12-03,cancel,24.38
137,2027-01-15,feature_use,7.66
137,2027-03-25,feature_use,18.09
137,2027-02-28,cancel,20.58
137,2027-01-05,upgrade,29.2
137,2026-11-25,feature_use,1.18
137,2026-11-15,login,27.12
138,2026-03-29,cancel,7.49
138,2026-09-04,login,8.16
138,2026-08-22,upgrade,22.42
138,2026-05-15,login,15.0
138,2026-05-09,feature_use,25.24
138,2026-03-28,cancel,10.57
138,2026-04-14,feature_use,4.85
138,2026-09-08,upgrade,26.45
138,2026-08-28,cancel,12.45
138,2026-05-24,feature_use,25.74
138,2026-04-21,cancel,27.48
138,2026-06-28,upgrade,29.8
138,2026-07-06,upgrade,26.87
138,2026-09-05,feature_use,17.53
138,2026-07-01,login,27.64
138,2026-04-07,login,14.68
138,2026-04-09,cancel,20.01
138,2026-08-16,feature_use,24.58
138,2026-05-30,upgrade,7.37
138,2026-04-14,login,26.3
138,2026-04-16,upgrade,8.38
139,2026-04-14,upgrade,8.93
139,2026-05-19,upgrade,17.16
139,2026-05-21,upgrade,1.33
139,2026-04-26,feature_use,2.72
139,2026-03-13,upgrade,19.99
139,2026-05-06,cancel,15.44
139,2026-05-06,feature_use,29.51
139,2026-05-02,login,27.55
139,2026-06-05,upgrade,24.56
139,2026-03-25,feature_use,28.91
139,2026-03-03,feature_use,25.85
139,2026-04-18,login,14.49
139,2026-04-01,login,2.7
139,2026-07-15,cancel,27.96
139,2026-03-11,upgrade,7.88
139,2026-04-11,cancel,12.32
139,2026-05-29,login,29.13
139,2026-07-16,upgrade,14.12
139,2026-08-06,login,19.81
139,2026-03-20,feature_use,8.69
140,2026-04-08,feature_use,7.26
140,2026-02-04,cancel,10.4
140,2026-01-19,feature_use,11.23
140,2026-07-11,cancel,14.8
140,2026-06-19,feature_use,19.85
140,2026-05-23,login,27.86
140,2026-03-09,upgrade,13.22
140,2026-05-12,login,13.96
140,2026-07-02,feature_use,10.31
140,2026-04-17,login,11.96
140,2026-06-13,cancel,7.92
140,2026-04-16,login,10.33
140,2026-06-21,feature_use,14.55
140,2026-06-24,login,17.27
140,2026-05-02,upgrade,21.37
140,2026-02-17,upgrade,1.94
141,2026-09-09,login,1.42
141,2026-05-07,login,8.72
141,2026-03-22,feature_use,11.32
141,2026-05-29,feature_use,13.14
141,2026-04-29,feature_use,14.41
141,2026-04-03,login,7.43
141,2026-07-07,upgrade,20.12
141,2026-06-26,cancel,10.41
141,2026-05-21,upgrade,20.05
141,2026-05-23,cancel,8.18
141,2026-07-16,login,8.84
142,2026-09-20,login,14.45
142,2026-10-25,cancel,1.84
142,2026-08-02,feature_use,22.35
142,2026-09-22,login,4.78
142,2026-11-15,upgrade,25.98
142,2026-06-22,feature_use,12.91
142,2026-09-27,upgrade,8.01
142,2026-10-17,login,27.35
142,2026-07-13,login,29.89
142,2026-10-31,upgrade,12.83
142,2026-08-20,login,13.63
142,2026-08-04,cancel,3.81
142,2026-12-13,login,1.44
142,2026-08-06,feature_use,7.65
142,2026-07-28,login,8.19
143,2026-08-02,login,15.68
143,2026-08-19,login,2.1
143,2026-07-02,login,20.14
143,2026-08-26,feature_use,7.14
143,2026-11-10,cancel,17.4
143,2026-09-24,cancel,24.38
143,2026-09-19,cancel,13.53
143,2026-09-01,cancel,1.09
143,2026-06-09,login,4.37
143,2026-11-04,upgrade,4.24
143,2026-08-03,login,17.8
144,2026-10-05,login,26.35
144,2026-08-19,feature_use,20.15
144,2026-06-10,login,22.41
144,2026-10-06,upgrade,3.31
144,2026-06-08,cancel,14.28
144,2026-05-28,feature_use,25.6
144,2026-07-03,login,5.8
144,2026-07-03,cancel,21.22
144,2026-07-07,login,28.01
144,2026-07-05,cancel,18.32
144,2026-10-15,upgrade,25.62
144,2026-07-05,upgrade,13.81
144,2026-09-22,cancel,28.23
144,2026-08-07,feature_use,12.74
144,2026-09-15,login,10.54
144,2026-07-31,login,4.74
144,2026-10-11,cancel,1.99
144,2026-08-22,feature_use,19.33
144,2026-09-26,login,20.97
144,2026-09-17,upgrade,15.22
144,2026-08-12,upgrade,4.69
144,2026-05-03,feature_use,8.08
144,2026-10-03,cancel,22.33
144,2026-05-06,login,25.84
144,2026-10-03,login,14.71
144,2026-07-28,upgrade,11.65
144,2026-07-11,upgrade,16.52
145,2026-01-30,login,12.51
145,2026-05-04,login,11.04
145,2026-07-14,cancel,15.72
145,2026-07-11,feature_use,13.95
145,2026-05-18,login,18.07
145,2026-04-24,upgrade,17.41
145,2026-06-22,feature_use,2.67
145,2026-05-05,cancel,16.55
145,2026-07-14,feature_use,17.94
145,2026-01-31,login,22.88
145,2026-05-12,cancel,20.0
145,2026-04-22,feature_use,14.75
145,2026-01-31,cancel,1.02
145,2026-02-24,upgrade,1.06
145,2026-03-10,feature_use,15.99
145,2026-02-12,cancel,2.77
145,2026-02-03,login,1.96
145,2026-04-11,cancel,29.6
145,2026-07-11,upgrade,29.49
145,2026-05-19,cancel,22.77
145,2026-05-25,feature_use,25.01
145,2026-03-23,cancel,28.27
146,2026-09-19,cancel,8.17
146,2026-11-10,login,26.2
146,2026-07-18,cancel,2.74
146,2026-11-23,upgrade,27.41
146,2026-10-23,login,29.9
146,2026-06-28,login,29.14
146,2026-10-16,login,20.1
146,2026-10-17,upgrade,26.42
146,2026-11-08,login,9.56
146,2026-11-08,feature_use,14.53
146,2026-10-10,cancel,2.81
146,2026-06-23,feature_use,21.19
146,2026-08-24,cancel,16.38
146,2026-09-30,login,21.03
146,2026-07-16,upgrade,1.5
146,2026-06-27,login,24.64
146,2026-11-18,login,9.59
146,2026-09-29,login,7.68
146,2026-09-08,login,4.07
146,2026-11-07,feature_use,9.62
146,2026-11-23,login,3.71
147,2026-08-24,feature_use,16.93
147,2026-05-22,cancel,4.99
147,2026-07-15,feature_use,29.25
147,2026-08-28,login,5.99
147,2026-06-05,cancel,6.85
147,2026-07-04,login,11.78
147,2026-04-12,login,10.24
147,2026-04-02,upgrade,5.39
147,2026-08-04,feature_use,20.34
147,2026-05-31,upgrade,23.83
147,2026-04-09,login,11.9
147,2026-08-29,upgrade,15.7
147,2026-08-05,login,16.09
147,2026-05-31,upgrade,1.73
147,2026-05-03,login,13.15
147,2026-05-05,upgrade,24.09
147,2026-04-03,cancel,27.44
147,2026-06-11,login,5.26
147,2026-09-11,cancel,6.09
147,2026-08-04,feature_use,6.71
147,2026-05-02,cancel,1.7
147,2026-04-28,upgrade,13.31
147,2026-06-04,login,2.8
147,2026-09-16,cancel,3.56
148,2027-02-11,upgrade,19.6
148,2026-10-26,login,2.47
148,2026-11-07,feature_use,14.43
148,2027-01-07,upgrade,11.3
148,2026-12-03,upgrade,12.05
148,2026-10-24,upgrade,13.98
148,2026-11-02,upgrade,12.02
148,2027-03-09,cancel,21.97
148,2026-10-15,upgrade,16.97
148,2026-11-06,login,5.71
149,2026-12-31,upgrade,21.16
149,2027-02-14,upgrade,4.65
149,2026-11-18,feature_use,10.75
149,2027-03-31,feature_use,18.63
149,2027-04-04,upgrade,12.05
149,2027-04-04,cancel,29.67
149,2026-12-03,upgrade,18.91
149,2027-01-10,upgrade,6.21
149,2026-11-23,cancel,8.82
149,2027-04-14,upgrade,5.73
149,2027-04-18,login,27.48
149,2027-02-27,upgrade,8.3
149,2027-02-26,login,15.88
150,2026-12-30,cancel,15.32
150,2026-12-19,cancel,16.66
150,2026-11-11,cancel,22.34
150,2026-12-12,upgrade,22.13
150,2026-10-04,upgrade,21.67
150,2026-12-29,login,6.87
150,2026-12-01,feature_use,2.04
150,2026-12-02,feature_use,19.82
150,2026-09-24,upgrade,23.62
150,2026-09-12,upgrade,5.21
150,2026-12-13,feature_use,25.55
151,2027-02-08,upgrade,26.35
151,2027-02-04,feature_use,11.84
151,2027-06-13,login,28.83
151,2027-01-07,cancel,20.62
151,2027-05-22,upgrade,23.94
151,2027-05-01,login,3.4
151,2027-05-28,upgrade,7.57
151,2027-06-18,cancel,24.36
151,2027-01-20,cancel,24.34
152,2026-09-22,cancel,6.89
152,2026-06-10,feature_use,4.1
152,2026-08-15,cancel,26.0
152,2026-07-21,cancel,22.47
152,2026-09-13,feature_use,10.07
152,2026-07-20,login,8.95
152,2026-05-16,login,25.38
152,2026-06-05,login,25.98
152,2026-08-22,cancel,24.14
152,2026-06-22,login,28.84
152,2026-07-28,feature_use,4.84
152,2026-08-30,upgrade,15.65
152,2026-06-22,feature_use,25.06
152,2026-09-06,feature_use,6.88
152,2026-06-30,cancel,5.84
152,2026-04-29,upgrade,21.72
153,2026-12-24,cancel,8.11
153,2027-01-22,login,17.91
153,2027-04-02,login,20.14
153,2026-12-12,upgrade,24.19
153,2027-01-11,cancel,12.32
153,2027-04-08,feature_use,22.38
153,2026-11-29,cancel,15.59
154,2027-03-04,cancel,10.46
154,2026-12-08,feature_use,24.82
154,2026-11-21,cancel,24.75
154,2026-12-15,login,15.11
154,2026-11-15,upgrade,16.43
154,2027-01-02,upgrade,27.74
154,2026-10-22,feature_use,18.89
154,2027-01-22,feature_use,26.42
154,2027-01-16,feature_use,13.97
154,2026-11-05,upgrade,17.02
154,2027-02-26,feature_use,20.0
154,2026-10-15,login,4.4
154,2026-11-28,upgrade,22.93
154,2027-03-02,cancel,11.49
155,2027-03-07,feature_use,29.74
155,2027-01-21,feature_use,14.9
155,2027-03-21,login,6.69
155,2026-10-23,cancel,19.05
155,2026-10-25,upgrade,23.83
155,2027-03-03,feature_use,20.32
155,2027-03-21,upgrade,13.12
155,2026-11-22,feature_use,18.97
155,2027-04-01,cancel,12.24
155,2026-12-02,feature_use,19.95
155,2026-10-08,feature_use,23.24
155,2027-02-08,cancel,27.15
155,2026-12-11,feature_use,10.15
155,2027-02-15,feature_use,20.9
156,2026-05-27,upgrade,20.84
156,2026-03-27,upgrade,14.51
156,2026-06-22,feature_use,18.1
156,2026-06-08,upgrade,18.46
156,2026-07-17,cancel,17.42
156,2026-07-01,upgrade,2.43
157,2026-01-26,login,1.28
157,2026-04-01,login,2.15
157,2026-01-23,login,1.64
157,2026-06-30,login,9.47
157,2026-05-16,login,5.83
157,2026-06-25,upgrade,13.95
157,2026-06-03,cancel,21.08
157,2026-01-13,feature_use,3.15
157,2026-05-14,login,29.95
157,2026-04-30,login,2.01
157,2026-04-23,login,28.28
157,2026-03-31,login,26.85
157,2026-05-23,feature_use,12.59
157,2026-04-08,cancel,21.31
157,2026-03-24,feature_use,25.68
157,2026-01-22,feature_use,14.49
157,2026-06-26,cancel,29.51
157,2026-02-11,feature_use,12.64
157,2026-06-24,login,11.45
158,2027-04-11,feature_use,21.32
158,2027-01-07,cancel,13.14
158,2027-05-02,upgrade,7.6
158,2027-06-20,feature_use,13.29
158,2027-02-03,feature_use,21.87
158,2027-02-13,upgrade,24.17
158,2026-12-29,login,12.39
158,2027-02-07,upgrade,7.56
158,2027-01-23,login,22.58
158,2027-03-07,feature_use,2.0
158,2027-04-20,login,19.79
158,2027-06-09,login,22.6
158,2027-05-05,feature_use,11.64
158,2027-03-06,upgrade,16.86
158,2027-03-16,login,23.48
158,2027-01-26,login,21.44
158,2027-02-06,cancel,18.39
158,2027-02-03,feature_use,9.84
158,2027-05-30,login,2.41
159,2027-01-26,cancel,1.47
159,2027-04-02,login,8.34
159,2026-11-01,feature_use,18.68
159,2026-11-09,login,4.39
159,2026-10-16,cancel,2.8
159,2026-11-09,upgrade,23.93
159,2027-04-07,cancel,3.63
159,2027-04-05,cancel,29.4
159,2027-03-01,upgrade,3.64
159,2027-01-27,login,28.98
159,2027-02-17,upgrade,2.36
159,2027-03-07,login,12.95
159,2026-11-22,cancel,17.24
159,2027-03-26,login,25.31
159,2027-03-25,upgrade,21.25
159,2026-12-23,upgrade,28.75
160,2026-07-28,feature_use,7.62
160,2026-07-28,feature_use,11.42
160,2026-08-26,upgrade,27.37
160,2026-07-31,cancel,5.7
160,2026-08-01,feature_use,18.75
160,2026-12-27,feature_use,14.52
161,2026-03-31,login,10.18
161,2026-09-02,upgrade,13.24
161,2026-09-01,upgrade,28.49
161,2026-07-15,cancel,21.37
161,2026-08-19,upgrade,3.38
161,2026-08-02,cancel,2.62
161,2026-07-31,feature_use,17.99
161,2026-08-04,login,16.93
161,2026-04-02,cancel,19.0
161,2026-08-15,feature_use,24.64
161,2026-06-02,login,16.11
161,2026-05-11,feature_use,19.1
161,2026-05-26,upgrade,12.67
161,2026-06-16,feature_use,7.87
161,2026-08-08,cancel,22.58
161,2026-05-14,feature_use,1.93
161,2026-06-02,upgrade,12.35
161,2026-08-02,login,4.21
161,2026-09-04,upgrade,29.9
161,2026-03-14,feature_use,16.55
161,2026-06-06,cancel,29.02
161,2026-04-23,login,4.13
161,2026-09-02,feature_use,17.69
161,2026-08-04,feature_use,14.44
161,2026-08-26,feature_use,10.45
162,2026-04-28,login,8.59
162,2026-05-09,upgrade,13.96
162,2026-05-08,upgrade,25.87
162,2026-08-03,cancel,28.81
162,2026-07-24,upgrade,7.77
162,2026-06-30,cancel,20.68
162,2026-05-27,cancel,21.02
162,2026-05-29,upgrade,28.05
162,2026-02-25,cancel,15.38
162,2026-05-30,cancel,22.24
162,2026-06-25,upgrade,25.1
162,2026-03-25,login,19.2
162,2026-02-27,feature_use,28.45
162,2026-06-20,login,11.21
162,2026-06-06,feature_use,19.82
162,2026-06-17,login,25.19
162,2026-02-27,login,11.55
163,2026-11-28,login,20.36
163,2026-07-02,upgrade,2.31
163,2026-08-04,feature_use,10.43
163,2026-07-04,cancel,29.51
163,2026-12-13,login,6.51
163,2026-08-16,feature_use,8.66
163,2026-06-27,feature_use,24.32
163,2026-10-04,feature_use,23.29
163,2026-07-04,login,10.12
163,2026-10-30,upgrade,18.62
163,2026-10-31,login,15.73
164,2026-10-16,feature_use,18.91
164,2026-07-27,login,5.71
164,2026-10-22,cancel,12.39
164,2026-08-13,upgrade,2.83
164,2026-05-23,feature_use,24.58
164,2026-08-09,feature_use,16.41
164,2026-10-15,feature_use,23.53
164,2026-11-02,login,28.01
164,2026-05-14,login,7.98
164,2026-08-25,upgrade,13.87
164,2026-05-14,upgrade,3.82
164,2026-09-27,upgrade,23.07
165,2026-05-17,feature_use,23.19
165,2026-04-14,upgrade,23.37
165,2026-07-01,upgrade,5.04
165,2026-07-09,upgrade,25.1
165,2026-06-10,feature_use,19.14
165,2026-06-14,cancel,25.26
165,2026-07-04,upgrade,18.36
165,2026-07-04,login,29.1
165,2026-07-23,login,14.79
165,2026-08-08,cancel,1.21
165,2026-08-08,cancel,20.07
165,2026-07-02,cancel,26.97
165,2026-08-23,feature_use,5.57
165,2026-08-12,cancel,28.13
165,2026-06-19,cancel,29.48
165,2026-03-18,login,15.23
165,2026-07-24,feature_use,15.7
165,2026-07-11,feature_use,15.08
165,2026-06-01,feature_use,1.34
165,2026-08-16,login,7.29
165,2026-05-17,cancel,17.5
165,2026-03-24,feature_use,20.21
165,2026-06-28,upgrade,13.0
165,2026-06-17,login,5.94
165,2026-08-22,cancel,9.74
165,2026-03-25,login,5.26
166,2026-10-18,feature_use,22.11
166,2026-10-21,upgrade,19.38
166,2026-10-24,upgrade,23.79
166,2026-10-18,cancel,18.34
166,2026-12-22,cancel,23.37
166,2027-01-27,feature_use,29.66
166,2027-02-16,cancel,2.88
166,2027-03-21,login,26.75
166,2027-01-06,login,7.84
166,2026-10-22,login,15.51
166,2027-03-25,upgrade,2.38
166,2027-01-23,feature_use,22.47
166,2027-02-02,upgrade,29.92
166,2027-02-17,login,29.95
167,2026-08-16,login,2.28
167,2026-06-14,cancel,9.34
167,2026-05-19,login,2.58
167,2026-04-20,feature_use,5.18
167,2026-04-22,cancel,11.98
167,2026-06-30,login,6.79
167,2026-05-08,login,7.18
167,2026-08-02,upgrade,27.33
167,2026-05-30,cancel,21.23
167,2026-06-22,upgrade,22.04
167,2026-05-11,login,23.74
167,2026-08-31,login,14.25
167,2026-04-20,feature_use,15.33
167,2026-07-10,login,3.11
167,2026-05-23,feature_use,9.66
167,2026-06-14,cancel,20.63
167,2026-03-13,upgrade,17.07
168,2026-07-04,feature_use,24.15
168,2026-01-22,cancel,25.52
168,2026-05-22,feature_use,23.98
168,2026-04-20,upgrade,1.78
168,2026-05-08,upgrade,29.32
169,2026-10-15,feature_use,21.46
169,2026-12-28,login,18.24
169,2026-09-16,login,14.17
169,2027-01-21,cancel,24.34
169,2026-09-17,login,23.44
169,2027-01-15,upgrade,16.57
169,2027-01-30,cancel,9.2
169,2026-09-16,login,11.04
169,2026-09-18,cancel,5.23
169,2027-01-02,feature_use,29.64
169,2026-12-04,cancel,5.65
169,2026-11-18,upgrade,1.06
169,2026-09-24,feature_use,5.27
169,2026-10-04,cancel,15.71
169,2027-01-29,cancel,7.96
169,2027-02-15,upgrade,27.24
169,2026-10-15,login,22.98
169,2027-01-30,cancel,19.93
169,2026-10-06,upgrade,5.01
169,2026-09-23,feature_use,23.45
169,2026-12-28,login,7.64
169,2026-10-26,feature_use,8.28
169,2026-11-18,login,29.05
170,2027-04-22,login,29.57
170,2027-01-25,login,15.3
170,2027-04-14,upgrade,4.74
170,2027-02-11,feature_use,17.61
170,2027-04-20,cancel,23.62
170,2027-06-16,feature_use,11.25
170,2027-01-25,login,29.71
170,2027-05-01,login,3.04
170,2027-06-13,upgrade,13.55
170,2027-03-25,upgrade,15.57
170,2027-03-30,login,14.25
170,2027-05-23,upgrade,15.74
170,2027-03-14,feature_use,2.54
170,2027-01-15,feature_use,21.04
170,2027-02-02,login,20.4
170,2027-04-22,login,29.29
170,2027-02-22,cancel,8.53
170,2027-06-19,feature_use,8.94
170,2027-02-08,upgrade,23.69
170,2027-02-12,login,20.32
170,2027-02-23,feature_use,13.58
171,2027-04-09,cancel,10.91
171,2027-04-01,login,13.72
171,2027-01-12,cancel,6.1
171,2027-01-11,feature_use,20.19
171,2027-01-25,upgrade,15.7
171,2027-04-09,feature_use,19.56
171,2027-02-09,login,18.37
171,2026-12-30,cancel,20.62
171,2027-01-12,feature_use,19.9
171,2027-05-14,login,16.04
171,2027-04-27,login,19.06
171,2026-11-23,login,25.28
171,2027-04-15,upgrade,23.38
171,2027-01-04,login,7.12
171,2027-01-22,cancel,26.48
171,2027-04-04,cancel,3.35
171,2027-03-31,login,17.34
171,2027-01-25,upgrade,10.21
171,2027-03-23,upgrade,20.55
171,2027-03-18,feature_use,5.46
172,2027-03-28,feature_use,29.74
172,2027-02-27,feature_use,13.4
172,2027-05-31,cancel,23.54
172,2027-02-28,upgrade,15.88
172,2027-06-06,feature_use,7.74
172,2026-12-29,login,23.44
172,2027-03-31,feature_use,10.02
172,2027-01-07,upgrade,26.48
172,2026-12-19,feature_use,1.96
173,2026-07-29,cancel,24.8
173,2026-09-20,feature_use,11.84
173,2026-10-06,upgrade,19.77
173,2026-05-08,feature_use,24.65
173,2026-05-23,upgrade,1.9
173,2026-08-10,upgrade,2.34
173,2026-05-14,cancel,16.27
173,2026-06-26,feature_use,4.87
173,2026-10-07,cancel,22.86
173,2026-04-25,upgrade,8.23
174,2027-04-10,cancel,1.17
174,2027-01-23,upgrade,23.42
174,2027-04-26,upgrade,28.75
174,2027-01-06,upgrade,29.74
174,2027-05-28,feature_use,9.04
174,2027-02-23,login,11.76
174,2027-01-17,upgrade,28.23
174,2027-03-23,feature_use,16.57
174,2027-05-17,login,16.84
174,2027-05-02,upgrade,10.74
174,2027-03-04,cancel,27.03
174,2027-05-05,upgrade,22.53
174,2027-06-12,feature_use,17.57
174,2027-04-11,feature_use,17.95
174,2027-01-30,login,19.96
174,2027-01-22,cancel,2.22
174,2026-12-21,feature_use,2.21
174,2027-05-13,login,7.12
174,2027-05-22,cancel,3.91
174,2026-12-19,login,1.68
174,2027-05-17,cancel,17.77
174,2027-05-05,upgrade,18.92
175,2026-08-27,cancel,27.31
175,2026-10-18,login,20.4
175,2026-11-16,feature_use,12.09
175,2026-12-12,cancel,4.24
175,2026-08-18,cancel,1.89
175,2026-12-11,cancel,19.02
175,2026-12-10,feature_use,8.4
175,2026-12-23,login,11.04
175,2026-10-04,upgrade,12.51
175,2026-10-03,cancel,23.47
175,2026-07-27,cancel,22.43
175,2026-10-29,feature_use,18.02
175,2026-12-21,upgrade,7.05
175,2026-08-02,cancel,6.68
175,2026-12-06,upgrade,4.23
175,2026-10-04,feature_use,21.88
176,2026-03-01,feature_use,7.45
176,2026-04-27,upgrade,3.47
176,2026-02-23,cancel,17.36
176,2026-04-21,upgrade,8.27
176,2026-05-05,cancel,11.52
176,2026-06-27,feature_use,21.15
176,2026-04-09,cancel,2.67
177,2026-01-22,login,13.43
177,2026-02-12,cancel,10.32
177,2026-01-25,cancel,3.07
177,2026-03-05,upgrade,8.24
177,2026-03-31,feature_use,15.75
177,2026-03-22,cancel,12.77
177,2026-03-21,cancel,24.7
177,2026-04-28,feature_use,18.14
177,2026-03-24,feature_use,17.75
177,2026-06-15,login,7.81
177,2026-05-10,upgrade,26.61
177,2026-05-05,feature_use,6.95
177,2026-02-26,upgrade,19.28
177,2026-01-21,upgrade,21.76
177,2026-01-15,upgrade,22.95
177,2026-04-29,login,25.23
177,2026-04-27,cancel,8.85
177,2026-04-04,cancel,25.59
177,2026-05-24,feature_use,21.16
177,2026-07-02,upgrade,21.76
177,2026-06-25,upgrade,5.38
177,2026-01-23,cancel,11.0
177,2026-01-20,feature_use,14.02
178,2026-02-18,feature_use,6.34
178,2026-06-09,upgrade,24.19
178,2026-01-29,cancel,26.48
178,2026-05-09,login,28.18
178,2026-05-11,cancel,12.81
178,2026-03-29,cancel,8.11
178,2026-03-17,cancel,10.42
178,2026-06-26,login,6.29
178,2026-03-09,feature_use,3.11
178,2026-01-20,upgrade,20.02
178,2026-05-13,login,29.15
178,2026-03-04,feature_use,17.78
178,2026-04-14,upgrade,7.65
178,2026-01-26,login,18.2
178,2026-04-27,cancel,6.82
178,2026-05-27,upgrade,8.21
178,2026-07-16,cancel,22.89
178,2026-03-07,cancel,20.45
178,2026-07-15,feature_use,23.23
178,2026-04-25,cancel,27.16
179,2026-07-09,upgrade,1.59
179,2026-06-22,login,19.49
179,2026-06-12,feature_use,1.84
179,2026-05-26,upgrade,28.87
179,2026-08-11,login,28.66
179,2026-04-23,login,26.87
179,2026-05-01,cancel,3.92
179,2026-05-20,upgrade,14.87
179,2026-03-15,cancel,13.29
179,2026-06-26,upgrade,14.54
179,2026-08-02,upgrade,10.67
179,2026-05-28,feature_use,20.22
179,2026-05-29,cancel,11.55
179,2026-07-30,login,10.46
179,2026-04-23,cancel,9.22
179,2026-06-24,cancel,25.67
179,2026-04-13,login,20.12
179,2026-06-08,cancel,28.61
179,2026-03-30,login,25.5
179,2026-04-08,login,2.07
179,2026-06-09,login,18.65
179,2026-08-02,cancel,12.83
179,2026-05-14,feature_use,16.66
179,2026-04-11,feature_use,11.26
179,2026-03-19,cancel,9.44
179,2026-04-16,feature_use,24.54
179,2026-08-10,feature_use,6.26
179,2026-06-07,cancel,3.9
179,2026-05-12,login,16.42
180,2026-03-14,feature_use,26.13
180,2026-07-07,feature_use,22.86
180,2026-08-06,cancel,12.15
180,2026-08-15,cancel,25.67
180,2026-08-06,feature_use,11.77
180,2026-03-26,login,7.61
180,2026-06-28,cancel,9.89
180,2026-08-09,upgrade,9.57
180,2026-08-29,login,21.63
180,2026-07-01,cancel,26.98
180,2026-07-28,upgrade,24.89
180,2026-08-07,cancel,8.05
180,2026-03-12,cancel,16.95
180,2026-04-03,feature_use,9.61
180,2026-04-21,feature_use,28.83
180,2026-07-17,upgrade,19.78
180,2026-05-13,cancel,1.6
180,2026-05-02,upgrade,13.27
181,2026-07-27,feature_use,22.65
181,2027-01-13,login,16.63
181,2026-11-08,cancel,11.82
181,2026-10-29,login,24.26
181,2026-12-27,cancel,28.71
181,2027-01-08,upgrade,25.2
181,2026-08-26,login,19.73
181,2026-08-16,login,20.27
181,2026-09-18,feature_use,4.41
181,2026-12-15,login,1.59
181,2026-08-04,upgrade,2.76
181,2027-01-16,cancel,22.15
181,2026-10-17,login,5.23
181,2026-11-12,cancel,20.24
181,2026-10-19,feature_use,12.42
181,2026-08-05,upgrade,15.23
182,2026-07-21,cancel,28.59
182,2026-06-03,cancel,11.42
182,2026-06-30,login,9.71
182,2026-07-15,login,10.81
182,2026-07-16,feature_use,8.89
182,2026-08-16,feature_use,18.3
182,2026-09-22,feature_use,1.22
182,2026-07-02,upgrade,12.41
182,2026-06-27,cancel,15.3
183,2027-01-05,cancel,7.66
183,2027-01-27,login,20.93
183,2027-01-09,feature_use,20.37
183,2027-02-11,feature_use,27.05
183,2026-11-10,upgrade,20.05
183,2027-01-04,cancel,28.36
183,2026-12-04,feature_use,27.76
183,2026-11-12,login,26.71
183,2026-09-10,feature_use,17.53
183,2026-10-14,login,13.47
183,2026-11-26,login,4.65
183,2026-09-05,cancel,18.14
183,2027-01-11,login,20.04
183,2026-09-02,upgrade,21.69
183,2026-10-10,cancel,7.84
183,2026-11-14,feature_use,7.18
183,2027-01-04,upgrade,19.43
183,2026-09-22,cancel,13.05
183,2026-12-28,feature_use,3.05
183,2026-10-24,cancel,21.69
183,2026-10-30,cancel,23.23
183,2026-11-16,login,17.3
183,2026-10-29,cancel,14.23
183,2026-10-02,login,28.03
183,2026-10-27,feature_use,12.4
183,2026-10-02,feature_use,27.36
183,2026-11-12,feature_use,1.05
183,2026-10-01,feature_use,28.65
184,2026-09-30,upgrade,14.21
184,2026-10-02,login,4.83
184,2026-11-18,upgrade,5.88
184,2026-12-10,feature_use,29.17
184,2026-12-25,cancel,26.53
184,2026-11-18,feature_use,5.96
184,2027-01-13,upgrade,24.99
184,2026-10-25,cancel,3.81
184,2026-10-19,cancel,26.23
184,2026-10-27,cancel,8.97
184,2027-01-20,upgrade,20.14
184,2026-09-21,cancel,9.57
184,2026-09-22,login,10.46
184,2026-08-24,cancel,28.25
184,2027-01-15,upgrade,9.67
184,2026-11-21,feature_use,4.31
184,2027-01-03,feature_use,7.36
184,2026-12-13,login,27.62
184,2026-12-07,cancel,4.01
184,2026-09-26,login,2.16
185,2026-12-16,login,28.28
185,2027-04-12,feature_use,11.94
185,2027-02-19,upgrade,16.89
185,2027-02-05,upgrade,9.44
185,2026-12-30,feature_use,8.84
185,2027-01-13,cancel,17.66
185,2026-11-13,login,21.02
185,2026-11-01,upgrade,5.99
185,2026-11-10,upgrade,5.81
185,2027-01-07,login,23.58
185,2027-04-08,upgrade,6.89
185,2027-04-17,upgrade,21.49
186,2027-06-22,cancel,13.12
186,2027-04-27,feature_use,13.9
186,2027-06-10,cancel,5.97
186,2027-04-09,login,22.58
186,2027-04-29,login,28.31
186,2027-05-03,upgrade,26.73
186,2027-01-31,upgrade,4.55
186,2027-03-28,upgrade,29.78
186,2027-02-03,feature_use,23.61
186,2027-05-07,upgrade,11.69
186,2027-06-23,feature_use,8.41
186,2027-06-11,cancel,23.4
186,2027-04-18,feature_use,7.51
186,2027-03-13,login,20.15
186,2027-06-22,upgrade,26.63
186,2027-02-06,upgrade,24.01
186,2027-05-24,upgrade,9.86
186,2027-03-26,upgrade,8.05
186,2026-12-28,login,18.84
186,2027-05-06,upgrade,5.77
186,2027-01-11,upgrade,15.77
186,2027-02-28,feature_use,26.02
186,2027-01-19,feature_use,23.33
186,2027-04-20,upgrade,13.59
186,2027-02-17,cancel,29.7
186,2027-04-10,feature_use,14.86
186,2027-03-17,cancel,28.4
186,2027-06-02,login,13.69
187,2026-07-21,feature_use,27.33
187,2026-10-15,cancel,5.12
187,2026-10-24,cancel,8.18
187,2026-10-31,upgrade,29.42
187,2026-07-20,cancel,6.15
187,2026-06-07,feature_use,10.91
187,2026-09-24,feature_use,8.2
187,2026-05-25,upgrade,8.67
187,2026-07-26,upgrade,14.43
187,2026-11-04,cancel,19.28
187,2026-11-06,login,2.15
187,2026-10-05,upgrade,19.76
187,2026-11-18,cancel,10.0
187,2026-10-06,login,21.2
187,2026-06-21,upgrade,24.19
187,2026-11-07,login,1.02
187,2026-09-16,login,28.05
187,2026-09-27,upgrade,15.05
187,2026-11-05,feature_use,19.5
187,2026-08-12,cancel,14.95
187,2026-06-08,login,8.09
188,2026-11-03,upgrade,5.91
188,2027-03-14,upgrade,15.9
188,2027-03-03,cancel,16.61
188,2026-12-30,feature_use,10.38
188,2027-03-17,upgrade,13.73
188,2027-03-12,login,27.98
188,2026-12-10,cancel,1.52
188,2026-11-02,cancel,19.37
188,2027-04-21,upgrade,9.44
188,2026-11-13,feature_use,18.51
188,2027-02-08,cancel,15.2
188,2027-02-14,login,11.59
188,2027-03-02,upgrade,29.75
188,2027-01-13,login,5.74
188,2027-04-08,cancel,6.82
188,2027-01-01,login,25.81
188,2027-01-30,feature_use,7.35
188,2027-01-16,login,9.97
188,2027-04-11,upgrade,11.52
188,2026-11-19,upgrade,21.08
188,2026-11-24,upgrade,22.92
188,2026-11-15,cancel,23.68
188,2026-12-28,login,13.86
188,2026-12-01,cancel,27.45
188,2027-03-08,cancel,1.74
188,2027-02-10,upgrade,25.82
189,2026-11-01,upgrade,14.08
189,2026-11-22,feature_use,19.77
189,2026-08-24,cancel,19.02
189,2026-10-15,feature_use,25.08
189,2026-11-05,feature_use,27.77
189,2026-10-22,login,3.0
189,2026-09-15,upgrade,3.03
189,2026-06-13,login,17.71
189,2026-08-24,feature_use,17.47
189,2026-08-02,cancel,29.08
189,2026-07-07,cancel,19.38
189,2026-06-25,cancel,10.96
189,2026-08-02,upgrade,4.3
189,2026-10-24,login,22.17
190,2026-09-22,upgrade,6.32
190,2026-12-02,feature_use,18.64
190,2026-09-26,feature_use,23.17
190,2026-08-30,login,26.15
190,2026-10-28,cancel,26.31
190,2026-11-09,feature_use,28.31
190,2026-06-26,upgrade,1.53
190,2026-12-12,cancel,16.65
190,2026-10-11,login,8.76
190,2026-09-15,feature_use,9.08
190,2026-12-10,feature_use,17.02
190,2026-07-16,cancel,20.64
190,2026-11-25,upgrade,12.58
190,2026-07-26,login,5.6
190,2026-09-04,login,9.71
190,2026-11-15,login,19.95
190,2026-12-02,login,8.39
190,2026-09-21,login,18.36
190,2026-09-14,login,4.46
190,2026-12-09,upgrade,6.76
190,2026-06-30,login,13.72
190,2026-08-28,feature_use,27.97
190,2026-08-22,login,18.66
190,2026-08-04,upgrade,10.05
191,2026-04-12,login,29.21
191,2026-03-06,feature_use,5.63
191,2026-07-29,feature_use,14.31
191,2026-03-06,login,21.86
191,2026-04-24,cancel,17.88
191,2026-06-12,cancel,20.98
191,2026-08-12,feature_use,16.86
191,2026-07-07,cancel,23.99
191,2026-07-31,cancel,23.29
191,2026-07-21,login,23.34
191,2026-05-17,login,12.46
191,2026-05-19,cancel,6.03
191,2026-06-04,login,4.33
191,2026-04-19,upgrade,13.96
192,2026-12-03,feature_use,18.61
192,2027-03-13,upgrade,16.97
192,2026-12-06,cancel,15.49
192,2027-02-28,upgrade,26.82
192,2027-01-25,upgrade,19.4
192,2027-05-16,login,13.58
192,2027-01-21,feature_use,3.61
192,2026-12-17,upgrade,24.12
192,2027-02-05,login,17.02
192,2027-05-22,feature_use,5.77
192,2027-05-04,cancel,8.48
192,2026-12-03,upgrade,2.72
192,2027-03-12,upgrade,17.34
192,2027-02-16,feature_use,3.14
192,2027-02-23,upgrade,4.3
192,2027-02-09,feature_use,26.27
193,2026-12-07,login,3.39
193,2027-03-28,cancel,22.83
193,2027-01-11,login,2.13
193,2027-01-23,cancel,18.34
193,2026-11-29,cancel,10.75
193,2027-02-28,cancel,2.92
193,2027-01-30,login,13.84
193,2027-05-04,feature_use,14.98
193,2027-02-10,feature_use,7.01
193,2026-11-25,feature_use,1.48
193,2027-04-10,login,19.13
193,2027-03-30,feature_use,18.82
193,2027-03-08,login,8.94
193,2027-03-03,login,1.49
193,2026-12-27,feature_use,18.37
193,2027-03-01,login,23.83
193,2027-05-03,upgrade,26.63
193,2026-12-25,cancel,8.5
193,2027-01-04,upgrade,29.85
193,2027-03-08,feature_use,27.03
193,2027-03-30,upgrade,1.93
193,2026-12-27,feature_use,5.86
193,2027-04-04,upgrade,4.28
193,2027-01-13,login,16.51
193,2026-12-07,cancel,8.39
193,2026-12-06,feature_use,14.83
194,2027-05-23,login,14.37
194,2027-05-03,feature_use,25.43
194,2026-12-25,login,19.03
194,2027-05-10,feature_use,15.78
194,2026-12-26,cancel,28.59
194,2027-01-06,login,30.0
194,2026-12-17,login,23.07
194,2027-01-31,login,23.03
194,2027-03-22,cancel,10.02
194,2026-12-13,upgrade,11.76
194,2027-02-03,login,9.89
194,2027-05-13,cancel,17.7
194,2027-05-26,cancel,28.2
194,2027-03-19,upgrade,7.91
194,2027-03-08,upgrade,17.7
194,2027-01-01,upgrade,11.0
195,2026-09-29,cancel,21.36
195,2026-07-12,feature_use,16.9
195,2026-08-23,feature_use,4.65
195,2026-10-20,upgrade,23.24
195,2026-10-04,upgrade,12.92
195,2026-08-03,login,6.02
195,2026-07-28,feature_use,19.82
196,2027-02-12,upgrade,5.75
196,2027-03-12,upgrade,2.13
196,2027-05-28,feature_use,16.79
196,2027-06-19,upgrade,19.62
196,2027-01-17,feature_use,15.82
196,2027-01-27,cancel,27.21
196,2027-04-23,feature_use,16.64
196,2027-05-29,upgrade,19.74
196,2027-02-18,feature_use,25.69
196,2027-01-23,login,21.36
196,2027-02-22,login,27.67
196,2027-03-04,upgrade,24.47
197,2027-04-22,upgrade,20.07
197,2026-11-19,feature_use,1.93
197,2026-11-24,feature_use,13.39
197,2027-02-08,upgrade,2.12
197,2027-03-28,feature_use,1.23
197,2027-02-22,login,26.81
197,2027-02-26,login,11.93
197,2027-02-04,feature_use,25.88
197,2027-04-09,login,19.33
197,2027-02-05,login,12.97
197,2027-01-13,upgrade,5.19
197,2026-12-15,upgrade,17.02
197,2026-12-22,cancel,10.62
197,2027-03-24,feature_use,18.87
197,2027-02-10,login,26.5
197,2027-03-28,upgrade,10.53
197,2027-01-22,feature_use,5.28
197,2026-12-14,upgrade,19.54
198,2026-07-20,upgrade,28.32
198,2026-07-05,cancel,10.09
198,2026-06-07,cancel,4.79
198,2026-06-22,login,11.77
198,2026-10-10,cancel,15.68
198,2026-10-14,login,16.2
198,2026-07-18,feature_use,3.94
198,2026-09-10,upgrade,29.74
198,2026-09-28,login,1.83
198,2026-06-20,login,22.13
198,2026-06-29,upgrade,10.57
198,2026-08-08,cancel,3.72
198,2026-09-13,upgrade,25.18
199,2026-12-10,upgrade,27.17
199,2026-12-04,cancel,25.8
199,2026-11-28,upgrade,7.65
199,2027-01-29,feature_use,24.01
199,2026-12-30,feature_use,1.08
199,2026-08-24,upgrade,25.55
199,2026-12-15,feature_use,13.94
199,2026-10-19,feature_use,19.18
199,2026-09-15,cancel,4.37
199,2027-01-04,upgrade,1.53
199,2026-11-27,feature_use,2.97
199,2026-10-22,feature_use,4.0
199,2026-12-30,cancel,7.55
199,2026-11-08,upgrade,25.98
199,2026-11-11,upgrade,5.06
199,2026-12-16,upgrade,24.7
199,2026-11-15,cancel,25.93
199,2027-02-05,feature_use,9.13
199,2027-01-10,cancel,9.67
199,2026-10-21,login,1.78
199,2026-12-12,upgrade,25.62
199,2026-11-01,cancel,11.49
200,2026-05-20,upgrade,16.07
200,2026-07-26,feature_use,18.84
200,2026-04-19,cancel,1.98
200,2026-04-30,login,23.72
200,2026-05-02,login,11.94
200,2026-06-12,login,19.92
200,2026-08-19,login,6.12
200,2026-06-23,upgrade,5.52
200,2026-07-25,login,24.83
200,2026-07-21,feature_use,25.22
200,2026-05-25,upgrade,25.47
200,2026-07-29,upgrade,20.31
200,2026-06-08,login,4.6
200,2026-04-06,upgrade,18.29
200,2026-03-26,feature_use,13.49
200,2026-03-28,feature_use,20.68
200,2026-08-21,feature_use,14.52
200,2026-07-06,feature_use,18.94
200,2026-09-08,feature_use,29.75
200,2026-03-21,feature_use,3.33
200,2026-07-08,cancel,17.05
200,2026-06-12,cancel,19.68
200,2026-04-25,upgrade,21.75
200,2026-03-28,upgrade,28.58
200,2026-06-26,login,26.51
200,2026-05-23,feature_use,11.56
200,2026-05-13,upgrade,26.46
201,2026-10-29,cancel,23.15
201,2026-08-18,login,7.98
201,2026-09-10,cancel,3.12
201,2026-08-20,upgrade,27.56
201,2026-11-20,cancel,10.84
201,2026-11-26,feature_use,7.14
201,2027-01-11,upgrade,4.55
201,2026-09-19,login,19.28
201,2026-10-18,feature_use,16.66
201,2026-08-29,cancel,1.62
201,2026-08-21,cancel,29.87
201,2026-11-26,cancel,3.18
201,2026-08-03,feature_use,8.46
201,2026-09-19,login,5.68
201,2026-09-03,feature_use,6.08
201,2026-10-23,upgrade,9.02
201,2026-09-26,cancel,15.12
202,2026-09-24,cancel,27.42
202,2026-12-04,login,2.42
202,2026-10-05,upgrade,9.69
202,2026-09-28,login,9.99
202,2026-12-10,feature_use,3.78
202,2026-09-26,upgrade,20.52
202,2027-01-25,login,18.35
202,2026-11-22,cancel,9.45
202,2026-09-23,cancel,6.15
202,2026-10-14,feature_use,20.09
202,2026-12-28,login,14.69
202,2026-10-27,cancel,23.19
202,2026-08-10,feature_use,12.34
202,2026-09-14,feature_use,18.26
202,2027-01-15,feature_use,24.92
203,2026-08-16,upgrade,18.2
203,2026-04-24,upgrade,16.42
203,2026-07-20,feature_use,14.9
203,2026-05-31,cancel,15.4
203,2026-04-01,upgrade,9.6
203,2026-08-08,cancel,29.05
203,2026-06-23,cancel,14.65
203,2026-08-20,feature_use,12.06
203,2026-04-12,feature_use,18.43
203,2026-08-05,upgrade,6.75
203,2026-07-03,cancel,22.0
203,2026-09-21,upgrade,4.58
203,2026-08-10,upgrade,10.21
203,2026-06-19,upgrade,11.15
203,2026-04-29,login,29.44
203,2026-07-17,upgrade,13.43
203,2026-09-07,login,25.34
203,2026-06-02,feature_use,19.32
204,2026-10-20,login,22.75
204,2026-08-14,cancel,15.47
204,2026-09-05,upgrade,21.46
204,2026-07-16,upgrade,19.71
204,2026-07-28,cancel,21.73
204,2026-10-02,cancel,28.55
204,2026-06-08,cancel,8.27
204,2026-08-27,login,19.71
204,2026-05-10,feature_use,28.49
204,2026-10-23,upgrade,1.97
204,2026-09-29,upgrade,27.43
204,2026-09-19,upgrade,14.94
204,2026-07-31,login,27.94
204,2026-09-09,feature_use,13.42
204,2026-06-13,upgrade,18.87
204,2026-09-23,cancel,21.4
204,2026-10-08,cancel,13.43
204,2026-10-01,feature_use,10.6
205,2026-04-24,feature_use,6.24
205,2026-09-11,login,29.77
205,2026-06-10,feature_use,19.93
205,2026-04-15,upgrade,11.28
205,2026-07-04,upgrade,18.56
205,2026-08-02,feature_use,14.76
205,2026-04-01,cancel,27.47
205,2026-04-09,login,22.32
205,2026-07-20,login,12.1
205,2026-09-20,cancel,27.77
205,2026-06-11,cancel,20.03
205,2026-05-12,feature_use,13.96
205,2026-05-10,login,15.22
205,2026-08-18,login,21.29
205,2026-03-31,login,1.29
205,2026-06-04,upgrade,17.24
205,2026-09-02,cancel,10.74
205,2026-07-22,upgrade,5.63
205,2026-04-09,cancel,7.34
205,2026-07-22,cancel,9.54
205,2026-04-12,feature_use,19.54
205,2026-09-15,upgrade,22.47
205,2026-05-12,upgrade,21.98
205,2026-04-23,feature_use,11.83
205,2026-09-07,cancel,26.22
205,2026-07-22,feature_use,5.37
205,2026-08-21,upgrade,10.46
205,2026-07-12,feature_use,26.54
206,2027-04-28,upgrade,28.02
206,2027-05-03,feature_use,26.86
206,2026-11-12,upgrade,16.78
206,2026-12-31,login,3.2
206,2027-02-12,feature_use,26.85
206,2027-03-08,feature_use,25.27
206,2027-03-24,upgrade,4.82
207,2026-12-17,upgrade,13.84
207,2027-02-04,login,15.87
207,2026-11-02,cancel,20.54
207,2026-12-23,upgrade,13.01
207,2027-03-02,upgrade,12.39
207,2026-12-20,cancel,12.72
207,2027-01-18,upgrade,6.91
207,2026-12-04,upgrade,20.0
207,2026-11-24,upgrade,17.48
207,2026-12-28,feature_use,3.65
207,2026-10-05,cancel,7.07
207,2026-11-16,feature_use,10.04
207,2027-03-09,cancel,4.42
207,2026-10-22,cancel,25.71
207,2026-10-01,feature_use,29.89
207,2026-11-10,feature_use,2.83
207,2027-01-25,feature_use,11.36
207,2026-12-12,cancel,7.81
207,2026-12-14,upgrade,24.76
207,2026-10-04,feature_use,24.61
207,2026-12-13,login,25.85
207,2026-12-29,upgrade,21.44
207,2026-09-23,cancel,20.3
207,2027-02-24,login,24.18
207,2027-01-11,feature_use,24.72
207,2026-11-27,upgrade,14.37
207,2026-12-14,cancel,19.92
208,2026-11-14,feature_use,15.11
208,2026-11-26,cancel,14.87
208,2027-01-07,feature_use,4.96
208,2026-10-03,feature_use,12.58
208,2026-11-05,upgrade,12.14
208,2027-02-23,feature_use,12.34
208,2026-09-21,cancel,23.32
208,2026-10-24,upgrade,20.7
208,2027-02-14,cancel,10.38
208,2027-02-25,cancel,26.67
208,2027-02-15,cancel,15.08
208,2027-03-01,cancel,9.87
208,2027-01-27,upgrade,7.61
208,2026-11-05,login,24.55
208,2026-11-03,feature_use,23.04
208,2026-09-21,upgrade,13.27
208,2026-09-14,upgrade,18.52
208,2026-11-02,cancel,24.61
208,2027-02-13,cancel,12.09
208,2026-12-22,cancel,9.91
208,2026-09-23,upgrade,23.56
209,2026-04-04,feature_use,17.62
209,2026-03-13,login,11.61
209,2026-02-15,login,17.77
209,2026-02-28,login,27.69
209,2026-06-23,upgrade,4.75
209,2026-04-03,login,29.27
209,2026-02-26,login,23.44
209,2026-06-07,cancel,26.8
210,2026-11-26,upgrade,22.32
210,2027-02-09,feature_use,10.82
210,2027-03-06,login,1.21
210,2027-02-26,upgrade,14.51
210,2027-04-12,upgrade,25.74
210,2027-02-26,cancel,12.29
210,2027-02-22,feature_use,5.81
210,2026-11-29,login,4.8
210,2026-10-22,feature_use,19.49
210,2026-10-31,upgrade,23.23
210,2026-12-11,feature_use,7.85
210,2027-04-15,upgrade,18.71
210,2027-01-25,upgrade,2.08
210,2027-02-26,cancel,19.35
210,2027-04-08,login,7.15
210,2026-10-23,upgrade,29.29
210,2026-11-15,cancel,11.05
210,2026-11-26,upgrade,27.55
210,2026-10-21,feature_use,1.04
210,2027-01-02,cancel,6.64
210,2027-04-11,upgrade,10.62
210,2027-03-27,upgrade,23.06
210,2027-03-28,feature_use,1.71
210,2027-02-06,cancel,3.08
211,2026-08-04,feature_use,20.49
211,2026-06-07,feature_use,8.75
211,2026-04-09,login,1.2
211,2026-07-07,cancel,10.76
211,2026-09-10,cancel,21.54
211,2026-08-25,upgrade,11.88
211,2026-08-26,upgrade,22.3
211,2026-05-06,feature_use,3.67
211,2026-05-15,cancel,2.05
211,2026-05-20,feature_use,28.15
211,2026-05-06,feature_use,8.86
211,2026-09-09,upgrade,13.11
211,2026-08-14,feature_use,7.09
212,2026-08-31,cancel,7.36
212,2026-08-10,cancel,9.01
212,2026-09-01,feature_use,8.17
212,2026-05-26,upgrade,21.35
212,2026-07-18,login,16.77
212,2026-05-06,cancel,7.7
212,2026-03-20,login,3.54
212,2026-05-31,cancel,11.01
212,2026-08-19,feature_use,3.23
212,2026-06-08,cancel,7.17
212,2026-03-29,login,26.88
212,2026-05-08,cancel,8.76
212,2026-08-01,login,5.22
212,2026-04-14,login,28.04
212,2026-06-06,cancel,3.4
212,2026-03-16,cancel,7.48
212,2026-08-06,feature_use,9.2
212,2026-03-29,feature_use,5.28
212,2026-05-21,login,29.94
212,2026-07-02,cancel,8.4
212,2026-07-06,feature_use,15.55
212,2026-07-14,cancel,18.16
212,2026-06-11,feature_use,26.43
212,2026-07-15,login,22.29
212,2026-03-26,cancel,17.5
212,2026-09-08,login,12.39
212,2026-03-30,upgrade,26.62
212,2026-08-03,cancel,7.98
213,2026-08-26,login,20.47
213,2026-12-11,upgrade,14.45
213,2026-11-07,feature_use,11.52
213,2026-10-22,feature_use,1.44
213,2027-02-01,cancel,7.05
213,2026-12-09,feature_use,4.96
213,2026-12-20,login,17.36
213,2026-11-16,cancel,17.14
213,2027-01-14,upgrade,10.49
213,2026-10-08,upgrade,25.3
213,2026-09-11,feature_use,25.27
213,2026-11-01,upgrade,4.47
213,2026-12-03,cancel,14.04
213,2026-09-18,upgrade,26.55
213,2026-10-31,feature_use,24.58
213,2026-09-13,upgrade,20.24
213,2026-12-22,feature_use,14.36
213,2026-09-21,cancel,19.45
213,2026-10-22,cancel,2.01
213,2026-11-27,feature_use,26.57
213,2027-02-21,login,19.17
213,2026-09-05,login,20.58
213,2026-11-27,login,27.33
213,2026-08-29,upgrade,4.66
214,2026-06-05,login,8.24
214,2026-05-14,upgrade,17.44
214,2026-06-15,login,25.1
214,2026-03-13,login,12.36
214,2026-01-16,cancel,18.98
214,2026-06-29,cancel,25.19
214,2026-03-14,cancel,28.55
214,2026-01-15,login,4.91
214,2026-02-23,upgrade,12.22
214,2026-05-08,feature_use,20.42
214,2026-06-11,login,1.14
214,2026-01-12,upgrade,22.55
214,2026-01-25,cancel,2.69
214,2026-06-26,upgrade,7.5
214,2026-03-20,cancel,13.8
214,2026-03-13,feature_use,7.58
214,2026-01-26,feature_use,17.85
214,2026-03-09,feature_use,29.09
214,2026-07-02,cancel,6.36
214,2026-05-11,cancel,10.67
214,2026-04-30,upgrade,3.21
214,2026-04-22,login,14.32
215,2027-06-28,login,8.92
215,2027-02-21,login,11.58
215,2027-03-04,cancel,10.4
215,2027-06-04,feature_use,6.01
215,2027-02-27,login,26.21
215,2027-05-11,cancel,28.53
215,2027-04-23,login,25.22
215,2027-03-02,feature_use,8.58
215,2027-05-04,upgrade,20.03
215,2027-03-04,login,21.73
215,2027-03-08,upgrade,1.28
215,2027-03-17,cancel,18.34
215,2027-05-06,login,22.4
215,2027-01-30,cancel,15.06
215,2027-02-01,cancel,20.2
215,2027-02-13,login,7.95
215,2027-01-14,feature_use,19.9
215,2027-01-10,upgrade,9.72
215,2027-04-20,cancel,8.4
216,2026-09-22,feature_use,5.75
216,2026-09-18,login,20.32
216,2026-07-27,login,21.31
216,2026-05-02,feature_use,24.35
216,2026-06-01,cancel,23.04
216,2026-08-11,login,25.21
216,2026-09-03,feature_use,18.02
216,2026-07-23,cancel,14.97
216,2026-09-06,login,11.2
216,2026-08-31,cancel,2.69
216,2026-05-05,cancel,24.03
216,2026-05-30,login,13.18
216,2026-06-30,login,13.93
216,2026-08-13,feature_use,24.3
216,2026-05-06,cancel,5.65
217,2026-12-12,cancel,21.32
217,2026-11-28,upgrade,27.33
217,2027-01-02,cancel,13.88
217,2026-12-18,cancel,25.57
217,2027-01-13,login,4.86
217,2026-12-05,upgrade,20.22
217,2026-12-09,login,13.63
217,2027-01-24,login,8.55
217,2026-12-11,login,15.05
217,2026-11-16,login,8.47
217,2026-09-27,login,16.28
217,2027-01-08,feature_use,28.7
217,2026-09-21,feature_use,24.15
217,2026-10-29,upgrade,10.16
217,2026-12-26,cancel,10.06
217,2026-08-13,login,12.33
217,2026-09-24,cancel,8.52
217,2026-12-27,feature_use,2.84
217,2026-12-11,upgrade,23.18
217,2026-09-10,cancel,12.16
217,2026-08-06,login,3.05
217,2027-01-22,upgrade,28.87
217,2026-08-05,feature_use,18.48
217,2026-08-18,upgrade,14.9
218,2026-05-28,cancel,4.65
218,2026-07-26,cancel,21.31
218,2026-10-23,upgrade,17.34
218,2026-10-12,cancel,16.32
218,2026-09-21,upgrade,7.42
218,2026-08-08,cancel,4.15
218,2026-06-09,cancel,13.65
218,2026-04-27,upgrade,12.56
218,2026-06-14,cancel,9.79
218,2026-05-02,feature_use,13.17
219,2027-01-07,upgrade,8.63
219,2027-01-15,login,29.21
219,2027-01-05,login,25.21
219,2026-12-23,cancel,2.06
219,2026-11-29,feature_use,7.52
219,2027-01-03,feature_use,27.53
219,2026-11-22,login,23.5
219,2026-12-20,upgrade,16.36
219,2027-01-05,feature_use,6.11
219,2026-10-11,upgrade,10.23
220,2027-01-19,feature_use,23.73
220,2027-04-13,cancel,19.14
220,2027-04-05,feature_use,6.04
220,2027-03-19,upgrade,10.72
220,2027-02-03,feature_use,12.77
220,2027-01-19,upgrade,28.25
220,2027-06-06,cancel,20.99
220,2027-05-24,login,23.26
220,2027-04-11,upgrade,28.99
220,2027-05-12,cancel,22.91
220,2027-02-24,feature_use,2.36
221,2026-04-04,upgrade,19.81
221,2026-07-26,feature_use,19.51
221,2026-06-04,upgrade,10.38
221,2026-04-17,login,12.46
221,2026-03-15,upgrade,28.73
221,2026-07-08,feature_use,17.6
221,2026-05-26,cancel,19.01
221,2026-09-06,login,23.4
221,2026-06-10,login,24.9
221,2026-08-16,upgrade,2.58
221,2026-06-14,feature_use,1.66
221,2026-05-14,upgrade,17.49
221,2026-03-22,login,21.5
221,2026-07-10,cancel,22.65
221,2026-06-24,upgrade,18.32
221,2026-08-30,upgrade,20.14
221,2026-05-12,login,7.55
221,2026-05-07,upgrade,6.98
221,2026-08-27,cancel,6.91
221,2026-05-26,cancel,26.21
221,2026-06-02,login,22.09
221,2026-03-20,upgrade,29.14
221,2026-06-05,upgrade,5.43
221,2026-09-07,cancel,7.62
221,2026-09-06,login,4.32
221,2026-09-02,cancel,7.62
221,2026-09-06,feature_use,23.34
222,2026-08-29,cancel,26.37
222,2026-06-12,login,17.66
222,2026-09-30,login,8.92
222,2026-05-24,upgrade,5.58
222,2026-08-21,login,15.26
222,2026-09-19,feature_use,3.01
222,2026-09-13,upgrade,12.15
222,2026-07-12,upgrade,18.93
222,2026-07-28,upgrade,28.15
222,2026-06-09,cancel,1.83
222,2026-08-31,upgrade,15.54
222,2026-04-28,feature_use,1.15
222,2026-09-13,login,11.29
222,2026-09-07,login,5.64
222,2026-07-05,upgrade,12.63
222,2026-04-08,feature_use,24.58
222,2026-08-21,login,21.56
222,2026-08-14,cancel,22.23
222,2026-07-17,upgrade,16.64
222,2026-08-20,feature_use,23.18
222,2026-08-02,feature_use,22.06
222,2026-04-16,login,25.35
222,2026-09-14,login,9.2
222,2026-09-01,login,17.85
222,2026-06-01,login,27.62
222,2026-05-07,cancel,1.33
222,2026-04-28,upgrade,7.97
222,2026-04-25,cancel,23.53
223,2026-07-13,upgrade,24.39
223,2026-07-01,login,8.05
223,2026-03-15,upgrade,5.62
223,2026-04-02,upgrade,29.05
223,2026-05-08,feature_use,16.93
223,2026-02-24,cancel,27.2
223,2026-03-05,cancel,21.68
223,2026-07-28,upgrade,22.89
223,2026-03-07,cancel,10.86
223,2026-06-12,login,23.8
223,2026-04-26,login,22.47
223,2026-03-09,upgrade,11.07
223,2026-06-24,upgrade,5.14
223,2026-03-19,login,12.19
223,2026-02-08,cancel,7.91
223,2026-04-10,upgrade,9.54
223,2026-03-10,feature_use,20.32
223,2026-04-30,login,20.63
223,2026-05-07,upgrade,22.14
223,2026-04-22,feature_use,20.04
223,2026-04-05,login,28.12
223,2026-03-29,upgrade,16.7
223,2026-07-06,feature_use,26.13
223,2026-06-05,login,10.7
223,2026-04-27,feature_use,27.2
223,2026-04-20,upgrade,22.78
224,2026-06-24,feature_use,3.07
224,2026-11-05,feature_use,7.97
224,2026-10-26,upgrade,5.42
224,2026-06-20,cancel,19.34
224,2026-06-12,login,16.58
224,2026-08-23,feature_use,8.92
224,2026-07-16,cancel,24.7
224,2026-07-21,feature_use,17.4
224,2026-07-20,feature_use,28.68
225,2026-11-29,feature_use,26.77
225,2026-12-23,feature_use,10.91
225,2026-10-09,cancel,9.06
225,2026-08-17,feature_use,26.62
225,2026-11-07,feature_use,6.26
225,2026-07-28,feature_use,2.58
225,2026-08-18,upgrade,18.1
225,2026-11-18,login,19.1
225,2026-12-13,upgrade,4.97
225,2026-09-28,upgrade,3.22
225,2026-10-11,login,29.38
225,2026-08-17,cancel,4.03
225,2026-07-28,feature_use,8.25
225,2026-09-01,cancel,20.73
225,2026-09-22,feature_use,25.39
225,2026-08-20,upgrade,4.31
225,2026-07-17,cancel,3.54
225,2026-09-29,cancel,12.42
225,2026-09-27,feature_use,8.83
226,2026-08-18,login,7.39
226,2026-08-29,feature_use,5.38
226,2026-11-13,upgrade,26.39
226,2026-09-03,cancel,1.45
226,2026-11-02,feature_use,8.41
226,2026-10-13,upgrade,12.65
226,2026-09-20,cancel,22.19
226,2026-06-09,login,20.51
226,2026-09-13,upgrade,4.87
226,2026-10-13,feature_use,15.19
226,2026-09-10,cancel,22.57
226,2026-10-29,cancel,27.28
226,2026-05-25,login,27.72
226,2026-08-02,upgrade,8.18
226,2026-06-30,cancel,23.01
226,2026-10-23,login,16.95
226,2026-07-10,cancel,13.32
226,2026-06-20,upgrade,26.7
226,2026-06-04,cancel,26.9
226,2026-08-20,login,1.04
226,2026-09-30,upgrade,4.65
227,2026-12-07,feature_use,9.77
227,2026-09-04,cancel,15.11
227,2026-08-16,cancel,1.11
227,2026-10-10,feature_use,8.22
227,2026-09-08,cancel,17.26
227,2026-08-24,cancel,28.18
227,2026-10-03,upgrade,3.08
227,2026-12-19,login,2.14
227,2026-12-08,cancel,8.79
227,2026-12-27,cancel,18.55
227,2026-11-02,cancel,13.26
227,2026-08-12,feature_use,28.4
227,2026-08-14,feature_use,17.09
227,2026-10-06,login,6.83
227,2026-09-25,upgrade,17.9
227,2026-08-27,feature_use,22.64
227,2026-10-18,upgrade,5.14
227,2026-12-29,cancel,14.76
227,2026-08-31,upgrade,17.07
227,2027-01-11,feature_use,5.7
228,2026-07-09,cancel,2.31
228,2026-06-16,feature_use,15.54
228,2026-07-27,login,25.67
228,2026-09-19,feature_use,26.01
228,2026-10-14,cancel,16.4
228,2026-07-01,upgrade,27.68
228,2026-06-22,feature_use,27.09
228,2026-11-04,feature_use,15.55
228,2026-07-24,upgrade,29.55
228,2026-05-26,cancel,13.47
228,2026-10-06,cancel,16.89
228,2026-09-24,login,4.4
228,2026-07-02,login,16.13
228,2026-11-14,feature_use,21.72
228,2026-08-13,upgrade,22.03
228,2026-06-26,upgrade,23.74
228,2026-09-01,feature_use,14.47
228,2026-09-17,login,26.76
228,2026-07-22,cancel,10.28
228,2026-09-10,cancel,13.17
228,2026-09-21,upgrade,16.98
228,2026-09-21,upgrade,19.32
228,2026-10-26,login,1.37
229,2026-07-28,feature_use,24.13
229,2026-11-14,cancel,21.95
229,2026-09-24,cancel,23.77
229,2026-09-23,feature_use,28.93
229,2026-07-01,feature_use,1.78
229,2026-10-04,cancel,24.04
229,2026-09-01,login,28.29
230,2026-09-17,feature_use,26.26
230,2027-01-08,upgrade,4.93
230,2026-08-09,feature_use,26.97
230,2027-01-08,feature_use,17.73
230,2026-10-05,login,22.08
230,2026-08-07,cancel,8.78
230,2026-11-14,cancel,15.72
230,2026-09-04,cancel,2.71
230,2026-10-26,cancel,5.9
230,2027-01-14,login,25.24
230,2027-01-10,login,27.41
230,2026-09-10,cancel,10.54
230,2026-12-25,upgrade,4.0
230,2026-09-14,feature_use,22.12
230,2026-08-26,cancel,10.39
230,2026-09-09,feature_use,21.2
230,2026-12-05,login,7.84
230,2026-12-01,cancel,24.95
230,2026-10-05,login,10.37
230,2027-01-02,cancel,26.52
230,2026-08-26,cancel,8.05
231,2026-07-10,cancel,15.68
231,2026-05-15,login,8.49
231,2026-04-19,upgrade,8.51
231,2026-03-30,cancel,14.59
231,2026-06-28,cancel,28.6
231,2026-07-04,upgrade,24.99
231,2026-08-14,upgrade,21.75
232,2026-04-29,cancel,14.35
232,2026-03-21,feature_use,11.78
232,2026-06-01,login,19.87
232,2026-05-24,cancel,10.59
232,2026-03-25,login,29.93
232,2026-08-12,feature_use,24.13
232,2026-08-14,upgrade,10.66
232,2026-07-30,login,24.99
232,2026-08-21,upgrade,3.47
232,2026-04-10,login,11.65
232,2026-05-25,login,22.72
232,2026-07-25,feature_use,24.86
232,2026-06-04,upgrade,1.87
232,2026-04-02,feature_use,28.1
232,2026-06-25,cancel,13.58
232,2026-05-01,feature_use,12.77
232,2026-04-07,upgrade,17.04
232,2026-03-15,cancel,11.76
232,2026-03-30,login,17.52
232,2026-04-23,feature_use,13.61
232,2026-06-10,feature_use,3.06
232,2026-08-09,login,6.61
232,2026-08-10,feature_use,14.81
233,2027-02-24,cancel,24.46
233,2027-02-03,upgrade,25.57
233,2026-12-20,upgrade,20.73
233,2027-03-01,login,10.63
233,2027-02-07,login,4.46
233,2026-10-29,cancel,2.42
233,2026-10-11,cancel,17.88
233,2026-10-14,cancel,3.78
233,2026-09-13,upgrade,18.91
233,2027-03-05,upgrade,25.95
233,2026-12-27,upgrade,6.85
233,2026-09-12,cancel,19.53
233,2027-01-05,login,8.57
233,2027-02-12,cancel,18.1
233,2026-11-28,feature_use,1.9
234,2026-12-24,cancel,1.16
234,2026-12-24,cancel,20.21
234,2027-04-14,feature_use,27.75
234,2027-02-13,upgrade,17.59
234,2027-02-03,feature_use,22.36
234,2027-02-25,cancel,25.48
234,2026-12-22,upgrade,24.81
234,2027-03-24,login,3.47
234,2027-05-22,feature_use,20.46
234,2027-01-23,feature_use,11.62
234,2027-04-18,cancel,15.36
234,2027-04-21,feature_use,19.78
234,2026-12-13,feature_use,21.97
235,2026-12-19,login,21.32
235,2027-02-11,cancel,24.35
235,2026-11-20,feature_use,27.17
235,2027-03-03,login,6.99
235,2027-04-20,feature_use,21.22
235,2027-03-28,upgrade,15.81
235,2026-12-15,cancel,24.26
235,2027-02-13,login,25.1
235,2026-12-11,feature_use,11.52
235,2027-01-18,login,11.59
235,2026-11-11,login,11.93
235,2027-03-13,feature_use,14.04
235,2026-11-12,upgrade,11.43
235,2026-12-06,feature_use,24.2
235,2026-12-30,cancel,2.61
235,2026-11-22,upgrade,15.52
235,2026-12-17,upgrade,6.05
235,2027-03-20,cancel,17.17
236,2026-11-09,login,9.58
236,2026-12-10,cancel,1.46
236,2026-08-21,upgrade,1.88
236,2026-08-12,login,25.25
236,2026-09-11,login,13.52
236,2026-08-17,upgrade,19.92
236,2026-09-09,cancel,12.55
236,2026-08-11,feature_use,29.69
236,2026-08-12,login,3.86
236,2026-10-06,cancel,26.07
236,2026-07-17,cancel,14.49
236,2026-11-09,upgrade,8.67
236,2026-08-06,cancel,16.66
236,2027-01-09,login,15.68
236,2026-08-24,upgrade,27.25
236,2026-11-03,upgrade,9.84
236,2026-10-30,upgrade,12.73
236,2026-09-21,cancel,1.94
236,2026-09-13,cancel,3.1
236,2026-09-11,feature_use,2.59
236,2026-12-21,feature_use,16.8
237,2026-04-12,cancel,29.27
237,2026-06-12,login,1.56
237,2026-04-07,feature_use,10.69
237,2026-09-16,feature_use,21.67
237,2026-06-17,upgrade,15.4
237,2026-07-07,upgrade,29.1
237,2026-09-14,upgrade,19.14
237,2026-08-02,login,17.42
237,2026-09-01,login,20.9
237,2026-05-15,cancel,21.74
237,2026-04-13,upgrade,11.47
237,2026-07-31,cancel,20.79
237,2026-09-21,login,21.31
237,2026-09-09,cancel,19.28
237,2026-07-23,upgrade,17.55
237,2026-08-31,upgrade,13.94
237,2026-05-25,cancel,24.03
237,2026-05-13,feature_use,17.27
237,2026-07-25,upgrade,6.74
237,2026-08-01,cancel,23.75
237,2026-06-01,feature_use,9.44
237,2026-05-04,feature_use,13.94
237,2026-04-06,login,7.19
237,2026-04-27,feature_use,26.97
237,2026-07-05,login,12.98
237,2026-09-07,cancel,1.64
238,2026-08-05,upgrade,6.84
238,2026-11-11,feature_use,9.06
238,2026-09-07,feature_use,13.23
238,2026-11-09,cancel,29.37
238,2026-09-27,feature_use,22.93
238,2026-09-06,cancel,29.43
238,2026-09-30,feature_use,20.37
238,2026-05-22,cancel,15.84
238,2026-09-04,upgrade,14.63
238,2026-08-16,upgrade,6.67
238,2026-10-07,login,6.57
238,2026-08-26,upgrade,12.11
238,2026-09-03,upgrade,1.32
238,2026-10-12,login,13.37
238,2026-08-19,upgrade,8.35
238,2026-10-16,cancel,15.46
238,2026-07-18,cancel,2.06
239,2026-02-23,feature_use,28.18
239,2026-04-06,cancel,4.33
239,2026-01-20,upgrade,6.49
239,2026-02-25,cancel,16.35
239,2026-01-25,feature_use,10.05
239,2026-02-08,cancel,25.68
239,2026-05-19,cancel,8.04
240,2026-04-26,login,16.6
240,2026-02-21,upgrade,27.82
240,2026-07-07,login,1.9
240,2026-06-06,login,14.28
240,2026-04-06,upgrade,10.33
240,2026-03-22,feature_use,23.83
240,2026-03-04,login,2.52
240,2026-02-19,upgrade,15.36
240,2026-05-02,feature_use,3.65
240,2026-04-04,feature_use,3.42
240,2026-02-25,feature_use,25.31
240,2026-05-11,login,12.63
240,2026-06-20,cancel,11.83
240,2026-04-23,cancel,24.25
240,2026-03-06,feature_use,2.04
240,2026-04-10,login,17.57
240,2026-05-02,upgrade,18.44
240,2026-07-07,cancel,25.74
240,2026-06-19,login,6.9
240,2026-04-29,login,25.26
240,2026-05-28,login,27.85
240,2026-02-08,upgrade,27.72
241,2026-05-04,feature_use,9.96
241,2026-04-26,login,15.16
241,2026-07-11,cancel,11.55
241,2026-03-18,login,6.26
241,2026-03-18,login,6.37
241,2026-05-08,login,17.36
241,2026-06-08,login,20.6
241,2026-06-13,upgrade,5.08
241,2026-07-13,feature_use,28.55
241,2026-01-29,login,24.39
241,2026-03-17,upgrade,12.94
241,2026-06-01,upgrade,20.14
241,2026-01-24,feature_use,4.04
241,2026-02-16,login,16.42
241,2026-01-29,feature_use,3.22
241,2026-05-04,feature_use,13.72
241,2026-02-19,login,1.7
241,2026-03-24,upgrade,10.32
241,2026-04-14,cancel,9.53
241,2026-04-09,upgrade,27.75
241,2026-03-28,cancel,1.24
241,2026-04-14,cancel,7.09
241,2026-03-13,upgrade,10.48
241,2026-07-04,login,8.4
241,2026-06-10,login,5.16
242,2026-03-22,upgrade,9.05
242,2026-05-27,feature_use,18.98
242,2026-05-04,upgrade,20.18
242,2026-06-16,feature_use,24.94
242,2026-05-31,login,29.38
242,2026-07-07,feature_use,21.22
243,2026-05-27,cancel,3.64
243,2026-06-04,feature_use,10.35
243,2026-06-16,feature_use,8.14
243,2026-08-08,upgrade,19.82
243,2026-09-30,feature_use,17.64
243,2026-08-14,feature_use,18.36
243,2026-09-03,login,10.57
243,2026-08-27,login,11.01
243,2026-10-09,login,4.85
243,2026-05-03,upgrade,22.66
243,2026-09-17,feature_use,20.02
243,2026-06-28,login,2.14
243,2026-07-27,cancel,13.56
243,2026-06-01,login,28.13
243,2026-10-12,upgrade,9.4
243,2026-05-06,cancel,7.39
243,2026-07-29,feature_use,26.91
243,2026-06-20,cancel,11.34
243,2026-07-06,feature_use,21.2
243,2026-09-26,cancel,13.08
243,2026-07-15,cancel,19.39
243,2026-05-09,cancel,28.73
243,2026-07-29,login,29.19
243,2026-09-22,cancel,28.57
243,2026-09-13,upgrade,24.44
243,2026-05-15,upgrade,23.71
243,2026-06-19,login,17.86
244,2026-08-27,feature_use,1.52
244,2026-06-06,feature_use,25.03
244,2026-10-13,upgrade,15.81
244,2026-08-31,feature_use,15.02
244,2026-06-16,feature_use,5.28
245,2026-07-11,upgrade,9.65
245,2026-08-13,upgrade,29.93
245,2026-07-14,cancel,28.62
245,2026-06-24,cancel,14.37
245,2026-09-22,cancel,22.11
245,2026-07-09,cancel,28.2
245,2026-10-07,login,19.36
246,2026-06-13,login,11.23
246,2026-07-14,cancel,23.48
246,2026-06-01,cancel,26.04
246,2026-06-24,login,18.82
246,2026-09-18,cancel,10.3
246,2026-08-10,cancel,17.5
246,2026-11-09,login,23.41
246,2026-09-22,feature_use,6.46
246,2026-07-05,cancel,9.12
246,2026-08-02,upgrade,1.56
246,2026-10-16,feature_use,6.45
246,2026-10-13,login,29.49
246,2026-06-13,login,26.03
246,2026-10-14,login,21.93
246,2026-09-19,upgrade,17.08
246,2026-06-02,cancel,24.43
247,2026-08-18,login,11.58
247,2026-12-28,login,25.61
247,2027-01-02,login,5.54
247,2026-09-14,upgrade,17.67
247,2026-08-12,cancel,28.71
247,2027-01-06,feature_use,18.47
247,2026-12-16,feature_use,3.12
247,2026-11-05,upgrade,14.46
247,2026-12-26,feature_use,18.55
248,2026-04-12,cancel,29.01
248,2026-06-09,upgrade,22.83
248,2026-03-26,login,11.26
248,2026-03-27,upgrade,15.85
248,2026-06-01,upgrade,16.17
248,2026-06-03,upgrade,9.34
248,2026-08-14,upgrade,20.76
248,2026-04-17,login,6.04
248,2026-08-10,login,28.88
248,2026-06-09,feature_use,11.44
248,2026-08-28,upgrade,10.19
248,2026-04-06,cancel,8.0
249,2026-09-08,upgrade,11.24
249,2026-09-02,upgrade,21.81
249,2026-11-02,login,3.51
249,2026-08-19,login,4.22
249,2026-12-10,cancel,26.77
249,2026-09-02,feature_use,1.36
249,2026-10-21,upgrade,17.48
249,2026-11-23,feature_use,15.19
249,2026-07-14,feature_use,22.6
249,2026-11-19,feature_use,14.62
250,2026-11-29,feature_use,4.29
250,2026-12-17,cancel,17.48
250,2027-04-04,upgrade,14.32
250,2026-12-03,feature_use,12.39
250,2027-03-04,feature_use,23.01
250,2027-04-18,login,19.82
250,2027-03-18,feature_use,17.72
250,2026-11-28,upgrade,14.93
250,2027-04-05,login,13.16
250,2027-04-13,upgrade,28.58
250,2026-12-15,feature_use,27.04
250,2027-03-12,feature_use,22.76
250,2026-11-30,feature_use,2.89
250,2026-11-22,feature_use,9.99
250,2026-12-26,cancel,3.26
250,2027-03-27,upgrade,8.4
251,2026-05-12,feature_use,4.41
251,2026-04-01,login,11.94
251,2026-08-12,cancel,13.5
251,2026-09-11,cancel,4.98
251,2026-04-28,login,27.76
251,2026-08-26,feature_use,27.92
251,2026-04-23,login,19.23
251,2026-06-02,login,19.83
251,2026-06-05,login,13.83
251,2026-04-20,cancel,3.01
251,2026-05-31,feature_use,20.73
251,2026-07-02,cancel,29.5
251,2026-06-21,login,6.87
251,2026-05-24,upgrade,28.35
251,2026-07-26,login,5.94
251,2026-07-07,upgrade,12.97
251,2026-06-06,feature_use,21.98
251,2026-05-26,cancel,16.87
251,2026-05-09,feature_use,1.83
251,2026-04-10,cancel,6.24
251,2026-04-24,cancel,17.25
251,2026-09-10,feature_use,26.8
251,2026-07-26,feature_use,4.09
251,2026-08-11,cancel,10.59
251,2026-05-22,login,20.23
251,2026-07-18,feature_use,26.98
251,2026-06-06,login,5.89
251,2026-05-26,login,17.06
252,2026-09-30,login,27.42
252,2026-11-18,upgrade,4.27
252,2026-11-08,login,16.8
252,2026-08-08,feature_use,28.01
252,2026-11-05,feature_use,9.61
252,2026-12-20,cancel,3.53
252,2026-08-31,upgrade,3.71
252,2026-07-27,login,19.6
252,2026-09-01,feature_use,3.48
252,2026-07-02,login,2.21
252,2026-08-05,upgrade,9.34
252,2026-08-29,upgrade,28.79
252,2026-10-11,cancel,5.12
252,2026-07-28,upgrade,18.25
252,2026-12-20,login,4.06
252,2026-11-27,login,4.05
252,2026-09-19,upgrade,24.42
252,2026-07-09,feature_use,15.86
252,2026-12-20,cancel,13.67
252,2026-07-13,feature_use,23.48
252,2026-08-31,login,1.26
252,2026-11-27,upgrade,15.6
252,2026-08-12,cancel,29.94
252,2026-07-07,upgrade,8.53
252,2026-10-10,feature_use,7.84
252,2026-09-10,feature_use,12.47
252,2026-08-16,upgrade,13.51
252,2026-07-20,login,6.25
252,2026-09-03,upgrade,15.19
253,2026-05-23,cancel,16.73
253,2026-11-14,cancel,15.5
253,2026-06-11,feature_use,17.29
253,2026-10-20,cancel,1.21
253,2026-08-28,cancel,9.66
253,2026-09-26,upgrade,26.09
253,2026-08-23,login,27.73
253,2026-06-15,cancel,27.97
253,2026-06-09,feature_use,10.34
253,2026-10-06,cancel,24.7
253,2026-08-12,login,3.85
253,2026-10-16,cancel,11.79
253,2026-09-20,cancel,5.83
253,2026-09-24,feature_use,24.43
253,2026-07-07,login,1.06
253,2026-08-17,login,21.59
253,2026-10-12,upgrade,18.06
253,2026-09-20,feature_use,9.78
253,2026-07-11,cancel,2.4
253,2026-09-27,cancel,3.16
253,2026-07-27,feature_use,13.23
253,2026-09-06,upgrade,27.59
253,2026-11-07,login,4.0
253,2026-10-01,upgrade,14.92
253,2026-10-24,upgrade,22.7
253,2026-09-14,login,7.15
253,2026-05-31,upgrade,15.88
253,2026-06-19,cancel,4.04
254,2026-12-10,cancel,27.83
254,2027-01-11,upgrade,12.09
254,2027-02-23,cancel,21.99
254,2026-12-21,feature_use,19.2
254,2027-02-08,feature_use,1.58
254,2026-09-13,cancel,29.2
254,2026-12-17,login,25.29
254,2026-12-06,cancel,11.95
254,2026-12-04,cancel,27.13
254,2027-02-13,login,23.13
254,2027-02-23,upgrade,12.2
255,2026-04-24,cancel,2.19
255,2026-04-07,cancel,20.67
255,2026-04-25,upgrade,5.71
255,2026-02-22,cancel,10.74
255,2026-05-23,cancel,13.29
255,2026-02-17,upgrade,25.14
255,2026-03-23,upgrade,21.87
256,2026-04-26,cancel,10.41
256,2026-07-07,upgrade,17.48
256,2026-05-10,upgrade,25.62
256,2026-06-05,cancel,26.75
256,2026-05-13,feature_use,17.61
256,2026-01-30,feature_use,3.33
256,2026-02-12,upgrade,23.56
256,2026-02-17,feature_use,6.68
256,2026-07-12,feature_use,23.28
256,2026-04-28,feature_use,23.41
256,2026-03-08,feature_use,5.82
256,2026-06-27,cancel,2.25
256,2026-07-07,feature_use,25.64
256,2026-01-26,upgrade,17.14
256,2026-03-20,login,25.41
256,2026-02-05,login,12.21
256,2026-06-04,cancel,12.41
256,2026-05-17,login,30.0
256,2026-07-07,cancel,22.13
256,2026-05-08,cancel,13.52
256,2026-05-19,upgrade,22.17
257,2026-11-05,upgrade,29.95
257,2026-09-30,feature_use,14.71
257,2026-12-07,feature_use,2.81
257,2026-10-26,upgrade,18.01
257,2026-10-18,cancel,16.17
257,2026-07-11,cancel,19.9
257,2026-07-30,feature_use,23.35
257,2026-08-04,upgrade,19.12
257,2026-07-23,cancel,2.83
257,2026-10-10,upgrade,13.38
257,2026-07-11,upgrade,22.95
257,2026-07-21,login,11.41
257,2026-07-15,cancel,27.0
257,2026-08-29,feature_use,20.26
257,2026-10-29,login,23.5
258,2026-03-15,feature_use,17.68
258,2026-08-05,upgrade,7.02
258,2026-08-02,cancel,19.07
258,2026-05-26,cancel,21.45
258,2026-07-26,upgrade,19.15
258,2026-06-04,upgrade,27.75
258,2026-05-01,feature_use,22.54
258,2026-03-10,upgrade,8.58
258,2026-05-11,login,13.7
258,2026-04-13,feature_use,6.47
258,2026-06-02,upgrade,26.44
258,2026-06-13,login,17.21
258,2026-04-16,cancel,13.36
258,2026-07-23,feature_use,23.4
258,2026-07-15,feature_use,18.74
258,2026-05-10,login,5.11
258,2026-08-18,upgrade,9.32
258,2026-04-09,cancel,14.47
258,2026-03-14,login,2.43
258,2026-03-27,feature_use,7.7
258,2026-04-05,upgrade,5.11
258,2026-05-19,login,23.73
258,2026-04-19,cancel,14.31
258,2026-05-16,feature_use,3.37
258,2026-07-06,cancel,1.92
258,2026-04-23,upgrade,13.86
258,2026-05-18,login,18.09
259,2026-06-30,login,29.29
259,2026-03-02,feature_use,1.66
259,2026-06-11,upgrade,5.65
259,2026-07-14,cancel,28.7
259,2026-06-29,login,1.52
259,2026-03-13,upgrade,24.73
259,2026-07-11,cancel,9.7
259,2026-06-11,feature_use,1.99
259,2026-06-28,cancel,3.1
259,2026-07-20,feature_use,23.58
259,2026-06-06,cancel,19.99
259,2026-05-30,feature_use,1.38
259,2026-05-16,upgrade,8.57
259,2026-05-01,upgrade,14.65
259,2026-03-04,login,16.9
259,2026-05-23,upgrade,13.51
260,2027-02-03,feature_use,24.27
260,2026-12-04,feature_use,24.74
260,2027-03-16,login,22.83
260,2027-01-12,upgrade,23.74
260,2027-03-11,login,24.16
260,2027-01-11,cancel,11.54
260,2026-10-21,feature_use,29.02
260,2026-11-23,login,25.07
260,2027-01-27,feature_use,23.26
260,2027-01-07,feature_use,16.48
260,2027-02-07,cancel,19.96
260,2026-12-16,login,7.38
260,2026-11-23,feature_use,15.78
260,2027-02-03,feature_use,9.82
260,2027-04-05,upgrade,27.5
260,2026-10-08,feature_use,2.66
260,2027-03-01,upgrade,6.27
260,2026-10-30,cancel,16.3
260,2026-12-17,cancel,7.84
260,2026-11-05,login,15.04
260,2027-02-11,upgrade,16.18
261,2027-04-09,login,28.54
261,2027-04-04,upgrade,13.0
261,2027-06-21,feature_use,25.17
261,2027-04-27,upgrade,5.15
261,2027-01-14,login,13.2
261,2027-02-21,upgrade,20.53
261,2027-03-05,feature_use,10.71
261,2027-06-22,cancel,7.27
261,2027-03-04,cancel,7.66
261,2027-05-27,login,19.67
261,2027-03-06,cancel,9.21
261,2027-05-03,login,25.51
261,2027-04-20,login,5.7
261,2027-03-13,cancel,27.14
261,2027-01-26,feature_use,22.94
261,2027-02-24,cancel,23.05
261,2027-01-07,cancel,7.68
261,2027-05-23,login,21.81
261,2027-04-11,login,4.44
261,2027-06-08,login,22.55
261,2027-05-06,cancel,1.14
261,2027-06-15,feature_use,10.56
261,2027-01-27,upgrade,29.45
261,2027-05-25,cancel,4.72
261,2027-02-17,upgrade,11.04
262,2026-10-12,feature_use,9.45
262,2027-01-12,login,26.58
262,2026-12-20,feature_use,8.55
262,2026-09-06,login,18.26
262,2026-08-17,cancel,26.4
262,2026-09-11,login,12.85
262,2026-11-30,login,24.16
262,2026-12-15,cancel,11.41
262,2026-08-28,login,3.48
263,2026-03-27,upgrade,27.71
263,2026-03-01,login,5.75
263,2026-05-08,cancel,7.8
263,2026-03-07,cancel,5.93
263,2026-03-22,feature_use,13.85
263,2026-03-02,upgrade,12.8
263,2026-07-14,upgrade,16.97
263,2026-05-22,login,26.9
263,2026-03-20,cancel,9.21
263,2026-03-29,cancel,18.68
263,2026-05-15,feature_use,20.33
263,2026-02-13,login,4.42
263,2026-05-07,login,10.81
263,2026-03-10,cancel,17.06
263,2026-03-27,upgrade,28.09
263,2026-02-28,feature_use,24.06
263,2026-03-27,cancel,19.8
263,2026-04-27,cancel,11.87
263,2026-06-10,cancel,27.52
263,2026-07-20,upgrade,6.32
263,2026-07-09,upgrade,1.85
263,2026-02-19,cancel,8.39
263,2026-05-26,login,3.72
263,2026-03-15,cancel,14.46
263,2026-07-13,feature_use,28.15
263,2026-07-25,login,24.94
264,2026-11-11,login,16.16
264,2027-02-11,feature_use,11.65
264,2027-01-02,upgrade,14.08
264,2027-01-11,feature_use,3.62
264,2026-12-25,cancel,7.51
264,2026-11-30,upgrade,27.89
264,2027-01-08,upgrade,29.8
264,2027-01-17,login,5.56
264,2026-11-21,login,28.69
265,2027-03-04,login,7.63
265,2027-03-30,login,23.3
265,2026-11-20,login,1.81
265,2027-03-27,feature_use,18.78
265,2027-01-02,feature_use,23.64
265,2027-02-11,cancel,13.54
265,2027-04-15,cancel,28.3
265,2026-12-07,feature_use,10.2
265,2026-12-29,upgrade,23.08
265,2027-03-25,login,18.55
265,2027-04-13,upgrade,25.05
265,2027-05-10,cancel,11.34
265,2026-11-27,upgrade,5.15
265,2026-12-29,upgrade,1.21
265,2027-01-25,login,26.4
265,2026-11-24,cancel,2.81
265,2026-11-29,login,22.35
265,2027-05-02,feature_use,26.32
265,2027-03-27,login,10.08
266,2026-08-08,upgrade,12.84
266,2026-06-04,cancel,6.94
266,2026-09-18,login,9.78
266,2026-06-04,cancel,15.29
266,2026-08-18,upgrade,28.62
266,2026-10-30,cancel,13.28
267,2026-10-21,login,6.53
267,2026-12-01,cancel,22.22
267,2026-06-29,feature_use,4.97
267,2026-09-05,feature_use,13.94
267,2026-07-31,upgrade,24.59
267,2026-10-23,login,12.89
267,2026-07-13,cancel,5.69
267,2026-12-21,cancel,16.05
267,2026-08-30,cancel,10.33
267,2026-08-29,upgrade,3.16
267,2026-09-27,cancel,27.03
267,2026-08-25,feature_use,29.99
267,2026-08-29,login,14.56
267,2026-10-06,upgrade,29.59
267,2026-09-14,feature_use,20.68
267,2026-09-06,cancel,28.76
267,2026-11-25,upgrade,22.21
267,2026-11-13,upgrade,11.25
267,2026-07-09,feature_use,10.67
267,2026-08-20,login,9.16
268,2026-06-02,login,8.44
268,2026-05-17,upgrade,26.9
268,2026-04-10,login,23.19
268,2026-07-27,feature_use,9.45
268,2026-08-21,cancel,17.43
268,2026-07-20,login,12.25
268,2026-07-19,login,8.67
268,2026-08-14,feature_use,6.02
268,2026-08-25,login,13.2
268,2026-05-12,upgrade,22.22
268,2026-05-22,login,13.35
268,2026-04-07,cancel,4.95
268,2026-05-23,login,2.89
268,2026-06-22,feature_use,27.68
268,2026-04-16,feature_use,10.81
268,2026-08-13,upgrade,11.32
268,2026-05-07,feature_use,22.97
269,2026-11-20,login,28.33
269,2026-09-18,feature_use,26.16
269,2026-11-12,upgrade,17.91
269,2026-10-15,cancel,7.48
269,2027-01-31,login,22.77
269,2026-11-11,cancel,9.3
269,2027-02-13,cancel,21.27
269,2026-12-12,cancel,14.78
269,2026-09-14,login,14.82
269,2026-12-29,feature_use,5.91
269,2027-01-12,feature_use,14.23
269,2026-10-20,cancel,22.48
269,2027-01-25,cancel,10.72
269,2026-11-06,cancel,26.8
269,2026-12-05,feature_use,25.53
269,2026-10-03,upgrade,8.14
270,2026-12-23,feature_use,16.35
270,2026-09-15,feature_use,15.72
270,2026-07-01,login,8.43
270,2026-07-01,upgrade,22.09
270,2026-06-27,login,22.2
270,2026-07-11,cancel,12.64
271,2027-04-07,feature_use,16.15
271,2027-02-12,cancel,18.72
271,2027-05-30,upgrade,1.04
271,2027-03-04,upgrade,8.26
271,2027-03-01,upgrade,2.59
271,2027-04-21,cancel,23.02
271,2027-05-15,login,12.8
271,2027-02-21,upgrade,11.17
271,2027-05-25,upgrade,14.4
271,2027-04-30,cancel,18.31
271,2027-04-25,feature_use,10.63
271,2027-05-11,feature_use,6.69
271,2027-02-12,login,15.42
271,2027-01-01,cancel,16.56
271,2027-04-22,login,17.07
271,2027-04-24,login,17.77
271,2027-04-22,cancel,9.79
271,2027-05-28,feature_use,1.57
271,2027-02-08,login,20.04
271,2027-03-01,login,26.2
271,2027-03-11,feature_use,28.34
271,2027-01-26,login,23.01
271,2027-01-07,upgrade,21.66
271,2027-03-30,feature_use,25.23
271,2027-04-16,upgrade,28.69
272,2026-08-28,feature_use,9.91
272,2026-09-13,login,25.79
272,2026-08-25,feature_use,26.72
272,2026-06-29,upgrade,3.12
272,2026-04-14,upgrade,14.43
272,2026-06-12,login,15.76
272,2026-08-18,upgrade,20.1
272,2026-06-01,feature_use,7.38
272,2026-06-12,cancel,25.62
272,2026-07-05,cancel,10.78
272,2026-08-20,upgrade,24.18
272,2026-05-13,cancel,13.02
272,2026-06-24,login,23.35
272,2026-05-26,feature_use,1.29
272,2026-05-02,login,16.86
272,2026-08-27,feature_use,7.08
272,2026-06-03,login,4.47
272,2026-08-28,login,9.31
272,2026-07-02,feature_use,5.88
272,2026-08-20,upgrade,7.64
273,2027-05-06,feature_use,22.81
273,2027-03-04,login,8.1
273,2027-02-04,login,20.49
273,2027-01-07,feature_use,2.17
273,2027-02-24,feature_use,8.08
273,2027-05-07,login,5.41
273,2027-05-09,cancel,19.38
273,2027-01-25,login,23.31
273,2027-01-26,login,29.27
273,2027-06-15,feature_use,8.52
273,2027-01-17,upgrade,11.16
273,2027-06-23,upgrade,15.15
273,2027-02-09,upgrade,6.8
273,2026-12-28,upgrade,15.99
273,2027-01-04,login,16.74
273,2027-01-14,login,5.03
273,2027-01-11,cancel,5.12
274,2026-03-28,cancel,2.14
274,2026-05-03,upgrade,11.76
274,2026-02-20,cancel,21.74
274,2026-04-19,feature_use,26.38
274,2026-06-12,feature_use,20.01
274,2026-07-10,upgrade,18.38
274,2026-04-08,feature_use,22.27
274,2026-02-01,cancel,19.74
274,2026-03-12,login,8.15
274,2026-07-09,cancel,4.24
274,2026-03-30,cancel,14.08
274,2026-03-15,cancel,5.32
274,2026-02-09,cancel,13.37
274,2026-06-15,login,14.15
274,2026-02-14,feature_use,15.7
274,2026-05-08,login,7.45
274,2026-03-12,feature_use,20.34
274,2026-02-20,feature_use,24.14
274,2026-02-09,cancel,25.02
274,2026-06-28,login,8.03
275,2026-06-12,cancel,23.25
275,2026-05-31,feature_use,22.22
275,2026-06-06,login,29.66
275,2026-06-13,login,21.4
275,2026-04-27,upgrade,11.2
275,2026-04-09,cancel,10.19
275,2026-07-16,login,5.84
275,2026-06-18,feature_use,6.07
275,2026-04-06,feature_use,26.73
275,2026-03-26,cancel,5.24
275,2026-07-06,upgrade,17.98
275,2026-04-27,upgrade,20.12
275,2026-03-20,login,13.69
276,2026-10-09,feature_use,13.81
276,2026-09-27,cancel,28.82
276,2026-09-18,upgrade,3.65
276,2026-11-12,login,29.54
276,2026-12-12,cancel,19.68
276,2026-10-17,cancel,10.37
276,2027-02-10,upgrade,28.32
276,2027-02-25,feature_use,21.88
276,2026-11-22,upgrade,2.81
276,2026-09-04,feature_use,23.03
276,2027-02-11,cancel,8.19
276,2026-11-28,cancel,10.55
276,2027-02-14,login,5.44
276,2026-11-03,feature_use,8.31
276,2026-09-10,cancel,24.52
276,2026-09-12,upgrade,2.35
276,2027-01-18,upgrade,3.45
277,2026-10-08,cancel,12.56
277,2026-09-30,cancel,26.32
277,2026-07-29,cancel,12.94
277,2026-08-22,upgrade,3.18
277,2026-07-26,feature_use,17.14
277,2026-08-10,feature_use,9.01
277,2026-09-11,cancel,24.12
277,2026-06-10,upgrade,3.1
277,2026-09-06,login,28.19
277,2026-06-14,login,20.74
277,2026-08-21,feature_use,17.58
277,2026-08-09,cancel,12.81
277,2026-08-15,upgrade,17.57
277,2026-10-05,cancel,3.24
277,2026-08-30,cancel,27.88
277,2026-11-16,cancel,11.86
277,2026-09-11,login,6.21
277,2026-11-06,cancel,21.72
277,2026-09-05,cancel,11.35
278,2026-07-26,upgrade,25.0
278,2026-10-02,login,21.97
278,2026-11-30,feature_use,6.69
278,2026-07-21,cancel,24.79
278,2026-11-05,upgrade,29.33
278,2026-10-17,upgrade,8.51
279,2026-02-28,upgrade,1.22
279,2026-07-03,feature_use,16.19
279,2026-05-18,feature_use,14.77
279,2026-03-08,cancel,24.24
279,2026-02-11,upgrade,1.38
279,2026-03-10,login,23.43
279,2026-06-28,feature_use,20.96
279,2026-03-09,cancel,15.57
279,2026-06-26,feature_use,13.18
279,2026-06-12,feature_use,26.95
279,2026-02-24,upgrade,24.09
279,2026-04-16,cancel,12.3
279,2026-01-27,cancel,21.51
279,2026-04-05,cancel,24.31
280,2026-05-12,upgrade,22.51
280,2026-05-14,cancel,11.65
280,2026-06-05,upgrade,27.07
280,2026-02-22,upgrade,24.88
280,2026-01-30,login,16.64
280,2026-03-16,upgrade,24.69
280,2026-07-04,upgrade,17.66
280,2026-07-08,cancel,29.49
280,2026-05-17,feature_use,4.56
280,2026-06-21,login,24.84
280,2026-02-25,login,7.92
280,2026-03-13,feature_use,25.52
280,2026-04-20,feature_use,5.6
280,2026-03-27,login,16.45
280,2026-02-25,login,11.59
280,2026-02-13,feature_use,1.19
280,2026-05-19,login,15.66
280,2026-03-28,cancel,20.51
280,2026-03-26,feature_use,22.42
280,2026-06-09,feature_use,21.6
280,2026-05-11,login,13.42
280,2026-02-16,login,17.79
281,2027-04-02,upgrade,27.2
281,2027-02-19,cancel,19.72
281,2027-02-23,feature_use,12.91
281,2027-04-04,upgrade,15.75
281,2027-03-09,feature_use,6.54
282,2026-05-01,cancel,15.03
282,2026-08-07,cancel,17.99
282,2026-07-25,feature_use,23.62
282,2026-04-02,cancel,6.98
282,2026-07-26,feature_use,24.4
282,2026-05-30,upgrade,22.52
282,2026-03-21,cancel,19.88
282,2026-06-02,cancel,15.6
282,2026-06-29,login,24.96
282,2026-08-26,upgrade,20.27
282,2026-03-25,feature_use,12.41
282,2026-06-17,login,14.02
282,2026-07-24,login,7.63
282,2026-04-17,feature_use,29.72
282,2026-07-11,upgrade,29.96
282,2026-07-28,cancel,9.02
283,2027-01-06,upgrade,20.53
283,2027-02-09,feature_use,24.85
283,2026-12-21,login,24.22
283,2027-04-27,login,2.71
283,2027-01-10,upgrade,16.46
283,2027-03-02,feature_use,16.24
283,2027-04-26,upgrade,9.21
283,2027-04-28,cancel,10.87
283,2027-04-19,cancel,21.99
283,2027-05-18,login,1.25
284,2026-06-26,cancel,25.3
284,2026-02-18,cancel,23.03
284,2026-03-21,feature_use,28.04
284,2026-02-01,cancel,3.94
284,2026-03-19,cancel,28.77
284,2026-05-20,login,29.39
284,2026-03-23,cancel,7.98
284,2026-04-01,login,13.35
284,2026-02-11,cancel,12.29
284,2026-04-07,upgrade,2.22
284,2026-03-06,cancel,9.54
284,2026-05-24,upgrade,18.12
284,2026-06-26,login,9.81
284,2026-01-31,login,15.87
284,2026-02-22,cancel,20.4
284,2026-06-18,login,5.06
284,2026-03-16,feature_use,5.5
284,2026-01-31,feature_use,10.2
284,2026-06-25,login,11.81
284,2026-02-26,upgrade,18.71
284,2026-06-06,login,23.4
284,2026-03-10,login,1.75
284,2026-03-12,login,5.76
284,2026-02-12,login,14.98
284,2026-03-02,cancel,14.81
284,2026-04-02,login,9.25
284,2026-02-21,login,4.14
285,2026-10-08,login,9.57
285,2026-12-31,login,2.7
285,2026-09-08,login,4.97
285,2026-12-26,cancel,28.86
285,2026-11-19,upgrade,12.93
285,2026-10-08,feature_use,9.41
285,2026-12-22,feature_use,10.32
285,2026-08-12,cancel,16.04
285,2026-09-12,upgrade,18.63
285,2026-12-16,upgrade,24.99
285,2026-08-14,login,5.44
285,2026-10-21,feature_use,8.05
285,2026-11-02,upgrade,17.41
285,2026-12-22,cancel,27.24
286,2027-01-10,cancel,21.79
286,2027-04-30,cancel,3.11
286,2026-11-30,upgrade,26.49
286,2027-03-10,login,21.95
286,2027-02-07,cancel,29.32
286,2027-04-02,cancel,8.43
286,2027-04-04,cancel,1.23
286,2027-04-29,cancel,2.97
286,2027-04-27,feature_use,25.69
286,2027-01-17,feature_use,28.76
286,2027-01-05,login,5.31
286,2027-01-23,feature_use,20.82
286,2027-01-18,upgrade,15.13
286,2027-05-09,upgrade,27.03
286,2027-03-09,cancel,9.61
286,2027-01-21,upgrade,17.4
286,2027-03-12,cancel,23.21
286,2027-04-15,upgrade,27.19
286,2027-03-30,cancel,3.97
286,2027-04-06,feature_use,11.97
286,2027-03-14,login,11.35
286,2027-04-24,cancel,6.93
286,2027-04-09,cancel,1.31
286,2027-05-19,upgrade,10.77
286,2027-04-02,login,28.62
286,2027-02-03,feature_use,23.8
286,2027-03-05,feature_use,29.1
286,2026-12-18,cancel,5.71
287,2026-05-18,upgrade,18.58
287,2026-03-08,upgrade,15.86
287,2026-01-26,cancel,25.24
287,2026-05-10,feature_use,24.43
287,2026-05-09,login,25.93
287,2026-04-19,upgrade,7.84
287,2026-06-29,feature_use,13.76
287,2026-05-25,cancel,15.23
287,2026-05-21,login,3.13
287,2026-01-30,cancel,8.58
287,2026-06-18,upgrade,11.94
287,2026-05-24,feature_use,27.68
287,2026-06-15,upgrade,2.51
287,2026-03-10,upgrade,22.71
287,2026-04-24,feature_use,3.75
287,2026-03-17,cancel,4.71
287,2026-04-13,feature_use,7.16
287,2026-03-21,feature_use,2.37
287,2026-02-20,cancel,20.03
287,2026-04-25,upgrade,9.46
287,2026-04-05,login,20.36
287,2026-06-21,login,25.72
287,2026-07-11,cancel,14.58
287,2026-03-22,login,13.73
287,2026-05-12,cancel,4.73
287,2026-03-20,feature_use,17.14
287,2026-04-08,cancel,1.81
288,2026-11-13,upgrade,27.92
288,2026-11-13,feature_use,27.34
288,2027-01-06,cancel,17.95
288,2026-11-19,feature_use,28.08
288,2026-07-14,upgrade,7.42
288,2026-07-30,upgrade,23.07
288,2026-12-13,upgrade,14.88
288,2026-08-23,login,3.83
288,2026-07-24,cancel,17.67
288,2026-11-08,cancel,27.59
288,2026-07-21,upgrade,16.44
288,2026-07-16,feature_use,11.95
288,2026-10-19,feature_use,22.7
288,2026-12-09,upgrade,27.15
288,2027-01-04,upgrade,17.2
288,2026-08-17,login,6.09
288,2026-09-17,feature_use,22.11
288,2026-12-15,feature_use,15.05
288,2026-09-26,feature_use,2.11
288,2026-10-28,login,7.64
288,2026-12-14,cancel,22.3
288,2026-08-27,login,9.55
288,2026-09-01,upgrade,4.67
288,2027-01-04,login,15.36
288,2026-08-11,feature_use,20.24
288,2026-08-28,cancel,24.5
288,2026-09-10,login,7.72
289,2026-11-23,upgrade,7.07
289,2026-12-05,cancel,14.34
289,2027-02-23,feature_use,10.22
289,2027-02-22,login,23.65
289,2026-09-10,upgrade,13.5
289,2027-02-01,upgrade,1.02
289,2026-09-05,feature_use,16.61
289,2026-12-07,cancel,18.1
289,2026-10-04,login,8.28
289,2027-02-22,login,3.14
289,2026-11-20,upgrade,23.59
289,2027-02-26,cancel,25.09
290,2027-01-01,feature_use,5.71
290,2026-10-06,feature_use,7.9
290,2026-08-05,cancel,6.81
290,2026-10-21,feature_use,4.49
290,2026-10-25,feature_use,7.34
290,2026-11-26,upgrade,15.13
290,2026-10-24,upgrade,13.83
290,2026-09-11,feature_use,22.5
290,2026-09-23,feature_use,26.83
290,2026-07-25,upgrade,4.24
290,2026-12-24,feature_use,15.66
290,2026-07-23,upgrade,3.04
290,2026-08-19,upgrade,21.64
290,2026-12-01,feature_use,16.08
290,2026-08-10,cancel,18.39
290,2027-01-08,cancel,12.78
290,2026-07-13,cancel,8.11
290,2026-09-01,feature_use,10.16
291,2027-01-28,feature_use,1.64
291,2027-02-20,feature_use,1.66
291,2026-12-11,cancel,4.8
291,2026-09-23,upgrade,19.14
291,2027-02-08,cancel,3.33
291,2027-03-09,feature_use,9.95
291,2027-02-14,upgrade,24.25
291,2027-03-01,cancel,15.47
291,2027-02-02,cancel,27.71
291,2026-12-11,feature_use,14.31
291,2027-02-24,feature_use,12.36
291,2026-11-04,login,26.3
292,2026-07-09,login,13.06
292,2026-06-16,login,4.65
292,2026-04-10,upgrade,3.16
292,2026-09-19,feature_use,15.51
292,2026-05-14,cancel,4.63
292,2026-06-05,feature_use,2.86
292,2026-05-05,upgrade,3.97
293,2026-05-23,feature_use,19.51
293,2026-04-18,upgrade,11.0
293,2026-09-04,cancel,25.16
293,2026-09-07,cancel,1.24
293,2026-07-20,cancel,25.26
293,2026-04-06,cancel,14.55
293,2026-04-21,feature_use,10.95
293,2026-06-10,upgrade,28.31
293,2026-05-03,feature_use,27.97
293,2026-08-10,login,6.03
293,2026-10-02,upgrade,11.34
293,2026-08-04,upgrade,29.98
293,2026-05-13,login,23.59
293,2026-08-18,feature_use,8.15
293,2026-07-14,cancel,24.93
293,2026-06-30,feature_use,18.48
293,2026-08-04,login,14.26
293,2026-06-04,upgrade,14.29
293,2026-06-22,cancel,15.41
293,2026-08-01,upgrade,10.05
293,2026-04-30,login,3.31
293,2026-04-20,cancel,17.62
293,2026-05-15,upgrade,4.5
293,2026-04-15,cancel,17.23
293,2026-04-26,feature_use,23.43
294,2027-02-07,cancel,5.99
294,2026-11-18,upgrade,21.81
294,2026-11-23,feature_use,18.66
294,2026-11-08,cancel,19.44
294,2026-10-21,feature_use,1.81
294,2026-10-27,cancel,26.51
294,2027-03-04,upgrade,15.86
294,2027-01-16,login,19.65
294,2027-03-08,upgrade,11.21
294,2027-01-27,upgrade,25.2
294,2027-02-27,feature_use,26.9
294,2026-10-13,login,1.89
294,2026-12-19,upgrade,6.88
295,2026-10-10,feature_use,17.67
295,2026-08-30,feature_use,15.42
295,2026-10-20,upgrade,26.23
295,2027-01-07,login,28.47
295,2026-11-09,upgrade,5.6
295,2026-11-28,upgrade,25.09
295,2026-11-13,upgrade,7.25
295,2026-09-06,feature_use,5.03
295,2026-12-25,upgrade,29.16
295,2026-11-05,login,18.83
295,2027-01-04,cancel,25.56
296,2026-08-06,feature_use,5.6
296,2026-08-20,cancel,8.88
296,2026-10-13,cancel,23.49
296,2026-06-01,upgrade,27.42
296,2026-10-06,login,8.31
296,2026-09-24,upgrade,15.55
296,2026-07-15,cancel,24.63
296,2026-07-09,cancel,18.7
296,2026-04-19,upgrade,25.13
296,2026-07-18,login,1.67
296,2026-08-22,cancel,20.11
296,2026-09-26,login,22.72
296,2026-09-15,cancel,14.41
296,2026-07-25,login,15.65
296,2026-05-14,upgrade,18.35
296,2026-09-13,cancel,7.41
296,2026-09-08,login,15.49
296,2026-08-07,upgrade,7.27
296,2026-09-28,upgrade,17.1
296,2026-09-24,cancel,27.8
296,2026-08-23,upgrade,5.52
296,2026-06-15,cancel,2.58
296,2026-10-14,upgrade,24.04
296,2026-04-29,cancel,12.41
296,2026-08-19,cancel,6.31
296,2026-06-06,feature_use,29.23
296,2026-05-29,feature_use,12.2
296,2026-06-13,upgrade,9.26
296,2026-08-26,feature_use,17.82
297,2027-02-21,cancel,23.45
297,2026-10-22,upgrade,16.76
297,2026-12-12,upgrade,18.07
297,2027-02-28,cancel,29.53
297,2027-02-19,feature_use,2.8
297,2026-10-21,login,18.47
297,2026-10-07,login,22.18
297,2026-12-29,cancel,29.37
297,2026-09-11,cancel,16.57
297,2027-01-07,login,11.9
297,2027-02-10,login,14.0
297,2026-11-18,feature_use,20.47
297,2026-10-11,login,22.74
297,2026-11-01,feature_use,19.63
297,2027-01-22,feature_use,26.85
297,2027-02-10,upgrade,25.55
297,2026-12-14,login,14.78
297,2026-09-08,cancel,8.58
297,2026-11-02,login,3.17
297,2027-01-28,login,10.92
297,2027-02-13,cancel,29.27
297,2027-02-24,feature_use,29.52
297,2027-01-07,cancel,15.81
297,2026-10-10,login,13.7
298,2026-08-20,cancel,7.45
298,2026-07-11,upgrade,13.75
298,2026-05-02,upgrade,20.8
298,2026-08-10,upgrade,22.74
298,2026-07-01,upgrade,4.22
298,2026-08-08,upgrade,15.5
298,2026-05-29,feature_use,23.44
298,2026-08-11,cancel,27.41
298,2026-04-26,feature_use,19.21
298,2026-07-26,cancel,5.62
298,2026-08-30,cancel,12.6
298,2026-04-27,upgrade,17.97
298,2026-07-01,upgrade,7.61
298,2026-08-16,feature_use,5.02
298,2026-08-25,cancel,27.31
298,2026-07-06,upgrade,23.17
298,2026-08-18,upgrade,15.1
298,2026-05-01,login,5.05
298,2026-08-02,cancel,29.64
298,2026-07-05,feature_use,20.28
298,2026-08-03,feature_use,17.51
298,2026-05-10,upgrade,24.26
298,2026-03-28,upgrade,13.3
298,2026-06-05,upgrade,26.62
298,2026-07-31,upgrade,13.17
298,2026-06-26,upgrade,17.52
299,2026-07-25,cancel,16.53
299,2026-03-10,feature_use,19.04
299,2026-07-12,cancel,10.3
299,2026-03-11,login,28.28
299,2026-07-06,cancel,1.71
299,2026-05-13,cancel,11.02
299,2026-03-14,feature_use,29.72
299,2026-02-23,login,21.33
299,2026-06-02,cancel,18.49
299,2026-05-05,feature_use,24.5
299,2026-02-22,upgrade,13.73
299,2026-05-25,cancel,3.97
299,2026-05-03,cancel,26.28
299,2026-07-01,upgrade,2.7
299,2026-07-01,login,8.55
299,2026-06-15,cancel,4.18
299,2026-05-15,cancel,25.08
300,2026-04-23,feature_use,7.79
300,2026-04-27,login,12.16
300,2026-07-25,login,22.52
300,2026-09-10,upgrade,3.09
300,2026-04-03,upgrade,5.75
300,2026-06-08,cancel,2.62
300,2026-06-25,feature_use,13.95
300,2026-04-09,cancel,4.2
300,2026-09-15,login,14.67
301,2026-07-14,feature_use,29.85
301,2026-05-26,login,16.27
301,2026-09-01,cancel,23.76
301,2026-06-22,upgrade,17.65
301,2026-08-22,upgrade,7.18
301,2026-05-04,upgrade,1.33
301,2026-09-27,cancel,5.18
301,2026-09-10,upgrade,18.99
301,2026-05-06,feature_use,13.52
301,2026-07-20,cancel,5.16
301,2026-05-24,feature_use,13.45
301,2026-05-15,login,29.29
301,2026-06-03,cancel,24.97
302,2026-07-30,upgrade,21.49
302,2026-10-31,login,16.76
302,2026-10-18,login,4.03
302,2026-07-02,upgrade,29.01
302,2026-10-04,cancel,27.7
302,2026-09-12,upgrade,5.48
302,2026-09-30,upgrade,14.46
302,2026-06-04,feature_use,27.27
302,2026-10-07,login,13.74
302,2026-06-30,upgrade,1.41
302,2026-06-15,upgrade,16.28
302,2026-09-24,login,3.18
302,2026-08-30,upgrade,26.96
302,2026-06-03,login,27.04
302,2026-08-25,upgrade,11.2
302,2026-08-26,cancel,6.78
302,2026-09-11,upgrade,22.25
302,2026-07-11,upgrade,6.38
302,2026-10-23,upgrade,22.1
302,2026-06-13,cancel,18.82
302,2026-07-29,feature_use,9.09
302,2026-09-12,login,14.31
302,2026-06-08,feature_use,25.72
302,2026-09-29,feature_use,22.62
303,2027-03-08,cancel,6.16
303,2027-02-14,cancel,20.74
303,2027-01-10,feature_use,14.68
303,2026-11-25,login,14.51
303,2027-01-22,cancel,20.0
303,2026-09-30,cancel,21.78
303,2027-03-02,cancel,11.57
303,2026-11-12,upgrade,24.27
303,2026-11-22,feature_use,3.07
303,2027-01-23,login,2.76
303,2027-03-04,cancel,13.02
303,2026-10-11,feature_use,6.85
303,2027-01-07,upgrade,17.12
304,2026-08-11,upgrade,29.22
304,2026-06-12,upgrade,28.94
304,2026-06-15,upgrade,21.44
304,2026-08-31,login,8.55
304,2026-08-01,login,17.67
304,2026-10-02,feature_use,13.39
305,2026-09-19,upgrade,16.44
305,2026-04-04,feature_use,15.32
305,2026-04-01,upgrade,21.27
305,2026-06-20,cancel,16.07
305,2026-05-23,login,28.88
305,2026-04-19,upgrade,15.61
305,2026-09-17,cancel,6.09
305,2026-08-22,cancel,3.03
305,2026-06-18,feature_use,9.27
305,2026-08-31,feature_use,29.14
305,2026-07-31,login,12.56
305,2026-09-06,cancel,26.05
305,2026-05-05,login,24.37
306,2026-11-29,login,7.1
306,2026-11-22,feature_use,9.77
306,2027-01-31,upgrade,7.56
306,2027-04-10,login,1.98
306,2026-12-14,feature_use,17.67
306,2026-11-21,feature_use,21.71
306,2027-03-15,upgrade,6.5
306,2027-03-05,upgrade,8.8
307,2026-06-19,feature_use,29.38
307,2026-07-08,upgrade,2.24
307,2026-10-17,feature_use,26.52
307,2026-09-21,login,4.64
307,2026-06-14,cancel,16.6
307,2026-08-01,cancel,19.86
307,2026-07-01,cancel,20.67
307,2026-06-02,upgrade,11.92
307,2026-05-26,feature_use,13.39
307,2026-08-02,feature_use,20.3
307,2026-10-08,login,29.27
307,2026-05-26,upgrade,13.25
308,2026-12-23,login,27.59
308,2026-12-14,login,28.17
308,2026-10-18,upgrade,28.41
308,2026-09-06,cancel,2.01
308,2026-10-30,feature_use,5.29
308,2026-07-22,login,16.34
308,2026-07-22,cancel,12.69
308,2026-11-04,cancel,9.26
308,2026-11-22,upgrade,8.38
308,2026-08-18,upgrade,17.56
308,2026-10-01,cancel,14.01
308,2026-11-04,cancel,24.56
308,2026-09-20,feature_use,1.58
309,2027-02-16,feature_use,15.97
309,2027-05-20,upgrade,29.42
309,2027-04-04,feature_use,24.41
309,2027-04-25,login,9.57
309,2027-03-30,login,10.0
309,2026-12-14,login,24.54
309,2027-03-27,cancel,19.98
309,2027-01-02,cancel,27.94
309,2027-05-07,login,27.64
309,2026-12-20,upgrade,9.32
309,2027-03-12,upgrade,24.01
309,2027-01-28,feature_use,25.88
309,2027-05-28,cancel,2.36
309,2027-02-15,upgrade,21.12
309,2026-12-29,cancel,15.13
309,2027-05-14,feature_use,7.89
309,2027-04-28,login,24.8
309,2027-04-08,feature_use,19.73
309,2027-03-29,login,5.07
309,2027-01-15,login,9.05
309,2027-05-06,cancel,6.51
309,2027-02-20,login,14.89
309,2027-01-03,login,10.21
309,2027-02-04,cancel,21.55
309,2026-12-22,feature_use,24.7
309,2027-04-05,login,18.38
310,2026-04-29,cancel,18.37
310,2026-06-25,login,5.35
310,2026-03-03,upgrade,15.75
310,2026-05-24,login,8.76
310,2026-04-24,feature_use,17.68
310,2026-05-08,login,26.99
310,2026-05-25,cancel,27.45
310,2026-06-24,upgrade,24.48
310,2026-06-14,cancel,15.54
310,2026-07-21,cancel,26.74
310,2026-05-20,feature_use,19.27
310,2026-04-21,login,27.23
310,2026-06-04,cancel,13.72
310,2026-03-12,feature_use,4.69
310,2026-05-04,feature_use,17.91
310,2026-04-20,cancel,22.35
310,2026-02-02,feature_use,1.75
310,2026-03-23,cancel,8.87
310,2026-04-12,upgrade,9.23
310,2026-03-14,upgrade,13.22
310,2026-03-30,feature_use,8.61
310,2026-03-23,cancel,4.23
310,2026-05-19,login,7.79
310,2026-06-15,upgrade,29.84
310,2026-06-16,login,19.19
310,2026-02-16,login,9.8
310,2026-03-04,login,3.2
310,2026-02-27,cancel,1.75
311,2027-04-07,upgrade,16.09
311,2027-05-03,feature_use,12.01
311,2027-05-28,login,6.75
311,2027-04-20,login,23.41
311,2027-02-14,upgrade,10.54
311,2027-02-24,upgrade,12.18
311,2027-05-20,feature_use,24.35
311,2027-06-19,login,14.74
312,2026-06-30,upgrade,3.76
312,2026-08-21,upgrade,17.56
312,2026-11-24,cancel,9.67
312,2026-06-20,feature_use,6.93
312,2026-11-18,cancel,26.1
312,2026-07-16,cancel,22.81
312,2026-12-06,cancel,11.7
312,2026-10-07,cancel,17.0
312,2026-08-04,feature_use,12.34
312,2026-06-25,cancel,16.14
312,2026-10-23,login,13.45
312,2026-11-26,login,15.92
312,2026-08-19,cancel,12.03
313,2026-10-21,upgrade,29.06
313,2027-02-19,cancel,16.04
313,2027-01-06,cancel,28.08
313,2027-02-16,login,22.51
313,2026-10-13,cancel,5.32
313,2026-12-02,feature_use,10.31
313,2027-01-27,cancel,23.92
313,2026-11-03,login,17.52
313,2026-11-20,cancel,14.36
313,2026-10-10,upgrade,22.52
313,2027-03-22,cancel,18.39
313,2026-11-14,upgrade,12.15
313,2026-11-15,login,12.07
313,2026-11-27,feature_use,28.11
313,2026-12-27,feature_use,10.97
313,2027-02-27,upgrade,4.1
313,2027-02-06,feature_use,6.54
313,2026-11-17,login,23.54
313,2026-12-07,feature_use,4.98
313,2027-01-08,login,21.44
313,2026-11-28,cancel,21.83
313,2027-02-07,feature_use,15.41
313,2026-10-28,upgrade,13.0
313,2026-11-01,upgrade,6.92
313,2027-01-22,upgrade,3.0
313,2027-02-11,cancel,21.73
313,2027-02-14,cancel,24.86
313,2027-02-27,feature_use,10.49
313,2027-02-06,cancel,4.33
314,2026-09-26,feature_use,16.58
314,2026-12-27,upgrade,25.16
314,2026-11-01,login,28.49
314,2026-11-07,cancel,1.87
314,2026-12-24,upgrade,29.28
314,2026-08-18,feature_use,27.95
314,2026-09-25,feature_use,28.96
314,2026-11-14,cancel,27.83
314,2026-12-15,cancel,29.11
314,2026-10-15,cancel,16.29
314,2026-09-24,login,24.62
314,2027-01-22,upgrade,2.26
314,2027-01-03,login,12.34
314,2026-10-16,upgrade,8.02
314,2026-09-11,feature_use,20.06
314,2026-11-21,feature_use,13.74
314,2026-10-17,cancel,2.79
314,2026-09-07,feature_use,17.28
314,2026-10-30,upgrade,14.74
314,2026-09-20,cancel,21.16
314,2026-10-30,upgrade,21.38
314,2026-11-08,upgrade,27.05
315,2026-09-13,feature_use,1.44
315,2026-10-27,feature_use,4.27
315,2027-02-09,login,23.32
315,2026-09-11,upgrade,12.16
315,2027-01-14,login,23.42
315,2027-01-15,login,28.93
315,2026-11-24,cancel,23.79
315,2026-09-30,upgrade,17.93
315,2026-10-24,cancel,20.56
315,2026-10-02,cancel,1.07
315,2026-10-24,feature_use,10.86
315,2026-11-07,cancel,23.61
315,2026-09-19,upgrade,21.7
315,2026-10-21,feature_use,25.36
315,2026-12-07,cancel,9.48
315,2026-12-13,feature_use,11.05
315,2026-12-09,upgrade,19.71
315,2026-10-23,upgrade,8.87
315,2026-10-04,cancel,14.67
315,2027-02-03,login,20.97
315,2026-09-18,feature_use,28.71
315,2026-10-17,upgrade,12.94
316,2026-06-06,cancel,7.1
316,2026-07-23,upgrade,27.94
316,2026-06-08,upgrade,2.42
316,2026-05-23,feature_use,12.82
316,2026-04-22,cancel,15.54
316,2026-07-08,login,5.42
316,2026-02-28,login,26.86
316,2026-04-09,cancel,4.03
316,2026-05-10,login,26.62
316,2026-06-11,upgrade,8.74
316,2026-04-20,upgrade,7.45
316,2026-07-08,upgrade,12.44
316,2026-03-09,cancel,6.28
316,2026-05-17,upgrade,28.3
316,2026-05-26,login,22.31
316,2026-04-15,feature_use,15.37
316,2026-05-04,login,8.99
316,2026-07-19,cancel,24.04
316,2026-06-06,upgrade,16.02
316,2026-07-27,cancel,23.92
316,2026-04-25,login,6.83
316,2026-04-21,upgrade,29.02
317,2026-03-25,feature_use,2.1
317,2026-07-25,login,9.36
317,2026-02-25,cancel,27.44
317,2026-02-09,upgrade,26.94
317,2026-03-19,upgrade,7.2
317,2026-06-02,cancel,12.15
317,2026-07-25,cancel,7.66
317,2026-05-21,feature_use,26.22
317,2026-06-30,login,13.36
317,2026-02-08,cancel,26.64
317,2026-07-12,upgrade,25.59
317,2026-02-20,cancel,19.41
318,2026-07-06,upgrade,14.01
318,2026-06-26,cancel,3.25
318,2026-07-16,cancel,14.5
318,2026-02-24,cancel,7.15
318,2026-06-25,login,26.26
319,2026-05-02,upgrade,7.46
319,2026-08-25,upgrade,2.46
319,2026-04-16,login,25.51
319,2026-10-08,upgrade,11.42
319,2026-04-18,login,3.95
319,2026-06-14,feature_use,14.82
319,2026-09-25,login,23.73
319,2026-05-26,login,22.86
319,2026-10-02,feature_use,28.41
319,2026-09-05,cancel,8.16
319,2026-09-25,feature_use,8.12
319,2026-05-03,cancel,14.27
319,2026-09-03,login,7.06
319,2026-09-01,feature_use,12.59
319,2026-07-30,login,17.25
319,2026-07-22,feature_use,18.64
319,2026-06-03,login,15.74
319,2026-07-24,feature_use,29.28
319,2026-07-12,login,21.25
319,2026-09-24,login,22.39
319,2026-06-03,upgrade,26.97
320,2026-08-12,feature_use,2.01
320,2026-09-15,login,14.43
320,2026-09-05,login,21.97
320,2026-04-24,feature_use,17.82
320,2026-09-03,login,11.07
320,2026-04-08,upgrade,16.99
320,2026-04-17,upgrade,20.12
320,2026-08-26,feature_use,4.01
320,2026-08-19,login,15.16
320,2026-04-20,login,29.05
320,2026-06-21,upgrade,17.79
320,2026-04-10,login,3.58
320,2026-08-24,upgrade,7.41
320,2026-08-22,feature_use,17.69
320,2026-07-13,upgrade,7.39
320,2026-05-29,cancel,24.9
320,2026-04-15,upgrade,16.71
320,2026-09-05,feature_use,29.89
320,2026-04-24,cancel,9.02
320,2026-06-21,login,24.08
320,2026-06-03,feature_use,27.78
320,2026-06-02,upgrade,28.22
320,2026-05-05,upgrade,5.79
320,2026-05-10,feature_use,8.07
320,2026-07-05,cancel,12.97
320,2026-04-17,feature_use,28.95
321,2026-09-20,login,14.35
321,2026-11-16,cancel,21.45
321,2026-12-05,cancel,16.7
321,2026-09-17,login,19.46
321,2026-12-14,cancel,18.55
321,2027-01-13,feature_use,13.85
321,2027-01-16,cancel,28.02
321,2026-09-30,upgrade,15.01
321,2026-11-16,cancel,27.43
321,2027-01-14,upgrade,8.11
321,2026-12-15,feature_use,1.89
321,2026-10-26,login,23.26
321,2027-02-03,feature_use,6.07
321,2026-10-29,feature_use,8.57
321,2026-10-30,login,13.56
321,2026-10-23,feature_use,5.61
321,2026-10-18,cancel,19.26
321,2026-12-30,login,8.66
321,2026-10-01,login,12.5
321,2026-10-16,upgrade,21.96
322,2027-01-23,login,8.91
322,2026-10-23,cancel,26.87
322,2027-03-30,cancel,6.65
322,2027-04-03,feature_use,3.61
322,2026-10-12,feature_use,22.58
322,2026-10-22,login,16.72
322,2026-11-23,cancel,24.69
322,2027-03-27,cancel,12.17
322,2026-10-21,upgrade,8.3
322,2026-10-26,login,2.38
322,2027-03-11,feature_use,2.82
323,2026-12-03,upgrade,6.43
323,2026-09-21,feature_use,27.69
323,2026-09-02,login,5.74
323,2026-11-14,login,14.16
323,2026-12-22,feature_use,10.01
323,2027-01-05,login,11.25
323,2027-01-05,cancel,24.18
323,2026-09-13,cancel,19.39
323,2026-09-07,feature_use,25.41
323,2026-09-27,upgrade,17.43
324,2027-05-19,cancel,7.54
324,2027-04-19,feature_use,4.07
324,2027-04-06,login,17.18
324,2027-04-24,cancel,4.57
324,2026-12-19,upgrade,1.21
324,2026-12-08,login,5.5
324,2026-12-06,login,5.53
324,2027-03-31,cancel,7.67
324,2027-04-22,upgrade,10.84
324,2027-02-21,login,9.78
324,2027-02-25,cancel,11.66
324,2027-01-19,login,5.14
324,2027-04-09,login,16.68
324,2027-05-05,login,27.45
324,2026-12-17,upgrade,8.14
324,2027-02-01,login,20.12
324,2027-03-09,login,5.96
324,2027-02-27,login,20.24
324,2027-01-19,cancel,4.74
324,2027-03-28,feature_use,22.96
324,2027-04-10,upgrade,9.4
324,2026-12-18,upgrade,15.69
324,2027-02-22,feature_use,11.59
324,2027-05-09,login,5.56
324,2027-02-09,cancel,23.78
324,2027-04-09,cancel,21.23
324,2027-04-05,cancel,21.96
324,2027-03-11,cancel,2.33
324,2027-04-16,upgrade,5.17
325,2026-06-15,feature_use,15.59
325,2026-10-03,upgrade,13.04
325,2026-06-17,upgrade,24.88
325,2026-11-26,upgrade,13.63
325,2026-12-04,upgrade,18.39
325,2026-08-19,cancel,10.49
325,2026-10-20,upgrade,26.38
325,2026-11-03,upgrade,9.55
325,2026-10-28,upgrade,9.02
325,2026-10-31,login,12.89
325,2026-10-21,upgrade,29.38
325,2026-08-12,feature_use,13.06
325,2026-10-10,cancel,21.5
325,2026-08-12,cancel,23.83
325,2026-10-03,feature_use,21.44
325,2026-09-25,cancel,2.25
325,2026-06-15,login,1.78
325,2026-07-06,feature_use,13.9
325,2026-08-18,feature_use,19.62
325,2026-12-03,cancel,21.06
325,2026-09-01,feature_use,9.16
325,2026-10-11,feature_use,11.05
325,2026-09-11,upgrade,6.76
325,2026-09-10,upgrade,1.29
326,2026-11-12,feature_use,1.41
326,2027-01-23,feature_use,7.26
326,2026-10-06,feature_use,3.45
326,2026-12-29,login,11.04
326,2026-11-07,login,24.16
327,2026-12-24,login,29.04
327,2026-11-17,login,3.15
327,2027-01-20,upgrade,29.77
327,2026-11-04,login,8.54
327,2027-03-10,feature_use,23.11
327,2026-12-05,upgrade,2.37
327,2027-03-21,cancel,27.27
327,2027-03-07,cancel,10.16
327,2026-11-21,feature_use,4.09
327,2026-10-11,feature_use,20.58
327,2027-03-08,feature_use,16.64
327,2027-01-01,feature_use,19.8
327,2026-11-02,upgrade,10.08
327,2027-02-16,feature_use,7.13
327,2026-11-18,upgrade,10.2
327,2026-11-17,cancel,13.23
327,2027-01-05,cancel,1.08
327,2027-01-07,login,28.5
327,2026-11-14,cancel,16.63
327,2026-11-10,feature_use,10.19
327,2027-03-01,feature_use,22.65
327,2027-01-27,feature_use,15.0
327,2027-01-04,cancel,20.8
327,2027-02-10,feature_use,2.97
327,2027-01-21,upgrade,23.96
327,2026-10-19,feature_use,27.13
328,2026-07-04,feature_use,10.61
328,2026-06-18,upgrade,15.77
328,2026-08-25,upgrade,26.58
328,2026-04-02,login,11.87
328,2026-08-30,upgrade,15.96
328,2026-07-24,login,13.32
328,2026-05-05,cancel,11.59
328,2026-08-17,login,3.55
328,2026-08-14,login,19.76
328,2026-06-19,login,16.29
328,2026-08-20,upgrade,25.21
328,2026-05-10,cancel,19.8
328,2026-04-05,upgrade,21.91
328,2026-06-01,cancel,28.5
328,2026-07-29,cancel,18.39
328,2026-04-06,login,6.05
328,2026-06-11,cancel,24.11
328,2026-08-10,upgrade,6.32
328,2026-07-08,feature_use,25.15
328,2026-08-08,upgrade,13.54
328,2026-06-12,upgrade,17.62
328,2026-08-06,upgrade,17.04
329,2026-11-27,upgrade,23.76
329,2026-12-11,upgrade,29.81
329,2027-02-10,feature_use,18.63
329,2027-01-24,login,20.32
329,2027-04-09,cancel,19.33
329,2026-10-29,upgrade,15.39
330,2026-07-17,upgrade,26.85
330,2026-07-28,feature_use,13.39
330,2026-07-24,feature_use,6.01
330,2026-08-20,cancel,25.12
330,2026-07-09,feature_use,10.4
330,2026-08-24,login,21.36
330,2026-10-13,cancel,7.74
330,2026-08-19,upgrade,7.48
330,2026-06-05,login,19.75
330,2026-09-17,upgrade,10.35
330,2026-08-23,login,11.51
330,2026-06-29,upgrade,7.47
330,2026-08-01,login,5.06
330,2026-08-10,feature_use,15.5
330,2026-07-12,feature_use,29.09
330,2026-06-20,feature_use,6.47
330,2026-08-26,feature_use,29.51
330,2026-10-29,cancel,12.79
330,2026-11-27,login,7.03
330,2026-06-26,login,19.96
330,2026-10-10,upgrade,20.93
330,2026-10-04,upgrade,14.51
330,2026-11-13,cancel,9.01
330,2026-11-06,upgrade,28.0
330,2026-06-18,cancel,18.81
330,2026-07-23,cancel,5.35
330,2026-09-16,feature_use,9.44
331,2027-03-25,login,1.14
331,2027-01-12,feature_use,25.74
331,2027-02-25,upgrade,23.24
331,2027-03-07,feature_use,13.75
331,2026-11-30,login,26.47
331,2026-11-29,login,26.72
331,2027-01-06,cancel,9.08
331,2026-10-14,upgrade,24.1
331,2027-01-21,upgrade,16.89
331,2027-02-14,feature_use,17.33
332,2026-09-03,cancel,11.68
332,2027-01-17,upgrade,10.95
332,2027-01-05,cancel,25.77
332,2026-12-13,cancel,18.72
332,2026-10-31,upgrade,11.05
332,2026-11-09,cancel,8.38
332,2026-09-03,feature_use,13.28
332,2026-09-16,feature_use,13.66
332,2026-10-08,feature_use,9.1
332,2026-10-05,upgrade,22.24
332,2026-12-17,upgrade,3.96
333,2026-09-20,upgrade,16.58
333,2026-11-23,login,14.0
333,2027-01-16,feature_use,4.92
333,2026-11-21,login,10.16
333,2026-12-22,feature_use,15.53
333,2026-10-01,cancel,11.59
333,2026-12-11,cancel,6.08
333,2026-11-08,feature_use,6.29
333,2026-09-29,upgrade,6.74
333,2026-09-29,upgrade,11.75
333,2026-12-14,login,2.02
333,2026-11-18,upgrade,26.97
333,2026-10-02,feature_use,14.72
333,2026-12-08,login,25.17
333,2026-12-21,login,15.74
333,2026-11-03,cancel,13.11
333,2026-09-05,feature_use,27.61
333,2026-09-05,cancel,5.74
333,2027-01-24,login,3.71
333,2026-09-24,feature_use,28.46
333,2026-09-19,feature_use,26.14
333,2026-09-23,cancel,16.72
334,2027-05-19,upgrade,10.44
334,2027-04-06,feature_use,20.56
334,2027-01-20,upgrade,2.19
334,2027-05-14,feature_use,1.03
334,2026-12-19,upgrade,24.47
334,2027-02-10,upgrade,24.51
334,2027-04-28,feature_use,19.23
334,2026-12-24,feature_use,26.56
334,2027-03-21,cancel,27.11
334,2026-12-25,cancel,20.74
334,2027-01-06,cancel,19.03
334,2026-12-02,cancel,20.18
334,2027-03-24,feature_use,17.28
335,2027-05-29,upgrade,26.51
335,2027-03-25,login,19.2
335,2027-04-21,cancel,1.47
335,2027-01-07,feature_use,25.2
335,2027-01-09,login,18.88
335,2027-06-03,login,22.2
335,2027-04-19,upgrade,27.07
335,2027-02-08,upgrade,9.45
335,2027-05-27,login,26.88
335,2027-03-05,cancel,9.07
335,2026-12-15,feature_use,9.53
335,2027-04-01,upgrade,22.08
335,2026-12-23,cancel,8.7
335,2027-04-07,feature_use,23.16
335,2027-02-18,upgrade,24.71
335,2027-03-01,login,15.29
336,2026-05-02,cancel,16.71
336,2026-03-01,upgrade,25.07
336,2026-03-23,feature_use,14.66
336,2026-06-30,cancel,8.5
336,2026-06-01,login,27.16
336,2026-04-09,upgrade,17.62
336,2026-02-07,feature_use,17.69
336,2026-07-28,feature_use,9.01
336,2026-06-28,feature_use,1.22
336,2026-07-25,cancel,29.43
336,2026-04-16,upgrade,6.85
336,2026-02-04,login,29.52
336,2026-02-01,login,11.69
336,2026-07-30,login,11.44
336,2026-07-02,feature_use,28.09
336,2026-06-01,upgrade,2.02
336,2026-05-19,upgrade,21.89
336,2026-05-13,login,15.87
336,2026-04-12,feature_use,15.94
336,2026-06-15,cancel,29.95
336,2026-02-09,login,6.41
336,2026-05-07,upgrade,14.63
336,2026-07-19,feature_use,26.1
337,2026-08-17,login,29.08
337,2026-09-08,feature_use,1.4
337,2026-06-28,feature_use,7.27
337,2026-11-20,feature_use,19.78
337,2026-10-13,login,12.42
337,2026-08-17,cancel,15.51
337,2026-10-24,feature_use,15.51
337,2026-07-23,upgrade,15.33
337,2026-09-18,feature_use,2.98
337,2026-09-07,feature_use,14.72
337,2026-09-04,upgrade,6.6
337,2026-09-30,cancel,29.74
337,2026-10-24,upgrade,5.06
337,2026-11-10,feature_use,18.49
338,2026-10-23,feature_use,28.11
338,2026-05-28,login,26.31
338,2026-08-08,upgrade,12.83
338,2026-09-11,upgrade,20.64
338,2026-06-08,feature_use,19.14
338,2026-05-11,cancel,23.94
338,2026-09-05,upgrade,21.87
338,2026-08-01,feature_use,22.92
338,2026-08-11,cancel,12.27
338,2026-09-29,feature_use,20.66
338,2026-05-10,feature_use,2.31
338,2026-06-13,feature_use,5.12
338,2026-08-16,feature_use,29.68
338,2026-08-06,cancel,23.14
338,2026-08-13,feature_use,11.02
338,2026-07-17,login,24.82
338,2026-10-24,upgrade,12.11
338,2026-08-05,cancel,15.95
338,2026-06-15,cancel,22.62
338,2026-07-12,login,22.77
338,2026-05-02,cancel,27.37
338,2026-06-26,upgrade,18.62
338,2026-05-21,upgrade,26.91
338,2026-09-02,cancel,6.94
338,2026-08-15,cancel,28.61
338,2026-09-23,cancel,13.14
338,2026-09-16,login,25.03
339,2026-03-31,feature_use,24.98
339,2026-06-15,cancel,15.3
339,2026-06-05,cancel,27.3
339,2026-08-19,cancel,12.96
339,2026-04-15,upgrade,1.73
339,2026-04-21,login,28.6
339,2026-04-27,login,14.81
339,2026-03-12,upgrade,1.45
339,2026-08-19,feature_use,1.01
339,2026-06-16,feature_use,11.0
339,2026-07-11,login,15.89
339,2026-08-16,cancel,16.61
339,2026-07-21,upgrade,9.94
339,2026-06-03,feature_use,26.65
339,2026-04-29,upgrade,14.33
339,2026-05-25,feature_use,29.19
339,2026-05-04,login,13.29
339,2026-03-07,upgrade,25.47
339,2026-07-19,upgrade,12.54
339,2026-08-17,upgrade,9.58
339,2026-07-12,cancel,2.01
339,2026-03-28,feature_use,14.22
339,2026-03-31,cancel,19.08
340,2026-08-28,feature_use,16.33
340,2026-10-09,cancel,5.38
340,2026-09-10,cancel,16.55
340,2026-07-17,feature_use,7.14
340,2026-05-17,feature_use,10.54
340,2026-09-23,upgrade,10.18
340,2026-10-05,upgrade,12.11
340,2026-09-10,cancel,18.21
340,2026-06-28,feature_use,2.62
340,2026-09-22,login,22.57
340,2026-10-05,cancel,13.77
340,2026-05-18,upgrade,22.14
340,2026-09-05,upgrade,4.25
340,2026-04-28,upgrade,13.77
340,2026-07-31,upgrade,11.89
340,2026-06-18,login,25.57
341,2026-07-15,feature_use,10.79
341,2026-09-19,upgrade,25.61
341,2026-10-07,feature_use,3.03
341,2026-10-11,cancel,24.48
341,2026-05-22,login,12.93
341,2026-05-24,login,25.42
341,2026-09-06,upgrade,24.3
341,2026-10-31,login,12.72
341,2026-05-28,login,1.64
341,2026-07-02,login,26.76
341,2026-11-07,upgrade,10.73
341,2026-09-20,login,4.3
341,2026-07-13,upgrade,11.49
341,2026-10-20,feature_use,27.43
341,2026-06-23,upgrade,5.53
341,2026-09-14,upgrade,27.96
341,2026-09-13,cancel,19.84
341,2026-09-15,feature_use,8.03
341,2026-09-25,feature_use,1.26
341,2026-10-16,cancel,20.33
341,2026-10-24,login,20.97
341,2026-07-08,login,27.71
341,2026-05-21,login,6.0
342,2027-03-12,login,13.4
342,2027-04-07,login,14.12
342,2026-12-10,login,2.12
342,2026-12-02,feature_use,20.15
342,2027-04-04,login,11.53
342,2026-11-25,upgrade,13.62
343,2026-10-11,upgrade,2.88
343,2026-12-02,feature_use,11.93
343,2026-11-08,login,12.41
343,2026-11-20,login,5.39
343,2026-07-09,feature_use,11.53
343,2026-10-27,cancel,18.66
343,2026-11-26,feature_use,21.04
343,2026-09-23,upgrade,15.58
343,2026-10-03,upgrade,11.69
344,2027-01-24,login,13.67
344,2026-12-18,upgrade,6.31
344,2026-12-05,upgrade,17.68
344,2026-08-03,feature_use,2.09
344,2026-11-15,upgrade,4.89
344,2026-12-26,feature_use,23.7
344,2026-08-12,login,20.18
344,2026-08-23,cancel,1.64
345,2026-02-19,login,18.27
345,2026-05-20,cancel,10.98
345,2026-05-28,upgrade,15.54
345,2026-05-26,login,20.73
345,2026-06-26,cancel,24.33
345,2026-05-10,feature_use,25.69
345,2026-05-23,feature_use,9.9
345,2026-02-27,cancel,20.22
345,2026-03-15,upgrade,17.11
345,2026-03-04,upgrade,26.23
345,2026-07-27,feature_use,29.27
345,2026-05-14,login,1.6
345,2026-05-02,login,7.4
345,2026-04-30,feature_use,13.38
345,2026-03-31,login,23.55
345,2026-04-30,feature_use,22.29
345,2026-03-08,login,17.01
345,2026-06-02,feature_use,2.94
345,2026-02-24,upgrade,1.85
345,2026-03-14,upgrade,24.0
345,2026-06-01,feature_use,29.41
345,2026-04-14,feature_use,8.16
345,2026-04-10,upgrade,17.13
346,2027-04-05,feature_use,28.38
346,2026-11-27,upgrade,11.91
346,2026-12-04,cancel,27.16
346,2027-01-28,feature_use,27.56
346,2027-02-26,login,5.53
346,2027-02-04,feature_use,12.23
346,2027-01-26,cancel,7.32
346,2026-11-19,login,16.34
346,2026-12-03,login,14.05
346,2026-12-08,upgrade,11.57
346,2027-02-07,cancel,22.15
346,2026-10-23,upgrade,8.9
346,2027-01-05,cancel,26.6
346,2027-01-20,login,16.88
346,2026-10-08,upgrade,13.48
346,2026-11-10,upgrade,19.56
346,2027-02-10,login,4.21
346,2026-11-22,login,22.17
346,2026-11-21,upgrade,17.1
346,2027-02-21,feature_use,26.53
346,2027-02-28,cancel,29.78
346,2026-11-28,login,19.31
346,2026-10-18,feature_use,20.47
346,2026-11-21,upgrade,23.24
346,2026-11-26,login,27.96
346,2026-12-06,feature_use,1.05
346,2027-03-26,cancel,21.54
347,2026-05-03,login,10.29
347,2026-07-12,login,4.96
347,2026-06-30,upgrade,13.93
347,2026-06-08,login,2.96
347,2026-05-12,feature_use,2.02
347,2026-10-11,feature_use,16.03
347,2026-07-24,feature_use,7.7
347,2026-04-25,cancel,13.09
347,2026-07-24,upgrade,20.1
347,2026-06-07,login,5.04
347,2026-07-12,cancel,27.83
347,2026-07-11,cancel,13.46
347,2026-08-03,cancel,26.77
347,2026-06-25,cancel,20.31
347,2026-08-18,cancel,5.77
347,2026-08-04,login,12.47
347,2026-07-12,login,22.02
347,2026-07-22,feature_use,25.07
347,2026-10-13,cancel,23.75
348,2026-11-02,login,16.57
348,2026-11-25,login,8.91
348,2026-11-28,feature_use,13.4
348,2026-12-19,login,22.9
348,2026-08-30,upgrade,26.7
348,2026-11-22,upgrade,14.04
348,2026-12-15,feature_use,27.23
348,2026-12-10,login,24.96
348,2026-12-02,login,9.26
348,2026-07-16,upgrade,23.28
348,2026-11-27,feature_use,21.05
348,2026-07-17,upgrade,2.11
348,2026-07-13,cancel,28.85
348,2026-09-13,upgrade,23.69
348,2026-08-25,upgrade,17.02
349,2027-02-05,cancel,7.54
349,2027-01-03,feature_use,18.2
349,2026-09-16,upgrade,9.65
349,2027-02-05,upgrade,8.92
349,2026-10-26,feature_use,3.67
349,2027-01-19,cancel,4.71
349,2027-02-25,feature_use,21.88
349,2026-10-02,upgrade,24.05
349,2026-09-08,cancel,17.55
349,2026-09-02,cancel,16.03
349,2027-01-24,login,23.61
349,2026-11-19,cancel,13.99
349,2026-10-10,feature_use,3.75
349,2026-12-27,cancel,12.4
349,2027-01-06,feature_use,6.68
350,2027-02-22,login,6.33
350,2027-05-26,cancel,28.34
350,2027-04-19,upgrade,17.89
350,2027-02-26,feature_use,8.61
350,2027-04-11,cancel,17.64
350,2027-01-09,feature_use,1.18
350,2027-01-26,upgrade,18.4
350,2026-12-15,login,20.58
350,2027-04-16,cancel,20.41
350,2027-01-01,upgrade,22.4
350,2027-04-11,feature_use,27.89
350,2027-06-09,login,17.42
350,2027-06-10,cancel,24.8
350,2027-03-22,feature_use,27.64
350,2027-02-01,cancel,29.0
351,2026-09-23,feature_use,6.33
351,2026-10-18,upgrade,26.62
351,2026-08-18,cancel,19.19
351,2026-06-13,upgrade,27.15
351,2026-05-19,login,2.03
351,2026-06-21,upgrade,28.99
351,2026-07-20,cancel,15.47
351,2026-10-21,feature_use,8.19
351,2026-05-16,login,10.76
351,2026-08-16,upgrade,21.04
351,2026-08-28,feature_use,26.58
351,2026-07-10,feature_use,21.25
351,2026-05-18,cancel,13.6
351,2026-10-22,cancel,25.18
351,2026-07-15,login,3.09
351,2026-08-12,upgrade,7.9
351,2026-07-06,cancel,11.27
351,2026-06-13,feature_use,16.61
351,2026-06-26,upgrade,4.48
351,2026-08-22,cancel,20.29
351,2026-09-16,feature_use,22.82
351,2026-07-30,login,26.59
351,2026-10-11,login,12.89
351,2026-05-30,login,16.71
351,2026-05-12,login,14.41
351,2026-07-05,cancel,23.82
352,2026-06-11,login,28.26
352,2026-05-04,login,22.69
352,2026-07-21,feature_use,28.44
352,2026-06-01,upgrade,29.85
352,2026-05-08,upgrade,21.58
352,2026-10-05,login,22.61
352,2026-09-28,cancel,16.07
352,2026-05-20,feature_use,28.59
352,2026-08-19,cancel,1.67
352,2026-08-18,cancel,4.4
353,2026-11-18,login,14.9
353,2026-10-30,upgrade,3.21
353,2026-12-26,cancel,21.58
353,2026-08-26,cancel,23.88
353,2026-08-18,login,12.53
353,2026-11-16,feature_use,26.82
353,2026-09-21,cancel,7.29
353,2026-07-12,login,12.68
353,2026-08-04,upgrade,8.03
353,2026-09-15,upgrade,17.82
353,2026-10-12,login,2.83
353,2026-09-09,upgrade,24.85
353,2026-09-07,feature_use,8.84
353,2026-10-01,feature_use,18.02
353,2026-09-10,login,6.54
353,2026-12-06,feature_use,7.73
353,2026-11-28,upgrade,11.58
353,2026-09-27,feature_use,8.14
353,2026-08-12,feature_use,25.19
353,2026-07-05,upgrade,14.97
353,2026-08-12,upgrade,29.18
353,2026-09-05,upgrade,8.62
353,2026-09-04,upgrade,21.48
353,2026-09-18,cancel,23.98
353,2026-12-18,upgrade,19.46
354,2027-01-08,upgrade,24.17
354,2027-06-02,cancel,16.89
354,2026-12-15,upgrade,3.84
354,2027-05-20,login,28.1
354,2027-05-26,cancel,21.33
354,2027-01-07,upgrade,12.14
354,2027-01-26,feature_use,23.95
354,2027-03-20,feature_use,19.52
354,2026-12-16,upgrade,21.65
354,2027-02-08,login,1.52
354,2027-01-18,upgrade,7.27
354,2027-05-30,cancel,5.03
354,2027-01-15,cancel,25.91
354,2027-02-01,feature_use,16.07
354,2027-03-20,feature_use,24.48
354,2027-03-04,login,24.85
354,2027-03-08,feature_use,26.72
354,2027-01-27,feature_use,16.92
354,2027-03-22,feature_use,5.42
354,2027-02-19,upgrade,8.93
354,2027-03-18,feature_use,25.43
354,2027-05-13,login,16.15
354,2027-05-12,upgrade,2.89
354,2027-05-08,upgrade,1.2
355,2027-01-23,feature_use,18.85
355,2027-05-29,login,20.85
355,2027-03-10,cancel,25.76
355,2027-06-19,cancel,22.3
355,2027-04-20,login,5.59
355,2027-01-16,upgrade,17.99
355,2027-04-07,cancel,14.21
355,2027-01-18,upgrade,24.25
355,2027-04-26,feature_use,28.58
355,2027-02-25,login,10.07
355,2027-03-01,feature_use,16.24
355,2027-01-12,feature_use,7.4
355,2027-01-21,cancel,17.38
355,2027-06-23,upgrade,21.07
355,2027-03-25,login,3.04
355,2027-01-05,upgrade,22.77
355,2027-01-30,upgrade,3.64
355,2027-05-10,upgrade,1.4
355,2027-05-11,upgrade,7.07
355,2027-06-08,cancel,9.36
355,2027-02-03,feature_use,16.28
355,2027-04-26,upgrade,27.03
355,2027-02-21,upgrade,26.24
355,2027-06-17,cancel,17.69
356,2026-11-21,upgrade,10.58
356,2026-08-23,login,4.36
356,2026-07-13,cancel,15.04
356,2026-10-29,cancel,1.97
356,2026-11-16,login,14.87
356,2026-11-11,login,1.37
356,2026-07-30,cancel,27.1
356,2026-11-15,feature_use,26.09
356,2026-09-21,login,17.97
356,2026-12-11,login,19.58
356,2026-09-01,login,25.91
356,2026-09-14,cancel,20.55
357,2027-02-15,upgrade,26.04
357,2026-12-26,feature_use,29.8
357,2026-12-04,cancel,16.97
357,2027-01-16,cancel,22.09
357,2027-04-04,login,26.32
357,2027-03-15,feature_use,25.05
357,2027-04-10,login,17.44
357,2026-12-09,upgrade,22.26
357,2027-01-13,feature_use,24.23
357,2027-02-17,cancel,3.14
358,2027-02-28,cancel,13.98
358,2026-12-22,login,10.17
358,2027-04-21,feature_use,1.7
358,2027-03-11,login,6.62
358,2027-03-31,cancel,24.51
358,2026-11-09,upgrade,8.21
358,2027-04-18,upgrade,4.62
358,2027-03-06,feature_use,19.97
358,2027-04-21,login,25.6
358,2027-04-17,cancel,18.01
358,2027-05-04,login,19.48
358,2027-04-09,upgrade,3.66
358,2027-01-21,cancel,8.99
358,2027-01-09,upgrade,8.38
358,2026-11-11,login,16.54
358,2027-01-20,upgrade,10.59
358,2027-04-06,feature_use,7.25
359,2026-06-19,feature_use,25.15
359,2026-08-24,upgrade,10.52
359,2026-08-06,feature_use,25.71
359,2026-08-01,cancel,18.61
359,2026-09-27,cancel,6.47
359,2026-08-22,cancel,12.66
359,2026-07-01,upgrade,9.3
359,2026-05-19,upgrade,21.97
359,2026-06-30,upgrade,18.97
359,2026-06-11,cancel,24.48
359,2026-10-14,feature_use,23.53
359,2026-09-20,feature_use,2.07
359,2026-11-02,login,14.58
359,2026-10-03,cancel,23.5
359,2026-07-19,cancel,6.09
360,2026-12-12,cancel,23.45
360,2026-12-09,login,27.75
360,2026-11-24,login,1.93
360,2026-10-16,cancel,25.1
360,2026-09-30,cancel,22.71
360,2026-08-22,cancel,19.52
360,2026-09-25,cancel,4.42
360,2026-09-26,login,29.21
360,2026-10-01,feature_use,26.06
360,2026-08-25,login,24.18
360,2026-08-31,cancel,17.78
360,2026-09-30,login,15.22
360,2026-11-16,cancel,3.08
360,2026-09-26,cancel,14.15
360,2026-10-19,cancel,27.61
360,2026-09-16,upgrade,7.02
360,2026-10-14,login,14.16
360,2026-07-19,cancel,18.2
360,2026-09-03,cancel,27.31
360,2026-11-08,feature_use,9.45
360,2026-10-07,upgrade,15.79
360,2026-08-05,upgrade,24.69
360,2026-07-29,feature_use,8.36
360,2026-09-12,upgrade,20.42
360,2026-11-14,feature_use,20.39
360,2026-11-13,cancel,20.8
360,2026-10-31,feature_use,24.64
361,2026-09-11,upgrade,15.35
361,2026-09-20,login,3.97
361,2027-01-18,login,9.2
361,2026-08-12,cancel,13.93
361,2027-01-10,login,29.46
361,2026-10-01,cancel,1.65
361,2027-01-09,login,23.98
361,2026-09-05,upgrade,3.56
361,2027-02-03,cancel,12.31
361,2026-12-10,login,23.72
361,2027-01-30,login,27.23
361,2026-12-09,cancel,25.2
361,2026-12-09,cancel,7.5
361,2027-01-07,login,24.81
361,2026-08-21,login,2.38
361,2026-08-30,cancel,27.48
361,2027-01-31,login,21.61
361,2026-09-05,cancel,19.19
361,2026-12-06,login,19.65
361,2026-11-01,upgrade,27.57
361,2026-10-06,cancel,12.69
361,2027-01-16,upgrade,15.62
361,2027-01-12,cancel,14.44
361,2027-01-22,upgrade,9.71
362,2026-02-27,login,2.11
362,2026-06-20,login,4.53
362,2026-05-22,feature_use,15.36
362,2026-06-21,feature_use,1.98
362,2026-05-02,feature_use,10.14
362,2026-05-25,cancel,22.14
362,2026-03-18,login,20.14
362,2026-04-26,login,10.54
362,2026-05-15,feature_use,26.86
362,2026-05-10,feature_use,13.93
362,2026-06-08,upgrade,6.15
362,2026-03-24,feature_use,14.96
362,2026-04-23,feature_use,2.6
362,2026-05-26,cancel,1.14
362,2026-03-03,cancel,11.14
362,2026-06-30,feature_use,16.88
362,2026-04-14,login,3.22
362,2026-04-11,login,10.31
362,2026-05-19,feature_use,12.21
363,2027-06-05,feature_use,13.77
363,2027-04-19,login,15.92
363,2027-04-29,cancel,20.15
363,2027-05-30,cancel,14.07
363,2026-12-16,feature_use,27.04
363,2027-03-10,login,28.8
363,2026-12-14,upgrade,22.97
363,2026-12-20,upgrade,15.5
363,2027-03-23,upgrade,17.84
363,2027-03-02,feature_use,18.62
363,2027-01-07,login,7.97
363,2027-02-13,cancel,10.01
363,2027-04-04,cancel,3.99
363,2027-01-24,feature_use,8.01
363,2027-04-24,cancel,15.42
364,2026-01-02,login,11.88
364,2026-05-09,login,16.58
364,2026-03-09,cancel,14.92
364,2026-04-06,cancel,17.52
364,2026-05-22,login,29.57
364,2026-03-05,feature_use,12.55
364,2026-02-24,login,11.64
364,2026-02-09,cancel,26.01
364,2026-01-22,feature_use,7.0
364,2026-05-02,login,14.84
364,2026-01-07,upgrade,8.2
364,2026-03-25,login,16.27
364,2026-01-04,cancel,12.44
364,2026-01-18,cancel,22.66
364,2026-05-11,login,22.33
364,2026-03-27,login,15.48
364,2026-06-26,login,7.21
364,2026-06-20,feature_use,27.89
365,2027-01-19,feature_use,21.46
365,2027-05-26,login,6.62
365,2027-06-04,login,1.49
365,2027-05-20,upgrade,12.51
365,2027-03-10,feature_use,5.94
366,2026-11-03,upgrade,16.02
366,2026-11-20,login,9.15
366,2026-10-08,cancel,6.81
366,2026-11-18,feature_use,7.75
366,2026-10-02,feature_use,14.1
366,2027-03-08,upgrade,29.53
366,2026-10-22,login,24.1
366,2026-10-26,upgrade,11.32
366,2027-03-14,feature_use,4.38
366,2026-10-08,upgrade,12.73
366,2027-01-28,upgrade,10.33
366,2027-01-31,feature_use,18.88
366,2026-12-30,login,21.22
366,2026-12-03,upgrade,16.31
366,2026-11-26,login,22.9
366,2026-10-13,upgrade,10.89
366,2026-11-27,cancel,29.85
367,2026-03-09,cancel,7.64
367,2026-05-12,upgrade,3.29
367,2026-01-25,upgrade,3.74
367,2026-03-06,cancel,10.23
367,2026-03-27,feature_use,26.53
367,2026-03-17,login,4.81
367,2026-04-21,cancel,27.13
367,2026-06-29,feature_use,16.45
367,2026-06-28,feature_use,17.13
367,2026-02-01,feature_use,4.74
367,2026-02-15,cancel,11.36
367,2026-05-06,feature_use,8.37
367,2026-01-23,login,4.93
367,2026-03-20,upgrade,9.97
367,2026-07-01,feature_use,11.03
367,2026-04-03,login,2.47
367,2026-06-10,feature_use,10.8
368,2027-05-02,upgrade,4.89
368,2027-01-04,login,25.35
368,2026-11-19,feature_use,26.26
368,2027-01-20,login,27.31
368,2027-01-24,feature_use,6.69
368,2027-04-02,login,3.41
368,2027-02-20,login,3.29
368,2026-12-26,upgrade,20.36
369,2027-03-27,login,2.1
369,2027-01-02,feature_use,26.65
369,2026-12-15,feature_use,2.34
369,2027-04-07,feature_use,22.43
369,2027-03-17,cancel,29.51
369,2027-03-17,cancel,18.13
369,2027-04-30,cancel,16.24
369,2027-03-02,cancel,25.64
369,2027-04-18,feature_use,7.32
369,2027-04-29,cancel,25.91
369,2027-03-15,login,18.1
369,2027-03-18,feature_use,10.92
369,2026-11-17,cancel,6.05
369,2027-02-01,feature_use,24.31
369,2027-04-11,cancel,28.93
369,2026-12-19,login,14.62
369,2027-02-08,upgrade,15.74
369,2027-02-10,feature_use,29.66
369,2027-03-05,feature_use,22.13
370,2026-11-12,feature_use,24.31
370,2026-10-29,cancel,1.06
370,2026-07-25,upgrade,16.58
370,2026-07-14,feature_use,21.3
370,2026-11-26,upgrade,10.52
370,2026-10-24,login,1.8
370,2026-10-13,login,17.68
370,2026-09-02,cancel,5.45
370,2026-10-24,upgrade,26.22
370,2026-07-26,login,21.92
370,2026-11-18,upgrade,26.27
370,2026-11-24,upgrade,11.24
370,2026-07-08,upgrade,12.96
370,2026-12-12,upgrade,6.04
370,2026-10-16,upgrade,15.12
370,2026-08-07,cancel,28.57
370,2026-12-11,feature_use,5.82
371,2026-12-25,login,26.53
371,2026-10-28,login,9.53
371,2027-02-05,login,25.74
371,2027-01-13,cancel,1.52
371,2026-11-09,login,10.79
371,2026-11-05,cancel,28.62
371,2027-01-23,upgrade,25.3
371,2026-12-23,cancel,26.65
371,2027-03-29,feature_use,12.15
371,2027-01-02,cancel,9.72
371,2027-01-08,cancel,22.53
371,2026-12-02,cancel,2.6
371,2026-11-11,cancel,6.15
371,2027-01-12,feature_use,17.39
371,2027-04-19,feature_use,5.16
371,2027-01-29,upgrade,10.41
371,2026-11-15,feature_use,15.89
371,2027-01-11,cancel,25.62
372,2026-12-24,upgrade,8.47
372,2027-05-24,cancel,21.94
372,2027-01-29,login,4.0
372,2027-03-22,feature_use,9.1
372,2027-03-24,upgrade,9.49
372,2027-04-26,upgrade,28.08
372,2026-12-27,feature_use,12.58
372,2027-04-09,cancel,11.79
372,2026-12-12,upgrade,3.16
372,2027-01-29,cancel,25.34
372,2027-04-26,login,24.2
373,2026-07-01,feature_use,3.15
373,2026-08-15,cancel,4.92
373,2026-12-07,cancel,4.91
373,2026-10-19,feature_use,2.49
373,2026-09-29,cancel,21.53
373,2026-11-11,upgrade,5.82
373,2026-07-03,login,18.13
373,2026-10-20,login,21.4
373,2026-07-12,login,1.67
373,2026-07-24,login,5.48
373,2026-08-04,feature_use,10.57
373,2026-07-09,feature_use,17.47
373,2026-08-13,feature_use,16.47
373,2026-11-21,cancel,17.84
373,2026-10-20,upgrade,18.71
373,2026-11-10,feature_use,21.12
373,2026-11-24,cancel,5.95
373,2026-08-27,feature_use,22.36
373,2026-10-16,login,17.92
373,2026-11-02,cancel,5.95
373,2026-10-08,login,4.57
373,2026-09-16,feature_use,4.56
373,2026-09-21,login,21.21
374,2026-10-13,cancel,22.91
374,2026-12-25,feature_use,18.67
374,2026-09-30,upgrade,10.88
374,2026-11-28,upgrade,27.7
374,2026-11-28,login,27.89
374,2026-10-23,feature_use,2.32
374,2026-10-26,login,2.36
374,2027-01-24,upgrade,25.76
374,2027-01-19,login,15.1
374,2026-11-15,login,29.83
374,2026-12-14,cancel,15.73
374,2026-08-27,login,21.35
374,2026-11-06,login,27.06
374,2026-09-23,cancel,6.35
374,2026-08-13,upgrade,17.31
374,2027-01-18,feature_use,25.08
374,2026-11-18,login,21.13
374,2026-12-31,cancel,9.12
374,2026-09-02,cancel,2.21
374,2026-10-18,feature_use,4.82
374,2027-01-25,feature_use,27.67
374,2026-09-23,login,23.56
374,2026-12-26,upgrade,19.03
374,2026-10-13,cancel,14.91
374,2026-08-21,cancel,1.82
375,2026-04-18,login,23.47
375,2026-07-02,cancel,15.68
375,2026-04-11,feature_use,8.69
375,2026-06-12,feature_use,28.57
375,2026-02-23,login,27.33
376,2026-07-17,cancel,20.72
376,2026-05-06,login,18.99
376,2026-04-28,login,23.87
376,2026-06-20,cancel,16.56
376,2026-04-18,upgrade,19.42
376,2026-07-16,upgrade,9.67
376,2026-04-23,cancel,22.55
376,2026-05-23,upgrade,22.58
376,2026-05-27,feature_use,4.82
376,2026-07-05,feature_use,27.54
376,2026-05-06,upgrade,11.8
377,2026-02-22,cancel,10.51
377,2026-02-04,feature_use,2.07
377,2026-05-28,upgrade,1.69
377,2026-07-01,cancel,17.62
377,2026-02-27,feature_use,10.57
378,2026-06-17,upgrade,18.38
378,2026-04-19,login,6.19
378,2026-04-25,upgrade,29.57
378,2026-03-26,cancel,6.63
378,2026-03-08,feature_use,20.67
378,2026-05-31,cancel,8.8
378,2026-03-16,upgrade,14.6
378,2026-05-05,cancel,15.75
378,2026-05-28,upgrade,4.75
378,2026-07-24,login,28.03
378,2026-03-05,upgrade,25.5
378,2026-04-23,cancel,10.03
378,2026-05-20,cancel,26.74
378,2026-04-07,upgrade,17.47
378,2026-08-20,login,23.48
378,2026-05-24,cancel,3.46
378,2026-05-18,feature_use,10.54
379,2026-09-17,cancel,3.98
379,2026-11-23,login,8.53
379,2026-12-12,login,14.56
379,2026-09-11,feature_use,1.32
379,2026-11-29,login,28.32
379,2026-10-22,cancel,14.65
379,2026-11-17,upgrade,27.09
379,2026-08-19,upgrade,25.67
379,2026-12-09,login,13.64
379,2026-11-12,upgrade,29.39
379,2026-12-12,feature_use,9.46
379,2026-11-15,login,28.9
379,2026-09-01,login,10.28
379,2026-10-18,feature_use,11.5
379,2026-09-19,cancel,3.93
379,2026-12-01,feature_use,2.43
379,2026-12-04,upgrade,17.38
379,2026-09-17,feature_use,5.15
379,2026-09-15,upgrade,19.41
379,2026-10-04,login,15.79
379,2026-08-06,cancel,4.11
379,2026-10-21,login,14.37
379,2026-12-29,cancel,9.44
379,2026-11-26,upgrade,13.53
379,2026-07-20,login,8.34
379,2026-12-29,upgrade,29.93
380,2027-03-06,login,14.07
380,2026-12-18,login,3.12
380,2026-12-09,feature_use,22.15
380,2026-11-24,login,26.51
380,2026-12-17,upgrade,3.73
380,2027-03-21,feature_use,7.78
380,2027-03-01,feature_use,25.55
380,2027-03-23,feature_use,22.98
380,2027-03-09,login,16.05
380,2026-12-05,cancel,6.04
380,2027-01-17,cancel,14.91
381,2026-11-08,login,8.52
381,2027-02-17,cancel,22.99
381,2026-11-16,feature_use,5.72
381,2026-09-04,feature_use,18.68
381,2026-12-31,login,26.88
381,2026-10-10,login,23.5
382,2026-11-27,cancel,5.69
382,2026-12-08,cancel,29.25
382,2026-12-19,cancel,29.16
382,2026-10-08,feature_use,19.3
382,2026-11-20,login,20.9
382,2026-10-10,upgrade,23.5
382,2027-01-16,login,16.88
382,2027-03-03,cancel,8.82
382,2026-11-09,login,28.03
383,2026-03-18,feature_use,2.97
383,2026-03-03,cancel,11.46
383,2026-06-21,cancel,26.13
383,2026-06-14,login,11.9
383,2026-04-02,cancel,3.68
383,2026-04-19,cancel,3.2
383,2026-03-29,feature_use,28.14
383,2026-02-09,feature_use,9.18
383,2026-03-01,upgrade,28.25
383,2026-04-30,feature_use,6.33
383,2026-04-28,upgrade,11.12
383,2026-03-20,feature_use,28.43
383,2026-05-23,feature_use,2.72
384,2026-07-15,cancel,6.97
384,2026-08-17,login,13.57
384,2026-08-18,upgrade,16.74
384,2026-05-06,feature_use,14.01
384,2026-05-15,upgrade,12.26
384,2026-07-24,login,24.13
384,2026-06-25,feature_use,11.29
384,2026-05-14,cancel,8.15
384,2026-05-29,upgrade,15.11
384,2026-06-02,feature_use,20.61
384,2026-06-13,upgrade,17.11
384,2026-07-23,login,28.5
384,2026-10-04,login,22.37
384,2026-05-03,login,25.61
384,2026-09-14,feature_use,23.59
384,2026-06-28,login,6.47
384,2026-07-05,cancel,29.76
384,2026-05-17,feature_use,10.5
384,2026-05-08,upgrade,28.28
384,2026-07-26,cancel,25.7
384,2026-04-30,login,11.71
384,2026-10-07,upgrade,20.0
384,2026-10-08,upgrade,11.83
384,2026-10-04,login,17.83
385,2027-03-18,login,1.09
385,2027-04-16,feature_use,5.46
385,2027-04-14,login,16.05
385,2027-03-12,cancel,15.94
385,2027-03-18,cancel,12.7
385,2027-02-22,feature_use,4.57
385,2027-06-04,feature_use,16.43
385,2027-04-30,upgrade,10.52
385,2027-05-21,feature_use,17.1
385,2027-06-22,upgrade,6.16
385,2027-05-28,upgrade,20.85
385,2027-03-16,upgrade,11.68
385,2027-04-14,upgrade,26.3
385,2027-01-26,upgrade,18.83
385,2027-01-17,cancel,18.3
385,2027-04-30,upgrade,17.49
385,2027-01-04,upgrade,1.65
385,2027-04-28,login,22.44
385,2027-05-07,login,19.23
385,2027-04-28,upgrade,1.89
385,2027-02-05,cancel,29.27
385,2027-04-08,upgrade,1.72
385,2027-01-09,upgrade,4.81
385,2027-01-22,upgrade,27.17
385,2027-03-18,cancel,20.81
385,2027-02-10,cancel,8.68
385,2027-05-13,login,28.83
385,2027-03-05,feature_use,7.96
386,2026-06-11,upgrade,20.48
386,2026-05-16,upgrade,20.82
386,2026-06-18,login,17.76
386,2026-09-03,cancel,23.57
386,2026-09-15,cancel,25.61
386,2026-09-18,feature_use,19.92
386,2026-06-14,cancel,2.57
386,2026-04-21,feature_use,21.76
386,2026-08-18,upgrade,1.15
386,2026-05-30,cancel,17.6
386,2026-06-04,login,5.88
386,2026-04-27,login,9.54
386,2026-08-06,login,11.99
386,2026-05-26,login,2.39
386,2026-05-17,login,6.36
386,2026-07-04,login,2.26
386,2026-07-17,cancel,23.7
386,2026-08-17,feature_use,2.08
387,2026-11-13,upgrade,27.05
387,2026-10-25,cancel,29.93
387,2026-09-21,upgrade,2.92
387,2026-10-05,upgrade,27.96
387,2027-01-17,login,8.89
387,2026-12-25,login,29.21
387,2026-10-16,cancel,10.37
387,2026-10-31,cancel,8.05
387,2026-12-18,cancel,1.16
387,2027-01-10,upgrade,26.91
387,2026-11-05,login,17.73
387,2026-10-06,feature_use,28.82
387,2026-11-04,feature_use,26.64
387,2026-12-23,cancel,8.33
387,2026-09-14,login,1.18
387,2026-11-17,upgrade,14.61
387,2027-01-18,upgrade,24.86
387,2026-12-20,cancel,26.3
387,2026-09-18,cancel,18.01
387,2026-11-28,cancel,10.8
387,2027-01-10,cancel,27.27
387,2026-08-13,cancel,25.56
388,2027-04-24,feature_use,8.04
388,2026-12-30,upgrade,9.88
388,2027-06-09,login,6.49
388,2027-05-22,upgrade,16.32
388,2027-05-07,feature_use,8.28
388,2027-04-02,upgrade,22.7
388,2027-02-23,login,3.31
388,2027-06-10,feature_use,7.72
388,2027-06-11,login,15.06
388,2026-12-29,login,28.35
388,2027-05-21,login,28.94
388,2027-06-08,login,17.27
388,2027-06-03,feature_use,3.45
388,2026-12-31,cancel,25.71
388,2027-02-13,upgrade,24.42
388,2027-05-29,login,25.24
388,2027-05-29,upgrade,1.44
389,2026-11-06,feature_use,11.31
389,2026-06-28,upgrade,28.74
389,2026-10-03,feature_use,2.29
389,2026-10-16,login,26.01
389,2026-07-12,feature_use,22.34
389,2026-06-23,cancel,23.2
389,2026-08-27,feature_use,7.27
389,2026-07-03,upgrade,10.69
389,2026-09-19,feature_use,21.33
389,2026-08-03,cancel,24.72
389,2026-10-24,login,9.8
389,2026-07-01,cancel,17.37
389,2026-06-17,login,1.76
389,2026-11-19,feature_use,1.27
389,2026-11-18,cancel,14.36
389,2026-07-27,feature_use,5.4
389,2026-08-29,upgrade,29.05
389,2026-06-11,feature_use,16.31
389,2026-07-12,login,24.43
389,2026-08-31,upgrade,26.2
389,2026-10-12,feature_use,24.02
389,2026-09-08,login,11.09
389,2026-10-10,feature_use,8.48
389,2026-08-28,feature_use,19.36
389,2026-09-11,upgrade,21.45
389,2026-07-16,feature_use,23.4
389,2026-07-12,login,15.72
389,2026-10-11,feature_use,17.64
389,2026-10-29,upgrade,19.21
390,2027-05-06,cancel,22.66
390,2027-02-17,feature_use,11.13
390,2027-05-20,login,20.06
390,2027-05-22,feature_use,13.09
390,2027-01-17,cancel,1.54
390,2026-12-22,upgrade,16.26
390,2027-05-31,login,10.56
390,2027-05-28,cancel,14.92
390,2026-12-16,cancel,11.46
390,2027-05-19,login,4.91
390,2027-04-11,login,19.61
390,2026-12-13,login,23.5
390,2027-02-01,feature_use,1.26
390,2026-12-16,cancel,18.93
390,2027-01-01,cancel,26.49
390,2027-03-29,upgrade,24.59
390,2027-02-21,cancel,18.04
390,2027-03-11,cancel,19.21
390,2027-02-21,login,5.35
390,2027-03-31,upgrade,14.86
390,2027-04-11,feature_use,28.98
390,2027-04-08,upgrade,3.93
390,2027-05-06,upgrade,12.55
391,2026-09-23,cancel,13.64
391,2027-01-11,upgrade,20.89
391,2026-11-10,feature_use,13.96
391,2026-10-22,feature_use,11.39
391,2027-02-08,cancel,12.95
392,2026-07-27,feature_use,22.42
392,2026-09-27,login,3.4
392,2026-12-17,feature_use,18.0
392,2026-12-09,cancel,17.99
392,2026-10-03,upgrade,23.15
392,2026-10-04,login,29.51
392,2026-10-13,login,22.3
392,2026-10-13,cancel,17.71
392,2026-12-29,login,29.46
392,2026-10-16,upgrade,11.3
392,2026-11-01,login,10.64
392,2026-12-22,upgrade,23.75
392,2026-12-15,upgrade,24.8
392,2026-11-08,feature_use,20.06
392,2026-11-21,upgrade,21.14
392,2026-08-08,login,18.51
392,2026-07-23,feature_use,26.67
392,2026-10-20,cancel,2.17
392,2026-07-18,feature_use,22.79
392,2026-11-03,login,6.91
392,2026-12-14,login,23.42
393,2027-02-26,upgrade,21.48
393,2027-01-05,feature_use,1.07
393,2027-04-08,cancel,2.5
393,2027-01-15,login,4.22
393,2027-02-11,cancel,8.89
393,2027-03-21,login,11.25
393,2027-04-18,upgrade,11.59
393,2026-11-06,upgrade,25.96
393,2026-11-01,feature_use,8.85
393,2027-04-06,cancel,5.89
393,2026-12-10,upgrade,21.18
394,2026-04-27,feature_use,25.28
394,2026-03-12,cancel,17.25
394,2026-01-22,cancel,23.92
394,2026-02-07,cancel,14.31
394,2026-05-08,login,13.59
394,2026-03-05,upgrade,8.82
394,2026-02-18,feature_use,16.87
394,2026-06-17,login,26.71
394,2026-01-16,upgrade,26.91
394,2026-04-09,feature_use,10.12
394,2026-05-08,login,28.24
394,2026-05-31,upgrade,21.57
394,2026-01-05,login,10.52
394,2026-01-16,cancel,29.75
394,2026-03-03,feature_use,17.06
394,2026-05-06,cancel,8.1
394,2026-03-18,login,15.52
394,2026-03-21,login,7.97
394,2026-03-10,feature_use,13.7
394,2026-03-28,login,6.17
394,2026-01-24,login,2.26
394,2026-03-21,login,20.35
394,2026-04-12,login,7.37
395,2026-12-06,feature_use,25.61
395,2027-03-06,login,15.01
395,2027-02-24,upgrade,7.73
395,2027-04-04,upgrade,14.33
395,2027-03-20,cancel,27.33
395,2027-02-07,upgrade,24.01
395,2027-04-21,feature_use,17.12
395,2027-02-23,feature_use,16.81
395,2026-11-29,feature_use,27.28
395,2026-11-05,login,27.05
395,2026-11-29,login,20.84
395,2027-01-26,feature_use,10.88
395,2027-02-03,feature_use,22.92
395,2026-12-23,cancel,2.79
395,2026-11-01,feature_use,20.9
395,2026-11-18,feature_use,8.0
395,2027-03-09,cancel,18.01
395,2027-02-27,upgrade,17.14
395,2027-03-12,feature_use,11.3
396,2026-11-22,login,23.39
396,2026-11-04,feature_use,28.21
396,2027-01-10,cancel,18.62
396,2026-12-28,feature_use,8.52
396,2026-11-20,feature_use,26.65
396,2026-11-03,login,14.12
396,2026-10-08,cancel,8.73
396,2026-10-24,cancel,25.53
396,2027-02-04,upgrade,27.26
396,2027-01-12,upgrade,16.62
396,2027-02-09,login,3.57
396,2026-08-25,cancel,27.9
396,2027-01-31,login,26.64
396,2026-11-26,login,13.32
396,2026-12-23,feature_use,2.57
396,2027-01-12,upgrade,27.84
396,2026-10-04,upgrade,9.71
396,2027-02-17,login,20.01
396,2026-09-22,cancel,14.16
396,2026-09-04,login,12.42
396,2027-01-16,cancel,19.01
396,2026-10-07,upgrade,12.79
396,2027-01-12,upgrade,19.28
396,2026-11-13,feature_use,27.71
396,2026-09-12,upgrade,7.51
397,2026-10-31,login,19.91
397,2026-11-25,login,6.51
397,2026-07-20,cancel,6.54
397,2026-10-21,feature_use,20.26
397,2026-09-30,upgrade,12.81
397,2026-09-16,cancel,5.75
397,2026-10-24,feature_use,3.49
397,2026-08-03,feature_use,28.14
397,2026-08-23,cancel,29.5
397,2026-06-22,feature_use,8.21
397,2026-06-12,login,12.44
397,2026-11-17,upgrade,22.75
397,2026-11-18,feature_use,22.37
397,2026-08-05,feature_use,3.97
397,2026-09-21,login,3.16
397,2026-09-29,cancel,15.49
397,2026-08-03,login,3.17
397,2026-08-19,feature_use,22.03
397,2026-09-20,feature_use,2.69
398,2026-07-18,upgrade,3.21
398,2026-08-26,upgrade,25.55
398,2026-08-12,upgrade,29.32
398,2026-08-26,feature_use,5.06
398,2026-08-22,feature_use,20.27
398,2026-08-29,upgrade,16.78
398,2026-10-09,upgrade,3.28
398,2026-11-19,cancel,1.71
398,2026-12-28,cancel,8.25
398,2026-08-18,feature_use,25.68
398,2026-10-22,login,21.01
398,2026-12-08,login,22.56
398,2026-11-15,upgrade,19.62
398,2026-08-08,upgrade,23.2
398,2027-01-08,feature_use,4.19
398,2026-11-24,feature_use,1.95
398,2026-08-08,feature_use,18.68
398,2026-11-04,login,15.56
398,2027-01-09,login,14.53
398,2026-07-16,cancel,8.22
398,2026-08-06,login,25.26
398,2026-12-21,login,14.17
399,2027-04-06,cancel,29.23
399,2027-03-09,login,1.25
399,2027-02-28,login,25.3
399,2027-03-18,upgrade,17.62
399,2027-02-03,cancel,28.47
399,2027-02-04,login,25.39
399,2027-02-01,cancel,6.0
399,2027-03-07,login,14.7
399,2027-06-20,cancel,28.56
399,2027-01-08,login,8.26
399,2027-03-10,login,12.86
399,2027-01-15,login,6.43
399,2027-03-26,feature_use,24.59
399,2027-02-21,login,9.07
399,2027-03-21,feature_use,26.28
399,2027-05-27,cancel,21.39
399,2027-05-24,cancel,7.67
399,2027-01-01,cancel,27.99
399,2027-02-23,feature_use,11.06
399,2027-06-01,login,19.18
399,2027-05-18,login,3.12
399,2027-05-15,cancel,13.59
399,2027-02-08,login,7.22
399,2027-04-28,cancel,17.63
399,2027-04-28,login,10.28
400,2027-04-16,cancel,28.41
400,2027-02-28,login,2.39
400,2027-03-19,upgrade,11.92
400,2027-01-02,feature_use,29.56
400,2026-12-06,feature_use,4.82
400,2026-12-07,login,7.36
400,2027-05-12,cancel,18.7
400,2027-04-11,upgrade,27.3
400,2027-03-17,login,27.66
400,2027-04-29,upgrade,6.35
400,2026-12-08,feature_use,11.56
400,2027-04-19,upgrade,9.28
400,2027-01-30,feature_use,27.75
400,2027-05-11,upgrade,20.92
400,2027-05-14,cancel,27.63
400,2027-01-12,login,16.21
400,2027-05-05,upgrade,18.25
400,2026-12-04,feature_use,20.83
400,2027-01-12,upgrade,28.85
400,2027-01-19,cancel,23.63
401,2027-03-23,upgrade,23.42
401,2026-12-30,login,15.38
401,2027-03-21,feature_use,16.89
401,2027-02-16,upgrade,7.19
401,2026-12-20,login,22.46
401,2027-01-28,feature_use,29.45
401,2027-01-24,feature_use,4.69
401,2027-02-04,cancel,29.18
401,2027-03-17,login,6.55
401,2027-02-24,upgrade,12.42
401,2027-02-10,upgrade,22.42
401,2027-02-02,login,16.02
401,2026-10-28,login,9.7
401,2026-12-25,login,7.49
401,2027-02-09,login,6.79
401,2026-12-22,upgrade,21.33
401,2026-11-10,login,17.42
401,2026-11-06,feature_use,26.98
401,2027-04-14,upgrade,8.94
401,2026-11-29,login,22.12
401,2027-01-30,cancel,28.4
401,2026-11-02,cancel,28.94
401,2027-04-09,login,12.2
401,2026-12-25,upgrade,13.89
401,2027-02-10,feature_use,19.44
402,2026-04-20,cancel,22.4
402,2026-07-25,upgrade,15.88
402,2026-04-18,login,17.0
402,2026-05-24,login,20.2
402,2026-08-18,login,22.35
402,2026-05-03,feature_use,27.0
402,2026-06-27,cancel,8.69
402,2026-06-07,login,5.84
402,2026-07-03,login,7.06
402,2026-04-13,upgrade,15.67
402,2026-06-02,feature_use,16.68
402,2026-06-12,feature_use,18.35
403,2026-05-26,login,16.41
403,2026-08-13,upgrade,23.94
403,2026-09-04,upgrade,20.16
403,2026-05-27,login,14.31
403,2026-04-25,cancel,6.68
403,2026-07-04,cancel,24.24
403,2026-07-17,feature_use,19.09
403,2026-05-13,upgrade,28.99
403,2026-05-05,cancel,13.04
403,2026-09-29,login,19.13
403,2026-10-02,feature_use,2.16
403,2026-08-31,login,7.0
403,2026-08-22,feature_use,2.26
403,2026-06-28,cancel,10.36
403,2026-08-05,upgrade,28.7
403,2026-07-17,feature_use,20.64
403,2026-05-13,login,13.86
403,2026-09-20,login,10.02
404,2026-08-27,login,5.12
404,2026-12-15,feature_use,24.18
404,2026-12-12,feature_use,23.01
404,2026-11-01,login,29.56
404,2027-01-13,feature_use,15.84
405,2026-07-11,login,3.1
405,2026-11-23,cancel,17.44
405,2026-12-02,login,18.51
405,2026-10-01,feature_use,3.26
405,2026-09-06,upgrade,11.38
405,2026-11-26,login,7.18
405,2026-11-18,upgrade,4.99
405,2026-10-19,feature_use,22.31
405,2026-12-16,cancel,4.15
405,2026-12-12,login,24.68
405,2026-12-15,feature_use,3.58
405,2026-07-29,feature_use,6.53
405,2026-12-20,feature_use,8.47
405,2026-07-08,feature_use,20.73
405,2026-11-30,upgrade,7.72
405,2026-12-24,feature_use,9.6
405,2026-10-24,feature_use,14.64
405,2026-09-07,login,10.16
405,2026-12-05,login,8.54
405,2026-07-26,login,5.99
405,2026-07-18,cancel,26.85
405,2026-07-31,feature_use,16.65
405,2026-10-12,cancel,25.92
405,2026-10-21,login,28.51
405,2026-09-24,feature_use,17.96
405,2026-09-08,login,4.75
405,2026-07-26,feature_use,2.95
405,2026-12-11,upgrade,23.57
406,2027-01-07,upgrade,26.34
406,2026-09-12,cancel,13.79
406,2027-01-13,cancel,27.24
406,2027-01-17,cancel,7.3
406,2026-08-25,login,24.8
406,2026-10-29,cancel,27.12
406,2027-01-08,cancel,22.91
406,2026-12-20,cancel,19.94
406,2026-09-07,login,22.56
406,2026-11-23,feature_use,20.85
406,2027-02-03,login,2.12
406,2027-01-24,login,25.4
406,2026-12-21,feature_use,19.85
406,2026-12-03,upgrade,4.39
406,2026-08-23,cancel,26.2
406,2026-11-07,login,7.01
406,2027-01-11,login,26.16
406,2027-01-08,cancel,19.3
406,2026-10-13,upgrade,28.59
406,2026-11-01,feature_use,25.4
406,2026-09-02,login,22.55
406,2027-02-11,feature_use,5.49
406,2026-11-12,feature_use,3.29
406,2026-12-26,feature_use,11.62
406,2026-12-12,login,23.2
406,2026-10-07,cancel,29.33
406,2026-10-14,upgrade,20.55
407,2026-11-19,cancel,6.79
407,2027-01-28,upgrade,7.69
407,2027-01-19,feature_use,5.54
407,2026-10-02,upgrade,21.58
407,2027-02-18,login,14.37
407,2026-12-27,login,5.52
407,2026-12-26,feature_use,1.59
407,2027-01-06,login,1.56
407,2027-02-15,feature_use,18.59
407,2026-11-21,feature_use,25.32
408,2026-07-24,feature_use,28.24
408,2026-09-29,login,1.36
408,2026-09-17,login,1.19
408,2026-08-31,upgrade,1.92
408,2026-06-18,cancel,9.62
408,2026-09-08,feature_use,16.97
408,2026-09-18,cancel,7.58
408,2026-07-27,feature_use,28.78
408,2026-06-29,upgrade,9.3
408,2026-11-10,cancel,16.92
408,2026-11-11,cancel,2.97
408,2026-08-22,login,20.96
408,2026-10-09,feature_use,15.02
408,2026-07-17,feature_use,10.23
408,2026-07-24,upgrade,3.62
408,2026-10-10,cancel,1.55
408,2026-12-03,cancel,25.48
409,2026-05-22,feature_use,21.57
409,2026-07-03,upgrade,8.82
409,2026-06-25,login,6.26
409,2026-08-25,upgrade,20.28
409,2026-07-29,login,8.34
409,2026-07-17,upgrade,5.36
409,2026-04-18,feature_use,25.78
409,2026-06-04,feature_use,16.84
409,2026-05-11,upgrade,2.69
409,2026-05-20,feature_use,25.22
409,2026-03-29,login,22.76
409,2026-06-13,cancel,20.59
409,2026-05-02,feature_use,8.41
410,2026-12-11,upgrade,4.75
410,2026-09-08,cancel,27.28
410,2026-07-08,cancel,5.6
410,2026-07-25,upgrade,22.4
410,2026-09-15,upgrade,2.69
410,2026-11-04,feature_use,1.12
410,2026-10-24,upgrade,18.27
410,2026-11-13,cancel,13.01
410,2026-08-25,cancel,12.06
410,2026-08-17,feature_use,8.94
410,2026-12-22,upgrade,24.32
410,2026-12-02,cancel,14.45
411,2026-11-23,feature_use,18.0
411,2026-11-01,cancel,6.58
411,2026-11-07,cancel,11.73
411,2026-09-26,upgrade,14.24
411,2027-01-11,cancel,13.79
411,2026-12-12,cancel,26.98
411,2026-11-26,login,23.66
411,2026-09-16,upgrade,19.72
411,2026-10-30,login,6.21
411,2026-09-18,login,4.59
411,2026-12-07,cancel,10.07
411,2026-11-11,upgrade,10.01
411,2026-11-24,feature_use,2.36
411,2026-11-10,login,29.5
411,2026-09-17,feature_use,16.03
411,2026-12-28,upgrade,19.96
411,2026-12-31,upgrade,7.09
411,2026-12-22,cancel,12.5
412,2027-02-13,cancel,28.08
412,2026-10-04,login,27.47
412,2026-12-14,login,16.82
412,2026-10-06,feature_use,7.34
412,2026-10-18,cancel,18.98
412,2027-01-26,upgrade,25.23
412,2027-01-25,upgrade,20.98
412,2026-11-18,login,27.28
412,2026-10-22,feature_use,10.65
412,2026-12-26,upgrade,16.95
412,2026-11-25,cancel,22.89
412,2027-01-07,feature_use,21.29
412,2027-01-23,login,13.0
412,2026-11-17,login,1.09
412,2026-12-05,upgrade,11.93
412,2026-10-01,feature_use,7.33
412,2027-02-25,upgrade,7.8
412,2026-11-26,cancel,8.84
413,2026-05-01,cancel,13.35
413,2026-05-07,feature_use,17.38
413,2026-02-13,upgrade,20.38
413,2026-07-14,cancel,27.9
413,2026-03-01,upgrade,28.36
413,2026-07-23,upgrade,24.13
413,2026-03-11,login,7.35
413,2026-08-04,login,12.38
414,2026-07-31,upgrade,9.74
414,2026-10-17,upgrade,11.83
414,2026-08-11,upgrade,20.62
414,2026-11-01,feature_use,21.74
414,2026-10-03,cancel,28.89
414,2026-08-10,upgrade,14.76
414,2026-11-26,feature_use,29.48
414,2026-10-28,login,28.77
414,2026-12-06,upgrade,15.88
414,2026-11-17,upgrade,11.01
414,2026-08-03,cancel,23.58
415,2026-11-26,cancel,3.84
415,2027-03-24,login,4.29
415,2027-03-29,feature_use,22.75
415,2027-04-09,login,28.95
415,2027-05-19,cancel,26.64
415,2027-05-09,login,18.76
415,2027-04-02,login,20.46
415,2027-03-14,upgrade,3.53
416,2026-11-19,feature_use,14.63
416,2026-10-29,upgrade,15.02
416,2026-07-13,upgrade,9.79
416,2026-08-26,upgrade,15.88
416,2026-10-06,login,29.61
416,2026-07-05,feature_use,2.68
416,2026-11-09,feature_use,15.87
416,2026-09-12,cancel,4.6
416,2026-06-17,feature_use,7.55
417,2026-05-01,upgrade,13.06
417,2026-08-28,cancel,26.2
417,2026-06-29,cancel,9.11
417,2026-08-27,login,20.8
417,2026-03-27,feature_use,7.84
417,2026-04-15,feature_use,17.33
417,2026-06-16,feature_use,9.0
417,2026-07-14,feature_use,2.2
417,2026-04-01,cancel,9.76
417,2026-05-05,login,23.73
417,2026-08-03,cancel,12.77
417,2026-07-14,feature_use,11.12
417,2026-07-13,cancel,28.19
417,2026-07-19,feature_use,4.08
417,2026-07-31,login,14.71
417,2026-05-17,cancel,1.54
417,2026-08-24,feature_use,10.4
417,2026-05-24,login,4.83
417,2026-05-09,feature_use,25.27
417,2026-07-26,feature_use,7.06
417,2026-06-05,cancel,7.04
417,2026-04-30,upgrade,14.71
417,2026-04-24,cancel,17.04
417,2026-05-28,upgrade,26.11
417,2026-08-25,login,4.79
417,2026-06-21,feature_use,26.54
417,2026-06-17,feature_use,29.61
418,2026-12-04,login,17.79
418,2026-12-01,feature_use,17.79
418,2026-12-15,login,4.41
418,2026-10-05,login,19.3
418,2026-11-10,upgrade,25.84
418,2026-10-13,cancel,13.24
418,2026-12-13,login,17.06
418,2026-10-05,feature_use,27.87
418,2026-12-27,feature_use,20.61
418,2026-09-07,upgrade,3.01
418,2026-11-25,cancel,28.28
418,2027-01-12,login,5.37
418,2026-08-30,login,5.4
418,2026-12-21,login,10.86
418,2026-09-18,login,9.59
418,2026-10-13,login,6.5
418,2026-09-18,feature_use,16.53
418,2026-09-15,upgrade,20.99
418,2026-10-28,feature_use,3.38
418,2026-11-03,login,26.21
418,2026-10-01,login,6.66
418,2026-08-04,upgrade,9.38
418,2026-09-21,login,9.15
418,2026-09-24,login,16.72
418,2026-09-15,login,4.43
418,2026-11-13,login,18.11
419,2027-04-05,feature_use,27.37
419,2027-03-15,upgrade,8.28
419,2027-03-13,cancel,26.07
419,2026-12-17,upgrade,23.98
419,2027-04-03,upgrade,22.22
419,2027-02-13,cancel,6.77
419,2026-12-22,login,23.03
419,2027-03-05,upgrade,10.85
419,2026-12-02,cancel,9.31
419,2026-12-27,cancel,14.98
419,2027-03-01,upgrade,8.64
419,2027-03-29,cancel,28.12
420,2026-09-27,feature_use,23.76
420,2026-11-20,feature_use,8.98
420,2026-08-25,upgrade,2.36
420,2026-09-07,upgrade,24.26
420,2026-12-27,cancel,10.66
420,2026-08-10,feature_use,21.64
420,2026-10-10,feature_use,18.94
420,2026-10-18,upgrade,27.54
420,2026-12-23,upgrade,25.52
420,2026-08-20,cancel,27.38
420,2026-10-05,cancel,18.46
420,2026-09-19,upgrade,3.33
420,2027-01-27,feature_use,21.73
420,2026-08-06,upgrade,10.8
420,2026-12-06,upgrade,21.92
420,2026-09-07,feature_use,14.6
420,2026-12-06,upgrade,9.03
420,2026-10-17,login,24.38
420,2026-09-13,feature_use,10.91
420,2027-01-14,cancel,23.08
421,2027-06-05,login,2.57
421,2027-05-02,feature_use,1.82
421,2027-03-17,feature_use,16.12
421,2027-03-05,upgrade,20.89
421,2027-06-08,cancel,10.66
422,2026-11-28,upgrade,3.25
422,2026-11-28,feature_use,14.45
422,2027-02-28,upgrade,19.46
422,2027-01-29,login,3.88
422,2027-02-06,login,5.0
422,2027-05-02,cancel,22.43
422,2026-12-17,feature_use,22.7
422,2026-11-28,upgrade,20.88
422,2027-03-08,login,8.2
422,2027-01-03,feature_use,27.87
422,2026-12-25,upgrade,21.58
422,2027-03-03,feature_use,25.42
422,2027-01-20,upgrade,10.05
422,2027-02-10,feature_use,29.57
422,2027-03-07,feature_use,19.25
422,2027-04-02,cancel,15.66
422,2027-01-14,upgrade,20.29
422,2027-04-14,cancel,20.14
422,2027-03-06,feature_use,12.68
422,2027-05-14,cancel,9.52
422,2027-03-17,login,20.61
422,2027-01-18,cancel,9.45
422,2027-05-09,cancel,11.79
423,2026-06-25,login,26.33
423,2026-09-07,cancel,6.75
423,2026-09-15,upgrade,10.11
423,2026-07-22,login,7.89
423,2026-07-14,login,28.94
423,2026-07-14,cancel,8.21
423,2026-05-09,feature_use,11.3
423,2026-04-05,login,24.09
423,2026-07-15,login,20.29
423,2026-08-13,upgrade,1.1
423,2026-09-18,login,5.89
423,2026-07-21,login,29.19
423,2026-04-07,login,29.39
423,2026-09-16,cancel,3.17
423,2026-04-16,cancel,24.8
423,2026-06-06,cancel,15.89
423,2026-04-04,cancel,15.72
423,2026-09-13,feature_use,28.5
423,2026-09-02,feature_use,24.6
423,2026-08-16,upgrade,15.15
423,2026-06-06,cancel,7.64
423,2026-07-03,feature_use,17.91
423,2026-08-26,feature_use,6.83
423,2026-09-20,upgrade,15.09
424,2027-01-05,upgrade,27.32
424,2027-02-10,upgrade,6.06
424,2026-12-16,login,4.72
424,2027-01-12,login,28.71
424,2026-10-12,cancel,7.41
424,2026-12-27,login,23.64
424,2026-11-25,upgrade,1.83
424,2026-10-30,login,22.38
424,2026-12-16,cancel,26.58
424,2026-10-27,feature_use,22.3
424,2026-10-18,feature_use,28.74
424,2027-03-04,cancel,12.04
424,2027-02-28,upgrade,6.13
424,2026-09-17,login,1.23
424,2026-09-14,upgrade,4.66
424,2026-11-09,upgrade,26.21
424,2026-11-03,cancel,26.9
424,2027-02-18,feature_use,8.53
424,2026-11-19,upgrade,29.05
425,2026-02-28,login,11.16
425,2026-03-04,feature_use,25.37
425,2026-06-01,feature_use,27.78
425,2026-03-23,login,9.56
425,2026-03-17,feature_use,28.54
425,2026-02-23,upgrade,2.03
425,2026-08-11,cancel,27.81
425,2026-07-22,login,29.05
425,2026-04-17,cancel,6.02
425,2026-05-30,cancel,23.55
425,2026-03-12,feature_use,2.86
425,2026-06-04,feature_use,17.36
425,2026-02-25,upgrade,27.38
425,2026-03-31,upgrade,7.42
425,2026-08-01,upgrade,10.22
425,2026-06-19,login,7.08
425,2026-07-24,feature_use,26.33
425,2026-07-19,login,20.79
425,2026-03-03,upgrade,24.2
425,2026-06-02,feature_use,10.24
426,2027-03-03,feature_use,4.65
426,2026-12-08,upgrade,12.73
426,2027-03-28,feature_use,8.17
426,2027-01-27,feature_use,23.22
426,2027-04-04,login,25.33
426,2027-02-11,login,11.97
426,2027-02-19,upgrade,13.41
426,2027-01-26,cancel,3.27
426,2026-12-27,login,19.14
426,2027-03-14,cancel,25.0
426,2027-02-14,login,11.5
426,2026-12-06,login,18.66
427,2026-10-01,cancel,15.06
427,2026-10-06,upgrade,16.22
427,2026-06-22,login,20.68
427,2026-09-09,feature_use,2.82
427,2026-07-08,cancel,11.18
427,2026-04-14,login,6.97
427,2026-05-17,cancel,10.09
427,2026-06-14,login,21.67
427,2026-09-07,feature_use,7.16
427,2026-10-06,cancel,3.84
427,2026-06-03,feature_use,10.35
427,2026-09-25,feature_use,24.73
427,2026-08-25,feature_use,23.28
427,2026-07-06,upgrade,28.69
427,2026-07-28,cancel,22.27
427,2026-09-09,cancel,4.58
427,2026-10-06,cancel,13.89
427,2026-07-10,upgrade,2.05
427,2026-08-31,feature_use,20.68
427,2026-10-07,login,8.14
427,2026-05-01,upgrade,19.96
427,2026-09-19,login,8.99
427,2026-10-06,feature_use,6.12
427,2026-06-05,login,20.45
427,2026-08-03,feature_use,18.48
427,2026-05-23,login,1.32
427,2026-07-21,cancel,29.84
427,2026-07-14,upgrade,18.21
428,2027-01-15,cancel,24.82
428,2027-02-17,upgrade,7.31
428,2027-02-10,upgrade,19.83
428,2027-03-18,cancel,29.35
428,2026-10-15,cancel,7.54
428,2027-03-23,feature_use,13.28
428,2026-12-04,upgrade,20.58
428,2026-10-09,login,11.26
428,2027-01-03,cancel,2.57
428,2026-11-28,cancel,14.0
428,2027-04-01,login,13.95
428,2026-10-09,upgrade,16.69
428,2026-10-16,upgrade,26.68
428,2026-12-01,feature_use,16.44
428,2027-02-19,cancel,22.24
428,2027-02-18,cancel,3.0
428,2027-01-26,feature_use,3.49
428,2026-11-24,cancel,27.74
429,2026-03-16,cancel,3.77
429,2026-07-05,feature_use,11.29
429,2026-07-06,cancel,5.31
429,2026-03-13,cancel,1.31
429,2026-08-29,cancel,23.29
429,2026-05-30,upgrade,16.88
429,2026-04-06,cancel,27.43
429,2026-03-07,login,11.77
429,2026-06-08,feature_use,13.55
429,2026-08-15,upgrade,20.45
429,2026-04-27,cancel,29.11
429,2026-04-11,upgrade,4.34
429,2026-08-18,feature_use,19.38
429,2026-06-13,login,15.93
429,2026-07-10,feature_use,27.06
429,2026-08-22,login,24.74
429,2026-05-25,cancel,1.14
429,2026-04-17,cancel,21.47
429,2026-08-23,feature_use,19.87
429,2026-04-20,cancel,5.9
429,2026-06-27,cancel,24.09
429,2026-08-01,login,7.63
429,2026-03-23,upgrade,14.24
429,2026-04-03,login,10.01
429,2026-05-15,upgrade,2.47
429,2026-07-04,upgrade,24.7
430,2026-08-07,upgrade,5.16
430,2026-06-30,upgrade,12.27
430,2026-06-22,upgrade,19.33
430,2026-08-27,cancel,18.57
430,2026-05-30,cancel,5.07
430,2026-09-14,upgrade,6.02
430,2026-09-05,login,6.85
430,2026-09-17,cancel,13.92
430,2026-09-19,upgrade,11.03
430,2026-06-06,login,18.22
430,2026-08-27,cancel,8.76
430,2026-05-02,feature_use,22.63
430,2026-06-04,feature_use,7.25
430,2026-08-05,feature_use,7.31
430,2026-09-28,upgrade,15.16
430,2026-04-11,login,4.14
430,2026-09-06,upgrade,5.76
430,2026-06-27,cancel,14.98
430,2026-04-18,login,9.5
430,2026-05-23,login,13.06
430,2026-08-12,feature_use,19.08
430,2026-07-04,upgrade,5.07
430,2026-08-09,cancel,11.83
430,2026-08-20,upgrade,6.4
430,2026-06-24,cancel,17.89
430,2026-05-20,login,18.42
430,2026-04-12,upgrade,17.65
430,2026-06-16,upgrade,19.89
431,2026-10-26,login,15.46
431,2026-11-26,upgrade,5.04
431,2027-01-16,feature_use,29.78
431,2027-01-12,cancel,20.79
431,2026-11-26,feature_use,22.84
431,2027-01-23,upgrade,27.1
431,2026-09-07,cancel,22.52
431,2027-01-01,login,20.6
431,2026-10-01,cancel,17.59
431,2026-12-03,feature_use,3.82
431,2026-09-15,upgrade,27.99
431,2026-10-31,feature_use,10.2
431,2026-10-01,login,29.3
431,2026-12-15,feature_use,12.17
431,2026-11-25,feature_use,14.64
431,2026-12-03,upgrade,5.96
431,2027-02-02,upgrade,22.39
431,2026-09-02,feature_use,7.54
431,2026-09-16,cancel,8.87
432,2027-05-13,cancel,3.21
432,2027-01-18,cancel,11.02
432,2027-01-12,cancel,27.71
432,2027-05-26,upgrade,11.92
432,2027-01-02,login,17.87
432,2027-06-22,upgrade,25.64
432,2027-05-19,feature_use,16.54
432,2027-04-29,feature_use,12.24
432,2027-02-08,cancel,23.24
432,2027-02-19,upgrade,17.6
432,2027-02-10,upgrade,14.29
432,2027-06-17,cancel,17.94
432,2027-04-26,upgrade,28.86
432,2027-05-24,login,15.22
432,2027-01-21,cancel,5.24
432,2027-01-30,upgrade,2.77
433,2026-12-01,upgrade,23.32
433,2026-08-28,cancel,2.63
433,2026-11-29,login,17.11
433,2026-12-03,upgrade,23.42
433,2026-12-26,upgrade,25.93
433,2026-07-30,upgrade,25.38
433,2027-01-02,login,24.85
433,2026-08-15,feature_use,10.32
433,2026-12-31,upgrade,1.48
433,2026-08-23,feature_use,17.09
433,2026-11-15,upgrade,2.06
433,2026-09-15,login,2.11
433,2026-09-07,login,7.12
433,2026-09-29,login,15.67
434,2027-03-04,login,7.5
434,2026-12-26,cancel,12.11
434,2026-10-26,cancel,27.58
434,2026-12-23,login,10.8
434,2026-12-03,feature_use,15.17
434,2026-10-13,login,25.9
434,2026-12-22,feature_use,2.35
434,2026-12-13,upgrade,10.26
434,2026-11-09,feature_use,1.62
434,2027-02-14,login,26.59
434,2026-10-19,cancel,3.56
434,2027-03-06,upgrade,23.78
434,2027-03-02,feature_use,19.35
434,2026-12-27,feature_use,18.49
434,2027-01-16,feature_use,20.26
434,2027-01-22,cancel,8.44
434,2027-03-04,feature_use,26.5
434,2027-01-09,cancel,1.25
434,2027-03-08,upgrade,10.62
434,2026-10-11,feature_use,16.74
434,2027-01-16,upgrade,25.66
434,2026-10-27,login,1.41
434,2026-09-30,upgrade,13.43
434,2026-11-25,login,23.3
434,2026-11-05,feature_use,22.0
434,2027-03-04,cancel,22.35
434,2026-12-24,upgrade,11.81
434,2026-11-16,feature_use,23.77
434,2026-10-11,upgrade,9.17
435,2026-08-17,login,3.1
435,2026-07-18,upgrade,19.5
435,2026-04-04,upgrade,23.45
435,2026-08-22,upgrade,12.78
435,2026-06-24,login,19.64
435,2026-05-18,upgrade,29.41
435,2026-05-07,feature_use,29.84
435,2026-09-11,login,20.75
435,2026-04-05,upgrade,27.62
435,2026-07-28,login,9.96
435,2026-08-06,upgrade,13.28
435,2026-05-17,feature_use,12.91
435,2026-04-17,upgrade,3.98
435,2026-09-01,feature_use,18.79
435,2026-04-14,cancel,16.79
436,2027-04-09,login,12.09
436,2027-03-10,login,29.38
436,2027-04-27,feature_use,13.69
436,2026-12-06,feature_use,14.66
436,2026-12-14,feature_use,16.66
436,2027-01-13,cancel,2.31
436,2027-01-29,feature_use,25.36
436,2027-01-02,cancel,23.49
436,2027-01-14,login,9.96
436,2027-01-26,upgrade,14.15
436,2027-03-21,cancel,16.74
436,2027-01-31,cancel,29.6
436,2026-12-14,login,1.03
436,2027-02-24,feature_use,27.14
436,2027-04-06,upgrade,24.26
436,2027-03-31,feature_use,7.42
436,2026-11-10,cancel,16.99
436,2027-03-11,cancel,12.88
436,2027-04-29,cancel,20.2
436,2027-02-02,upgrade,24.26
436,2027-03-24,cancel,6.56
437,2027-01-02,upgrade,26.86
437,2027-05-14,cancel,25.93
437,2027-02-24,cancel,28.56
437,2026-12-02,feature_use,7.34
437,2027-04-28,upgrade,26.87
437,2027-02-04,upgrade,20.05
437,2027-02-10,upgrade,21.87
437,2027-02-17,upgrade,23.51
437,2027-01-15,feature_use,24.53
437,2027-01-23,upgrade,2.87
437,2027-04-07,cancel,7.83
437,2027-05-05,cancel,19.34
437,2027-01-08,upgrade,8.47
437,2026-12-23,cancel,12.38
437,2026-12-10,cancel,12.94
437,2026-12-14,cancel,1.46
437,2027-03-27,feature_use,2.28
437,2026-11-28,login,24.73
437,2027-03-24,cancel,15.84
437,2027-03-10,cancel,6.88
437,2027-02-21,login,27.07
437,2026-12-19,login,6.64
437,2027-03-23,cancel,5.68
437,2027-05-05,login,14.79
437,2027-02-18,login,10.62
438,2026-06-17,login,29.63
438,2026-07-24,login,8.66
438,2026-10-14,cancel,12.62
438,2026-10-26,upgrade,4.45
438,2026-08-15,feature_use,8.83
438,2026-11-09,feature_use,25.45
438,2026-06-07,feature_use,28.8
438,2026-07-01,cancel,19.96
438,2026-10-09,upgrade,26.43
438,2026-07-05,feature_use,22.01
438,2026-07-13,feature_use,21.99
438,2026-07-29,upgrade,24.02
438,2026-09-01,login,17.53
438,2026-10-15,feature_use,27.86
438,2026-11-08,upgrade,21.33
438,2026-10-08,upgrade,11.77
439,2027-02-16,feature_use,15.75
439,2026-12-25,login,13.9
439,2026-09-16,feature_use,8.72
439,2027-02-07,cancel,16.58
439,2026-11-23,login,5.56
439,2027-01-11,cancel,23.2
439,2026-10-19,upgrade,21.51
439,2026-12-08,login,2.64
439,2026-12-24,feature_use,24.27
439,2027-02-10,login,14.19
439,2027-01-27,feature_use,1.47
439,2027-03-03,login,14.04
439,2026-12-16,upgrade,12.59
439,2026-09-26,feature_use,18.09
439,2027-01-26,login,2.85
439,2026-10-22,feature_use,29.45
439,2026-09-22,upgrade,16.18
439,2027-02-25,cancel,13.43
439,2027-02-11,login,16.41
439,2026-10-16,cancel,11.76
439,2027-02-19,upgrade,24.07
439,2027-02-08,feature_use,17.68
439,2026-12-28,cancel,14.43
439,2027-02-06,login,12.45
439,2027-02-25,upgrade,16.6
439,2026-10-06,feature_use,28.33
439,2026-09-12,cancel,4.65
439,2026-11-27,cancel,9.31
439,2026-10-05,feature_use,24.37
440,2026-04-22,upgrade,2.7
440,2026-03-21,login,13.15
440,2026-07-21,upgrade,26.34
440,2026-05-22,feature_use,14.2
440,2026-08-11,cancel,16.21
440,2026-08-01,feature_use,22.54
440,2026-04-23,login,17.92
440,2026-05-30,cancel,4.06
440,2026-05-16,feature_use,3.11
440,2026-06-12,login,20.0
440,2026-04-11,cancel,11.86
440,2026-06-24,upgrade,27.77
440,2026-05-13,login,23.82
440,2026-03-04,upgrade,13.74
440,2026-05-26,feature_use,28.6
440,2026-04-11,upgrade,5.68
440,2026-05-24,upgrade,28.61
441,2026-11-05,login,4.63
441,2027-02-02,upgrade,20.7
441,2026-12-29,login,6.65
441,2026-09-29,login,23.22
441,2026-08-21,login,2.55
441,2026-11-30,feature_use,22.57
441,2026-09-04,upgrade,19.12
441,2027-02-08,feature_use,28.86
441,2026-11-22,cancel,28.33
441,2026-10-25,upgrade,4.32
441,2026-10-13,feature_use,3.81
441,2026-11-11,feature_use,7.09
441,2026-12-16,upgrade,5.9
441,2027-01-25,login,1.47
441,2026-11-12,cancel,11.12
441,2027-01-27,feature_use,20.34
441,2026-11-10,login,25.99
441,2026-11-24,upgrade,28.93
441,2026-11-13,login,11.56
441,2026-09-16,cancel,24.99
441,2026-11-12,feature_use,11.39
441,2026-09-30,upgrade,12.12
442,2026-07-10,feature_use,12.13
442,2026-07-13,login,7.65
442,2026-07-19,cancel,28.35
442,2026-04-08,upgrade,6.12
442,2026-04-15,feature_use,19.17
442,2026-06-14,cancel,21.09
442,2026-04-18,feature_use,21.44
442,2026-09-24,upgrade,27.59
442,2026-05-31,login,13.47
442,2026-04-15,upgrade,24.76
442,2026-07-18,cancel,26.01
442,2026-07-06,upgrade,9.18
442,2026-09-28,login,18.32
443,2026-08-10,login,28.79
443,2026-05-28,cancel,15.01
443,2026-07-14,feature_use,5.74
443,2026-05-18,feature_use,1.46
443,2026-06-23,login,27.64
443,2026-04-28,upgrade,16.03
443,2026-07-05,upgrade,6.94
443,2026-05-09,feature_use,27.25
443,2026-07-18,login,5.62
443,2026-08-18,cancel,17.84
443,2026-08-22,login,26.78
443,2026-04-14,feature_use,28.7
443,2026-04-15,login,6.23
443,2026-07-18,upgrade,22.76
443,2026-08-10,upgrade,26.31
443,2026-09-17,cancel,22.09
443,2026-04-27,feature_use,7.07
443,2026-05-14,cancel,19.98
443,2026-04-27,cancel,23.64
443,2026-08-04,cancel,18.85
443,2026-09-16,cancel,20.22
443,2026-08-22,login,14.74
443,2026-07-13,cancel,6.15
443,2026-09-13,upgrade,6.62
443,2026-06-22,feature_use,16.24
443,2026-08-02,feature_use,24.22
443,2026-03-26,upgrade,12.3
443,2026-06-06,cancel,25.2
443,2026-07-26,upgrade,18.59
444,2027-01-24,feature_use,1.64
444,2026-11-05,upgrade,29.49
444,2026-10-25,cancel,27.96
444,2027-01-11,login,10.92
444,2026-12-13,cancel,22.81
444,2027-02-07,cancel,15.48
444,2026-12-21,feature_use,19.65
444,2027-01-16,feature_use,21.67
444,2026-11-13,upgrade,20.25
444,2026-10-16,login,7.59
444,2026-10-17,login,10.53
445,2027-01-25,feature_use,25.8
445,2027-01-03,feature_use,9.57
445,2027-03-01,login,5.38
445,2026-12-16,cancel,27.26
445,2027-01-05,cancel,15.94
445,2026-12-17,feature_use,23.46
445,2026-12-21,cancel,20.95
445,2026-11-06,cancel,6.78
445,2026-10-25,upgrade,10.24
446,2026-11-12,cancel,26.58
446,2026-11-14,login,5.63
446,2027-02-07,feature_use,23.82
446,2026-11-11,feature_use,27.01
446,2027-01-16,feature_use,25.74
446,2027-01-05,feature_use,20.25
446,2027-03-07,login,7.7
446,2027-03-12,upgrade,18.8
446,2027-03-17,feature_use,29.01
446,2027-01-25,upgrade,25.39
446,2027-02-01,login,11.17
446,2027-03-28,cancel,9.12
446,2027-01-28,feature_use,20.35
446,2026-12-10,login,23.72
446,2026-11-11,upgrade,5.85
446,2027-02-15,upgrade,17.0
446,2027-04-03,upgrade,28.55
446,2027-02-09,login,9.33
446,2027-04-05,upgrade,16.02
446,2026-12-22,cancel,6.13
446,2027-01-15,cancel,27.35
446,2027-04-13,cancel,7.06
446,2027-01-01,cancel,27.79
446,2027-04-08,feature_use,26.92
447,2026-03-14,upgrade,26.64
447,2026-04-25,login,27.5
447,2026-03-31,upgrade,17.89
447,2026-03-29,feature_use,17.47
447,2026-03-16,feature_use,26.53
447,2026-03-20,login,22.18
447,2026-04-25,cancel,1.75
447,2026-03-21,cancel,14.29
448,2026-09-05,upgrade,9.65
448,2026-08-23,upgrade,21.79
448,2026-09-22,cancel,29.25
448,2026-08-08,upgrade,12.45
448,2026-08-22,cancel,17.52
448,2026-09-22,cancel,27.88
448,2026-10-24,upgrade,11.24
448,2026-11-17,login,11.39
449,2026-05-23,login,25.71
449,2026-07-17,feature_use,22.73
449,2026-06-04,login,16.66
449,2026-03-23,feature_use,24.3
449,2026-06-08,login,5.93
449,2026-01-31,upgrade,5.47
449,2026-04-16,feature_use,16.92
449,2026-07-16,upgrade,11.99
449,2026-01-29,login,22.73
449,2026-06-28,feature_use,26.23
449,2026-05-19,login,21.05
449,2026-03-10,cancel,17.85
449,2026-04-12,login,21.89
449,2026-01-27,login,27.08
449,2026-07-25,upgrade,21.63
449,2026-03-28,login,1.01
449,2026-03-19,feature_use,22.29
449,2026-06-19,feature_use,5.4
449,2026-05-04,cancel,21.09
449,2026-02-03,upgrade,6.41
449,2026-05-11,cancel,9.82
449,2026-06-10,cancel,10.82
449,2026-02-11,feature_use,12.35
450,2027-02-06,login,20.9
450,2026-12-05,cancel,2.26
450,2027-02-09,login,11.95
450,2026-12-08,login,13.3
450,2027-04-07,upgrade,21.63
450,2027-04-26,upgrade,12.81
450,2026-12-28,feature_use,20.85
450,2026-12-14,login,15.22
450,2027-01-25,cancel,20.51
450,2026-12-26,upgrade,19.04
450,2027-01-01,login,11.11
450,2027-05-02,cancel,22.3
450,2027-04-04,upgrade,8.74
451,2026-08-10,login,18.61
451,2026-08-01,login,25.75
451,2026-06-02,login,12.56
451,2026-05-30,cancel,24.23
451,2026-06-27,feature_use,18.79
451,2026-07-09,cancel,28.99
451,2026-09-28,cancel,26.64
451,2026-09-21,login,29.22
451,2026-06-02,feature_use,22.33
451,2026-07-15,upgrade,26.57
451,2026-08-14,feature_use,19.25
451,2026-08-05,login,23.72
451,2026-08-05,cancel,18.48
451,2026-05-24,feature_use,5.54
451,2026-09-02,upgrade,26.62
452,2026-06-08,login,23.47
452,2026-03-03,upgrade,17.29
452,2026-07-06,upgrade,23.46
452,2026-04-05,upgrade,4.5
452,2026-04-09,feature_use,1.88
452,2026-08-16,cancel,14.06
452,2026-05-24,login,24.0
452,2026-06-20,upgrade,6.44
452,2026-04-07,upgrade,16.39
452,2026-05-14,upgrade,18.84
452,2026-03-21,upgrade,13.02
452,2026-03-05,feature_use,14.59
452,2026-05-28,feature_use,11.16
452,2026-07-09,upgrade,13.31
452,2026-04-04,upgrade,11.09
453,2026-06-21,login,27.88
453,2026-07-17,cancel,11.05
453,2026-06-30,login,12.8
453,2026-06-01,login,8.66
453,2026-02-18,feature_use,23.68
454,2026-07-01,cancel,4.04
454,2026-05-16,feature_use,3.73
454,2026-10-14,login,27.55
454,2026-05-23,feature_use,24.83
454,2026-06-18,upgrade,17.97
454,2026-09-04,cancel,25.75
455,2027-04-09,login,7.61
455,2027-01-06,login,8.91
455,2027-04-03,feature_use,3.44
455,2026-12-23,feature_use,17.93
455,2027-01-13,login,13.44
455,2027-01-18,upgrade,24.77
455,2027-04-19,login,11.87
455,2026-11-09,feature_use,24.51
455,2026-11-26,upgrade,27.98
455,2027-01-29,feature_use,6.95
455,2027-02-20,login,25.08
455,2026-11-21,login,3.88
455,2027-03-26,cancel,3.29
455,2027-02-17,login,16.48
455,2027-01-10,cancel,1.36
455,2026-11-08,upgrade,23.74
455,2027-02-04,feature_use,18.85
455,2027-02-13,cancel,26.99
455,2027-03-18,feature_use,22.31
455,2027-02-23,login,19.14
456,2026-11-17,login,21.35
456,2027-04-05,feature_use,18.9
456,2027-04-07,cancel,14.08
456,2026-10-25,upgrade,26.22
456,2026-11-15,upgrade,13.08
456,2027-02-23,cancel,10.51
456,2026-11-20,upgrade,15.92
456,2027-01-28,upgrade,20.78
456,2027-02-03,feature_use,16.39
456,2026-10-21,feature_use,1.81
456,2027-02-05,feature_use,8.25
456,2026-12-04,cancel,1.17
456,2027-02-26,login,15.91
457,2026-09-08,upgrade,20.3
457,2026-10-16,feature_use,26.38
457,2026-06-22,feature_use,9.3
457,2026-08-16,cancel,13.51
457,2026-08-07,cancel,23.13
457,2026-08-20,upgrade,20.86
457,2026-09-30,feature_use,5.43
457,2026-09-21,cancel,22.05
457,2026-08-30,feature_use,12.75
457,2026-07-08,upgrade,7.06
457,2026-06-07,login,27.93
457,2026-06-04,upgrade,8.19
457,2026-08-09,cancel,9.84
457,2026-06-19,feature_use,6.42
457,2026-04-23,feature_use,1.65
457,2026-10-10,upgrade,21.49
457,2026-08-03,login,7.52
457,2026-08-02,upgrade,15.95
458,2027-03-07,login,29.67
458,2027-01-07,upgrade,26.03
458,2027-02-18,login,9.59
458,2027-03-11,login,6.25
458,2027-03-26,feature_use,12.96
458,2027-05-31,feature_use,18.17
458,2027-06-13,feature_use,7.34
458,2027-04-22,feature_use,1.1
458,2027-01-03,cancel,10.8
458,2027-01-08,upgrade,13.48
458,2027-04-06,cancel,15.32
458,2027-03-06,upgrade,20.44
458,2027-05-15,feature_use,23.44
458,2027-03-21,login,27.67
458,2027-05-11,upgrade,28.74
458,2027-03-23,login,27.24
458,2027-02-17,cancel,10.47
458,2026-12-27,login,25.71
458,2027-05-02,feature_use,7.88
458,2027-01-02,feature_use,15.58
458,2027-01-07,login,9.87
459,2027-01-27,login,29.96
459,2027-01-20,cancel,19.41
459,2026-10-09,login,18.88
459,2026-11-20,upgrade,7.1
459,2026-08-30,login,27.33
459,2026-11-20,cancel,15.42
459,2026-09-03,upgrade,12.94
459,2026-11-17,login,7.7
459,2026-09-25,feature_use,1.88
459,2026-09-28,login,24.92
460,2026-11-03,login,4.17
460,2026-08-22,cancel,23.19
460,2026-06-21,upgrade,23.56
460,2026-09-16,upgrade,14.81
460,2026-11-01,feature_use,2.09
460,2026-06-24,cancel,20.12
460,2026-10-30,login,29.49
460,2026-06-07,login,26.75
461,2026-05-19,login,5.73
461,2026-07-08,login,22.54
461,2026-07-10,upgrade,14.76
461,2026-03-18,login,26.47
461,2026-05-17,feature_use,24.47
461,2026-05-26,cancel,22.67
461,2026-04-26,login,1.97
461,2026-05-11,login,15.62
461,2026-04-15,login,29.3
461,2026-07-28,feature_use,12.16
461,2026-07-06,login,17.55
461,2026-06-01,login,10.0
461,2026-08-01,login,17.21
461,2026-05-16,login,20.19
461,2026-03-08,cancel,16.37
461,2026-05-23,upgrade,18.22
462,2027-01-08,feature_use,15.32
462,2027-04-22,login,21.63
462,2027-01-04,feature_use,6.97
462,2027-01-19,feature_use,2.71
462,2026-12-26,feature_use,3.34
462,2027-01-16,cancel,16.54
462,2026-12-29,upgrade,11.65
462,2027-04-23,upgrade,25.69
462,2027-04-14,upgrade,8.72
462,2027-02-21,upgrade,15.2
462,2027-02-28,feature_use,9.49
462,2027-01-04,cancel,6.9
462,2027-01-05,login,26.72
462,2027-02-16,login,4.55
462,2027-04-22,feature_use,28.06
462,2027-01-27,upgrade,7.56
462,2027-04-03,feature_use,2.39
462,2027-04-15,feature_use,2.19
462,2026-11-03,upgrade,15.03
462,2027-01-23,upgrade,17.46
462,2027-01-26,cancel,14.79
462,2027-01-18,feature_use,26.73
462,2027-02-28,upgrade,12.52
462,2027-04-24,cancel,13.72
462,2026-10-29,upgrade,8.85
462,2026-12-03,feature_use,17.11
462,2027-04-06,cancel,1.96
463,2026-10-12,upgrade,14.38
463,2026-09-02,upgrade,25.73
463,2026-10-13,feature_use,4.09
463,2026-10-09,upgrade,23.82
463,2026-07-13,login,1.68
463,2026-08-07,cancel,24.36
463,2026-06-30,login,2.78
463,2026-09-06,upgrade,9.18
463,2026-05-05,upgrade,19.56
463,2026-05-19,login,11.61
463,2026-09-03,feature_use,20.37
463,2026-09-24,feature_use,21.32
463,2026-05-30,feature_use,28.08
464,2026-12-21,login,1.4
464,2026-12-16,cancel,5.19
464,2027-01-11,feature_use,13.42
464,2027-02-28,cancel,16.56
464,2026-11-29,feature_use,22.63
464,2026-11-25,login,17.9
464,2027-03-03,feature_use,4.76
464,2027-01-01,cancel,5.48
465,2027-02-06,upgrade,13.68
465,2026-12-05,login,2.65
465,2027-03-14,cancel,21.25
465,2027-03-26,cancel,26.26
465,2027-02-04,feature_use,24.1
465,2026-12-05,cancel,9.82
465,2027-03-20,feature_use,29.62
465,2027-03-26,feature_use,23.96
465,2026-11-25,login,26.91
465,2027-04-17,upgrade,1.28
465,2027-03-19,cancel,15.65
465,2026-12-08,login,19.87
465,2027-04-10,feature_use,16.69
465,2027-03-11,cancel,9.8
465,2027-05-17,feature_use,19.63
465,2027-01-26,upgrade,6.42
465,2027-04-14,feature_use,13.76
465,2026-12-27,login,23.22
465,2027-04-19,cancel,8.29
465,2027-05-04,feature_use,13.3
465,2027-02-28,upgrade,7.6
465,2027-04-08,feature_use,6.16
465,2027-01-17,login,7.76
465,2027-01-21,cancel,15.47
466,2027-03-13,upgrade,5.58
466,2026-11-06,cancel,5.72
466,2026-10-30,feature_use,6.18
466,2026-12-15,cancel,23.6
466,2027-02-17,upgrade,2.75
466,2027-01-03,feature_use,28.08
466,2027-04-15,login,5.97
466,2027-02-03,feature_use,16.83
466,2027-03-01,feature_use,5.38
466,2027-02-24,upgrade,2.23
466,2027-03-17,login,17.02
466,2027-04-12,feature_use,26.21
466,2027-03-05,upgrade,22.92
466,2027-04-25,cancel,10.71
466,2026-12-11,upgrade,28.93
466,2026-11-25,feature_use,26.77
466,2027-03-27,login,11.65
466,2027-03-08,feature_use,19.38
466,2027-04-02,upgrade,10.05
466,2027-02-24,feature_use,26.36
466,2027-01-06,upgrade,17.43
466,2026-12-12,cancel,24.76
467,2026-04-19,cancel,2.85
467,2026-07-16,upgrade,3.42
467,2026-08-02,cancel,7.41
467,2026-09-01,feature_use,28.48
467,2026-06-30,feature_use,8.96
467,2026-04-09,cancel,8.36
467,2026-06-16,feature_use,16.84
467,2026-04-08,feature_use,13.38
467,2026-06-03,feature_use,20.91
467,2026-03-18,cancel,25.77
467,2026-05-05,feature_use,25.28
467,2026-03-21,feature_use,8.81
467,2026-08-24,feature_use,20.11
467,2026-07-09,login,20.21
467,2026-05-12,login,25.2
467,2026-04-04,login,5.93
467,2026-08-15,cancel,16.39
467,2026-03-27,feature_use,26.65
467,2026-06-22,login,20.46
467,2026-04-26,upgrade,8.53
468,2026-03-20,upgrade,25.75
468,2026-07-17,login,17.07
468,2026-05-21,login,20.03
468,2026-06-06,cancel,7.1
468,2026-04-13,login,11.51
468,2026-05-28,login,7.02
468,2026-04-13,cancel,17.12
468,2026-05-08,upgrade,23.66
468,2026-06-24,cancel,12.63
468,2026-05-08,cancel,14.51
468,2026-07-29,login,27.27
468,2026-06-01,cancel,1.03
468,2026-03-23,upgrade,3.86
468,2026-07-17,cancel,24.9
469,2026-12-04,login,22.74
469,2026-10-26,cancel,12.27
469,2026-09-05,feature_use,26.05
469,2027-01-12,cancel,19.66
469,2026-11-26,feature_use,14.46
469,2026-09-26,upgrade,24.17
469,2027-01-10,login,15.75
469,2026-08-29,upgrade,22.6
469,2026-12-28,cancel,3.18
469,2026-11-29,feature_use,15.89
469,2026-12-08,login,11.77
469,2026-11-01,cancel,3.9
469,2026-12-08,feature_use,28.72
469,2026-12-14,feature_use,7.2
469,2027-01-10,login,7.6
469,2026-12-29,upgrade,3.78
469,2026-10-06,login,19.59
469,2026-09-28,upgrade,29.45
469,2027-01-24,feature_use,5.49
469,2027-01-22,login,21.17
469,2026-12-02,upgrade,22.67
469,2026-09-16,cancel,8.01
469,2026-08-02,login,26.69
469,2027-01-07,login,5.85
469,2026-11-13,login,27.14
469,2026-10-31,feature_use,7.82
469,2027-01-24,login,2.15
470,2026-10-07,cancel,11.13
470,2026-08-19,login,9.25
470,2026-11-18,upgrade,5.34
470,2027-01-01,upgrade,5.86
470,2026-11-10,cancel,11.81
470,2026-08-27,feature_use,5.51
470,2026-08-31,login,12.01
470,2026-09-02,feature_use,8.76
470,2026-10-19,feature_use,23.66
470,2027-01-31,upgrade,22.32
470,2026-12-09,login,3.38
470,2026-08-15,feature_use,7.55
470,2026-12-18,login,6.4
470,2027-01-18,feature_use,5.01
470,2026-12-28,cancel,23.8
471,2026-11-23,cancel,10.9
471,2026-09-24,login,17.42
471,2026-09-30,cancel,10.17
471,2026-09-14,feature_use,27.73
471,2026-08-20,feature_use,12.92
471,2026-08-07,cancel,20.54
471,2026-06-15,feature_use,22.74
471,2026-06-29,cancel,3.23
471,2026-09-28,feature_use,18.68
471,2026-10-19,login,1.4
472,2026-11-18,feature_use,17.51
472,2026-09-19,feature_use,27.97
472,2026-12-09,feature_use,23.43
472,2026-08-26,login,17.39
472,2026-07-06,upgrade,12.63
472,2026-07-05,login,20.76
472,2026-12-09,cancel,5.22
472,2026-10-10,upgrade,5.29
472,2026-08-27,feature_use,18.41
472,2026-07-27,login,16.54
472,2026-09-30,upgrade,18.48
472,2026-08-11,feature_use,3.09
472,2026-08-16,cancel,1.23
472,2026-10-11,login,2.71
472,2026-11-12,upgrade,24.94
473,2026-05-17,cancel,5.69
473,2026-08-13,upgrade,27.77
473,2026-08-03,login,24.37
473,2026-07-14,upgrade,9.16
473,2026-07-08,upgrade,10.47
473,2026-09-10,feature_use,9.41
473,2026-09-01,feature_use,5.17
473,2026-09-06,cancel,11.93
473,2026-07-27,feature_use,15.89
473,2026-09-03,feature_use,25.45
473,2026-09-06,feature_use,26.29
473,2026-09-09,login,21.64
474,2027-02-14,upgrade,7.22
474,2027-01-09,feature_use,28.25
474,2027-02-15,login,17.25
474,2027-01-07,cancel,14.46
474,2026-11-22,feature_use,16.86
474,2027-05-13,login,11.43
474,2027-03-20,login,2.89
474,2026-11-24,login,14.21
474,2027-02-14,cancel,29.5
474,2026-12-19,cancel,4.99
474,2026-12-13,feature_use,21.17
474,2026-12-08,upgrade,15.74
474,2027-04-21,upgrade,19.31
474,2027-04-19,login,2.81
474,2027-05-06,feature_use,11.73
474,2027-03-31,login,2.57
474,2027-04-20,upgrade,11.09
474,2027-05-17,feature_use,19.48
474,2027-04-12,upgrade,23.67
474,2027-03-28,cancel,24.48
474,2027-03-09,login,3.79
474,2027-03-22,upgrade,10.41
475,2026-08-17,login,13.34
475,2026-07-22,cancel,5.82
475,2026-06-04,feature_use,3.76
475,2026-09-04,feature_use,6.59
475,2026-07-13,feature_use,20.15
475,2026-08-30,upgrade,19.61
475,2026-07-28,feature_use,29.93
475,2026-06-24,feature_use,14.5
475,2026-07-28,login,24.36
475,2026-03-18,upgrade,19.8
475,2026-08-30,upgrade,20.08
475,2026-04-28,feature_use,19.15
475,2026-04-15,upgrade,2.96
475,2026-03-18,feature_use,20.5
475,2026-08-28,upgrade,21.93
475,2026-08-26,upgrade,12.55
475,2026-08-22,cancel,5.11
476,2026-10-31,cancel,4.8
476,2026-07-15,feature_use,29.72
476,2026-11-07,cancel,5.64
476,2026-06-03,login,7.68
476,2026-10-02,cancel,20.93
476,2026-09-03,upgrade,27.15
476,2026-10-17,cancel,6.74
476,2026-06-14,feature_use,10.43
476,2026-09-27,upgrade,28.82
476,2026-09-23,cancel,6.64
476,2026-06-13,login,24.07
476,2026-08-29,cancel,9.19
476,2026-07-28,login,13.99
476,2026-08-12,cancel,17.52
476,2026-07-14,upgrade,10.41
476,2026-05-20,upgrade,21.08
476,2026-10-01,upgrade,13.67
476,2026-10-25,feature_use,6.69
476,2026-08-20,login,20.25
476,2026-05-17,feature_use,23.88
476,2026-11-12,login,14.77
477,2027-02-17,cancel,28.26
477,2027-03-19,feature_use,4.56
477,2027-05-26,upgrade,9.33
477,2027-03-11,login,27.51
477,2027-04-18,login,26.62
477,2027-06-08,feature_use,17.12
477,2026-12-24,login,4.05
477,2027-04-24,login,27.63
477,2026-12-26,login,11.81
477,2027-05-07,cancel,19.58
477,2027-03-31,cancel,23.55
477,2027-03-31,cancel,19.23
477,2027-01-18,login,4.42
477,2026-12-25,cancel,18.05
477,2027-06-18,login,16.24
477,2027-02-03,login,16.11
477,2027-01-10,cancel,24.86
477,2027-03-08,login,23.5
478,2026-06-01,cancel,25.47
478,2026-07-15,cancel,25.08
478,2026-08-25,upgrade,22.41
478,2026-05-15,login,11.86
478,2026-03-07,feature_use,27.34
478,2026-04-02,login,13.44
478,2026-05-28,login,14.11
478,2026-06-04,login,4.75
478,2026-06-17,feature_use,14.71
478,2026-05-04,cancel,25.73
478,2026-03-04,upgrade,5.85
478,2026-08-27,cancel,4.51
478,2026-04-10,login,14.74
478,2026-08-12,upgrade,13.07
478,2026-07-07,login,15.63
478,2026-05-11,cancel,15.72
478,2026-06-28,upgrade,14.43
478,2026-08-12,upgrade,29.48
478,2026-05-28,feature_use,9.97
478,2026-06-06,cancel,18.86
478,2026-03-02,feature_use,18.45
478,2026-03-23,cancel,15.96
478,2026-06-12,cancel,11.3
479,2027-01-13,upgrade,25.97
479,2027-02-16,cancel,8.74
479,2026-10-29,feature_use,29.39
479,2027-01-29,upgrade,27.65
479,2027-02-02,feature_use,25.03
479,2027-02-14,login,14.48
479,2026-10-22,upgrade,6.18
479,2026-11-24,login,23.08
479,2026-11-09,cancel,25.18
479,2027-03-25,feature_use,2.29
479,2026-12-26,login,11.74
479,2026-12-22,cancel,27.97
479,2026-12-30,login,3.97
479,2027-04-06,cancel,1.33
479,2026-10-24,upgrade,26.17
479,2027-01-25,login,9.94
479,2026-12-27,login,6.26
479,2026-10-26,login,10.96
479,2027-02-22,feature_use,7.92
479,2026-12-15,feature_use,4.95
479,2026-12-25,login,7.98
479,2027-03-06,upgrade,2.02
479,2027-04-07,feature_use,29.76
480,2026-10-03,upgrade,23.43
480,2026-12-04,feature_use,9.75
480,2026-11-11,cancel,23.5
480,2026-11-04,login,5.07
480,2027-01-24,upgrade,19.1
480,2026-12-20,feature_use,10.31
480,2026-10-15,upgrade,2.87
480,2026-12-03,cancel,24.18
480,2026-09-01,upgrade,26.25
480,2026-10-30,upgrade,25.12
480,2027-01-21,upgrade,17.7
480,2027-01-07,login,2.47
480,2026-11-24,feature_use,12.2
480,2026-10-02,upgrade,5.44
480,2026-12-11,cancel,24.1
480,2026-09-06,feature_use,24.46
481,2026-09-10,feature_use,10.02
481,2027-01-15,upgrade,28.27
481,2027-01-30,cancel,3.45
481,2027-01-15,feature_use,20.9
481,2026-09-12,cancel,5.92
481,2026-11-12,cancel,1.29
482,2026-08-24,feature_use,12.5
482,2026-05-24,feature_use,10.26
482,2026-04-01,feature_use,26.73
482,2026-06-29,upgrade,8.17
482,2026-05-11,upgrade,1.87
482,2026-08-20,cancel,27.5
482,2026-08-26,feature_use,24.49
483,2027-04-03,upgrade,8.73
483,2027-02-02,feature_use,8.1
483,2027-01-07,feature_use,10.8
483,2026-12-31,login,19.75
483,2027-05-03,cancel,22.63
483,2027-05-25,login,2.51
483,2026-12-16,login,10.26
483,2027-02-15,login,14.81
483,2027-02-13,cancel,22.39
483,2026-12-14,login,26.61
483,2027-05-02,feature_use,10.36
483,2027-02-21,login,6.15
483,2027-04-12,login,22.91
483,2027-03-17,login,19.46
483,2026-12-24,feature_use,28.29
483,2027-01-12,cancel,3.87
483,2027-01-21,cancel,24.31
483,2026-12-05,feature_use,28.84
484,2026-06-26,cancel,25.03
484,2026-05-16,feature_use,7.23
484,2026-06-22,login,18.54
484,2026-06-15,login,10.4
484,2026-08-19,login,15.24
484,2026-06-10,upgrade,4.96
484,2026-07-07,cancel,14.18
484,2026-08-26,upgrade,22.01
484,2026-03-28,login,16.77
484,2026-07-03,cancel,28.32
485,2026-07-19,upgrade,10.41
485,2026-05-04,cancel,28.62
485,2026-09-03,feature_use,4.62
485,2026-08-20,upgrade,19.02
485,2026-06-08,cancel,24.82
485,2026-08-06,feature_use,8.13
485,2026-08-04,login,21.49
485,2026-05-24,feature_use,5.11
485,2026-04-06,feature_use,19.58
485,2026-04-22,upgrade,22.69
485,2026-09-15,upgrade,2.5
485,2026-08-31,cancel,28.59
485,2026-05-04,login,3.11
485,2026-08-16,upgrade,21.97
485,2026-08-12,upgrade,10.32
485,2026-05-14,feature_use,13.04
485,2026-07-12,feature_use,3.78
485,2026-06-22,login,20.97
485,2026-08-08,feature_use,23.01
485,2026-03-21,cancel,26.73
485,2026-09-11,upgrade,1.5
485,2026-08-01,cancel,1.01
486,2027-02-22,login,7.36
486,2026-12-20,login,25.92
486,2027-01-15,upgrade,16.65
486,2026-12-19,upgrade,23.49
486,2027-02-12,upgrade,8.28
486,2026-12-21,feature_use,10.28
486,2026-11-24,upgrade,27.15
486,2026-11-18,upgrade,21.24
486,2026-10-11,upgrade,16.01
486,2027-03-11,login,2.78
486,2027-01-22,upgrade,6.42
486,2027-02-17,upgrade,7.51
486,2027-01-27,cancel,26.99
486,2026-11-06,feature_use,4.45
486,2027-03-22,upgrade,13.0
486,2026-12-17,upgrade,16.55
486,2026-12-17,login,13.08
486,2026-12-19,login,27.86
486,2027-03-22,cancel,5.36
486,2027-01-03,upgrade,21.3
486,2026-12-23,login,6.73
486,2027-02-06,login,16.14
486,2027-03-05,upgrade,5.12
486,2027-02-04,feature_use,16.63
487,2027-03-25,upgrade,23.48
487,2027-04-14,upgrade,27.49
487,2026-11-23,upgrade,3.36
487,2026-11-25,cancel,11.16
487,2027-03-06,cancel,6.88
487,2027-02-08,upgrade,28.48
487,2027-03-30,feature_use,9.56
487,2026-12-04,cancel,17.47
487,2027-02-07,cancel,25.43
487,2027-04-08,feature_use,19.92
487,2026-11-08,login,24.65
487,2027-01-12,cancel,11.79
487,2027-03-06,login,6.52
487,2027-04-06,upgrade,4.05
487,2027-03-11,upgrade,9.19
487,2027-01-28,feature_use,1.49
487,2027-01-19,upgrade,20.75
487,2027-03-02,login,18.39
487,2027-01-01,upgrade,21.97
487,2027-04-16,cancel,15.92
487,2026-11-03,feature_use,20.36
487,2027-04-21,upgrade,2.34
487,2027-02-24,login,25.13
487,2027-02-19,login,29.73
487,2027-03-27,login,28.69
487,2027-04-14,feature_use,19.37
488,2026-05-26,feature_use,14.03
488,2026-07-25,feature_use,24.49
488,2026-06-13,login,23.15
488,2026-05-12,upgrade,2.07
488,2026-06-29,upgrade,18.38
488,2026-06-26,upgrade,24.16
488,2026-07-06,cancel,3.17
488,2026-06-11,upgrade,16.29
488,2026-08-04,feature_use,20.2
489,2026-12-29,cancel,29.74
489,2027-02-21,login,10.89
489,2027-04-03,feature_use,10.49
489,2027-03-02,feature_use,18.4
489,2026-12-04,upgrade,13.07
489,2027-02-23,cancel,22.61
489,2027-05-07,feature_use,6.86
489,2027-01-06,login,13.47
489,2026-12-08,cancel,6.21
489,2027-01-12,feature_use,9.68
489,2027-04-28,login,14.0
489,2026-12-22,feature_use,15.89
489,2027-02-14,feature_use,13.89
489,2027-01-13,feature_use,9.71
489,2027-05-15,login,2.64
489,2026-12-19,upgrade,20.86
489,2027-03-25,login,22.43
489,2027-05-15,upgrade,23.95
489,2027-04-20,feature_use,26.01
489,2027-02-05,login,4.89
489,2027-02-28,login,15.89
489,2026-12-09,cancel,7.33
489,2027-01-04,upgrade,25.53
489,2026-12-07,feature_use,20.18
489,2027-04-16,upgrade,7.48
489,2027-04-04,login,10.07
489,2027-01-25,upgrade,6.95
490,2026-07-31,upgrade,11.89
490,2026-08-24,login,6.94
490,2026-09-25,cancel,22.56
490,2026-08-22,feature_use,7.06
490,2026-11-20,feature_use,2.98
490,2026-10-28,feature_use,21.87
490,2026-06-20,login,17.84
490,2026-09-15,upgrade,20.53
490,2026-08-06,upgrade,4.5
490,2026-11-13,cancel,25.68
490,2026-11-08,cancel,17.78
490,2026-07-18,feature_use,25.51
490,2026-07-30,login,19.76
490,2026-07-28,login,22.24
490,2026-09-13,upgrade,14.88
490,2026-09-27,feature_use,21.07
490,2026-09-25,login,2.28
490,2026-08-06,cancel,12.16
490,2026-09-12,feature_use,9.55
490,2026-07-03,cancel,7.21
490,2026-09-11,cancel,3.68
490,2026-10-28,login,1.12
490,2026-06-09,cancel,7.97
491,2026-10-28,cancel,4.26
491,2026-11-10,feature_use,28.51
491,2027-01-02,upgrade,18.09
491,2026-10-07,feature_use,25.47
491,2026-08-10,cancel,21.33
491,2026-08-29,feature_use,10.45
491,2027-01-11,upgrade,29.29
491,2026-08-16,cancel,9.38
491,2026-12-13,feature_use,16.64
491,2026-08-13,cancel,18.04
491,2026-10-17,login,19.33
491,2026-10-06,cancel,6.11
491,2026-11-05,upgrade,8.28
491,2027-01-10,feature_use,2.16
491,2026-09-13,upgrade,16.44
491,2026-09-25,feature_use,14.7
491,2026-08-26,cancel,11.05
491,2026-10-15,cancel,14.22
491,2026-08-12,login,12.26
492,2026-11-03,feature_use,5.21
492,2026-11-15,upgrade,25.94
492,2026-11-11,feature_use,14.25
492,2026-12-16,upgrade,27.14
492,2026-11-14,upgrade,21.0
492,2026-07-12,upgrade,7.57
492,2026-09-12,upgrade,14.33
492,2026-10-12,login,24.93
492,2026-12-13,feature_use,10.08
492,2026-11-09,feature_use,3.38
492,2026-11-26,login,17.84
492,2026-07-31,upgrade,21.28
492,2026-10-06,feature_use,23.91
492,2026-08-16,login,4.89
492,2026-12-16,cancel,22.28
492,2026-12-27,upgrade,5.21
492,2026-11-03,cancel,7.05
493,2027-02-06,cancel,11.01
493,2026-12-28,login,9.9
493,2027-02-11,feature_use,26.53
493,2026-09-16,cancel,6.29
493,2026-12-23,upgrade,5.82
493,2026-10-17,cancel,14.84
493,2026-11-20,cancel,9.75
493,2026-11-05,cancel,14.26
493,2026-10-14,upgrade,24.29
493,2026-12-25,feature_use,24.22
493,2026-11-21,login,6.21
493,2026-10-14,login,5.65
493,2027-02-05,upgrade,2.78
493,2026-08-30,cancel,3.11
493,2026-09-07,login,27.03
493,2026-12-04,cancel,28.73
494,2026-02-21,upgrade,7.31
494,2026-03-30,cancel,1.68
494,2026-07-07,upgrade,13.12
494,2026-05-15,cancel,19.86
494,2026-05-24,cancel,13.72
494,2026-06-12,upgrade,21.05
494,2026-05-16,feature_use,29.0
494,2026-06-21,feature_use,20.61
494,2026-04-03,feature_use,8.0
494,2026-04-04,feature_use,11.76
494,2026-04-20,login,29.98
494,2026-04-06,feature_use,10.59
494,2026-05-18,upgrade,8.0
494,2026-02-18,feature_use,12.73
494,2026-01-22,upgrade,23.64
494,2026-01-19,cancel,12.58
494,2026-05-05,upgrade,2.53
494,2026-03-12,login,19.57
494,2026-07-03,login,17.93
494,2026-05-25,upgrade,20.91
494,2026-05-28,login,17.63
494,2026-07-04,login,6.21
494,2026-02-15,login,9.17
494,2026-04-25,feature_use,23.92
494,2026-02-13,cancel,28.29
494,2026-04-17,cancel,18.62
494,2026-06-05,upgrade,14.76
494,2026-05-06,feature_use,22.57
494,2026-06-09,cancel,10.92
495,2026-12-09,feature_use,16.53
495,2027-01-15,upgrade,6.71
495,2026-09-22,feature_use,19.39
495,2026-11-06,login,23.46
495,2026-08-24,upgrade,16.63
495,2026-11-03,login,2.07
495,2026-12-16,login,12.24
495,2027-01-05,upgrade,11.71
495,2026-10-16,feature_use,27.14
495,2026-08-25,feature_use,4.77
495,2026-11-21,feature_use,4.35
495,2026-12-07,login,16.07
495,2026-10-27,feature_use,21.2
495,2026-12-17,login,9.72
495,2026-09-18,login,14.34
495,2026-12-17,login,14.08
495,2026-10-26,feature_use,16.03
496,2027-04-11,feature_use,27.74
496,2027-01-26,login,2.67
496,2026-11-30,cancel,29.95
496,2026-11-15,login,8.12
496,2027-01-22,login,24.59
496,2026-12-06,upgrade,11.39
496,2027-03-12,upgrade,1.52
496,2027-02-09,feature_use,27.18
496,2027-01-19,cancel,24.97
496,2026-12-22,cancel,7.72
496,2026-12-23,login,21.28
496,2027-02-14,cancel,4.42
497,2027-03-06,upgrade,2.0
497,2027-04-27,cancel,29.28
497,2026-12-26,login,29.91
497,2027-03-22,login,21.61
497,2027-02-24,login,16.79
497,2027-02-28,cancel,21.21
497,2027-01-14,upgrade,26.98
497,2027-01-28,feature_use,15.25
497,2027-01-07,cancel,9.5
498,2026-05-03,cancel,3.85
498,2026-07-19,feature_use,17.68
498,2026-06-20,upgrade,3.82
498,2026-08-26,login,15.39
498,2026-09-01,upgrade,23.39
498,2026-07-02,feature_use,1.15
498,2026-05-27,upgrade,10.76
498,2026-09-14,upgrade,8.71
498,2026-08-05,feature_use,27.57
498,2026-09-07,upgrade,24.87
498,2026-07-11,cancel,19.55
498,2026-05-12,login,15.93
498,2026-10-10,login,29.08
498,2026-07-13,feature_use,20.69
498,2026-08-06,feature_use,4.3
498,2026-06-17,cancel,8.64
498,2026-05-31,cancel,19.43
498,2026-10-09,login,28.78
498,2026-07-08,feature_use,28.85
498,2026-07-06,feature_use,17.68
498,2026-09-17,upgrade,21.51
498,2026-06-16,feature_use,26.0
498,2026-09-11,feature_use,8.36
498,2026-04-20,feature_use,27.01
498,2026-05-15,feature_use,8.26
499,2026-06-08,cancel,2.14
499,2026-06-01,feature_use,27.58
499,2026-09-15,login,2.75
499,2026-07-18,login,22.99
499,2026-11-15,cancel,25.38
499,2026-09-11,feature_use,14.86
499,2026-06-27,feature_use,4.52
499,2026-07-23,login,12.61
499,2026-09-24,login,10.78
499,2026-11-04,cancel,19.02
499,2026-11-03,login,25.78
499,2026-09-24,feature_use,18.26
499,2026-08-23,login,13.45
499,2026-09-17,cancel,12.47
499,2026-08-12,feature_use,22.09
499,2026-07-16,login,16.25
499,2026-08-24,cancel,17.81
499,2026-09-19,cancel,15.36
499,2026-07-09,upgrade,10.03
499,2026-08-23,login,17.97
499,2026-09-04,feature_use,11.9
499,2026-07-17,cancel,8.32
499,2026-10-18,login,26.93
499,2026-07-10,feature_use,9.57
499,2026-07-18,cancel,18.5
499,2026-09-30,cancel,13.74
499,2026-06-19,upgrade,17.83
499,2026-06-22,cancel,5.6
500,2026-12-24,upgrade,9.55
500,2026-08-28,upgrade,21.89
500,2026-09-08,feature_use,8.29
500,2026-11-07,feature_use,19.14
500,2026-08-25,cancel,17.18
500,2026-11-25,feature_use,13.27
500,2026-10-14,upgrade,25.3
500,2027-01-28,cancel,14.84
500,2026-10-31,login,9.19
500,2027-01-31,feature_use,25.01
500,2027-01-03,feature_use,7.64
500,2026-10-20,cancel,6.7
500,2026-10-16,feature_use,21.92
500,2027-02-02,feature_use,7.12
500,2027-01-13,feature_use,5.55
500,2027-01-02,feature_use,13.23
500,2027-01-17,upgrade,26.29
500,2026-12-02,feature_use,13.25
500,2027-01-16,login,9.64
500,2026-08-15,cancel,6.31
501,2026-09-24,upgrade,6.95
501,2026-07-07,upgrade,3.67
501,2026-10-08,login,25.03
501,2026-04-26,upgrade,3.29
501,2026-09-14,upgrade,24.37
501,2026-05-30,login,19.51
501,2026-05-02,feature_use,23.83
501,2026-07-09,feature_use,3.62
501,2026-08-11,upgrade,25.42
501,2026-08-25,upgrade,24.49
501,2026-06-12,upgrade,16.02
501,2026-08-29,cancel,13.02
501,2026-09-12,upgrade,13.41
501,2026-07-31,feature_use,3.35
501,2026-05-01,feature_use,24.13
501,2026-07-29,upgrade,19.26
501,2026-08-18,feature_use,22.97
501,2026-05-21,login,9.48
501,2026-04-26,cancel,23.38
501,2026-05-05,upgrade,25.09
502,2027-03-02,upgrade,16.68
502,2026-11-27,cancel,21.39
502,2027-01-25,upgrade,14.01
502,2027-01-30,login,16.88
502,2026-12-23,cancel,24.88
502,2027-04-20,upgrade,23.55
502,2026-12-14,login,29.08
502,2027-03-28,cancel,16.85
502,2027-02-22,login,10.34
502,2027-03-31,login,27.62
502,2026-11-26,login,14.28
502,2027-01-27,upgrade,25.17
502,2027-02-01,cancel,20.13
502,2026-11-09,login,16.91
502,2026-11-22,feature_use,16.32
502,2027-01-21,cancel,28.01
502,2027-02-20,upgrade,22.65
502,2027-03-01,feature_use,12.4
502,2027-02-05,upgrade,12.42
502,2027-01-04,login,16.52
502,2027-04-13,feature_use,25.21
503,2027-04-18,login,21.02
503,2027-01-26,upgrade,15.76
503,2026-12-27,upgrade,25.13
503,2027-04-01,feature_use,4.21
503,2027-02-05,feature_use,3.97
503,2027-03-29,login,5.25
504,2026-12-03,upgrade,7.22
504,2026-10-25,upgrade,29.86
504,2027-03-20,upgrade,24.19
504,2027-03-05,cancel,3.11
504,2026-12-10,feature_use,25.34
504,2026-12-24,upgrade,27.31
504,2027-03-15,login,29.57
504,2027-03-26,upgrade,10.28
504,2026-12-11,login,10.2
504,2027-04-10,login,4.25
504,2027-02-10,login,20.23
505,2026-03-22,feature_use,1.45
505,2026-07-09,upgrade,15.38
505,2026-04-27,cancel,7.44
505,2026-06-17,upgrade,5.24
505,2026-07-02,feature_use,12.38
505,2026-04-19,upgrade,23.85
505,2026-05-26,upgrade,26.58
505,2026-05-31,login,11.78
506,2026-06-26,cancel,1.06
506,2026-07-24,feature_use,16.04
506,2026-04-13,feature_use,1.15
506,2026-04-04,cancel,27.31
506,2026-04-09,feature_use,9.3
506,2026-07-04,feature_use,24.83
507,2026-06-15,feature_use,23.51
507,2026-02-09,upgrade,13.38
507,2026-03-17,login,4.02
507,2026-03-10,login,5.6
507,2026-03-15,feature_use,7.42
507,2026-05-15,login,8.58
507,2026-03-30,login,15.5
507,2026-04-01,login,27.53
507,2026-01-18,feature_use,15.6
507,2026-02-18,upgrade,8.61
507,2026-05-17,upgrade,27.52
507,2026-01-29,cancel,29.62
507,2026-01-19,upgrade,19.11
507,2026-04-02,cancel,1.81
507,2026-02-04,upgrade,26.75
507,2026-06-17,cancel,4.0
507,2026-04-24,cancel,7.06
508,2026-03-05,login,5.49
508,2026-07-16,login,20.02
508,2026-05-18,login,27.94
508,2026-06-08,login,6.29
508,2026-03-17,upgrade,8.54
508,2026-04-14,login,15.62
508,2026-08-16,upgrade,8.05
508,2026-03-23,cancel,29.85
508,2026-07-28,login,2.95
509,2027-02-27,cancel,9.84
509,2027-04-10,cancel,7.29
509,2027-01-15,feature_use,24.9
509,2026-12-17,login,18.58
509,2027-01-27,feature_use,15.3
510,2026-12-25,cancel,23.18
510,2027-02-01,cancel,4.95
510,2027-02-28,feature_use,9.02
510,2027-02-02,upgrade,19.18
510,2027-06-14,login,9.4
510,2027-02-25,cancel,18.07
510,2026-12-29,feature_use,19.22
510,2027-02-25,login,12.54
510,2027-06-11,cancel,28.71
510,2027-05-06,feature_use,13.21
510,2027-02-05,upgrade,15.41
510,2027-01-01,upgrade,16.6
510,2027-05-01,upgrade,4.97
510,2026-12-26,login,10.05
510,2027-02-01,feature_use,5.43
510,2027-01-23,upgrade,3.1
510,2027-04-20,cancel,13.88
510,2027-05-03,cancel,17.57
510,2027-03-03,upgrade,22.24
511,2026-05-19,feature_use,3.13
511,2026-06-14,login,4.49
511,2026-09-22,login,13.75
511,2026-06-01,cancel,5.37
511,2026-04-15,upgrade,3.73
511,2026-04-28,cancel,17.49
511,2026-07-02,upgrade,4.58
511,2026-09-08,feature_use,15.14
511,2026-09-12,login,4.27
511,2026-09-22,login,27.58
511,2026-09-18,feature_use,28.81
511,2026-06-26,feature_use,9.88
511,2026-07-17,cancel,8.71
511,2026-04-12,upgrade,22.57
511,2026-08-23,login,13.08
511,2026-06-16,feature_use,3.36
511,2026-07-27,feature_use,11.26
511,2026-04-18,feature_use,12.22
511,2026-09-21,cancel,27.82
511,2026-05-05,cancel,19.39
511,2026-08-31,login,13.33
512,2027-04-23,login,21.5
512,2027-03-21,upgrade,18.19
512,2026-11-06,upgrade,20.25
512,2027-01-15,feature_use,19.58
512,2027-03-05,feature_use,10.75
512,2026-11-05,upgrade,13.91
512,2027-02-07,login,9.71
512,2026-12-02,cancel,26.1
512,2027-01-11,login,20.88
512,2026-11-03,upgrade,18.95
512,2027-01-08,feature_use,18.02
512,2027-04-11,cancel,27.2
512,2027-04-13,login,23.02
512,2027-01-28,cancel,24.54
512,2026-12-04,upgrade,21.72
512,2026-12-20,cancel,22.99
512,2027-04-24,cancel,11.73
513,2027-05-28,cancel,23.59
513,2027-04-08,login,6.99
513,2027-04-08,cancel,27.14
513,2027-01-23,cancel,12.5
513,2027-02-10,login,24.55
513,2027-03-21,upgrade,7.03
513,2027-04-25,login,15.35
513,2027-04-20,upgrade,2.46
513,2027-03-25,upgrade,11.85
513,2027-01-24,upgrade,27.06
513,2027-04-02,login,12.5
513,2027-04-06,feature_use,7.58
513,2027-01-22,login,5.07
513,2027-02-19,login,7.31
513,2027-03-16,upgrade,14.9
513,2027-05-25,upgrade,22.54
513,2027-04-18,cancel,4.49
513,2027-05-20,upgrade,24.14
513,2027-04-02,login,27.91
514,2026-05-14,login,1.6
514,2026-03-15,cancel,26.32
514,2026-04-14,login,4.46
514,2026-01-29,login,25.73
514,2026-07-04,cancel,14.43
514,2026-02-15,upgrade,9.63
514,2026-01-11,feature_use,1.2
514,2026-02-23,upgrade,2.97
514,2026-02-26,login,15.26
514,2026-02-25,feature_use,23.76
514,2026-05-31,cancel,24.1
514,2026-04-28,login,5.65
514,2026-04-27,cancel,18.13
515,2026-08-14,upgrade,4.76
515,2026-09-01,feature_use,8.37
515,2026-07-15,login,9.65
515,2026-11-30,cancel,27.81
515,2026-07-12,upgrade,29.06
515,2026-10-18,login,14.35
515,2026-11-24,upgrade,29.69
515,2026-09-23,feature_use,12.97
515,2026-08-09,cancel,19.73
515,2026-07-06,upgrade,1.88
515,2026-12-28,login,1.87
515,2026-07-29,feature_use,3.43
515,2026-11-21,feature_use,28.97
515,2026-09-27,cancel,12.41
515,2026-10-09,upgrade,3.39
515,2026-08-04,feature_use,17.49
515,2026-10-24,upgrade,27.33
516,2026-05-09,upgrade,27.32
516,2026-03-01,login,12.55
516,2026-05-31,login,24.91
516,2026-02-07,upgrade,19.9
516,2026-05-02,upgrade,13.44
516,2026-03-05,upgrade,19.64
516,2026-03-17,cancel,5.44
516,2026-02-25,cancel,25.34
516,2026-05-16,upgrade,3.32
516,2026-07-07,login,26.23
516,2026-03-03,upgrade,28.78
516,2026-02-17,login,27.15
516,2026-06-13,login,17.53
516,2026-01-24,feature_use,22.1
516,2026-03-21,feature_use,6.0
517,2026-08-12,feature_use,7.23
517,2026-07-26,feature_use,29.17
517,2026-05-23,cancel,20.8
517,2026-09-22,upgrade,15.62
517,2026-07-12,feature_use,20.96
517,2026-10-28,login,1.11
517,2026-10-08,upgrade,9.83
517,2026-08-12,upgrade,17.54
517,2026-08-06,feature_use,15.78
517,2026-09-28,login,24.69
517,2026-05-26,cancel,25.55
517,2026-09-13,cancel,20.09
517,2026-06-02,feature_use,18.26
517,2026-08-09,feature_use,18.82
517,2026-09-13,upgrade,21.16
517,2026-05-22,login,27.59
517,2026-09-02,feature_use,17.67
517,2026-06-09,upgrade,2.03
517,2026-07-10,feature_use,1.34
517,2026-10-20,login,24.01
517,2026-08-23,login,11.17
517,2026-08-26,upgrade,4.08
517,2026-05-20,login,25.62
517,2026-10-22,upgrade,2.45
517,2026-05-10,feature_use,23.6
517,2026-09-14,feature_use,14.59
517,2026-07-06,feature_use,25.56
518,2026-04-04,login,26.21
518,2026-08-30,feature_use,7.56
518,2026-08-08,login,25.47
518,2026-09-14,cancel,8.57
518,2026-06-13,upgrade,28.82
518,2026-06-14,feature_use,3.08
518,2026-09-03,cancel,5.12
518,2026-08-06,upgrade,4.01
518,2026-07-30,feature_use,1.2
518,2026-05-09,cancel,21.62
518,2026-07-27,feature_use,25.94
519,2026-09-11,cancel,11.23
519,2026-11-16,login,29.94
519,2026-09-19,cancel,9.0
519,2026-09-23,feature_use,18.51
519,2026-09-25,login,25.32
520,2026-10-12,upgrade,24.19
520,2026-11-06,feature_use,12.05
520,2026-10-17,upgrade,29.44
520,2026-11-16,upgrade,14.26
520,2026-10-15,login,27.86
520,2026-09-18,cancel,21.96
520,2026-08-08,upgrade,7.97
520,2026-11-08,upgrade,28.11
520,2026-11-18,login,11.14
520,2026-09-12,upgrade,12.02
520,2026-08-27,feature_use,6.04
520,2026-12-13,feature_use,29.57
520,2026-08-15,upgrade,3.5
520,2026-09-28,feature_use,9.69
520,2026-11-02,cancel,24.68
520,2026-11-25,feature_use,24.57
520,2026-10-23,cancel,7.38
520,2026-10-20,upgrade,25.85
520,2026-10-17,login,13.05
520,2026-10-06,feature_use,1.78
520,2026-11-28,login,3.46
520,2026-07-13,upgrade,20.8
521,2026-07-23,upgrade,23.96
521,2026-08-24,cancel,24.86
521,2026-07-16,login,2.82
521,2026-05-29,cancel,20.83
521,2026-07-23,cancel,4.45
521,2026-06-18,feature_use,9.63
521,2026-07-09,login,10.32
521,2026-08-26,login,10.43
521,2026-08-27,upgrade,25.83
521,2026-07-21,cancel,23.23
521,2026-06-26,upgrade,28.97
521,2026-03-24,cancel,6.26
521,2026-03-29,feature_use,20.07
521,2026-07-11,upgrade,1.57
521,2026-05-11,upgrade,29.99
521,2026-06-18,cancel,24.4
521,2026-06-10,cancel,28.03
521,2026-07-14,cancel,27.68
521,2026-07-20,feature_use,8.46
521,2026-06-21,cancel,20.13
521,2026-07-31,feature_use,22.6
521,2026-07-28,upgrade,21.15
521,2026-04-06,cancel,17.36
521,2026-04-13,feature_use,12.65
522,2026-10-19,upgrade,6.72
522,2026-08-14,cancel,14.24
522,2026-10-07,login,27.55
522,2026-12-23,login,21.38
522,2026-09-14,cancel,19.47
522,2026-09-23,cancel,16.42
522,2026-10-30,cancel,9.08
522,2026-08-05,upgrade,3.53
522,2026-11-07,feature_use,19.73
522,2026-09-23,upgrade,17.09
522,2026-09-09,cancel,18.2
522,2026-11-26,cancel,9.95
522,2026-11-16,cancel,25.45
522,2026-09-22,feature_use,11.21
522,2026-07-29,cancel,10.1
523,2026-11-24,cancel,23.27
523,2027-04-17,upgrade,21.61
523,2026-11-01,upgrade,16.77
523,2026-12-05,cancel,26.27
523,2027-02-14,cancel,15.86
523,2026-11-01,upgrade,20.58
523,2027-01-16,login,23.16
523,2027-03-26,cancel,26.78
523,2026-11-07,login,24.1
523,2026-12-07,upgrade,18.9
523,2026-11-22,cancel,25.99
523,2026-11-01,feature_use,28.58
523,2027-04-07,login,1.97
523,2026-10-28,feature_use,17.03
523,2027-01-28,upgrade,22.41
523,2026-10-31,upgrade,10.99
523,2027-02-28,login,14.15
523,2027-02-22,feature_use,26.56
523,2027-03-29,feature_use,9.27
523,2027-01-23,upgrade,1.36
523,2027-02-14,feature_use,13.01
523,2027-02-21,feature_use,12.96
523,2027-03-24,feature_use,8.56
523,2027-01-28,login,10.21
523,2027-01-30,login,7.19
523,2027-03-01,login,25.06
523,2027-04-12,cancel,20.66
524,2026-07-24,upgrade,13.13
524,2026-09-15,cancel,27.01
524,2026-10-19,feature_use,2.35
524,2026-08-17,login,2.85
524,2026-11-06,upgrade,3.23
524,2026-07-27,login,21.79
524,2026-12-20,feature_use,6.18
524,2026-08-06,feature_use,29.28
524,2026-07-25,login,3.91
524,2026-07-28,feature_use,7.05
524,2026-11-15,login,15.07
524,2026-11-05,cancel,22.51
524,2026-07-26,cancel,28.7
524,2026-11-05,upgrade,28.07
524,2026-09-22,upgrade,8.3
524,2026-10-28,upgrade,15.77
524,2026-09-14,login,13.47
524,2026-08-13,upgrade,29.1
524,2026-09-14,feature_use,23.94
524,2026-09-03,login,7.38
524,2026-10-18,upgrade,3.73
525,2026-09-02,feature_use,7.83
525,2026-05-22,feature_use,22.48
525,2026-09-01,cancel,6.31
525,2026-08-20,cancel,24.0
525,2026-10-10,upgrade,14.82
525,2026-06-12,cancel,23.95
525,2026-07-18,upgrade,20.66
525,2026-04-29,login,20.86
525,2026-04-18,login,12.22
525,2026-07-25,upgrade,24.08
525,2026-10-12,upgrade,16.97
525,2026-08-21,login,25.94
525,2026-10-02,cancel,4.85
525,2026-04-24,cancel,26.67
525,2026-06-23,upgrade,14.48
525,2026-09-13,login,9.65
525,2026-09-05,upgrade,4.46
525,2026-09-11,feature_use,10.39
525,2026-09-23,cancel,11.7
525,2026-07-09,feature_use,17.48
525,2026-07-26,login,14.16
526,2026-01-07,feature_use,28.6
526,2026-04-30,cancel,3.19
526,2026-05-21,login,9.49
526,2026-04-03,upgrade,2.87
526,2026-06-18,login,12.17
526,2026-01-07,upgrade,24.76
526,2026-02-03,cancel,22.49
526,2026-03-14,feature_use,14.45
526,2026-05-21,cancel,4.58
526,2026-04-16,upgrade,6.62
526,2026-04-15,login,22.94
526,2026-05-28,upgrade,2.88
526,2026-02-02,feature_use,22.54
526,2026-05-05,cancel,7.09
526,2026-05-15,login,27.93
526,2026-01-15,cancel,2.85
526,2026-02-11,upgrade,16.01
526,2026-06-16,cancel,17.58
526,2026-04-07,login,8.05
526,2026-03-20,login,13.64
526,2026-02-11,login,20.42
526,2026-06-21,upgrade,18.74
526,2026-03-30,feature_use,5.22
526,2026-05-27,upgrade,2.23
526,2026-06-11,upgrade,24.05
526,2026-02-11,feature_use,3.04
526,2026-02-06,upgrade,13.17
527,2026-12-18,feature_use,18.7
527,2026-10-15,feature_use,21.28
527,2026-10-13,login,2.83
527,2027-01-25,login,1.08
527,2027-01-24,feature_use,15.75
527,2027-01-11,login,4.05
527,2026-11-22,cancel,23.31
527,2026-10-31,login,7.46
527,2026-11-04,feature_use,3.73
527,2026-10-12,upgrade,14.34
527,2026-10-08,cancel,13.47
527,2026-08-25,cancel,20.98
527,2027-01-15,upgrade,7.12
527,2026-11-22,login,8.05
528,2026-12-21,login,20.15
528,2027-05-29,login,16.57
528,2027-04-24,cancel,24.49
528,2027-03-13,feature_use,11.6
528,2027-02-23,cancel,12.3
528,2027-04-04,upgrade,8.02
528,2027-02-27,upgrade,5.39
528,2027-01-25,cancel,28.92
528,2026-12-31,login,3.94
528,2027-01-20,feature_use,4.24
528,2027-02-26,login,9.41
528,2027-01-05,upgrade,13.51
528,2027-04-09,login,13.36
528,2027-03-29,feature_use,13.93
528,2027-05-07,login,19.21
528,2026-12-19,upgrade,26.0
528,2027-01-21,feature_use,26.54
529,2026-06-24,cancel,21.73
529,2026-03-19,feature_use,1.93
529,2026-06-06,feature_use,4.13
529,2026-06-18,feature_use,14.53
529,2026-04-02,upgrade,8.7
529,2026-01-26,feature_use,26.34
529,2026-04-13,feature_use,24.38
529,2026-03-26,feature_use,26.95
529,2026-05-15,cancel,7.22
529,2026-07-02,cancel,20.76
529,2026-01-21,feature_use,19.82
529,2026-05-03,login,22.0
529,2026-03-15,login,16.59
529,2026-04-29,login,15.68
530,2026-06-25,feature_use,3.6
530,2026-05-25,feature_use,10.02
530,2026-05-26,feature_use,21.1
530,2026-06-09,login,18.95
530,2026-04-25,cancel,14.97
530,2026-08-15,cancel,26.13
530,2026-07-19,login,6.38
530,2026-09-24,feature_use,7.26
530,2026-05-27,feature_use,4.28
530,2026-08-26,upgrade,25.3
530,2026-04-27,login,17.02
530,2026-08-08,login,5.79
530,2026-08-28,upgrade,17.67
530,2026-09-01,feature_use,7.41
530,2026-05-12,upgrade,11.08
530,2026-05-17,feature_use,18.92
530,2026-07-28,cancel,25.67
530,2026-04-26,upgrade,13.45
530,2026-07-06,feature_use,4.11
531,2026-05-06,login,16.85
531,2026-07-04,upgrade,16.02
531,2026-03-11,upgrade,19.18
531,2026-04-23,upgrade,2.95
531,2026-06-06,cancel,13.91
531,2026-04-14,login,14.18
531,2026-05-28,cancel,27.63
531,2026-03-14,login,9.85
531,2026-08-16,feature_use,17.77
531,2026-07-26,upgrade,5.75
531,2026-08-09,upgrade,4.81
531,2026-04-07,cancel,7.82
531,2026-08-15,cancel,15.97
531,2026-04-15,feature_use,6.0
531,2026-06-20,login,11.75
531,2026-03-14,cancel,6.15
531,2026-03-25,feature_use,23.45
531,2026-04-17,login,13.0
531,2026-08-19,cancel,19.89
531,2026-03-15,upgrade,19.65
531,2026-05-13,login,14.22
531,2026-08-23,feature_use,3.21
531,2026-06-04,feature_use,6.44
532,2027-01-08,upgrade,1.15
532,2026-09-20,feature_use,6.11
532,2026-10-17,cancel,19.94
532,2027-01-19,login,17.62
532,2026-11-25,cancel,27.63
533,2026-09-15,login,18.95
533,2026-07-12,upgrade,23.22
533,2026-04-03,upgrade,6.09
533,2026-07-08,feature_use,20.57
533,2026-06-12,login,22.51
533,2026-08-22,cancel,28.47
534,2026-09-02,login,15.3
534,2026-12-03,upgrade,29.69
534,2026-10-18,cancel,16.23
534,2026-08-15,cancel,27.95
534,2026-09-08,feature_use,25.3
534,2026-10-31,cancel,27.67
534,2026-10-20,upgrade,5.25
534,2026-07-22,upgrade,24.04
535,2026-02-24,upgrade,21.78
535,2026-03-07,login,5.91
535,2026-04-10,login,13.52
535,2026-06-02,login,19.03
535,2026-02-23,cancel,4.57
535,2026-04-30,upgrade,25.78
535,2026-02-16,login,1.3
535,2026-06-15,feature_use,26.58
535,2026-05-27,login,9.88
535,2026-04-27,feature_use,15.68
535,2026-02-22,upgrade,12.55
535,2026-03-10,upgrade,2.0
535,2026-07-03,cancel,14.56
535,2026-02-23,upgrade,8.83
535,2026-04-22,feature_use,5.26
535,2026-05-07,upgrade,12.61
536,2026-10-21,login,6.85
536,2026-10-23,feature_use,19.9
536,2026-11-24,login,24.77
536,2026-11-08,cancel,1.54
536,2026-08-25,cancel,27.04
536,2026-12-25,cancel,3.83
536,2026-12-05,cancel,5.34
536,2026-09-12,cancel,22.41
536,2026-10-29,feature_use,11.92
536,2026-11-17,feature_use,16.88
536,2026-12-30,feature_use,21.32
536,2027-01-23,feature_use,18.97
536,2026-12-07,cancel,4.8
536,2026-10-15,cancel,26.18
536,2026-11-02,cancel,12.46
536,2026-11-03,feature_use,9.3
536,2026-09-04,upgrade,16.42
537,2026-10-28,upgrade,24.73
537,2026-11-17,cancel,20.95
537,2026-10-23,upgrade,16.72
537,2026-06-30,login,25.51
537,2026-10-12,login,22.21
537,2026-11-29,feature_use,9.25
537,2026-08-26,upgrade,1.6
537,2026-07-15,upgrade,25.9
537,2026-09-15,cancel,9.22
537,2026-11-08,upgrade,28.68
537,2026-10-07,login,13.04
537,2026-10-12,login,9.74
537,2026-07-20,upgrade,27.13
537,2026-10-18,cancel,21.63
537,2026-10-04,upgrade,16.04
537,2026-12-06,upgrade,10.01
537,2026-12-08,feature_use,20.77
537,2026-06-28,upgrade,3.31
537,2026-08-25,login,2.13
537,2026-07-27,upgrade,19.61
537,2026-07-10,cancel,6.25
537,2026-07-06,upgrade,24.22
537,2026-07-29,upgrade,6.14
537,2026-07-02,upgrade,29.04
537,2026-09-06,cancel,14.29
537,2026-08-30,login,15.35
537,2026-10-10,upgrade,9.17
538,2026-04-04,login,23.81
538,2026-05-25,cancel,28.9
538,2026-06-13,feature_use,11.75
538,2026-05-16,login,25.77
538,2026-06-09,login,22.09
538,2026-04-13,cancel,17.52
539,2027-03-06,login,17.59
539,2027-03-11,cancel,12.26
539,2027-05-10,feature_use,6.89
539,2027-04-30,login,28.85
539,2027-04-03,upgrade,7.59
539,2027-01-13,login,18.86
539,2027-06-08,cancel,17.01
539,2027-04-21,cancel,25.3
539,2027-01-20,cancel,11.48
539,2027-03-24,feature_use,25.59
539,2027-05-09,feature_use,23.36
539,2027-03-13,cancel,13.15
539,2026-12-14,upgrade,16.17
539,2027-01-27,upgrade,1.73
539,2027-04-12,login,12.0
539,2027-04-02,feature_use,3.68
539,2027-03-27,feature_use,23.74
539,2027-04-25,upgrade,18.63
539,2026-12-17,login,2.69
539,2027-05-01,login,21.37
539,2027-05-11,login,1.76
539,2027-04-27,cancel,10.92
539,2027-03-29,feature_use,2.41
539,2027-04-16,cancel,22.62
539,2027-03-05,feature_use,12.28
539,2027-01-24,feature_use,29.81
539,2027-05-11,feature_use,22.98
539,2027-05-20,login,3.07
539,2027-06-11,feature_use,24.17
540,2026-07-07,cancel,21.14
540,2026-07-19,cancel,10.97
540,2026-05-31,feature_use,29.45
540,2026-04-18,cancel,12.56
540,2026-07-07,feature_use,15.13
540,2026-07-11,upgrade,16.81
540,2026-06-23,cancel,11.62
540,2026-05-17,cancel,21.97
540,2026-03-30,cancel,27.66
540,2026-05-20,login,9.76
540,2026-06-26,login,23.08
540,2026-07-03,upgrade,4.2
540,2026-08-06,login,9.9
540,2026-06-13,upgrade,16.61
540,2026-03-05,cancel,6.8
540,2026-05-11,feature_use,20.09
540,2026-07-03,feature_use,8.17
540,2026-04-12,upgrade,28.64
540,2026-05-15,cancel,3.13
540,2026-07-05,login,24.17
540,2026-04-09,feature_use,13.89
540,2026-08-21,feature_use,12.07
540,2026-08-08,login,18.98
540,2026-06-07,cancel,26.69
540,2026-05-07,upgrade,2.05
540,2026-08-07,feature_use,4.74
541,2026-03-23,upgrade,19.97
541,2026-05-30,upgrade,9.72
541,2026-02-26,cancel,5.39
541,2026-06-24,upgrade,20.74
541,2026-02-28,feature_use,22.31
541,2026-04-06,cancel,22.86
541,2026-03-21,cancel,3.5
541,2026-03-16,upgrade,8.55
541,2026-04-06,feature_use,10.52
541,2026-05-10,upgrade,9.13
541,2026-05-16,upgrade,26.76
541,2026-04-27,feature_use,11.72
541,2026-03-05,login,8.17
541,2026-05-15,cancel,21.94
541,2026-03-10,cancel,24.82
541,2026-05-18,login,23.58
541,2026-04-05,cancel,18.01
541,2026-03-05,upgrade,25.07
541,2026-03-01,cancel,16.6
541,2026-02-13,cancel,25.6
541,2026-07-08,cancel,16.96
541,2026-07-17,upgrade,5.54
541,2026-04-11,upgrade,4.66
541,2026-02-23,feature_use,21.84
541,2026-01-24,login,26.97
541,2026-02-24,cancel,3.96
541,2026-03-24,upgrade,11.42
542,2026-08-22,feature_use,3.24
542,2026-09-04,cancel,29.37
542,2026-10-10,cancel,15.59
542,2026-08-21,cancel,1.84
542,2026-09-03,cancel,22.38
542,2026-09-07,upgrade,15.39
542,2026-07-02,login,5.78
542,2026-05-16,cancel,25.19
542,2026-07-13,login,1.46
542,2026-06-06,login,7.63
542,2026-05-08,login,11.33
542,2026-09-05,cancel,27.55
542,2026-08-16,feature_use,2.43
542,2026-06-20,login,9.52
542,2026-05-18,login,14.97
542,2026-08-02,login,20.14
542,2026-05-19,upgrade,16.11
542,2026-06-02,feature_use,17.71
542,2026-05-03,login,20.05
542,2026-07-18,cancel,2.74
542,2026-05-22,feature_use,10.77
542,2026-09-16,upgrade,10.93
542,2026-05-07,login,13.39
542,2026-05-30,feature_use,8.92
543,2027-03-05,feature_use,11.47
543,2027-02-01,login,16.85
543,2027-03-29,login,9.88
543,2026-12-09,upgrade,26.72
543,2027-03-18,login,27.48
543,2027-02-25,feature_use,15.86
543,2026-12-17,cancel,8.12
543,2027-03-24,upgrade,27.85
543,2027-03-20,login,27.16
543,2026-10-17,login,16.62
543,2026-10-21,upgrade,19.54
543,2027-03-05,feature_use,9.47
543,2027-03-25,login,26.54
543,2027-03-24,cancel,16.36
543,2026-11-25,upgrade,23.26
543,2026-12-29,upgrade,3.1
544,2026-07-22,login,17.31
544,2026-07-10,cancel,16.14
544,2026-05-12,upgrade,8.66
544,2026-08-03,feature_use,1.13
544,2026-05-13,cancel,13.03
544,2026-07-09,upgrade,16.65
544,2026-05-29,login,1.24
544,2026-07-06,cancel,14.86
544,2026-07-02,login,27.45
544,2026-08-14,cancel,21.23
544,2026-02-24,login,7.19
544,2026-07-02,login,29.76
545,2026-09-29,cancel,13.16
545,2026-10-16,cancel,6.74
545,2026-10-19,upgrade,14.68
545,2026-08-27,cancel,20.92
545,2026-06-10,cancel,25.71
545,2026-06-20,feature_use,26.84
545,2026-05-22,login,17.9
545,2026-06-18,cancel,20.63
545,2026-07-01,login,24.81
545,2026-07-29,upgrade,3.91
545,2026-05-28,upgrade,18.9
545,2026-07-02,feature_use,13.0
545,2026-08-17,upgrade,15.02
545,2026-10-13,upgrade,6.08
545,2026-08-17,cancel,4.7
545,2026-08-03,upgrade,14.27
545,2026-08-08,login,3.79
545,2026-07-26,login,26.78
545,2026-09-28,feature_use,14.52
545,2026-08-08,cancel,25.86
545,2026-08-27,login,21.5
545,2026-05-18,cancel,2.44
545,2026-06-04,login,14.15
545,2026-09-15,feature_use,4.07
545,2026-10-13,login,18.98
545,2026-05-30,upgrade,28.34
545,2026-10-15,cancel,29.22
545,2026-08-19,feature_use,1.85
545,2026-06-17,upgrade,25.78
546,2027-01-29,upgrade,17.66
546,2026-11-20,cancel,2.75
546,2027-03-11,cancel,15.98
546,2026-12-29,upgrade,16.0
546,2027-02-10,upgrade,28.97
546,2027-01-20,feature_use,22.87
546,2026-10-09,cancel,20.45
546,2027-02-02,upgrade,11.68
546,2027-01-15,login,23.33
546,2026-12-03,feature_use,2.28
546,2026-11-20,feature_use,4.76
546,2026-11-18,upgrade,25.21
546,2027-02-14,feature_use,23.9
546,2026-10-18,login,6.43
546,2026-12-13,feature_use,8.2
546,2027-02-03,feature_use,13.49
546,2026-09-19,cancel,6.11
546,2027-02-13,login,1.08
546,2026-12-14,login,4.34
546,2026-11-15,upgrade,29.0
547,2026-07-17,feature_use,5.5
547,2026-08-11,upgrade,29.67
547,2026-06-06,login,7.51
547,2026-07-02,cancel,1.97
547,2026-09-04,feature_use,5.48
547,2026-06-02,upgrade,10.32
547,2026-08-10,upgrade,27.94
547,2026-05-18,upgrade,27.35
547,2026-08-11,upgrade,8.84
547,2026-08-15,feature_use,19.23
547,2026-08-18,upgrade,20.59
547,2026-04-06,upgrade,2.18
547,2026-05-22,upgrade,11.07
547,2026-08-18,login,24.24
548,2026-06-25,cancel,10.1
548,2026-06-01,login,2.51
548,2026-06-16,upgrade,7.62
548,2026-04-24,upgrade,20.43
548,2026-03-15,cancel,20.94
548,2026-07-16,feature_use,1.2
548,2026-06-12,login,12.46
548,2026-06-12,cancel,23.59
548,2026-03-12,cancel,21.07
549,2026-07-05,login,10.6
549,2026-03-30,feature_use,29.68
549,2026-05-12,login,2.79
549,2026-05-24,cancel,23.52
549,2026-04-16,upgrade,15.41
549,2026-04-05,login,24.62
549,2026-06-08,upgrade,10.23
549,2026-05-19,upgrade,18.9
549,2026-07-01,cancel,8.44
549,2026-04-19,feature_use,18.4
549,2026-04-20,cancel,12.7
549,2026-04-18,login,10.49
549,2026-07-24,feature_use,21.67
549,2026-06-04,login,28.12
549,2026-04-14,feature_use,19.32
549,2026-08-29,login,1.47
549,2026-07-26,feature_use,5.63
549,2026-07-19,upgrade,12.14
550,2026-10-07,cancel,5.06
550,2026-09-09,cancel,12.39
550,2026-06-17,cancel,13.63
550,2026-06-14,login,11.63
550,2026-09-14,feature_use,28.0
550,2026-05-08,upgrade,26.74
550,2026-05-20,cancel,29.29
550,2026-08-17,upgrade,9.74
550,2026-08-23,login,1.23
550,2026-08-11,login,28.35
550,2026-07-23,feature_use,18.93
550,2026-09-30,upgrade,3.14
550,2026-06-13,feature_use,18.69
550,2026-07-23,feature_use,28.62
550,2026-07-21,upgrade,13.44
550,2026-07-09,upgrade,15.32
550,2026-06-21,cancel,5.79
550,2026-05-06,login,26.7
550,2026-06-08,login,23.71
550,2026-07-24,login,27.24
550,2026-08-14,feature_use,26.76
550,2026-06-11,login,25.8
550,2026-09-05,login,1.81
550,2026-06-01,upgrade,27.98
551,2027-01-27,login,6.21
551,2027-01-18,feature_use,24.17
551,2026-10-04,feature_use,3.19
551,2026-09-02,upgrade,21.52
551,2027-01-14,cancel,3.6
551,2027-01-09,cancel,1.07
551,2026-09-18,cancel,9.9
551,2027-01-07,feature_use,9.94
551,2026-09-09,feature_use,28.06
551,2026-10-17,feature_use,6.9
551,2027-01-16,cancel,21.09
551,2026-09-24,feature_use,21.35
551,2026-10-18,upgrade,27.96
552,2026-07-04,login,16.95
552,2026-06-17,feature_use,1.74
552,2026-09-05,feature_use,8.24
552,2026-09-10,cancel,16.5
552,2026-09-05,cancel,19.59
552,2026-09-14,login,2.24
552,2026-05-24,login,16.93
552,2026-04-09,feature_use,24.12
552,2026-09-07,login,29.76
552,2026-08-30,login,3.4
552,2026-06-07,upgrade,25.28
552,2026-08-03,upgrade,10.78
552,2026-05-05,login,10.46
552,2026-08-02,upgrade,16.65
552,2026-05-06,upgrade,21.87
552,2026-06-28,feature_use,23.73
552,2026-04-30,cancel,2.3
552,2026-05-21,upgrade,15.58
552,2026-05-23,upgrade,14.94
552,2026-07-16,feature_use,2.23
552,2026-05-23,login,25.76
552,2026-04-25,cancel,12.85
552,2026-09-07,upgrade,16.38
552,2026-06-05,login,23.63
552,2026-07-16,cancel,27.78
553,2027-01-30,login,6.48
553,2026-12-16,upgrade,5.04
553,2026-12-29,login,1.95
553,2027-03-27,upgrade,23.97
553,2027-01-24,login,29.9
553,2027-01-12,login,20.89
553,2027-04-02,feature_use,4.7
553,2027-05-26,feature_use,6.98
553,2027-04-06,login,10.92
553,2027-05-15,upgrade,4.91
553,2027-03-15,feature_use,27.91
553,2027-02-09,cancel,14.05
553,2027-01-25,upgrade,4.11
553,2027-03-21,login,11.67
554,2027-02-05,upgrade,29.3
554,2026-12-11,login,1.07
554,2027-04-12,login,11.08
554,2027-01-29,upgrade,26.66
554,2027-01-07,upgrade,11.65
554,2027-03-22,cancel,8.92
554,2027-02-02,cancel,17.86
554,2027-01-19,cancel,9.67
554,2027-04-29,login,4.87
554,2027-01-11,upgrade,17.24
554,2026-12-30,login,1.65
554,2027-03-28,cancel,19.51
554,2026-11-27,feature_use,19.21
554,2027-01-19,cancel,15.09
554,2027-03-03,feature_use,7.89
554,2027-01-16,cancel,27.19
554,2027-01-15,upgrade,11.53
554,2026-12-29,feature_use,11.98
554,2027-03-09,upgrade,13.07
554,2026-12-04,feature_use,17.87
554,2026-12-06,login,3.45
554,2026-11-08,login,27.19
554,2027-02-03,login,14.06
554,2027-01-04,upgrade,9.74
555,2027-05-11,cancel,8.08
555,2027-04-10,upgrade,15.4
555,2027-03-22,feature_use,20.1
555,2026-12-27,upgrade,7.63
555,2026-12-04,login,7.14
555,2027-05-15,upgrade,3.48
555,2026-12-21,cancel,19.98
555,2027-03-14,cancel,21.97
555,2027-04-18,login,14.39
555,2026-12-07,upgrade,6.97
555,2027-05-09,feature_use,9.54
555,2027-02-01,feature_use,3.75
555,2027-05-02,cancel,28.23
555,2027-01-18,feature_use,22.67
555,2027-02-19,feature_use,3.32
555,2027-02-26,feature_use,7.39
555,2027-02-16,feature_use,26.45
555,2027-01-13,login,1.98
555,2026-12-02,login,7.05
555,2027-04-21,upgrade,17.5
555,2027-01-23,login,22.7
555,2027-03-29,upgrade,13.96
555,2027-02-03,login,13.64
555,2027-01-19,login,3.96
555,2027-04-10,upgrade,7.07
555,2027-04-20,upgrade,10.41
555,2027-04-08,cancel,16.3
556,2027-05-12,login,10.22
556,2027-04-21,upgrade,7.34
556,2027-04-09,upgrade,19.52
556,2027-03-26,cancel,22.85
556,2027-01-31,cancel,24.58
556,2027-02-04,login,27.83
556,2027-01-13,upgrade,25.44
556,2027-03-01,login,12.37
556,2027-03-02,upgrade,23.2
556,2027-03-10,login,4.65
556,2026-12-05,feature_use,9.28
556,2027-04-29,upgrade,13.3
556,2027-05-14,upgrade,2.29
556,2027-05-08,login,5.86
556,2026-12-04,feature_use,24.27
556,2026-12-23,feature_use,6.32
556,2027-01-02,cancel,26.68
556,2027-01-30,upgrade,21.83
556,2026-12-09,login,20.85
556,2026-12-12,login,26.88
557,2026-05-21,upgrade,18.86
557,2026-08-13,upgrade,9.59
557,2026-05-09,cancel,21.7
557,2026-09-24,login,18.64
557,2026-09-18,cancel,6.79
557,2026-07-27,cancel,1.54
557,2026-09-06,upgrade,15.62
557,2026-06-27,feature_use,16.36
557,2026-06-27,upgrade,2.0
557,2026-09-02,cancel,27.4
557,2026-10-07,cancel,23.25
557,2026-09-23,feature_use,20.56
557,2026-06-25,upgrade,20.84
557,2026-10-08,login,28.63
557,2026-10-09,feature_use,24.55
557,2026-07-28,cancel,14.36
557,2026-07-03,feature_use,16.04
557,2026-04-21,login,2.59
557,2026-09-19,feature_use,25.22
557,2026-04-24,cancel,12.18
557,2026-07-02,cancel,11.19
557,2026-04-30,cancel,5.46
557,2026-05-08,login,19.91
558,2026-09-19,feature_use,10.91
558,2027-01-14,upgrade,21.61
558,2026-12-13,cancel,15.04
558,2026-09-08,login,5.97
558,2026-08-29,upgrade,10.67
558,2027-01-13,login,11.71
558,2026-10-06,login,8.02
558,2026-10-01,login,24.89
558,2026-08-18,feature_use,20.53
558,2026-10-29,login,24.2
558,2026-09-09,cancel,21.77
558,2026-11-21,feature_use,8.55
558,2027-01-10,login,27.91
558,2026-10-11,upgrade,15.35
558,2026-09-26,login,21.38
558,2026-09-30,login,17.27
558,2026-12-03,cancel,9.3
558,2027-02-08,feature_use,11.96
558,2026-12-19,upgrade,2.74
558,2026-09-30,upgrade,13.68
559,2027-01-15,login,6.81
559,2027-03-17,feature_use,29.04
559,2026-12-14,upgrade,15.12
559,2027-01-10,cancel,8.62
559,2027-04-26,upgrade,29.0
559,2027-02-23,cancel,2.18
559,2027-04-25,cancel,23.4
560,2026-08-11,feature_use,27.26
560,2026-05-08,login,10.47
560,2026-04-27,upgrade,10.65
560,2026-08-02,login,21.62
560,2026-06-21,cancel,17.18
560,2026-03-16,upgrade,23.28
560,2026-08-15,login,28.34
560,2026-03-27,login,25.4
560,2026-05-30,feature_use,28.94
560,2026-04-16,cancel,29.08
560,2026-05-06,feature_use,15.8
560,2026-04-16,login,10.33
560,2026-05-07,login,27.8
560,2026-06-13,cancel,25.48
561,2026-04-30,cancel,18.91
561,2026-04-20,cancel,14.06
561,2026-06-05,upgrade,17.54
561,2026-08-19,cancel,17.64
561,2026-07-27,cancel,2.71
561,2026-09-13,feature_use,13.85
561,2026-08-13,upgrade,26.41
561,2026-08-29,login,13.53
561,2026-06-29,cancel,5.4
562,2026-05-06,feature_use,27.44
562,2026-09-02,cancel,26.49
562,2026-07-25,cancel,15.34
562,2026-06-20,upgrade,23.43
562,2026-04-06,login,1.78
562,2026-09-14,login,8.79
562,2026-06-07,upgrade,5.95
562,2026-09-17,upgrade,13.69
562,2026-09-07,cancel,10.99
562,2026-06-18,upgrade,23.8
562,2026-08-08,upgrade,16.02
562,2026-09-08,cancel,26.52
562,2026-06-09,feature_use,25.99
562,2026-04-11,login,15.92
562,2026-08-30,feature_use,27.3
562,2026-07-06,upgrade,7.86
562,2026-04-15,upgrade,11.3
562,2026-04-29,upgrade,16.42
562,2026-09-22,upgrade,16.64
562,2026-09-18,cancel,23.96
562,2026-04-20,feature_use,7.35
563,2027-02-14,upgrade,12.05
563,2027-04-05,upgrade,11.97
563,2027-04-22,upgrade,9.64
563,2027-04-12,upgrade,17.4
563,2027-04-16,upgrade,16.42
563,2027-05-08,feature_use,7.26
563,2027-04-02,upgrade,4.77
563,2027-03-17,feature_use,15.51
563,2027-02-19,cancel,15.67
563,2027-01-29,feature_use,13.69
563,2026-12-03,login,28.12
563,2027-04-02,login,21.57
563,2027-03-25,cancel,19.75
563,2027-05-08,upgrade,11.15
563,2026-12-21,cancel,22.72
563,2027-02-03,login,16.22
563,2027-02-21,feature_use,5.97
563,2026-12-08,login,7.02
563,2027-01-02,cancel,27.42
563,2026-11-29,cancel,11.99
563,2027-02-02,upgrade,16.83
563,2027-03-03,feature_use,26.41
563,2027-05-01,login,11.39
563,2026-12-21,upgrade,28.06
563,2027-03-21,upgrade,17.96
563,2027-02-13,cancel,26.16
563,2026-12-30,feature_use,11.07
563,2027-04-07,upgrade,3.51
564,2027-01-23,upgrade,19.01
564,2027-03-31,upgrade,7.83
564,2027-02-10,feature_use,16.79
564,2027-01-15,feature_use,15.13
564,2027-01-16,cancel,29.97
564,2027-01-17,upgrade,2.0
564,2026-12-22,upgrade,21.18
564,2027-03-30,cancel,13.02
564,2027-01-06,cancel,6.69
564,2026-12-29,cancel,26.66
564,2027-02-05,cancel,11.24
564,2027-03-26,login,27.66
564,2027-02-18,cancel,26.4
564,2027-01-16,login,4.7
565,2027-04-15,feature_use,26.36
565,2027-04-12,cancel,21.01
565,2027-02-05,login,1.31
565,2027-04-12,feature_use,24.37
565,2027-03-20,upgrade,20.61
565,2027-01-15,upgrade,15.71
565,2027-05-03,cancel,8.42
565,2027-01-15,cancel,17.21
565,2027-01-08,upgrade,11.24
565,2027-05-02,login,19.43
565,2027-02-24,upgrade,28.41
565,2027-05-13,login,20.99
565,2027-03-31,cancel,7.1
565,2027-04-15,cancel,14.74
565,2027-03-03,cancel,26.25
565,2027-06-04,feature_use,22.88
565,2027-01-09,cancel,14.48
565,2027-04-26,feature_use,6.16
566,2026-08-16,cancel,12.07
566,2026-06-19,feature_use,15.37
566,2026-08-11,cancel,14.29
566,2026-03-22,login,3.17
566,2026-04-03,cancel,27.42
566,2026-04-20,feature_use,4.94
566,2026-05-06,login,12.45
566,2026-07-02,cancel,5.58
566,2026-06-16,feature_use,10.42
566,2026-06-05,upgrade,29.23
566,2026-06-01,login,9.3
567,2026-08-10,cancel,19.25
567,2026-08-09,login,3.44
567,2026-10-22,login,5.91
567,2026-08-22,upgrade,24.05
567,2026-11-16,login,28.97
567,2026-08-21,upgrade,19.63
567,2026-12-12,upgrade,12.36
567,2026-10-19,cancel,28.82
567,2026-09-01,login,15.59
567,2026-10-29,login,26.73
568,2026-12-25,upgrade,9.55
568,2026-10-19,upgrade,20.84
568,2026-11-19,login,18.49
568,2026-10-19,cancel,19.14
568,2027-01-15,feature_use,5.22
568,2027-03-30,upgrade,4.28
568,2026-10-09,cancel,6.33
568,2027-02-09,login,17.24
568,2026-11-17,login,21.86
568,2026-11-21,upgrade,2.64
568,2027-02-12,feature_use,14.71
568,2027-03-05,login,22.16
568,2027-02-01,login,12.65
568,2026-12-10,login,25.42
568,2026-12-14,cancel,12.98
568,2026-10-25,upgrade,11.74
568,2026-12-03,login,28.17
568,2027-02-08,upgrade,24.97
568,2026-10-14,cancel,25.88
568,2026-10-20,feature_use,29.78
569,2026-08-02,cancel,29.86
569,2026-08-05,upgrade,15.92
569,2026-08-09,feature_use,16.59
569,2026-08-04,feature_use,17.1
569,2026-10-14,feature_use,24.03
569,2026-06-20,login,21.33
569,2026-06-03,cancel,9.58
569,2026-09-30,upgrade,1.82
569,2026-08-17,feature_use,29.12
569,2026-05-06,login,15.86
569,2026-09-13,cancel,6.26
569,2026-05-07,upgrade,7.09
569,2026-08-19,feature_use,3.71
569,2026-08-03,login,1.34
569,2026-06-07,login,28.43
569,2026-09-10,feature_use,11.96
569,2026-08-21,login,19.3
569,2026-09-12,login,20.35
569,2026-06-01,upgrade,18.77
569,2026-09-28,cancel,2.96
569,2026-05-14,login,29.46
569,2026-06-21,cancel,7.28
569,2026-06-10,cancel,28.23
569,2026-06-18,upgrade,13.19
569,2026-05-04,login,20.78
570,2026-10-17,cancel,15.81
570,2026-05-22,cancel,11.9
570,2026-06-26,feature_use,29.57
570,2026-09-11,upgrade,10.83
570,2026-08-24,upgrade,10.22
570,2026-07-22,login,23.6
570,2026-08-25,cancel,26.23
570,2026-09-25,feature_use,25.63
570,2026-05-31,cancel,2.72
570,2026-05-19,feature_use,23.29
570,2026-06-09,upgrade,3.8
570,2026-05-31,cancel,4.38
570,2026-07-06,cancel,17.99
570,2026-06-11,cancel,13.49
570,2026-05-18,cancel,14.2
570,2026-08-15,feature_use,17.01
570,2026-06-09,upgrade,22.73
570,2026-08-20,upgrade,23.39
570,2026-09-07,cancel,22.44
570,2026-08-24,login,10.98
570,2026-08-10,cancel,10.17
570,2026-07-07,login,9.77
571,2026-09-21,upgrade,28.17
571,2026-06-05,cancel,3.07
571,2026-06-29,login,29.17
571,2026-06-22,upgrade,2.35
571,2026-08-16,login,2.44
571,2026-06-27,feature_use,19.76
571,2026-06-26,cancel,16.77
571,2026-07-10,login,22.84
571,2026-05-11,login,2.32
571,2026-09-23,cancel,6.3
571,2026-05-09,cancel,28.17
571,2026-05-19,login,17.91
571,2026-07-30,upgrade,4.07
571,2026-08-20,feature_use,9.3
571,2026-04-30,cancel,2.06
571,2026-07-08,login,17.89
571,2026-07-25,feature_use,20.36
571,2026-06-25,feature_use,2.27
571,2026-04-28,feature_use,16.63
571,2026-08-20,login,15.72
572,2026-07-03,login,27.96
572,2026-09-02,cancel,5.83
572,2026-06-29,feature_use,27.2
572,2026-06-25,feature_use,11.17
572,2026-09-19,upgrade,26.94
572,2026-10-17,login,8.12
573,2026-11-07,cancel,22.5
573,2027-01-04,cancel,24.07
573,2027-02-03,cancel,27.36
573,2026-11-04,cancel,14.11
573,2027-04-17,upgrade,22.83
573,2027-01-12,login,8.98
573,2027-01-05,feature_use,17.01
573,2027-04-29,login,3.83
573,2027-03-02,upgrade,25.73
573,2027-04-29,login,5.24
574,2026-12-29,feature_use,24.71
574,2026-09-29,feature_use,28.95
574,2027-01-16,feature_use,5.92
574,2026-12-21,cancel,14.94
574,2026-12-24,login,3.65
574,2026-12-28,cancel,7.51
574,2026-12-17,feature_use,15.77
574,2026-12-21,login,24.1
574,2027-01-16,login,22.21
574,2026-12-23,feature_use,28.04
574,2027-01-24,upgrade,14.34
574,2026-11-05,cancel,1.65
574,2026-10-13,upgrade,20.72
574,2026-10-05,login,15.19
574,2026-10-09,login,6.13
574,2027-02-18,upgrade,19.6
574,2026-12-05,upgrade,28.26
574,2026-12-11,cancel,5.33
574,2026-11-05,upgrade,15.41
574,2027-01-02,cancel,12.9
574,2026-12-26,login,13.58
574,2026-10-19,cancel,8.02
574,2026-09-07,cancel,15.94
574,2026-09-27,upgrade,29.95
574,2027-02-19,cancel,25.29
575,2026-08-31,upgrade,28.02
575,2026-10-18,upgrade,28.48
575,2026-09-20,upgrade,14.48
575,2026-08-24,cancel,7.19
575,2026-11-06,login,18.57
575,2026-12-17,login,2.11
575,2026-12-24,upgrade,6.62
575,2026-08-10,feature_use,1.55
575,2026-10-26,login,9.75
575,2026-08-25,upgrade,9.9
575,2026-09-14,feature_use,22.87
575,2026-08-03,upgrade,28.98
575,2026-12-25,feature_use,18.62
575,2026-11-07,upgrade,11.6
575,2026-12-07,login,6.06
575,2026-11-22,cancel,20.85
575,2026-11-01,upgrade,9.05
575,2026-11-06,login,8.58
575,2026-09-09,login,16.92
575,2027-01-08,feature_use,16.36
575,2026-08-14,login,3.64
576,2027-06-24,cancel,1.67
576,2027-05-24,cancel,27.19
576,2027-05-29,login,20.81
576,2027-04-27,feature_use,20.29
576,2027-03-12,login,1.33
576,2027-06-26,feature_use,29.81
576,2027-03-30,upgrade,6.08
576,2027-02-13,login,8.75
576,2027-05-02,upgrade,3.89
576,2027-01-20,cancel,4.43
577,2026-08-20,upgrade,4.32
577,2026-07-07,cancel,20.78
577,2026-08-20,feature_use,7.15
577,2026-06-16,cancel,5.79
577,2026-05-24,login,20.18
577,2026-08-11,login,2.08
577,2026-06-13,cancel,23.54
577,2026-04-24,login,15.73
577,2026-06-25,feature_use,23.32
577,2026-04-23,upgrade,9.58
577,2026-08-07,feature_use,13.76
577,2026-03-07,upgrade,1.97
577,2026-08-12,cancel,5.46
577,2026-04-20,cancel,10.42
577,2026-05-06,feature_use,13.59
577,2026-08-21,upgrade,17.23
577,2026-04-13,login,25.8
577,2026-06-26,upgrade,18.38
577,2026-03-11,feature_use,9.08
577,2026-07-15,login,24.86
577,2026-04-03,feature_use,24.91
577,2026-08-24,login,5.4
577,2026-04-20,cancel,29.49
577,2026-08-22,upgrade,13.46
578,2026-09-21,cancel,2.92
578,2026-09-17,login,15.4
578,2027-01-04,upgrade,27.19
578,2026-11-28,cancel,16.27
578,2026-11-12,login,1.57
578,2027-01-09,cancel,15.84
578,2026-11-19,upgrade,20.25
578,2026-09-04,cancel,11.74
578,2026-11-04,upgrade,4.81
578,2026-08-31,login,9.99
578,2027-01-03,cancel,2.15
579,2026-10-23,feature_use,16.27
579,2026-10-02,feature_use,8.22
579,2026-12-16,feature_use,19.64
579,2027-01-12,login,5.98
579,2026-09-03,cancel,3.77
579,2026-10-03,upgrade,26.65
580,2026-06-30,cancel,22.55
580,2026-07-31,login,27.74
580,2026-11-03,feature_use,21.57
580,2026-06-18,cancel,20.83
580,2026-11-14,feature_use,29.2
580,2026-07-12,login,5.99
580,2026-06-02,feature_use,21.93
580,2026-10-21,upgrade,15.45
580,2026-09-12,cancel,12.81
580,2026-09-09,feature_use,2.35
581,2027-01-11,feature_use,5.39
581,2026-12-14,upgrade,21.66
581,2027-02-01,login,11.32
581,2026-11-05,login,14.18
581,2026-09-10,upgrade,3.86
581,2026-10-11,cancel,3.11
581,2026-10-30,cancel,18.6
581,2027-01-16,feature_use,2.47
581,2026-11-02,feature_use,18.76
581,2026-10-01,login,8.11
582,2026-06-07,upgrade,22.86
582,2026-07-13,login,13.95
582,2026-09-25,login,25.45
582,2026-11-11,upgrade,2.19
582,2026-08-28,upgrade,29.03
582,2026-11-18,cancel,4.68
582,2026-07-10,upgrade,25.23
582,2026-08-25,feature_use,29.42
582,2026-09-20,cancel,2.27
582,2026-11-14,login,1.6
582,2026-06-30,feature_use,20.3
582,2026-07-19,login,2.49
583,2026-09-04,login,22.57
583,2026-08-23,cancel,23.66
583,2026-06-04,cancel,4.39
583,2026-06-23,login,13.05
583,2026-06-12,cancel,20.65
583,2026-07-30,upgrade,14.1
583,2026-05-14,cancel,8.94
583,2026-07-18,upgrade,4.98
583,2026-06-05,upgrade,7.96
583,2026-06-07,cancel,5.55
583,2026-06-10,login,29.59
583,2026-03-23,upgrade,2.72
583,2026-08-21,cancel,23.27
583,2026-06-03,upgrade,19.05
583,2026-08-14,login,28.29
583,2026-06-02,upgrade,23.29
583,2026-05-15,cancel,28.48
583,2026-07-11,upgrade,5.15
583,2026-03-26,upgrade,8.41
583,2026-06-02,cancel,1.63
583,2026-04-09,login,27.1
583,2026-06-08,cancel,11.8
583,2026-08-05,upgrade,10.0
584,2026-03-13,feature_use,24.83
584,2026-05-04,cancel,2.16
584,2026-02-02,cancel,11.19
584,2026-01-13,upgrade,1.69
584,2026-04-21,login,2.97
584,2026-05-01,login,13.66
584,2026-01-16,upgrade,23.67
584,2026-04-04,feature_use,12.31
584,2026-06-27,upgrade,28.13
584,2026-01-19,upgrade,25.6
584,2026-01-28,login,2.06
584,2026-06-21,login,11.65
584,2026-03-16,feature_use,10.09
584,2026-01-02,upgrade,26.23
584,2026-05-01,feature_use,27.37
584,2026-03-20,feature_use,22.46
585,2026-08-27,feature_use,8.82
585,2026-05-06,login,22.29
585,2026-05-02,feature_use,7.39
585,2026-08-28,feature_use,20.44
585,2026-08-26,login,7.05
585,2026-03-17,cancel,10.98
585,2026-08-23,login,22.93
585,2026-05-11,login,7.75
585,2026-08-14,upgrade,16.49
585,2026-05-05,cancel,21.14
585,2026-08-06,upgrade,13.62
585,2026-07-20,cancel,12.5
585,2026-04-10,login,28.85
585,2026-04-28,cancel,20.51
585,2026-08-10,cancel,13.87
585,2026-05-14,upgrade,10.96
585,2026-05-20,feature_use,12.41
585,2026-08-23,login,26.7
585,2026-08-22,cancel,22.56
585,2026-03-09,upgrade,18.07
585,2026-08-24,feature_use,9.59
585,2026-03-18,login,9.52
585,2026-04-04,feature_use,2.02
585,2026-03-17,upgrade,14.43
585,2026-07-25,feature_use,19.73
585,2026-05-31,feature_use,19.46
585,2026-05-30,upgrade,26.13
586,2027-01-12,feature_use,2.68
586,2026-11-18,feature_use,7.1
586,2027-02-27,feature_use,26.14
586,2027-01-31,login,26.8
586,2026-12-16,cancel,24.51
586,2027-05-14,upgrade,14.54
586,2027-03-14,login,9.48
586,2027-03-03,login,5.35
586,2026-12-13,cancel,17.92
586,2027-01-01,feature_use,28.48
586,2027-02-03,feature_use,21.82
586,2027-02-26,feature_use,14.76
586,2027-03-10,login,13.22
586,2027-02-26,cancel,14.27
586,2027-02-01,login,20.03
586,2026-12-29,login,7.56
586,2027-02-01,cancel,10.07
586,2026-12-17,cancel,10.6
586,2027-03-12,login,8.28
586,2027-03-13,feature_use,2.53
587,2026-11-17,cancel,21.07
587,2026-11-23,login,19.69
587,2026-10-27,feature_use,3.78
587,2026-10-04,upgrade,19.31
587,2027-01-01,upgrade,3.63
587,2026-08-12,cancel,2.98
587,2026-11-23,login,23.14
587,2026-12-04,upgrade,21.12
587,2026-09-07,feature_use,12.11
587,2026-09-10,feature_use,21.06
587,2026-10-03,login,4.26
587,2026-09-11,feature_use,7.43
587,2026-09-15,upgrade,17.51
587,2026-09-03,cancel,14.95
587,2026-12-27,login,5.48
587,2026-09-18,feature_use,20.34
587,2026-08-03,login,7.6
587,2026-12-07,cancel,10.18
587,2026-11-09,upgrade,16.45
587,2026-10-24,cancel,3.82
587,2026-10-17,upgrade,8.87
587,2026-12-04,feature_use,2.5
587,2026-11-05,login,18.44
587,2026-07-15,cancel,1.62
587,2026-09-29,upgrade,15.45
587,2026-10-31,upgrade,8.9
587,2026-10-04,login,14.83
587,2026-09-04,cancel,3.06
587,2026-11-04,upgrade,23.21
588,2026-09-15,login,3.37
588,2026-12-03,login,6.98
588,2026-10-21,feature_use,25.17
588,2026-09-17,login,29.41
588,2026-10-27,feature_use,17.23
588,2026-06-21,cancel,3.42
588,2026-10-22,feature_use,11.42
588,2026-09-02,upgrade,19.97
588,2026-12-11,login,26.4
588,2026-10-10,cancel,5.8
588,2026-10-15,upgrade,19.13
588,2026-08-30,login,8.43
588,2026-07-04,feature_use,27.0
588,2026-07-13,cancel,29.1
588,2026-06-22,upgrade,12.61
588,2026-11-22,feature_use,15.78
588,2026-11-29,upgrade,24.77
588,2026-08-04,cancel,19.57
588,2026-09-24,login,29.57
588,2026-10-24,cancel,21.58
589,2027-01-29,upgrade,19.63
589,2026-12-28,upgrade,10.59
589,2026-12-21,login,24.04
589,2027-04-08,login,29.63
589,2026-12-23,login,15.62
589,2026-12-30,cancel,27.34
589,2027-01-16,upgrade,27.98
589,2027-01-20,cancel,24.6
589,2026-12-13,upgrade,27.28
589,2027-01-06,login,20.93
589,2026-12-14,cancel,24.81
589,2026-12-07,login,1.4
589,2027-04-29,upgrade,11.29
589,2026-12-26,feature_use,17.98
590,2026-11-28,login,22.28
590,2027-03-30,cancel,12.86
590,2026-12-31,cancel,3.79
590,2026-12-05,login,27.51
590,2027-01-02,login,17.58
590,2027-03-18,login,5.49
590,2026-10-10,upgrade,7.77
590,2027-01-25,feature_use,25.49
590,2027-03-11,login,20.1
590,2026-12-16,login,10.43
590,2026-10-26,cancel,17.49
590,2027-03-19,login,13.54
590,2027-03-28,upgrade,14.84
591,2026-10-31,upgrade,10.5
591,2026-10-26,login,16.63
591,2026-11-15,upgrade,27.23
591,2026-11-19,feature_use,24.32
591,2027-03-16,upgrade,27.99
591,2027-01-26,login,7.43
591,2027-02-14,login,6.04
591,2026-12-18,login,10.55
591,2027-04-07,login,3.98
591,2027-04-05,login,17.06
591,2027-02-24,cancel,7.92
591,2026-11-22,upgrade,8.84
591,2027-01-02,login,2.84
591,2027-03-22,cancel,21.32
591,2026-10-20,upgrade,1.19
591,2027-02-02,login,21.68
591,2027-02-04,feature_use,9.15
591,2027-01-29,feature_use,10.04
591,2027-02-03,feature_use,9.94
592,2026-11-15,feature_use,14.95
592,2027-01-14,feature_use,2.35
592,2026-12-06,feature_use,15.0
592,2027-02-17,login,10.95
592,2026-12-15,feature_use,21.49
592,2026-11-20,login,25.77
592,2027-02-25,login,16.02
592,2026-12-23,login,8.56
592,2027-01-31,cancel,15.81
592,2027-02-26,login,29.07
592,2027-03-29,upgrade,10.56
592,2027-04-08,login,4.83
592,2027-03-12,upgrade,2.19
592,2026-10-30,cancel,2.53
592,2027-01-18,login,14.07
592,2026-12-15,cancel,5.92
592,2027-03-30,feature_use,17.23
592,2026-11-21,cancel,23.39
592,2027-01-17,upgrade,14.4
592,2026-10-19,upgrade,20.94
592,2026-11-28,upgrade,14.48
592,2027-04-08,cancel,20.83
592,2026-11-21,login,23.4
592,2026-11-29,feature_use,25.89
592,2026-10-18,login,13.22
592,2027-02-12,upgrade,1.21
593,2026-09-17,feature_use,14.13
593,2026-12-29,upgrade,20.95
593,2027-01-04,upgrade,3.32
593,2027-01-17,upgrade,23.86
593,2026-12-17,cancel,12.48
593,2026-12-22,upgrade,16.26
593,2026-09-09,login,10.44
593,2026-12-02,cancel,2.15
593,2026-10-18,cancel,22.88
593,2026-11-11,login,16.31
593,2026-10-10,feature_use,4.81
593,2026-09-14,feature_use,15.93
593,2026-09-22,feature_use,2.65
593,2026-12-13,upgrade,10.44
593,2026-09-23,cancel,17.05
593,2027-01-06,upgrade,11.67
593,2026-10-23,cancel,12.43
593,2026-11-01,upgrade,4.7
593,2026-11-21,login,26.89
593,2026-10-28,login,24.28
594,2026-05-19,login,4.38
594,2026-03-20,cancel,19.34
594,2026-06-14,login,17.84
594,2026-07-27,cancel,22.49
594,2026-09-13,feature_use,23.22
594,2026-04-20,login,17.91
594,2026-05-05,cancel,2.94
594,2026-04-10,feature_use,9.39
594,2026-06-12,cancel,6.53
594,2026-07-11,login,18.01
595,2026-07-06,upgrade,23.86
595,2026-09-02,feature_use,10.37
595,2026-04-20,login,5.83
595,2026-05-30,login,26.69
595,2026-07-17,feature_use,19.41
595,2026-04-24,cancel,13.14
595,2026-09-13,cancel,27.47
595,2026-04-03,cancel,6.6
595,2026-09-04,cancel,24.02
595,2026-06-22,cancel,29.06
595,2026-05-15,upgrade,2.29
595,2026-08-28,login,19.44
595,2026-09-21,cancel,18.33
595,2026-07-26,login,4.92
595,2026-09-03,login,4.15
595,2026-05-21,cancel,3.01
595,2026-05-15,cancel,5.52
595,2026-07-06,upgrade,23.66
595,2026-05-15,upgrade,17.49
595,2026-06-12,feature_use,20.62
595,2026-06-21,feature_use,5.57
595,2026-08-13,cancel,24.36
595,2026-05-06,login,4.89
595,2026-05-30,cancel,3.88
596,2026-12-04,cancel,22.66
596,2027-04-09,cancel,5.07
596,2027-01-29,login,23.17
596,2027-02-08,feature_use,9.7
596,2027-02-05,feature_use,28.6
596,2027-02-15,upgrade,25.84
596,2027-05-12,cancel,6.18
596,2027-01-05,cancel,4.33
596,2027-04-22,login,4.17
596,2026-12-28,cancel,11.89
596,2027-01-16,login,5.54
596,2026-12-26,login,3.05
596,2027-03-25,upgrade,7.14
596,2027-02-04,upgrade,17.54
596,2027-04-16,feature_use,21.33
597,2027-05-12,cancel,2.03
597,2027-03-20,upgrade,19.76
597,2027-03-15,upgrade,17.18
597,2027-05-21,login,18.71
597,2027-03-07,cancel,15.71
597,2026-12-17,cancel,15.01
597,2027-01-15,upgrade,3.5
597,2027-04-09,upgrade,26.96
597,2027-01-08,login,29.64
597,2026-12-02,feature_use,7.79
597,2027-02-13,cancel,27.07
597,2027-03-13,feature_use,11.86
597,2027-01-23,upgrade,6.81
597,2027-03-05,upgrade,7.2
597,2027-04-03,feature_use,11.29
597,2027-02-28,feature_use,12.16
597,2027-05-09,cancel,17.7
597,2027-04-05,login,6.02
598,2026-05-07,feature_use,29.61
598,2026-06-29,feature_use,22.57
598,2026-07-11,cancel,8.76
598,2026-07-04,feature_use,12.36
598,2026-05-23,cancel,22.27
598,2026-04-15,cancel,24.6
598,2026-05-28,upgrade,3.54
598,2026-05-27,upgrade,17.91
598,2026-03-17,feature_use,15.68
598,2026-08-08,feature_use,28.94
598,2026-04-27,upgrade,11.48
598,2026-06-07,feature_use,3.26
598,2026-07-09,feature_use,13.97
598,2026-04-29,feature_use,13.55
598,2026-07-18,upgrade,22.21
599,2026-06-25,upgrade,24.76
599,2026-03-16,cancel,25.19
599,2026-05-24,feature_use,28.67
599,2026-07-09,cancel,28.1
599,2026-06-23,upgrade,16.0
599,2026-07-24,upgrade,25.09
599,2026-06-08,feature_use,29.25
599,2026-04-17,cancel,8.64
599,2026-03-06,feature_use,11.05
599,2026-04-25,feature_use,25.07
599,2026-06-18,feature_use,29.92
600,2026-08-24,login,26.22
600,2027-01-25,upgrade,12.1
600,2026-11-24,login,14.82
600,2026-12-20,login,9.48
600,2026-09-03,upgrade,11.22
600,2027-01-01,feature_use,17.76
600,2026-09-14,upgrade,21.98
600,2026-11-23,upgrade,25.59
600,2026-11-05,cancel,18.42
600,2026-09-24,feature_use,21.94
600,2026-11-29,upgrade,10.46
600,2026-10-13,cancel,20.9
600,2027-02-10,feature_use,28.32
600,2026-08-30,login,12.8
600,2027-02-01,feature_use,8.6
600,2026-11-15,feature_use,27.93
600,2027-02-12,feature_use,5.84
600,2027-02-16,cancel,23.84
600,2026-11-11,upgrade,26.62
600,2026-10-13,cancel,12.04
600,2026-12-14,upgrade,29.17
600,2026-12-26,login,27.78
600,2026-11-28,feature_use,21.75
600,2026-10-26,cancel,9.9
600,2026-11-07,upgrade,27.53
600,2026-10-01,cancel,5.68
601,2027-03-29,login,9.51
601,2027-05-02,login,15.17
601,2027-04-28,feature_use,10.98
601,2027-03-04,login,11.22
601,2027-04-04,login,7.61
601,2027-04-23,feature_use,20.99
601,2027-03-31,upgrade,3.33
601,2027-03-01,upgrade,25.68
601,2027-06-11,upgrade,27.81
601,2027-04-22,cancel,6.95
601,2027-04-17,cancel,17.1
601,2027-04-15,feature_use,17.29
601,2027-01-19,upgrade,16.46
602,2026-10-17,login,7.25
602,2027-03-17,upgrade,24.03
602,2027-01-09,login,20.18
602,2026-11-28,upgrade,14.83
602,2027-01-13,feature_use,24.74
602,2027-01-14,login,14.25
602,2027-01-01,login,20.62
602,2027-02-25,feature_use,2.73
602,2027-01-12,cancel,3.38
602,2026-10-23,upgrade,6.13
602,2026-12-20,login,26.51
602,2026-10-10,feature_use,12.1
602,2026-10-09,login,17.8
602,2027-02-28,upgrade,19.45
602,2027-03-10,login,24.0
603,2026-08-26,feature_use,3.3
603,2026-09-08,feature_use,23.94
603,2026-07-29,cancel,14.14
603,2026-09-25,login,26.26
603,2026-10-19,login,20.22
603,2026-08-09,login,2.17
603,2026-08-05,upgrade,9.74
603,2026-11-17,login,11.94
603,2026-07-14,feature_use,7.86
603,2026-08-29,cancel,8.25
603,2026-12-13,feature_use,10.46
603,2026-07-12,feature_use,27.13
603,2026-10-27,feature_use,13.3
603,2026-11-11,cancel,27.17
603,2026-08-14,upgrade,10.8
603,2026-09-03,feature_use,27.61
603,2026-08-16,upgrade,10.1
603,2026-07-08,upgrade,20.48
604,2026-11-24,feature_use,28.1
604,2027-01-04,feature_use,17.29
604,2026-08-20,cancel,28.97
604,2027-01-05,cancel,17.41
604,2026-12-07,feature_use,28.82
604,2026-09-05,upgrade,10.21
604,2026-12-11,feature_use,5.87
604,2026-08-31,cancel,23.45
604,2026-09-18,cancel,13.89
604,2026-10-19,login,18.0
604,2026-10-18,cancel,29.62
604,2026-12-10,cancel,22.53
604,2026-11-24,feature_use,21.93
604,2026-11-07,cancel,18.71
604,2027-01-20,cancel,7.64
604,2026-11-16,login,24.33
604,2026-10-11,login,4.9
604,2026-11-17,upgrade,2.5
604,2026-08-16,cancel,23.87
604,2026-09-29,cancel,14.88
604,2027-01-08,login,25.41
604,2026-11-15,login,16.87
604,2026-11-26,login,1.67
604,2026-08-12,login,12.22
605,2026-10-04,upgrade,11.97
605,2026-07-16,login,13.34
605,2026-08-16,upgrade,1.15
605,2026-12-12,upgrade,3.81
605,2026-12-04,login,15.82
605,2026-10-27,feature_use,13.82
605,2026-09-22,upgrade,4.79
605,2026-11-15,feature_use,24.67
605,2026-08-20,feature_use,16.76
605,2026-09-05,feature_use,26.6
605,2026-11-17,login,27.66
605,2026-08-18,upgrade,10.61
605,2026-08-17,login,5.02
605,2026-11-22,login,4.24
605,2026-10-03,feature_use,28.61
605,2026-11-15,cancel,5.85
605,2026-09-12,feature_use,26.19
605,2026-08-29,feature_use,6.51
605,2026-11-07,upgrade,24.29
605,2026-09-15,feature_use,12.57
606,2026-09-23,feature_use,23.54
606,2026-09-23,cancel,24.67
606,2026-10-05,feature_use,25.46
606,2026-09-27,upgrade,22.5
606,2026-06-24,upgrade,19.54
606,2026-07-24,login,26.53
606,2026-07-24,feature_use,22.55
606,2026-06-03,login,16.45
606,2026-09-01,login,1.69
606,2026-07-10,cancel,29.09
606,2026-10-07,cancel,1.54
606,2026-05-03,login,24.57
606,2026-08-08,login,24.81
606,2026-08-26,upgrade,1.9
606,2026-08-22,login,8.96
606,2026-08-18,feature_use,4.72
606,2026-07-05,feature_use,21.57
606,2026-07-07,login,17.72
606,2026-04-29,login,3.39
606,2026-09-18,cancel,25.8
606,2026-06-13,cancel,5.58
606,2026-08-16,login,19.81
607,2026-12-16,feature_use,9.97
607,2027-01-08,cancel,4.75
607,2027-04-15,login,16.31
607,2027-03-18,feature_use,8.89
607,2026-11-07,login,7.89
607,2027-03-20,feature_use,25.2
607,2026-12-16,cancel,8.15
607,2027-04-08,login,6.14
607,2027-02-04,cancel,6.84
607,2027-01-18,upgrade,14.36
607,2027-01-05,upgrade,12.85
607,2026-11-08,cancel,16.8
607,2026-11-20,cancel,13.85
607,2027-03-16,feature_use,8.04
607,2027-04-30,upgrade,29.78
608,2026-07-22,cancel,20.48
608,2026-08-26,upgrade,5.59
608,2026-04-22,feature_use,10.86
608,2026-09-09,cancel,24.89
608,2026-07-21,cancel,28.03
608,2026-09-25,cancel,16.35
608,2026-05-19,login,5.67
608,2026-06-01,upgrade,4.6
608,2026-08-02,feature_use,29.15
608,2026-07-30,cancel,7.31
608,2026-09-04,upgrade,26.41
608,2026-07-08,upgrade,15.8
609,2026-08-23,cancel,29.55
609,2026-10-19,feature_use,21.03
609,2026-09-19,feature_use,24.97
609,2026-06-15,login,27.48
609,2026-06-23,login,22.19
609,2026-07-21,feature_use,3.82
609,2026-07-12,login,1.54
609,2026-09-05,feature_use,7.57
609,2026-08-05,upgrade,29.07
609,2026-06-21,feature_use,29.82
609,2026-07-14,feature_use,28.99
609,2026-08-17,login,10.89
609,2026-11-08,login,25.65
609,2026-07-29,upgrade,9.95
609,2026-08-20,feature_use,28.16
609,2026-08-29,login,12.42
609,2026-08-22,cancel,3.04
609,2026-06-12,cancel,2.33
609,2026-05-26,feature_use,11.35
609,2026-07-27,upgrade,8.03
609,2026-09-14,cancel,9.04
609,2026-07-23,upgrade,2.84
610,2026-09-08,cancel,5.18
610,2026-07-15,feature_use,15.02
610,2026-10-15,upgrade,18.99
610,2026-08-02,cancel,26.54
610,2026-09-15,upgrade,20.49
610,2026-10-01,cancel,13.52
610,2026-09-13,upgrade,12.86
611,2026-07-26,upgrade,15.7
611,2026-06-30,login,9.32
611,2026-07-28,upgrade,22.23
611,2026-03-05,cancel,29.84
611,2026-06-28,cancel,2.82
611,2026-06-09,login,25.76
611,2026-08-21,feature_use,13.45
611,2026-04-07,feature_use,16.67
611,2026-08-06,upgrade,4.89
611,2026-07-08,login,15.97
611,2026-03-16,login,10.61
611,2026-06-25,upgrade,5.95
611,2026-05-29,feature_use,21.18
611,2026-07-19,cancel,29.27
611,2026-06-27,upgrade,26.08
611,2026-08-08,upgrade,19.11
611,2026-05-25,login,16.7
611,2026-03-01,upgrade,20.11
611,2026-08-06,cancel,13.9
611,2026-04-14,upgrade,24.66
611,2026-07-07,feature_use,23.63
611,2026-07-10,feature_use,12.52
611,2026-07-05,upgrade,7.1
611,2026-07-21,cancel,29.53
611,2026-02-24,login,20.13
611,2026-05-31,login,2.81
611,2026-05-02,feature_use,6.59
612,2026-07-28,feature_use,17.36
612,2026-04-25,cancel,6.2
612,2026-04-12,feature_use,9.65
612,2026-04-05,upgrade,9.64
612,2026-04-10,upgrade,3.82
612,2026-07-29,cancel,5.72
612,2026-04-19,feature_use,18.1
612,2026-09-03,cancel,22.21
612,2026-03-11,feature_use,14.84
612,2026-08-04,upgrade,9.67
612,2026-04-17,cancel,4.14
612,2026-03-21,cancel,8.57
612,2026-05-17,feature_use,10.99
612,2026-08-28,login,23.67
612,2026-08-06,feature_use,15.66
612,2026-04-04,upgrade,7.79
612,2026-07-11,login,11.42
613,2026-10-09,cancel,11.9
613,2026-11-24,feature_use,22.37
613,2026-12-23,login,12.35
613,2026-12-12,upgrade,17.63
613,2026-12-05,feature_use,13.14
613,2026-10-30,upgrade,8.54
613,2026-11-28,upgrade,10.42
613,2026-08-07,cancel,3.79
613,2026-10-09,upgrade,26.72
613,2026-12-03,upgrade,6.48
613,2026-11-07,feature_use,24.65
613,2026-09-30,feature_use,19.6
613,2026-10-20,upgrade,21.46
613,2026-07-23,feature_use,25.33
613,2026-08-12,cancel,16.68
613,2026-11-08,cancel,24.21
613,2026-10-23,cancel,5.77
613,2026-08-22,cancel,8.7
613,2026-09-29,login,24.9
613,2026-07-22,cancel,21.04
613,2026-08-25,cancel,27.59
613,2026-07-18,cancel,25.97
614,2027-04-17,upgrade,4.44
614,2027-03-26,cancel,10.18
614,2027-05-07,feature_use,3.6
614,2027-04-10,login,20.6
614,2027-03-25,upgrade,23.6
614,2027-04-05,feature_use,28.92
614,2027-01-08,login,14.95
614,2027-03-04,cancel,6.38
614,2027-03-26,upgrade,26.8
614,2026-12-01,feature_use,23.68
614,2027-01-27,login,23.25
614,2026-12-22,upgrade,15.4
614,2026-12-14,login,9.04
614,2027-03-16,upgrade,29.71
614,2027-02-17,cancel,11.49
614,2027-03-04,upgrade,28.48
614,2026-11-23,login,16.96
614,2027-01-12,login,2.6
614,2027-02-03,upgrade,26.48
614,2027-04-13,feature_use,24.98
614,2027-02-24,login,6.02
614,2027-03-19,cancel,29.04
614,2027-04-24,feature_use,21.15
614,2026-12-03,cancel,15.34
614,2026-12-03,upgrade,17.37
614,2027-04-29,upgrade,22.56
614,2026-12-21,login,13.24
614,2026-12-23,feature_use,9.1
614,2027-04-13,feature_use,18.96
615,2027-01-01,cancel,22.16
615,2027-03-16,feature_use,14.18
615,2027-03-15,login,22.6
615,2027-02-08,login,8.88
615,2027-03-21,upgrade,15.83
615,2027-01-11,upgrade,22.26
616,2026-09-17,login,15.86
616,2026-11-20,cancel,25.07
616,2026-10-18,cancel,2.43
616,2026-09-13,upgrade,21.1
616,2026-10-09,feature_use,5.13
617,2027-01-20,cancel,7.1
617,2027-03-12,cancel,10.81
617,2027-02-17,feature_use,13.1
617,2027-05-16,upgrade,12.67
617,2027-02-01,cancel,27.65
617,2027-06-13,feature_use,9.9
617,2027-01-18,feature_use,16.89
617,2027-01-28,upgrade,13.24
617,2027-05-31,feature_use,23.02
617,2027-03-11,feature_use,15.18
617,2027-03-17,feature_use,4.52
617,2027-01-24,feature_use,1.63
617,2027-05-09,upgrade,17.89
617,2027-02-10,upgrade,24.6
618,2026-09-14,cancel,18.38
618,2026-11-09,login,11.81
618,2026-09-24,cancel,11.95
618,2026-12-17,cancel,3.92
618,2026-11-02,cancel,17.9
618,2026-10-29,login,3.73
618,2026-09-26,login,15.0
618,2026-08-11,login,19.49
619,2026-08-12,cancel,3.5
619,2026-06-26,cancel,5.8
619,2026-06-04,upgrade,9.01
619,2026-08-07,login,25.61
619,2026-04-05,upgrade,29.94
619,2026-07-05,feature_use,1.62
619,2026-05-08,cancel,29.47
619,2026-09-16,upgrade,14.44
619,2026-08-07,login,26.5
619,2026-07-24,cancel,28.78
619,2026-09-07,upgrade,11.81
619,2026-04-26,login,29.78
619,2026-09-27,cancel,10.7
619,2026-07-14,login,3.58
619,2026-08-28,login,12.27
619,2026-08-14,cancel,17.01
619,2026-08-02,cancel,10.14
619,2026-09-20,upgrade,21.09
619,2026-06-23,feature_use,1.09
619,2026-04-11,login,29.22
619,2026-08-25,upgrade,29.68
620,2026-05-17,feature_use,12.03
620,2026-04-12,feature_use,2.75
620,2026-04-03,feature_use,29.1
620,2026-04-23,upgrade,21.22
620,2026-05-24,upgrade,20.04
620,2026-05-28,cancel,9.77
620,2026-01-26,upgrade,27.48
620,2026-03-02,upgrade,16.66
620,2026-05-25,upgrade,23.6
620,2026-03-02,feature_use,1.29
620,2026-04-04,login,3.13
620,2026-02-24,upgrade,8.98
620,2026-04-10,upgrade,13.46
620,2026-06-07,login,12.08
621,2026-06-10,login,26.32
621,2026-06-17,upgrade,9.21
621,2026-08-23,upgrade,2.44
621,2026-07-08,cancel,19.87
621,2026-08-07,upgrade,28.34
621,2026-08-22,cancel,26.84
621,2026-09-22,feature_use,3.72
621,2026-11-24,upgrade,17.22
621,2026-10-01,cancel,27.35
621,2026-08-11,upgrade,20.03
621,2026-11-14,login,29.4
621,2026-07-09,cancel,5.44
621,2026-11-13,cancel,21.67
621,2026-09-22,cancel,3.46
621,2026-09-06,feature_use,9.33
621,2026-07-29,upgrade,24.73
621,2026-10-02,cancel,22.27
621,2026-11-11,login,15.74
621,2026-09-01,feature_use,3.67
621,2026-06-08,upgrade,10.18
621,2026-10-03,cancel,22.92
621,2026-07-19,cancel,6.06
621,2026-09-16,feature_use,21.38
622,2026-08-04,feature_use,25.71
622,2026-11-11,cancel,3.48
622,2026-11-02,cancel,28.32
622,2026-10-06,feature_use,11.88
622,2026-07-21,feature_use,13.95
622,2026-06-27,upgrade,7.95
623,2026-10-24,upgrade,27.89
623,2026-11-17,upgrade,15.26
623,2026-10-26,upgrade,13.15
623,2026-09-12,login,7.41
623,2026-10-19,feature_use,19.91
623,2027-01-19,login,27.22
623,2026-09-21,feature_use,24.38
623,2026-09-25,feature_use,20.68
623,2026-09-21,login,29.35
623,2026-10-26,feature_use,19.95
623,2026-11-18,upgrade,6.47
623,2026-12-14,cancel,27.43
623,2026-12-03,feature_use,26.51
623,2027-01-16,upgrade,8.0
623,2026-11-12,upgrade,26.17
623,2026-10-06,feature_use,15.48
623,2026-09-09,cancel,17.04
623,2026-09-29,cancel,12.12
623,2026-09-07,cancel,15.49
623,2027-02-15,login,3.85
623,2026-12-07,feature_use,27.82
623,2027-02-11,upgrade,27.99
623,2027-02-10,cancel,7.95
623,2027-02-06,feature_use,18.79
624,2026-10-29,login,19.3
624,2026-11-03,feature_use,29.03
624,2027-02-21,feature_use,26.37
624,2026-11-15,login,14.1
624,2026-12-29,feature_use,2.95
624,2026-10-26,cancel,13.25
624,2027-03-29,login,2.41
624,2026-12-13,upgrade,1.54
624,2026-12-28,cancel,14.98
624,2027-03-17,login,1.86
624,2026-12-04,upgrade,14.43
624,2027-01-19,upgrade,23.98
624,2027-04-01,upgrade,3.14
624,2027-03-14,upgrade,13.76
624,2027-01-28,login,29.11
624,2026-12-20,cancel,10.67
624,2027-03-13,cancel,25.7
624,2026-10-27,upgrade,25.33
624,2026-12-15,cancel,5.61
624,2027-02-05,upgrade,24.92
624,2026-12-13,feature_use,7.08
624,2027-02-21,cancel,2.6
625,2026-12-01,cancel,26.01
625,2026-08-21,feature_use,20.38
625,2026-07-25,login,10.67
625,2026-12-08,upgrade,20.55
625,2026-12-22,feature_use,27.63
625,2026-10-04,login,19.04
625,2026-08-23,upgrade,16.08
625,2026-12-06,cancel,2.89
625,2026-08-23,feature_use,23.38
625,2026-08-19,upgrade,4.41
625,2026-12-05,login,24.72
625,2026-10-09,cancel,16.04
625,2026-12-21,feature_use,18.22
625,2026-09-10,upgrade,14.62
625,2026-11-04,upgrade,25.76
625,2026-10-07,login,2.17
625,2026-08-26,login,12.43
625,2026-11-15,cancel,12.11
625,2026-07-30,upgrade,24.43
625,2026-12-17,feature_use,22.88
625,2026-12-29,feature_use,16.74
625,2026-09-25,cancel,24.46
625,2026-08-26,cancel,10.34
625,2026-08-25,upgrade,4.43
625,2026-08-11,cancel,25.33
626,2026-08-30,cancel,9.34
626,2026-07-24,feature_use,22.67
626,2026-08-23,upgrade,13.88
626,2026-10-01,upgrade,25.7
626,2026-09-27,upgrade,8.84
626,2026-12-18,login,16.83
626,2026-12-15,feature_use,26.97
626,2026-10-30,upgrade,29.13
626,2026-11-25,cancel,5.22
626,2026-07-21,login,11.44
626,2026-07-23,login,2.75
626,2026-08-18,cancel,21.48
626,2026-06-29,feature_use,18.35
626,2026-08-18,feature_use,7.95
626,2026-09-23,login,7.11
626,2026-12-06,feature_use,20.85
626,2026-08-06,feature_use,25.19
626,2026-12-19,login,16.8
626,2026-07-13,feature_use,9.52
626,2026-10-20,upgrade,23.94
626,2026-11-26,upgrade,10.97
626,2026-08-15,login,17.69
626,2026-11-20,upgrade,3.35
627,2027-01-05,cancel,27.35
627,2026-11-02,upgrade,25.69
627,2026-12-03,cancel,18.35
627,2027-02-15,upgrade,27.18
627,2027-04-06,feature_use,20.43
627,2027-01-27,cancel,2.25
627,2027-01-31,login,10.02
627,2027-03-31,cancel,21.0
628,2026-10-01,upgrade,10.4
628,2026-09-30,login,20.03
628,2026-10-10,feature_use,22.34
628,2026-11-08,login,29.08
628,2026-07-25,cancel,13.03
628,2026-07-23,login,28.61
628,2026-11-24,upgrade,21.46
628,2026-06-10,login,9.2
629,2026-06-27,upgrade,20.84
629,2026-06-04,cancel,14.27
629,2026-03-25,feature_use,25.24
629,2026-07-17,cancel,24.89
629,2026-06-14,upgrade,1.21
629,2026-04-24,upgrade,14.37
629,2026-08-23,cancel,22.24
629,2026-07-08,feature_use,3.9
630,2026-12-06,feature_use,29.75
630,2026-07-24,upgrade,28.08
630,2026-10-10,upgrade,17.83
630,2026-10-02,feature_use,14.95
630,2026-09-06,login,16.41
630,2026-07-11,login,11.01
630,2026-11-16,upgrade,10.04
630,2026-11-10,feature_use,24.9
630,2026-06-24,feature_use,26.66
630,2026-08-12,login,23.61
630,2026-11-18,upgrade,23.09
630,2026-06-26,feature_use,4.1
630,2026-10-10,upgrade,26.09
630,2026-08-07,feature_use,23.76
630,2026-07-05,upgrade,1.82
631,2027-01-10,cancel,19.12
631,2027-04-29,upgrade,4.21
631,2026-12-23,feature_use,23.83
631,2027-02-21,cancel,16.71
631,2027-03-17,feature_use,28.06
631,2027-03-05,feature_use,27.41
631,2026-12-08,login,20.06
631,2027-02-16,login,4.89
631,2027-03-19,feature_use,28.2
631,2027-03-15,upgrade,2.56
632,2026-08-14,cancel,14.63
632,2026-10-14,feature_use,20.94
632,2027-01-03,login,3.08
632,2026-08-26,upgrade,26.5
632,2026-11-06,feature_use,20.6
632,2026-11-24,feature_use,12.27
632,2026-11-13,upgrade,16.23
632,2026-07-25,cancel,6.48
632,2026-08-01,cancel,8.86
632,2027-01-03,upgrade,23.94
632,2026-11-09,feature_use,4.57
632,2026-12-08,login,25.6
632,2026-09-20,cancel,4.25
632,2026-11-11,cancel,17.58
632,2026-11-03,feature_use,5.73
632,2026-10-17,feature_use,26.29
633,2026-05-17,upgrade,19.55
633,2026-07-28,cancel,5.13
633,2026-04-12,upgrade,6.22
633,2026-03-30,upgrade,10.16
633,2026-07-05,feature_use,10.51
633,2026-08-19,cancel,18.02
633,2026-06-17,cancel,3.35
633,2026-03-06,login,19.1
633,2026-08-07,upgrade,25.28
633,2026-04-24,upgrade,26.19
634,2026-11-30,login,18.41
634,2027-03-08,login,12.38
634,2027-02-11,cancel,14.04
634,2027-03-16,cancel,26.64
634,2027-02-15,login,28.7
634,2027-01-13,upgrade,17.44
634,2027-01-17,login,24.86
634,2027-03-24,login,24.28
634,2026-11-13,upgrade,2.59
634,2027-02-11,login,18.3
634,2027-03-15,feature_use,9.5
634,2027-02-17,cancel,1.67
634,2026-11-19,upgrade,5.3
634,2027-02-20,feature_use,28.3
634,2027-03-02,cancel,25.38
634,2027-04-25,login,18.28
634,2026-12-31,upgrade,23.61
634,2027-01-14,login,28.15
634,2027-04-03,cancel,14.99
635,2026-09-13,cancel,10.83
635,2026-09-12,upgrade,27.65
635,2026-08-03,login,17.77
635,2026-10-17,login,2.31
635,2026-08-15,cancel,17.82
635,2026-10-11,login,16.1
635,2026-11-01,upgrade,11.19
635,2026-10-23,login,1.46
635,2026-11-06,feature_use,2.23
635,2026-09-20,upgrade,26.68
635,2026-07-21,login,17.87
635,2026-06-20,cancel,2.5
635,2026-10-14,login,6.69
635,2026-11-29,upgrade,18.1
635,2026-12-05,feature_use,4.98
635,2026-06-25,cancel,3.11
635,2026-11-19,login,22.06
635,2026-09-25,feature_use,15.37
635,2026-09-21,feature_use,6.84
635,2026-10-12,upgrade,16.04
635,2026-12-03,login,13.44
635,2026-08-08,feature_use,2.18
635,2026-10-04,cancel,14.46
636,2026-03-31,upgrade,18.01
636,2026-08-07,login,11.18
636,2026-04-19,upgrade,12.35
636,2026-06-30,cancel,11.08
636,2026-03-12,login,19.77
636,2026-06-29,cancel,24.79
636,2026-05-31,feature_use,28.81
636,2026-07-06,upgrade,19.44
636,2026-04-21,upgrade,20.98
636,2026-03-02,login,26.74
636,2026-03-12,cancel,29.09
636,2026-04-11,feature_use,6.78
636,2026-04-19,upgrade,22.41
636,2026-08-24,login,15.77
636,2026-03-11,feature_use,20.77
636,2026-05-08,feature_use,28.36
636,2026-06-12,upgrade,25.29
636,2026-03-24,feature_use,29.17
636,2026-04-10,feature_use,27.96
636,2026-07-20,upgrade,14.5
636,2026-07-23,login,29.15
636,2026-04-10,upgrade,22.18
636,2026-07-06,login,4.77
636,2026-06-30,upgrade,11.86
636,2026-04-20,upgrade,28.59
637,2026-09-04,cancel,19.14
637,2026-11-28,login,11.97
637,2026-08-08,login,18.7
637,2026-10-22,cancel,3.06
637,2026-11-23,login,13.62
637,2026-11-28,cancel,13.02
637,2026-06-13,upgrade,1.64
637,2026-07-31,login,19.82
637,2026-07-19,cancel,13.63
637,2026-10-16,upgrade,29.59
637,2026-09-16,upgrade,16.87
637,2026-07-05,login,16.79
637,2026-08-16,upgrade,24.64
638,2026-03-22,cancel,25.66
638,2026-05-17,cancel,5.17
638,2026-07-13,feature_use,5.63
638,2026-05-03,upgrade,22.52
638,2026-04-21,cancel,19.6
638,2026-05-06,cancel,19.7
638,2026-04-02,upgrade,5.96
638,2026-03-18,login,13.1
638,2026-06-30,upgrade,10.78
639,2026-05-12,login,23.88
639,2026-08-16,upgrade,2.84
639,2026-07-27,cancel,25.16
639,2026-06-21,cancel,25.47
639,2026-07-21,upgrade,24.48
639,2026-02-28,feature_use,8.52
639,2026-05-01,login,17.25
639,2026-03-22,upgrade,5.63
639,2026-04-22,cancel,19.35
639,2026-08-04,cancel,3.75
639,2026-03-21,login,10.79
639,2026-05-20,login,1.83
639,2026-05-05,cancel,4.84
639,2026-04-09,login,26.58
639,2026-07-26,cancel,6.73
639,2026-08-20,cancel,1.26
639,2026-04-04,upgrade,6.01
639,2026-07-02,feature_use,18.46
640,2026-07-27,cancel,13.42
640,2026-04-19,upgrade,22.62
640,2026-06-02,feature_use,17.87
640,2026-05-06,upgrade,15.88
640,2026-03-26,upgrade,4.75
640,2026-03-10,login,10.4
640,2026-05-01,feature_use,12.28
640,2026-07-21,login,11.34
640,2026-03-01,login,6.76
641,2026-08-18,feature_use,27.09
641,2026-04-15,upgrade,17.31
641,2026-09-11,cancel,1.82
641,2026-06-29,upgrade,20.57
641,2026-05-21,upgrade,28.56
641,2026-05-19,upgrade,29.0
641,2026-08-08,login,6.02
641,2026-05-01,login,9.14
641,2026-07-30,upgrade,22.54
641,2026-08-11,upgrade,20.78
641,2026-04-07,cancel,4.15
641,2026-05-29,feature_use,29.43
641,2026-06-29,upgrade,8.65
641,2026-04-28,feature_use,1.98
641,2026-09-08,login,1.66
642,2027-03-20,cancel,22.53
642,2027-04-07,cancel,6.31
642,2026-12-16,login,10.81
642,2027-03-23,upgrade,17.35
642,2027-05-02,upgrade,25.19
642,2027-04-08,upgrade,3.16
642,2027-01-31,feature_use,17.77
642,2027-02-27,feature_use,28.79
642,2026-11-30,upgrade,10.39
642,2027-02-12,upgrade,22.03
642,2027-01-14,login,3.79
642,2027-05-25,login,24.81
642,2026-12-17,cancel,2.71
642,2027-03-18,login,6.01
642,2027-03-15,cancel,26.8
642,2027-01-14,cancel,2.21
642,2027-02-16,cancel,21.02
642,2027-03-09,login,17.11
642,2026-11-27,login,10.59
642,2026-12-15,cancel,8.46
642,2027-02-27,login,1.23
642,2026-12-20,login,9.87
642,2026-12-09,upgrade,13.21
642,2027-04-18,upgrade,21.07
642,2026-12-01,cancel,9.68
642,2027-05-25,login,22.31
642,2027-01-19,login,20.53
642,2026-11-28,login,23.88
642,2027-01-01,login,3.04
643,2027-02-04,cancel,1.19
643,2026-11-07,feature_use,24.15
643,2026-09-13,cancel,20.58
643,2027-01-01,upgrade,23.44
643,2026-12-30,cancel,29.97
643,2026-10-08,upgrade,5.72
643,2026-08-29,feature_use,28.16
643,2026-11-10,upgrade,20.52
643,2027-01-14,feature_use,2.18
643,2026-11-11,cancel,21.09
643,2026-11-09,cancel,17.3
643,2026-11-18,cancel,17.42
643,2026-09-01,upgrade,19.61
643,2026-12-06,cancel,10.44
643,2026-10-29,feature_use,1.83
643,2027-01-28,upgrade,29.93
643,2027-01-24,feature_use,25.48
643,2026-10-28,cancel,11.15
643,2027-02-17,login,15.56
643,2026-11-22,login,10.06
643,2026-09-06,feature_use,29.85
643,2026-09-10,login,12.89
644,2026-01-25,upgrade,22.46
644,2026-05-26,feature_use,10.42
644,2026-07-11,upgrade,21.23
644,2026-02-22,login,2.38
644,2026-05-09,upgrade,5.96
644,2026-01-19,login,14.92
644,2026-04-12,cancel,26.74
644,2026-02-21,upgrade,5.66
644,2026-06-19,feature_use,14.69
644,2026-03-03,login,28.65
644,2026-02-24,login,11.76
644,2026-03-27,cancel,23.74
644,2026-02-03,login,25.07
644,2026-03-12,login,16.57
644,2026-05-27,upgrade,8.5
644,2026-03-10,login,29.79
644,2026-06-18,upgrade,12.81
644,2026-02-13,login,8.82
644,2026-06-10,upgrade,1.85
644,2026-06-15,login,2.18
644,2026-03-15,feature_use,9.88
644,2026-05-25,cancel,7.98
644,2026-02-25,feature_use,2.45
644,2026-05-24,login,26.33
644,2026-07-13,feature_use,17.11
644,2026-02-14,cancel,21.22
645,2026-09-13,feature_use,28.17
645,2026-11-24,upgrade,23.67
645,2026-09-08,upgrade,9.59
645,2026-12-11,login,13.96
645,2026-10-12,cancel,13.17
645,2026-11-21,feature_use,1.24
645,2027-01-02,feature_use,28.04
645,2026-10-15,login,23.18
645,2026-10-09,login,18.69
645,2026-10-26,upgrade,8.16
645,2026-11-15,upgrade,6.17
645,2026-09-25,feature_use,16.35
645,2026-09-05,cancel,26.78
645,2026-09-18,login,17.76
645,2026-09-17,upgrade,25.98
645,2026-10-24,feature_use,20.08
645,2026-10-07,upgrade,11.41
645,2026-10-25,cancel,12.53
645,2026-09-02,login,10.11
645,2026-12-06,upgrade,16.99
645,2026-11-18,upgrade,27.27
645,2026-12-10,cancel,22.89
645,2026-10-09,login,27.83
645,2026-11-10,upgrade,18.75
646,2026-08-26,cancel,21.42
646,2026-07-15,login,26.18
646,2026-10-06,cancel,11.49
646,2026-06-07,login,10.04
646,2026-10-06,upgrade,27.34
646,2026-08-13,upgrade,13.86
646,2026-05-31,login,7.67
646,2026-08-30,login,13.33
646,2026-10-03,upgrade,26.02
646,2026-07-12,login,3.42
646,2026-10-29,feature_use,7.99
646,2026-07-31,login,4.75
646,2026-07-31,cancel,2.81
646,2026-06-26,cancel,22.67
646,2026-05-07,cancel,25.78
647,2026-06-04,upgrade,7.36
647,2026-07-27,feature_use,10.62
647,2026-06-04,login,21.99
647,2026-07-04,feature_use,7.69
647,2026-04-14,cancel,6.88
647,2026-08-09,upgrade,11.99
647,2026-09-01,login,29.46
647,2026-04-11,feature_use,4.49
647,2026-05-15,feature_use,23.66
647,2026-04-30,cancel,18.14
647,2026-08-18,login,9.78
647,2026-05-23,login,7.98
647,2026-08-28,upgrade,17.28
647,2026-04-09,upgrade,28.47
647,2026-08-14,upgrade,20.66
647,2026-04-21,cancel,1.31
647,2026-08-20,feature_use,3.04
647,2026-07-11,upgrade,18.59
647,2026-06-30,upgrade,5.06
647,2026-09-05,cancel,7.23
648,2027-03-20,cancel,20.2
648,2027-04-14,feature_use,16.36
648,2027-01-31,cancel,21.64
648,2027-05-22,upgrade,11.83
648,2027-02-10,login,25.59
648,2027-02-22,cancel,22.77
648,2026-12-31,cancel,3.16
648,2027-01-02,login,5.31
648,2027-02-20,cancel,20.17
648,2027-04-12,upgrade,11.29
648,2027-04-16,upgrade,3.31
648,2027-05-23,cancel,27.32
648,2026-12-23,cancel,10.45
648,2027-02-22,feature_use,15.37
648,2027-05-09,feature_use,16.31
648,2027-04-10,feature_use,1.26
648,2027-03-14,cancel,15.76
648,2027-04-29,login,23.97
648,2027-03-23,feature_use,28.83
648,2027-04-02,feature_use,24.96
648,2027-01-24,cancel,16.83
648,2026-12-27,feature_use,11.14
648,2027-06-06,feature_use,23.35
648,2027-03-26,upgrade,1.29
648,2027-05-13,feature_use,11.85
648,2027-04-11,upgrade,25.8
648,2027-02-17,feature_use,13.29
649,2026-08-27,login,7.66
649,2026-03-17,feature_use,3.78
649,2026-05-16,feature_use,3.68
649,2026-07-13,cancel,17.97
649,2026-08-22,upgrade,27.04
649,2026-05-08,cancel,14.82
649,2026-07-31,upgrade,18.74
649,2026-04-12,feature_use,2.1
650,2026-04-22,upgrade,23.41
650,2026-04-27,login,18.76
650,2026-02-12,login,20.36
650,2026-04-03,upgrade,14.0
650,2026-01-29,feature_use,17.9
650,2026-06-29,login,7.15
650,2026-04-07,cancel,7.67
650,2026-04-26,cancel,1.77
650,2026-01-31,cancel,18.59
650,2026-07-23,feature_use,8.55
650,2026-05-11,cancel,12.05
650,2026-04-08,login,22.81
650,2026-05-29,feature_use,23.38
650,2026-02-23,cancel,17.29
650,2026-04-25,upgrade,19.0
650,2026-04-02,feature_use,6.03
650,2026-07-17,upgrade,6.78
650,2026-04-04,feature_use,11.77
650,2026-04-17,cancel,14.41
650,2026-03-09,cancel,13.66
650,2026-03-06,login,14.93
650,2026-04-20,feature_use,10.7
650,2026-05-02,upgrade,7.19
651,2026-02-20,feature_use,22.69
651,2026-03-17,feature_use,13.31
651,2026-06-07,feature_use,13.72
651,2026-05-12,feature_use,23.29
651,2026-04-26,cancel,4.27
651,2026-03-25,login,8.76
651,2026-04-02,feature_use,12.8
651,2026-01-17,cancel,14.08
651,2026-01-12,upgrade,27.97
651,2026-04-19,upgrade,17.41
651,2026-06-12,login,14.75
651,2026-04-06,feature_use,10.76
651,2026-06-28,cancel,16.62
651,2026-02-28,cancel,14.35
651,2026-03-22,cancel,18.4
651,2026-04-05,login,19.35
651,2026-02-02,cancel,2.93
651,2026-03-11,feature_use,12.42
652,2027-05-04,login,4.61
652,2027-04-14,login,21.4
652,2027-06-19,login,23.78
652,2027-02-23,feature_use,1.11
652,2027-01-02,cancel,20.17
652,2027-04-12,cancel,13.56
652,2027-05-26,cancel,5.16
652,2027-06-23,feature_use,21.85
652,2027-03-10,feature_use,10.46
652,2027-02-05,feature_use,23.85
652,2027-03-15,login,3.55
652,2027-05-01,feature_use,18.89
652,2027-06-23,feature_use,26.45
652,2027-01-26,feature_use,4.37
652,2027-05-22,feature_use,2.62
652,2027-04-04,cancel,17.4
652,2027-05-13,upgrade,25.55
652,2027-03-08,upgrade,24.77
652,2027-02-27,login,11.69
652,2027-02-24,feature_use,10.66
652,2027-03-13,cancel,21.58
652,2027-03-02,feature_use,9.71
652,2027-01-22,cancel,13.27
652,2027-03-02,upgrade,22.44
652,2027-06-05,upgrade,6.7
652,2027-05-18,cancel,11.25
653,2026-12-21,upgrade,17.4
653,2027-02-17,upgrade,3.77
653,2026-09-24,login,24.77
653,2027-02-10,cancel,13.52
653,2026-12-11,feature_use,2.86
653,2026-08-30,feature_use,22.75
653,2026-12-03,feature_use,28.97
653,2026-12-12,feature_use,2.0
653,2027-02-02,cancel,5.22
653,2026-10-07,login,15.04
653,2026-11-25,login,4.87
653,2026-08-29,login,8.53
653,2026-10-19,login,27.13
653,2026-12-21,feature_use,25.72
653,2027-02-20,login,10.94
653,2026-10-26,login,21.75
653,2026-10-21,login,11.25
653,2027-01-17,cancel,18.96
653,2026-12-04,login,10.93
653,2027-01-07,cancel,10.33
653,2026-10-09,cancel,17.13
654,2026-10-26,cancel,3.44
654,2026-10-01,feature_use,18.46
654,2026-08-15,feature_use,19.16
654,2026-11-27,cancel,23.4
654,2026-12-14,upgrade,26.01
654,2026-10-21,upgrade,1.45
654,2026-09-28,login,5.45
654,2027-02-03,cancel,8.05
654,2026-10-08,feature_use,5.07
654,2026-11-11,feature_use,25.11
654,2026-09-14,feature_use,11.25
654,2026-10-09,upgrade,26.53
654,2026-08-17,cancel,16.24
654,2027-02-02,upgrade,6.8
654,2026-10-19,feature_use,24.22
654,2026-12-21,upgrade,17.2
654,2026-11-19,feature_use,1.14
655,2026-08-08,upgrade,13.31
655,2026-08-27,feature_use,17.51
655,2026-10-02,upgrade,14.38
655,2026-07-01,feature_use,6.06
655,2026-08-12,cancel,22.72
655,2026-05-15,feature_use,23.27
655,2026-08-02,login,28.44
655,2026-05-14,upgrade,17.17
655,2026-05-02,upgrade,26.13
655,2026-09-19,upgrade,4.41
655,2026-10-22,login,29.39
655,2026-08-07,cancel,3.58
655,2026-07-12,feature_use,25.71
655,2026-09-12,cancel,21.05
655,2026-05-24,feature_use,2.09
655,2026-06-23,login,1.49
655,2026-07-30,cancel,19.87
656,2026-10-28,login,7.38
656,2026-10-08,feature_use,25.04
656,2027-02-14,feature_use,1.91
656,2027-01-18,feature_use,8.26
656,2027-01-23,feature_use,6.3
656,2027-01-19,upgrade,27.16
656,2026-11-28,feature_use,22.99
656,2026-09-29,login,4.49
656,2026-09-05,cancel,9.84
656,2027-01-14,login,29.38
656,2026-12-28,feature_use,12.3
656,2026-12-03,cancel,5.81
656,2026-12-07,login,8.86
656,2026-12-01,upgrade,15.31
656,2026-12-27,cancel,10.87
656,2027-01-30,cancel,23.24
656,2026-12-12,upgrade,12.8
656,2026-11-25,login,5.09
656,2026-10-18,feature_use,23.74
656,2026-11-26,cancel,16.97
656,2026-11-12,login,28.44
656,2026-09-13,upgrade,29.49
656,2027-02-26,cancel,10.5
656,2027-01-04,feature_use,3.61
656,2026-11-26,cancel,5.98
656,2027-02-09,upgrade,9.4
656,2026-10-01,upgrade,15.75
656,2026-12-26,login,10.46
656,2027-02-24,login,9.73
657,2027-02-17,cancel,7.32
657,2027-02-16,cancel,7.6
657,2027-02-12,feature_use,3.95
657,2027-04-05,upgrade,16.93
657,2027-01-30,feature_use,20.76
657,2026-11-23,feature_use,28.56
657,2027-02-11,upgrade,22.81
657,2027-01-29,feature_use,21.2
657,2026-12-12,feature_use,18.0
657,2027-01-03,login,29.42
657,2027-02-13,feature_use,3.94
657,2027-01-31,login,16.78
657,2027-04-15,cancel,26.09
657,2027-01-20,cancel,2.23
658,2026-11-21,login,8.28
658,2026-11-28,cancel,29.83
658,2026-11-07,login,19.8
658,2027-03-07,login,2.6
658,2026-12-28,feature_use,13.63
658,2027-03-03,feature_use,29.44
658,2026-12-06,upgrade,25.87
658,2026-12-12,cancel,28.13
658,2027-03-08,feature_use,20.82
658,2027-03-24,cancel,4.95
658,2027-02-21,upgrade,21.71
658,2026-10-30,feature_use,7.31
658,2027-03-19,login,29.13
658,2027-02-21,feature_use,4.36
658,2027-02-26,cancel,6.95
658,2027-04-07,login,21.75
658,2026-11-26,cancel,24.6
658,2027-01-12,upgrade,9.95
658,2027-01-14,login,11.64
658,2026-12-02,cancel,21.42
658,2027-02-26,cancel,6.41
659,2026-03-17,cancel,9.72
659,2026-04-03,cancel,12.84
659,2026-03-31,cancel,6.29
659,2026-02-28,upgrade,23.72
659,2026-06-29,login,18.13
659,2026-05-31,login,11.88
659,2026-06-28,cancel,19.47
660,2027-01-30,login,28.74
660,2027-01-22,feature_use,18.84
660,2027-01-10,upgrade,16.31
660,2026-12-30,login,28.58
660,2027-01-04,login,1.51
660,2026-10-13,upgrade,19.48
660,2026-10-07,login,8.94
660,2027-03-13,login,16.77
660,2026-10-14,login,14.24
660,2026-11-22,login,11.74
660,2027-01-29,feature_use,5.15
660,2026-10-23,login,14.7
660,2027-01-29,cancel,16.98
660,2027-01-15,feature_use,19.85
660,2026-10-05,feature_use,10.36
660,2026-12-03,login,27.99
660,2027-01-14,login,28.2
660,2027-03-10,login,1.34
660,2026-11-26,cancel,6.77
660,2026-10-14,cancel,23.88
660,2027-01-08,cancel,20.05
660,2026-11-03,upgrade,28.63
660,2027-02-20,login,10.59
660,2026-11-08,feature_use,27.31
661,2026-10-14,cancel,17.66
661,2026-09-19,login,24.63
661,2026-12-04,feature_use,9.61
661,2027-01-23,upgrade,18.1
661,2027-02-08,cancel,13.64
661,2027-01-10,upgrade,23.51
661,2027-02-28,cancel,13.29
661,2027-02-26,upgrade,20.04
661,2026-12-25,feature_use,20.84
661,2026-11-14,cancel,15.55
661,2026-09-25,cancel,17.85
661,2026-11-17,cancel,24.82
661,2027-01-04,login,21.6
661,2027-02-09,login,5.67
661,2027-01-31,upgrade,27.04
661,2026-11-03,feature_use,11.63
661,2027-01-21,upgrade,7.96
661,2026-11-21,upgrade,24.95
661,2027-01-02,cancel,14.0
661,2026-11-12,cancel,16.33
661,2026-12-15,feature_use,9.39
662,2026-09-25,login,8.48
662,2026-12-02,login,11.88
662,2026-12-23,login,22.0
662,2027-02-19,login,4.88
662,2026-11-25,upgrade,3.3
662,2026-11-13,login,22.75
662,2026-11-03,login,28.43
662,2026-12-03,feature_use,22.13
662,2026-09-19,cancel,13.39
662,2026-10-18,cancel,19.16
662,2027-01-02,upgrade,5.21
662,2026-11-03,feature_use,3.22
662,2026-12-01,login,27.43
662,2027-01-04,upgrade,26.43
662,2027-03-01,login,24.82
662,2027-02-19,feature_use,17.76
662,2026-10-07,feature_use,4.94
662,2026-11-07,cancel,13.36
662,2026-10-14,feature_use,28.94
662,2027-02-09,upgrade,6.81
662,2026-12-06,cancel,6.23
662,2027-01-06,feature_use,22.21
662,2027-01-20,login,22.76
663,2026-12-12,cancel,28.3
663,2026-12-15,login,12.11
663,2026-11-18,login,1.14
663,2026-09-25,upgrade,27.13
663,2026-10-22,login,11.99
663,2026-07-30,cancel,29.43
663,2026-11-22,cancel,3.66
663,2026-11-06,upgrade,4.7
663,2026-10-12,cancel,29.17
663,2026-08-03,cancel,27.24
663,2026-09-18,login,20.71
663,2026-10-16,cancel,5.68
663,2026-09-26,upgrade,9.08
663,2026-11-17,login,27.09
663,2026-12-10,cancel,14.2
663,2026-12-26,upgrade,5.36
663,2026-08-18,cancel,24.65
663,2027-01-08,login,5.09
663,2026-11-04,cancel,1.23
663,2027-01-11,login,29.78
663,2026-08-16,upgrade,15.81
663,2026-10-04,cancel,27.44
663,2026-12-29,upgrade,3.06
663,2026-09-05,cancel,10.75
663,2027-01-08,feature_use,5.12
664,2026-11-02,feature_use,19.02
664,2026-08-12,cancel,29.73
664,2026-08-29,login,10.45
664,2026-08-31,feature_use,29.48
664,2026-07-02,upgrade,14.91
664,2026-09-16,upgrade,27.17
664,2026-07-01,upgrade,4.8
664,2026-11-10,feature_use,22.47
664,2026-09-27,cancel,22.07
664,2026-10-02,upgrade,14.6
664,2026-07-11,upgrade,4.62
664,2026-06-26,feature_use,10.93
664,2026-08-14,cancel,26.49
664,2026-12-12,upgrade,5.03
664,2026-11-04,login,1.56
664,2026-07-27,upgrade,24.58
664,2026-07-28,cancel,22.42
664,2026-12-05,cancel,2.88
664,2026-08-12,login,3.49
664,2026-12-05,upgrade,2.82
664,2026-07-23,login,23.77
664,2026-10-18,cancel,15.98
664,2026-08-25,cancel,26.43
664,2026-09-02,upgrade,26.79
664,2026-10-01,feature_use,2.44
664,2026-08-25,cancel,6.01
665,2026-09-05,feature_use,20.46
665,2026-07-29,feature_use,13.34
665,2026-07-12,login,14.72
665,2026-07-16,login,21.24
665,2026-07-13,upgrade,3.9
665,2026-08-22,feature_use,8.0
665,2026-10-07,feature_use,28.89
665,2026-11-07,cancel,9.65
665,2026-09-11,feature_use,3.24
665,2026-08-26,cancel,28.54
665,2026-12-17,login,20.04
665,2026-07-12,cancel,1.36
665,2026-10-18,upgrade,22.06
665,2026-12-18,login,17.78
665,2026-12-13,upgrade,19.79
665,2026-10-21,upgrade,19.08
665,2026-07-03,cancel,10.95
665,2026-08-03,login,25.25
665,2026-12-21,feature_use,19.74
665,2026-07-19,login,2.77
666,2027-01-22,login,11.82
666,2027-03-29,upgrade,13.43
666,2027-04-28,login,9.99
666,2027-01-29,feature_use,25.38
666,2027-03-20,upgrade,27.31
666,2027-03-04,cancel,15.0
666,2027-02-27,login,11.95
666,2027-04-13,upgrade,14.33
666,2027-03-25,feature_use,15.96
666,2027-04-24,feature_use,2.65
666,2027-04-14,cancel,11.48
666,2027-04-29,feature_use,11.88
666,2026-12-13,login,6.63
666,2027-04-15,upgrade,7.18
666,2026-11-30,feature_use,19.76
666,2027-02-14,cancel,14.95
666,2026-12-19,login,20.34
666,2027-01-18,cancel,3.51
666,2027-04-26,cancel,21.81
666,2026-12-16,feature_use,4.89
666,2027-05-09,cancel,14.26
666,2027-04-03,upgrade,4.06
666,2027-05-20,feature_use,1.35
667,2027-05-25,feature_use,25.34
667,2027-02-09,cancel,4.88
667,2027-03-09,feature_use,2.7
667,2027-04-05,login,14.38
667,2027-04-09,login,18.39
667,2027-04-22,feature_use,19.25
667,2027-02-03,upgrade,26.41
667,2027-04-27,login,9.53
667,2027-05-22,feature_use,9.94
667,2027-04-21,feature_use,12.28
667,2027-03-20,upgrade,29.16
667,2026-12-29,login,23.22
667,2027-05-13,login,21.94
667,2027-01-19,upgrade,18.79
667,2026-12-12,upgrade,7.66
667,2027-03-26,feature_use,6.15
667,2027-01-13,login,2.84
667,2027-02-21,cancel,19.5
667,2027-02-15,upgrade,1.1
668,2027-02-20,login,11.28
668,2027-02-22,feature_use,20.61
668,2026-11-27,login,25.06
668,2026-12-25,upgrade,19.86
668,2026-10-18,upgrade,25.92
668,2027-03-29,feature_use,26.69
668,2027-02-17,upgrade,17.07
668,2026-12-02,upgrade,26.95
668,2026-11-12,feature_use,9.64
668,2027-03-29,login,6.23
668,2027-03-02,upgrade,18.06
668,2027-03-03,cancel,1.59
668,2027-01-03,upgrade,16.08
669,2026-09-13,feature_use,2.69
669,2026-12-31,feature_use,26.38
669,2026-11-19,feature_use,29.08
669,2026-12-05,feature_use,3.75
669,2026-07-30,feature_use,26.44
669,2026-12-16,upgrade,4.26
669,2027-01-14,cancel,10.41
669,2026-09-30,cancel,4.85
669,2026-10-18,upgrade,9.17
670,2026-11-08,feature_use,8.35
670,2027-03-19,feature_use,18.73
670,2027-01-01,feature_use,11.98
670,2027-02-06,feature_use,2.43
670,2026-10-16,feature_use,6.05
670,2026-11-13,feature_use,3.36
670,2027-01-31,upgrade,4.52
670,2027-03-11,cancel,17.87
670,2027-03-08,login,21.34
670,2027-03-05,upgrade,11.28
670,2026-12-12,feature_use,1.85
670,2027-01-18,feature_use,1.67
670,2027-02-06,upgrade,16.23
670,2026-12-19,login,8.57
670,2026-12-06,feature_use,21.42
671,2026-09-22,feature_use,18.41
671,2026-07-28,login,12.73
671,2026-06-13,upgrade,7.62
671,2026-07-28,feature_use,20.59
671,2026-10-06,login,10.08
671,2026-07-07,feature_use,8.39
671,2026-11-25,upgrade,19.77
671,2026-06-24,feature_use,22.8
671,2026-10-30,cancel,17.37
671,2026-08-15,feature_use,7.48
671,2026-08-18,cancel,3.25
671,2026-11-01,feature_use,3.93
671,2026-07-24,cancel,5.69
671,2026-07-09,feature_use,29.9
671,2026-06-30,feature_use,14.92
671,2026-08-11,upgrade,8.45
671,2026-10-13,feature_use,25.95
671,2026-08-26,cancel,3.58
671,2026-07-23,cancel,10.79
671,2026-10-06,cancel,16.73
671,2026-11-28,login,11.1
671,2026-07-17,feature_use,23.83
671,2026-09-01,feature_use,22.82
671,2026-11-06,cancel,7.87
672,2026-08-01,upgrade,1.64
672,2026-05-24,feature_use,23.94
672,2026-09-04,feature_use,28.86
672,2026-05-30,login,16.81
672,2026-07-17,cancel,2.06
672,2026-09-27,cancel,25.74
672,2026-06-26,login,8.42
672,2026-06-03,feature_use,4.81
672,2026-10-05,login,12.23
672,2026-10-04,feature_use,15.49
672,2026-09-26,feature_use,4.92
672,2026-06-05,feature_use,1.7
672,2026-09-25,cancel,1.75
672,2026-08-20,upgrade,10.14
672,2026-06-07,feature_use,2.11
673,2026-12-08,upgrade,22.8
673,2027-03-02,feature_use,24.94
673,2026-12-09,cancel,24.73
673,2027-02-19,feature_use,12.22
673,2027-03-16,login,27.68
673,2027-04-19,cancel,24.78
673,2027-05-05,login,12.58
673,2027-03-04,cancel,21.19
673,2027-01-04,upgrade,25.32
673,2027-02-15,cancel,5.82
673,2027-04-04,cancel,23.16
673,2026-11-18,upgrade,21.28
673,2027-04-20,cancel,26.74
673,2027-03-06,login,26.77
673,2027-04-20,upgrade,21.61
674,2026-04-15,feature_use,28.39
674,2026-04-05,upgrade,26.74
674,2026-06-03,upgrade,25.55
674,2026-05-18,upgrade,29.5
674,2026-08-26,feature_use,23.2
674,2026-06-17,login,3.85
674,2026-07-28,cancel,22.43
674,2026-04-02,cancel,7.75
674,2026-04-22,feature_use,21.18
674,2026-06-09,upgrade,10.12
674,2026-08-04,upgrade,23.17
674,2026-07-10,login,15.04
675,2026-09-13,feature_use,20.2
675,2026-06-14,cancel,26.64
675,2026-06-23,login,22.8
675,2026-08-11,login,17.89
675,2026-08-18,upgrade,14.63
675,2026-09-25,feature_use,13.36
675,2026-10-17,upgrade,2.57
675,2026-09-03,cancel,12.26
675,2026-07-16,cancel,9.97
676,2027-02-26,feature_use,26.96
676,2027-01-12,cancel,12.27
676,2027-04-18,login,5.41
676,2027-02-01,upgrade,21.29
676,2027-05-04,feature_use,15.87
676,2027-04-13,cancel,9.76
676,2027-01-18,cancel,3.57
676,2027-04-28,cancel,24.61
676,2026-12-19,upgrade,13.55
676,2026-12-27,login,12.06
676,2027-04-16,cancel,3.58
676,2026-12-31,cancel,19.89
676,2026-12-29,upgrade,2.72
676,2027-05-03,upgrade,24.89
676,2027-04-20,feature_use,11.59
676,2027-06-09,upgrade,15.34
676,2027-04-05,upgrade,20.35
676,2027-02-19,login,16.06
676,2027-05-23,login,9.78
676,2027-02-16,cancel,11.9
676,2027-05-21,login,12.19
676,2026-12-27,cancel,14.38
676,2027-05-02,cancel,23.52
676,2027-05-26,cancel,7.54
676,2027-05-11,feature_use,20.51
676,2027-06-08,feature_use,20.52
676,2027-05-05,cancel,12.23
676,2027-04-12,upgrade,27.6
676,2027-05-08,feature_use,20.87
677,2026-12-23,cancel,13.22
677,2026-11-16,upgrade,18.19
677,2026-12-22,cancel,18.96
677,2027-01-15,cancel,2.95
677,2026-12-11,feature_use,13.72
677,2027-02-02,feature_use,3.47
677,2027-03-17,feature_use,28.78
677,2026-12-29,cancel,1.99
677,2026-12-31,cancel,9.76
677,2027-01-05,upgrade,27.98
677,2026-12-01,feature_use,18.78
677,2026-11-29,cancel,27.23
677,2027-01-14,login,3.94
677,2027-03-26,feature_use,7.9
677,2027-04-12,feature_use,19.53
677,2026-12-29,feature_use,17.8
677,2027-03-27,feature_use,2.22
677,2026-12-08,cancel,18.84
677,2027-04-12,upgrade,6.41
678,2026-06-02,login,29.68
678,2026-07-04,login,2.0
678,2026-06-02,upgrade,24.07
678,2026-01-20,upgrade,29.26
678,2026-01-19,login,5.7
678,2026-06-15,cancel,18.46
678,2026-05-17,cancel,18.18
678,2026-02-05,feature_use,9.96
678,2026-01-17,login,3.81
678,2026-04-01,feature_use,26.73
678,2026-06-21,cancel,11.89
678,2026-04-24,feature_use,16.96
678,2026-05-13,upgrade,19.97
679,2026-07-17,cancel,29.12
679,2026-07-10,upgrade,21.58
679,2026-05-24,cancel,27.49
679,2026-08-10,cancel,26.92
679,2026-03-27,cancel,9.17
679,2026-08-24,cancel,2.71
679,2026-09-01,cancel,25.77
679,2026-03-27,cancel,23.0
679,2026-07-04,feature_use,28.99
679,2026-04-20,feature_use,4.43
679,2026-04-27,feature_use,17.62
679,2026-08-18,login,10.34
679,2026-09-08,feature_use,17.64
680,2026-05-27,cancel,19.07
680,2026-06-07,feature_use,11.52
680,2026-06-10,login,29.94
680,2026-06-26,login,1.24
680,2026-04-22,feature_use,4.69
680,2026-05-03,upgrade,5.11
680,2026-08-16,feature_use,13.77
681,2026-08-13,login,21.29
681,2026-12-30,cancel,27.15
681,2027-01-11,login,19.35
681,2026-08-27,login,11.2
681,2026-11-28,cancel,23.8
681,2027-01-11,login,18.26
681,2026-09-25,login,19.82
681,2027-01-03,upgrade,19.4
681,2026-09-17,cancel,24.75
681,2026-11-09,upgrade,14.38
681,2026-08-10,upgrade,21.32
681,2026-11-06,cancel,27.62
681,2026-08-31,cancel,5.46
681,2026-12-27,feature_use,19.01
681,2026-09-20,upgrade,18.16
681,2026-10-12,upgrade,13.88
681,2026-09-17,cancel,1.29
681,2027-01-15,upgrade,2.42
681,2026-12-06,cancel,16.01
681,2026-09-01,feature_use,8.89
681,2026-08-29,feature_use,23.83
681,2026-10-19,cancel,26.72
682,2026-03-28,upgrade,5.25
682,2026-04-20,feature_use,6.03
682,2026-07-11,cancel,6.74
682,2026-04-24,cancel,14.63
682,2026-05-22,login,25.31
682,2026-08-30,login,7.95
682,2026-09-02,cancel,15.65
682,2026-08-27,upgrade,16.85
682,2026-06-25,login,21.44
682,2026-06-26,feature_use,28.72
682,2026-09-10,login,9.31
682,2026-07-09,upgrade,17.11
682,2026-04-23,cancel,6.11
682,2026-05-22,upgrade,7.24
683,2026-08-19,upgrade,14.39
683,2026-08-19,feature_use,14.98
683,2026-09-24,login,10.9
683,2026-05-08,feature_use,8.59
683,2026-09-15,login,9.85
683,2026-06-02,cancel,29.3
683,2026-05-08,cancel,2.52
683,2026-07-14,cancel,17.98
683,2026-06-12,feature_use,6.17
683,2026-07-24,cancel,20.66
683,2026-05-03,cancel,16.37
683,2026-07-30,cancel,20.5
683,2026-08-22,feature_use,7.98
683,2026-05-02,cancel,4.36
683,2026-07-16,login,15.55
683,2026-09-30,login,29.25
683,2026-09-03,feature_use,11.74
683,2026-06-10,cancel,7.06
683,2026-05-19,login,23.47
683,2026-06-27,cancel,11.26
683,2026-10-07,cancel,22.81
683,2026-08-11,upgrade,5.37
684,2026-01-24,feature_use,26.54
684,2026-04-04,upgrade,1.16
684,2026-02-09,upgrade,13.91
684,2026-04-15,feature_use,29.29
684,2026-05-26,login,24.96
684,2026-03-01,login,7.57
684,2026-05-23,feature_use,11.97
684,2026-01-10,feature_use,16.92
684,2026-05-29,cancel,21.78
684,2026-02-02,feature_use,24.01
684,2026-06-28,feature_use,7.15
684,2026-01-29,cancel,28.48
685,2027-01-02,upgrade,25.55
685,2026-11-02,feature_use,26.7
685,2026-12-02,upgrade,29.78
685,2026-12-02,login,10.37
685,2027-01-09,login,2.2
685,2026-10-05,login,19.39
685,2026-12-14,upgrade,5.59
685,2026-09-26,upgrade,26.53
685,2026-09-23,login,28.41
685,2026-10-13,cancel,6.06
685,2027-01-20,upgrade,14.83
685,2026-11-07,cancel,14.78
685,2026-10-22,feature_use,26.94
685,2026-09-05,login,1.86
685,2026-09-08,cancel,28.16
686,2026-05-19,upgrade,20.99
686,2026-04-20,upgrade,17.16
686,2026-06-06,login,28.48
686,2026-05-25,login,11.69
686,2026-03-18,upgrade,21.9
687,2026-04-01,upgrade,5.97
687,2026-02-17,feature_use,9.5
687,2026-03-26,cancel,12.8
687,2026-04-22,login,13.28
687,2026-03-19,login,12.27
687,2026-02-25,upgrade,11.93
687,2026-02-23,feature_use,5.86
687,2026-03-05,feature_use,26.57
687,2026-03-03,feature_use,16.73
687,2026-03-07,cancel,7.69
687,2026-03-02,cancel,20.52
687,2026-01-21,feature_use,10.1
687,2026-03-24,login,29.47
687,2026-04-14,upgrade,3.57
687,2026-06-11,cancel,6.19
687,2026-02-13,upgrade,2.57
687,2026-01-24,upgrade,22.74
687,2026-04-11,upgrade,15.94
687,2026-07-01,login,17.79
688,2027-03-15,feature_use,14.85
688,2027-02-07,login,23.1
688,2027-01-31,cancel,26.57
688,2027-01-11,login,4.48
688,2026-10-28,feature_use,1.38
688,2026-11-06,feature_use,9.68
688,2026-10-31,cancel,7.09
688,2026-10-01,cancel,15.53
688,2027-01-27,login,16.36
688,2027-01-23,feature_use,4.67
688,2026-12-16,feature_use,19.78
688,2026-10-14,cancel,10.14
689,2026-06-30,upgrade,11.52
689,2026-07-05,upgrade,10.7
689,2026-11-27,upgrade,27.9
689,2026-10-03,cancel,9.79
689,2026-10-12,feature_use,5.62
689,2026-08-23,cancel,23.12
689,2026-10-15,login,20.6
689,2026-11-05,login,18.63
689,2026-06-21,feature_use,15.13
689,2026-09-11,login,1.44
689,2026-07-14,login,29.1
689,2026-06-10,cancel,1.09
689,2026-07-27,login,4.32
689,2026-11-11,upgrade,4.87
689,2026-11-29,feature_use,24.14
689,2026-09-12,upgrade,13.43
689,2026-10-21,login,24.4
689,2026-06-17,feature_use,13.21
689,2026-07-14,login,27.73
689,2026-06-28,cancel,24.74
689,2026-09-01,upgrade,28.88
689,2026-08-09,upgrade,5.58
689,2026-09-24,upgrade,29.88
689,2026-07-27,login,10.4
689,2026-11-03,login,10.75
689,2026-08-26,login,10.58
689,2026-06-26,upgrade,25.48
689,2026-11-16,login,16.49
689,2026-11-30,upgrade,8.48
690,2026-05-28,feature_use,2.87
690,2026-03-19,upgrade,20.76
690,2026-04-15,login,26.55
690,2026-08-16,cancel,18.36
690,2026-03-12,login,19.46
690,2026-04-16,cancel,26.87
690,2026-06-17,login,21.99
690,2026-08-13,upgrade,3.48
690,2026-05-13,upgrade,9.61
690,2026-04-22,cancel,25.27
690,2026-07-21,feature_use,21.86
690,2026-04-08,login,3.99
690,2026-06-16,login,21.91
690,2026-08-24,upgrade,22.09
690,2026-04-26,feature_use,17.52
690,2026-08-06,upgrade,13.48
690,2026-08-28,upgrade,29.56
690,2026-05-22,upgrade,15.24
690,2026-04-04,feature_use,14.75
691,2026-08-27,login,2.97
691,2026-11-12,upgrade,9.91
691,2026-11-24,cancel,8.92
691,2026-12-06,cancel,15.48
691,2026-08-28,feature_use,10.69
691,2026-08-13,upgrade,26.14
691,2026-09-19,cancel,7.36
691,2026-11-23,cancel,14.92
691,2026-11-28,feature_use,13.35
691,2026-08-03,cancel,8.94
691,2026-12-19,login,11.76
691,2026-09-03,login,27.49
691,2026-09-20,cancel,14.45
691,2026-10-11,login,24.59
691,2026-12-14,login,8.73
691,2026-09-18,login,20.52
692,2027-01-12,cancel,4.91
692,2027-04-25,feature_use,10.62
692,2027-04-01,login,4.34
692,2027-03-05,login,28.54
692,2027-03-01,login,9.45
692,2026-11-30,feature_use,2.32
692,2027-01-20,cancel,26.97
692,2027-05-21,cancel,2.03
693,2027-01-29,upgrade,1.97
693,2026-11-30,feature_use,27.1
693,2026-12-26,feature_use,5.13
693,2026-12-01,login,22.4
693,2026-12-23,login,28.32
693,2026-11-28,feature_use,11.91
693,2027-05-06,cancel,20.01
693,2027-03-21,upgrade,9.6
693,2027-01-31,login,1.65
693,2027-01-20,feature_use,26.38
693,2027-01-24,upgrade,17.55
693,2027-03-19,cancel,6.59
693,2027-01-04,login,28.12
693,2027-04-11,feature_use,27.59
693,2026-12-18,feature_use,29.3
694,2026-11-16,cancel,27.97
694,2027-02-21,cancel,25.76
694,2027-02-02,cancel,10.44
694,2026-12-28,cancel,22.19
694,2027-02-02,upgrade,5.3
694,2026-11-08,upgrade,1.65
694,2027-01-05,upgrade,24.28
694,2027-03-07,upgrade,3.8
694,2027-03-09,upgrade,2.35
694,2027-02-17,upgrade,13.07
694,2027-04-05,login,17.01
694,2027-03-07,cancel,28.81
695,2026-07-28,login,6.53
695,2026-09-20,feature_use,26.27
695,2026-09-12,upgrade,14.15
695,2026-08-08,feature_use,1.75
695,2026-09-08,login,4.09
695,2026-07-24,login,20.7
695,2026-05-08,upgrade,17.6
695,2026-04-05,login,3.87
695,2026-07-14,login,12.44
695,2026-04-27,cancel,17.72
695,2026-05-13,login,3.71
695,2026-06-01,login,17.08
695,2026-04-21,cancel,26.56
696,2026-04-02,login,28.51
696,2026-05-03,cancel,13.66
696,2026-06-18,cancel,5.7
696,2026-04-06,upgrade,27.32
696,2026-02-12,cancel,23.93
696,2026-01-24,login,15.16
697,2027-01-01,login,18.73
697,2027-03-02,feature_use,15.07
697,2027-02-13,cancel,12.31
697,2027-05-23,upgrade,29.91
697,2027-06-08,cancel,6.92
697,2027-03-11,login,7.7
697,2027-01-25,upgrade,19.88
697,2027-03-01,feature_use,18.94
697,2027-02-23,feature_use,25.49
697,2027-01-14,cancel,16.66
698,2027-02-02,upgrade,8.27
698,2027-01-12,cancel,13.13
698,2027-05-21,upgrade,26.04
698,2026-12-20,feature_use,16.16
698,2027-03-17,login,26.42
698,2027-02-27,upgrade,15.35
698,2027-04-27,cancel,5.52
698,2027-01-23,upgrade,8.54
698,2026-12-24,feature_use,2.52
698,2026-12-15,feature_use,4.48
698,2027-03-01,login,28.09
698,2026-12-22,login,21.63
698,2027-04-22,login,2.82
698,2027-06-03,login,7.4
698,2027-02-20,upgrade,4.0
698,2027-02-28,feature_use,5.43
698,2027-01-11,login,2.12
698,2027-05-30,cancel,12.19
698,2027-02-12,cancel,15.95
698,2027-05-22,login,27.89
699,2026-06-28,upgrade,25.78
699,2026-04-27,upgrade,17.81
699,2026-03-20,feature_use,13.62
699,2026-03-05,feature_use,25.39
699,2026-05-12,cancel,13.81
699,2026-02-22,cancel,16.3
699,2026-02-11,login,28.45
699,2026-01-27,login,14.65
699,2026-03-19,cancel,26.07
699,2026-03-30,login,8.3
699,2026-06-03,cancel,12.58
699,2026-07-08,login,18.6
699,2026-03-26,cancel,15.37
699,2026-05-12,login,12.04
699,2026-04-23,login,28.04
699,2026-06-18,cancel,6.85
699,2026-06-05,login,24.13
699,2026-05-27,feature_use,10.31
699,2026-07-02,upgrade,17.93
699,2026-06-09,upgrade,25.35
699,2026-04-24,login,12.7
699,2026-03-10,cancel,29.8
699,2026-02-08,cancel,9.93
699,2026-04-05,feature_use,18.41
699,2026-07-16,feature_use,29.29
700,2026-05-25,cancel,13.02
700,2026-07-26,login,3.32
700,2026-03-17,login,28.17
700,2026-03-13,cancel,12.49
700,2026-02-16,upgrade,11.82
700,2026-07-20,feature_use,11.46
700,2026-02-17,feature_use,13.39
700,2026-08-06,login,15.74
700,2026-03-01,feature_use,13.46
700,2026-02-25,login,27.48
700,2026-03-17,login,21.79
700,2026-08-07,upgrade,3.51
700,2026-03-19,login,17.67
700,2026-05-15,feature_use,25.65
700,2026-08-01,feature_use,17.2
701,2026-11-29,cancel,25.57
701,2026-09-20,login,27.88
701,2026-09-05,feature_use,10.94
701,2027-01-16,upgrade,19.47
701,2027-01-21,feature_use,25.08
701,2026-09-22,cancel,17.92
701,2027-01-28,cancel,5.74
701,2027-02-11,cancel,7.35
701,2026-10-31,feature_use,13.79
701,2027-01-22,feature_use,12.86
701,2026-09-08,login,24.63
702,2026-11-01,upgrade,25.18
702,2026-11-17,login,3.36
702,2026-12-02,feature_use,21.24
702,2026-11-17,feature_use,20.76
702,2026-10-02,login,10.45
702,2027-01-10,cancel,1.94
702,2026-09-28,cancel,9.04
702,2027-01-18,feature_use,24.35
702,2026-11-30,login,16.4
703,2026-11-07,login,23.09
703,2026-11-24,feature_use,4.27
703,2026-10-23,upgrade,11.06
703,2026-10-04,upgrade,29.95
703,2026-08-13,upgrade,26.41
703,2026-09-12,upgrade,4.65
703,2026-09-14,feature_use,1.1
703,2026-07-23,login,1.58
703,2026-09-07,feature_use,27.87
704,2027-06-03,upgrade,14.67
704,2027-05-18,cancel,14.65
704,2027-05-21,cancel,23.98
704,2027-01-29,cancel,14.4
704,2027-06-05,login,21.25
704,2027-04-19,cancel,3.2
704,2027-02-12,login,7.72
704,2027-05-11,upgrade,4.75
704,2027-02-09,login,14.97
704,2027-04-13,cancel,2.7
704,2027-02-03,cancel,23.9
704,2027-01-28,cancel,4.99
705,2026-11-17,upgrade,26.33
705,2026-08-17,login,23.92
705,2026-11-27,upgrade,21.63
705,2026-07-09,upgrade,8.06
705,2026-08-04,login,8.28
705,2026-11-05,login,11.45
705,2026-08-17,feature_use,12.29
705,2026-06-27,login,7.48
705,2026-11-05,cancel,9.57
705,2026-09-07,feature_use,20.3
705,2026-11-30,cancel,2.12
705,2026-09-01,cancel,23.58
705,2026-11-04,cancel,7.97
705,2026-08-16,upgrade,25.92
705,2026-06-30,feature_use,5.36
705,2026-10-12,cancel,19.29
705,2026-07-28,feature_use,8.32
705,2026-08-06,upgrade,17.27
705,2026-09-28,login,2.13
705,2026-07-13,login,26.24
705,2026-07-30,feature_use,5.16
706,2027-04-24,feature_use,16.35
706,2027-06-09,upgrade,12.28
706,2027-01-11,login,29.99
706,2027-01-23,login,10.53
706,2027-06-01,upgrade,16.51
706,2027-01-09,feature_use,14.94
706,2027-05-30,cancel,11.88
706,2027-03-28,login,5.01
706,2027-02-10,login,18.09
706,2027-03-13,cancel,10.1
706,2027-02-02,feature_use,22.01
707,2026-12-25,upgrade,22.04
707,2026-08-04,upgrade,20.33
707,2026-08-14,login,8.4
707,2026-10-12,feature_use,4.05
707,2026-12-12,feature_use,6.5
707,2026-07-26,upgrade,1.77
707,2026-12-29,feature_use,27.6
707,2026-10-19,cancel,7.52
707,2026-11-08,cancel,11.52
707,2026-09-17,login,20.55
707,2027-01-10,cancel,10.92
707,2026-08-14,feature_use,13.99
707,2026-11-06,upgrade,9.22
707,2026-08-29,login,13.75
707,2026-11-26,feature_use,24.65
707,2026-08-31,login,19.18
708,2026-05-01,feature_use,5.16
708,2026-07-22,login,27.87
708,2026-03-26,login,12.75
708,2026-07-14,login,12.92
708,2026-02-20,login,20.36
708,2026-03-09,feature_use,8.08
708,2026-01-31,login,20.96
708,2026-03-03,upgrade,2.08
709,2026-08-10,cancel,19.27
709,2026-10-01,login,27.21
709,2026-09-11,cancel,13.14
709,2026-10-02,feature_use,21.76
709,2026-07-21,upgrade,7.11
709,2026-11-29,feature_use,20.69
709,2026-10-14,cancel,9.48
710,2027-03-08,feature_use,3.06
710,2027-05-18,cancel,1.62
710,2027-02-22,feature_use,29.04
710,2027-03-19,login,14.29
710,2027-03-12,cancel,28.68
710,2026-12-14,feature_use,1.47
710,2026-12-12,feature_use,15.63
710,2027-05-14,login,18.92
710,2027-05-21,cancel,20.03
710,2026-11-30,cancel,4.82
710,2027-02-04,feature_use,2.66
710,2027-04-24,cancel,20.76
711,2026-09-02,feature_use,3.94
711,2026-08-24,cancel,9.32
711,2026-11-28,login,23.15
711,2026-11-06,upgrade,20.4
711,2026-07-24,login,17.1
711,2026-08-12,feature_use,19.0
711,2026-09-25,cancel,25.67
711,2026-07-30,upgrade,3.59
711,2026-06-10,feature_use,18.61
711,2026-10-18,login,9.02
711,2026-07-17,login,9.47
711,2026-06-03,cancel,24.81
711,2026-07-21,cancel,17.04
711,2026-11-01,cancel,8.19
711,2026-08-30,upgrade,1.5
711,2026-09-08,cancel,12.1
711,2026-06-27,cancel,25.76
712,2027-01-13,upgrade,20.62
712,2026-12-26,cancel,29.49
712,2027-01-11,cancel,10.03
712,2027-05-24,cancel,3.39
712,2027-04-15,upgrade,6.41
712,2026-12-22,cancel,11.63
712,2027-05-13,login,14.74
712,2027-02-14,upgrade,16.78
712,2027-04-22,cancel,11.69
712,2027-02-16,feature_use,19.06
713,2026-05-28,feature_use,24.4
713,2026-04-05,feature_use,6.26
713,2026-05-24,cancel,9.24
713,2026-06-28,cancel,21.21
713,2026-03-02,upgrade,16.73
713,2026-05-23,feature_use,5.47
713,2026-06-18,cancel,13.68
713,2026-04-27,feature_use,9.56
713,2026-07-05,login,14.32
713,2026-04-21,cancel,1.52
714,2027-03-07,feature_use,8.4
714,2027-04-05,login,28.95
714,2027-03-21,login,4.39
714,2026-12-19,cancel,4.74
714,2027-04-02,upgrade,6.04
714,2027-02-25,upgrade,25.27
714,2027-05-23,feature_use,22.74
714,2027-01-14,upgrade,11.36
714,2026-12-13,login,15.37
714,2027-03-06,upgrade,28.39
714,2027-04-05,feature_use,21.25
714,2027-06-05,upgrade,5.14
714,2027-02-17,cancel,17.51
714,2026-12-30,feature_use,23.25
714,2026-12-24,feature_use,2.89
714,2027-03-08,login,12.74
714,2027-01-05,feature_use,7.87
714,2027-02-14,login,2.85
714,2027-01-26,cancel,25.45
714,2027-01-06,login,1.34
714,2027-02-12,login,15.67
714,2027-01-08,login,27.42
714,2027-05-21,cancel,27.95
714,2027-05-06,cancel,25.59
714,2027-03-25,feature_use,4.07
714,2027-01-24,upgrade,18.7
714,2027-06-02,cancel,3.58
715,2026-11-28,feature_use,23.97
715,2027-03-01,cancel,9.45
715,2027-03-16,cancel,3.13
715,2026-12-29,feature_use,2.11
715,2027-03-27,login,21.91
715,2027-01-21,login,15.14
715,2026-11-30,upgrade,9.65
715,2027-04-25,login,7.94
715,2026-11-09,login,24.03
715,2026-11-28,cancel,29.08
715,2026-12-30,feature_use,23.84
715,2027-04-28,login,3.61
716,2026-02-25,feature_use,23.04
716,2026-05-19,feature_use,11.96
716,2026-03-08,login,25.84
716,2026-07-25,cancel,21.31
716,2026-04-02,login,15.91
716,2026-05-25,login,20.9
716,2026-05-22,upgrade,11.03
716,2026-04-04,login,14.64
716,2026-04-10,login,13.51
716,2026-06-07,login,20.45
716,2026-02-12,feature_use,20.73
716,2026-06-09,feature_use,7.51
716,2026-02-24,upgrade,24.27
717,2026-06-23,upgrade,4.42
717,2026-09-11,cancel,2.29
717,2026-04-28,cancel,11.34
717,2026-06-06,upgrade,23.33
717,2026-04-20,feature_use,11.36
717,2026-08-24,cancel,10.71
717,2026-09-07,cancel,29.75
717,2026-05-06,upgrade,26.53
717,2026-05-22,login,12.19
717,2026-04-05,upgrade,10.97
717,2026-07-01,login,20.94
717,2026-09-03,login,17.25
717,2026-04-05,login,26.84
717,2026-04-12,upgrade,12.03
717,2026-06-27,login,3.69
717,2026-09-22,upgrade,21.44
717,2026-09-16,login,25.38
717,2026-04-25,upgrade,1.23
717,2026-08-25,feature_use,20.53
717,2026-04-12,cancel,21.87
717,2026-06-12,upgrade,24.06
717,2026-05-26,cancel,8.87
717,2026-06-06,upgrade,27.0
718,2026-02-25,upgrade,28.06
718,2026-04-17,login,5.58
718,2026-05-30,cancel,25.83
718,2026-03-29,login,19.71
718,2026-07-18,feature_use,18.41
718,2026-07-23,cancel,28.53
718,2026-02-16,upgrade,11.88
718,2026-04-06,upgrade,28.12
718,2026-02-16,cancel,14.97
718,2026-06-13,cancel,6.39
718,2026-05-06,cancel,7.31
718,2026-07-07,feature_use,7.23
718,2026-08-01,upgrade,8.17
718,2026-05-07,cancel,16.71
718,2026-03-13,cancel,15.76
719,2026-04-21,cancel,24.54
719,2026-05-25,cancel,6.78
719,2026-04-24,upgrade,25.54
719,2026-04-25,cancel,9.84
719,2026-09-27,cancel,14.19
719,2026-05-04,cancel,21.17
719,2026-05-30,cancel,12.94
719,2026-07-11,login,15.79
719,2026-05-08,upgrade,15.4
719,2026-08-25,login,23.51
719,2026-10-02,feature_use,14.4
719,2026-09-21,cancel,3.37
719,2026-07-01,login,7.7
719,2026-06-03,login,11.58
719,2026-06-20,login,13.13
720,2026-05-23,login,5.35
720,2026-07-09,login,22.55
720,2026-08-24,login,20.72
720,2026-11-08,upgrade,21.0
720,2026-10-22,login,5.89
720,2026-07-03,login,9.18
720,2026-06-05,login,11.77
720,2026-07-09,login,3.42
720,2026-07-18,login,22.78
720,2026-07-10,login,1.3
721,2026-07-07,login,26.88
721,2026-02-23,upgrade,16.31
721,2026-06-25,cancel,22.51
721,2026-08-11,login,13.42
721,2026-07-30,cancel,12.97
721,2026-08-01,cancel,7.55
721,2026-03-27,upgrade,29.01
721,2026-08-07,upgrade,28.23
721,2026-03-12,login,16.23
721,2026-05-01,cancel,28.78
721,2026-06-17,upgrade,21.04
722,2027-03-18,login,10.8
722,2027-01-13,login,5.72
722,2027-01-19,login,6.05
722,2027-03-14,feature_use,29.46
722,2026-10-20,upgrade,9.89
722,2027-01-28,upgrade,2.24
722,2027-01-20,upgrade,13.49
722,2026-11-06,login,6.21
722,2026-11-03,cancel,27.05
722,2027-02-10,upgrade,8.82
722,2026-10-23,feature_use,23.02
722,2026-10-01,login,29.21
722,2026-10-19,login,6.5
722,2026-10-01,cancel,20.78
722,2026-11-14,cancel,22.12
722,2026-10-22,login,5.31
722,2026-11-18,upgrade,10.54
722,2027-02-25,feature_use,8.9
722,2026-12-12,login,29.67
722,2026-12-04,upgrade,14.34
722,2027-02-10,feature_use,20.35
722,2026-12-24,cancel,13.93
722,2026-12-26,login,15.65
722,2026-11-29,cancel,26.34
722,2027-01-15,login,3.41
722,2026-11-18,cancel,4.14
722,2027-02-11,cancel,11.82
723,2026-10-11,login,13.55
723,2026-06-23,login,27.89
723,2026-11-05,login,3.41
723,2026-11-30,upgrade,10.99
723,2026-09-23,upgrade,21.09
723,2026-08-07,feature_use,26.97
724,2027-01-05,cancel,8.8
724,2027-04-10,login,17.56
724,2027-03-06,feature_use,13.07
724,2027-02-18,upgrade,24.04
724,2027-03-12,login,27.61
724,2027-02-22,feature_use,2.67
724,2026-11-13,login,24.17
724,2026-11-30,login,1.27
724,2027-04-14,feature_use,16.65
724,2026-11-27,feature_use,29.29
724,2027-01-28,cancel,18.96
724,2026-12-07,login,13.27
724,2027-02-15,upgrade,8.35
725,2026-09-12,cancel,16.62
725,2027-02-10,login,1.1
725,2026-12-22,upgrade,13.66
725,2026-09-01,login,24.33
725,2026-08-21,cancel,3.34
725,2027-02-07,cancel,27.48
725,2026-12-13,cancel,5.87
725,2026-10-02,feature_use,15.94
725,2026-10-22,feature_use,23.74
725,2027-01-04,feature_use,8.7
725,2027-01-19,cancel,22.2
725,2027-01-19,login,16.73
725,2026-12-11,login,16.26
725,2027-01-09,cancel,22.56
725,2026-11-13,feature_use,1.46
725,2026-11-07,upgrade,26.92
725,2027-01-21,cancel,21.74
725,2026-09-07,upgrade,18.01
725,2027-01-21,upgrade,21.19
725,2026-09-16,upgrade,27.57
725,2026-09-29,feature_use,1.89
726,2026-11-02,cancel,1.19
726,2027-02-04,login,28.39
726,2026-09-15,login,10.92
726,2026-11-20,cancel,7.67
726,2026-09-27,upgrade,15.91
726,2027-03-03,upgrade,13.01
727,2026-03-19,login,6.49
727,2026-05-01,upgrade,17.87
727,2026-07-18,cancel,28.98
727,2026-06-05,login,13.49
727,2026-08-13,login,11.75
727,2026-03-29,upgrade,7.46
727,2026-05-18,login,14.45
727,2026-05-10,cancel,9.65
727,2026-08-22,login,25.65
727,2026-08-18,cancel,26.54
727,2026-07-21,cancel,16.27
727,2026-07-27,upgrade,24.94
727,2026-07-31,cancel,25.36
728,2026-06-23,feature_use,16.36
728,2026-06-28,feature_use,1.15
728,2026-02-07,cancel,20.19
728,2026-06-29,login,8.1
728,2026-06-02,upgrade,26.09
729,2026-06-09,feature_use,12.56
729,2026-07-30,login,8.7
729,2026-06-20,upgrade,10.46
729,2026-06-27,cancel,18.82
729,2026-06-16,cancel,26.83
729,2026-07-18,cancel,12.06
729,2026-05-26,feature_use,29.38
729,2026-05-16,cancel,22.32
729,2026-08-30,upgrade,3.18
729,2026-04-13,feature_use,17.89
729,2026-04-29,feature_use,23.19
729,2026-06-30,login,27.91
729,2026-04-08,feature_use,26.22
729,2026-05-18,login,18.74
729,2026-07-25,cancel,6.36
729,2026-04-27,upgrade,21.52
729,2026-09-13,feature_use,2.44
729,2026-08-30,login,5.42
729,2026-07-04,cancel,14.98
729,2026-05-08,login,4.68
729,2026-04-30,login,28.51
730,2027-02-11,upgrade,4.29
730,2026-11-19,feature_use,28.82
730,2026-11-25,login,23.02
730,2026-10-17,feature_use,8.84
730,2026-12-01,login,2.12
730,2026-12-08,feature_use,15.11
730,2026-11-16,upgrade,2.82
730,2026-11-19,upgrade,1.59
730,2026-11-21,upgrade,17.79
730,2027-01-10,cancel,19.53
730,2026-12-02,feature_use,22.48
730,2027-01-21,upgrade,12.43
730,2027-01-21,cancel,7.0
730,2026-11-21,feature_use,6.64
730,2026-10-01,cancel,5.14
730,2026-09-25,upgrade,15.7
730,2026-11-25,cancel,29.63
730,2026-10-27,upgrade,10.91
730,2026-11-12,cancel,13.63
730,2026-10-25,login,5.03
730,2026-09-29,login,26.88
730,2026-11-12,feature_use,8.23
730,2026-10-22,upgrade,10.69
731,2026-09-07,login,20.29
731,2027-02-16,login,14.92
731,2027-02-22,feature_use,24.23
731,2027-01-28,upgrade,12.28
731,2026-09-10,cancel,26.11
731,2026-11-16,login,15.91
731,2027-02-03,login,16.46
731,2027-01-16,login,23.88
731,2027-02-09,login,22.4
731,2026-10-21,cancel,9.5
731,2026-11-19,login,1.01
731,2026-10-25,login,4.36
731,2026-11-30,login,3.11
731,2027-02-14,cancel,4.14
731,2027-01-12,login,24.66
731,2026-09-23,login,21.94
731,2026-10-27,cancel,7.66
731,2026-11-03,login,27.38
731,2026-09-21,upgrade,18.18
731,2026-09-18,login,8.48
731,2026-09-21,login,1.35
731,2027-01-10,feature_use,16.84
731,2026-10-07,login,25.17
732,2026-03-06,feature_use,19.07
732,2026-01-17,cancel,15.8
732,2026-01-20,cancel,19.96
732,2026-04-18,feature_use,11.01
732,2026-05-31,login,24.44
732,2026-05-27,upgrade,13.96
732,2026-05-05,upgrade,10.21
732,2026-02-15,upgrade,25.05
732,2026-04-20,feature_use,21.0
732,2026-04-23,upgrade,5.88
732,2026-01-05,login,4.04
732,2026-03-31,login,24.6
733,2026-06-26,login,20.77
733,2026-03-17,cancel,8.64
733,2026-03-23,feature_use,22.65
733,2026-06-16,login,29.15
733,2026-07-21,cancel,29.49
733,2026-04-26,login,10.51
733,2026-05-13,cancel,11.11
733,2026-04-26,feature_use,22.7
733,2026-04-25,upgrade,28.69
733,2026-08-22,cancel,13.74
733,2026-07-07,cancel,15.46
733,2026-06-06,cancel,1.72
733,2026-04-20,login,29.47
733,2026-04-11,feature_use,1.77
733,2026-05-11,upgrade,6.19
733,2026-03-20,feature_use,4.42
733,2026-06-04,feature_use,11.18
733,2026-08-12,feature_use,13.18
733,2026-04-20,upgrade,5.84
734,2026-07-07,login,21.76
734,2026-09-20,upgrade,20.26
734,2026-10-20,feature_use,24.34
734,2026-07-22,login,20.63
734,2026-08-11,feature_use,16.45
734,2026-09-28,feature_use,1.27
734,2026-06-09,feature_use,6.02
734,2026-07-08,login,10.6
734,2026-09-02,upgrade,6.3
734,2026-09-26,login,21.38
734,2026-10-20,upgrade,11.06
734,2026-07-10,login,8.86
734,2026-05-23,login,17.47
734,2026-08-02,login,1.9
734,2026-10-06,feature_use,16.47
734,2026-06-07,login,2.54
734,2026-08-21,cancel,9.56
734,2026-09-25,cancel,8.23
734,2026-06-12,upgrade,9.65
734,2026-06-01,login,24.71
734,2026-06-20,login,6.74
734,2026-06-19,upgrade,1.59
734,2026-07-08,cancel,18.3
734,2026-05-31,upgrade,26.14
734,2026-08-10,cancel,13.11
734,2026-06-05,feature_use,6.49
735,2026-09-04,cancel,15.8
735,2026-10-19,cancel,28.83
735,2026-10-04,login,28.88
735,2026-05-07,cancel,23.0
735,2026-08-22,feature_use,13.41
736,2026-12-03,upgrade,25.2
736,2026-11-01,login,17.08
736,2026-11-27,login,16.15
736,2026-12-04,login,25.77
736,2026-12-17,feature_use,18.0
736,2026-08-29,login,25.82
736,2026-11-21,login,26.3
736,2026-09-02,login,13.1
736,2026-11-08,login,15.5
736,2026-12-16,upgrade,8.89
736,2027-01-04,upgrade,8.13
736,2026-11-18,login,7.74
736,2026-11-05,cancel,5.83
736,2027-01-25,login,28.31
736,2026-10-14,upgrade,21.3
736,2026-09-21,cancel,19.24
736,2026-11-10,upgrade,19.36
737,2027-02-14,upgrade,2.59
737,2026-11-28,feature_use,29.27
737,2026-09-25,cancel,7.7
737,2027-02-26,feature_use,5.26
737,2027-02-07,cancel,6.92
737,2027-01-22,login,21.44
737,2026-11-14,login,27.15
737,2027-02-12,login,20.87
737,2026-11-01,login,29.95
737,2026-10-18,login,17.29
737,2027-01-28,upgrade,20.59
737,2026-09-28,feature_use,9.91
737,2026-10-03,cancel,4.62
738,2026-06-08,login,12.63
738,2026-05-10,login,16.13
738,2026-07-23,login,24.38
738,2026-08-28,login,17.58
738,2026-05-04,upgrade,29.79
738,2026-09-05,login,27.84
738,2026-07-16,cancel,11.62
738,2026-04-25,feature_use,3.25
738,2026-07-16,cancel,20.19
738,2026-09-05,feature_use,7.38
738,2026-09-08,upgrade,2.31
738,2026-03-30,login,25.89
738,2026-08-18,feature_use,25.12
738,2026-09-04,upgrade,26.33
739,2026-02-15,login,12.43
739,2026-03-01,upgrade,24.93
739,2026-05-29,cancel,27.22
739,2026-04-18,cancel,11.89
739,2026-05-26,cancel,28.37
739,2026-06-14,feature_use,14.76
739,2026-04-09,upgrade,14.39
739,2026-07-20,feature_use,13.32
739,2026-05-13,cancel,17.47
739,2026-03-15,cancel,8.95
739,2026-04-25,upgrade,29.78
739,2026-04-13,login,7.48
739,2026-07-16,login,3.74
739,2026-04-22,feature_use,22.59
739,2026-04-29,cancel,26.39
739,2026-02-26,login,26.97
739,2026-05-17,upgrade,18.15
739,2026-05-26,feature_use,28.5
739,2026-04-30,cancel,12.07
739,2026-02-12,cancel,1.68
739,2026-06-16,login,6.31
739,2026-07-21,feature_use,12.04
739,2026-05-10,login,3.95
739,2026-03-18,cancel,8.31
740,2026-10-12,upgrade,28.87
740,2026-08-14,cancel,16.72
740,2026-05-15,upgrade,26.59
740,2026-07-20,login,27.05
740,2026-06-10,feature_use,23.73
740,2026-09-26,cancel,14.66
740,2026-07-23,upgrade,3.98
740,2026-10-17,feature_use,29.19
740,2026-08-07,feature_use,5.01
740,2026-10-11,upgrade,26.26
740,2026-09-09,login,27.68
740,2026-08-11,login,2.47
740,2026-06-20,upgrade,22.88
740,2026-05-27,feature_use,20.76
740,2026-10-24,login,27.47
740,2026-10-14,upgrade,22.53
740,2026-08-10,upgrade,4.49
740,2026-07-09,feature_use,11.83
740,2026-09-23,cancel,16.27
740,2026-10-20,feature_use,19.4
740,2026-08-12,feature_use,19.91
741,2026-06-04,login,21.2
741,2026-01-21,login,2.22
741,2026-03-13,feature_use,1.31
741,2026-06-14,feature_use,1.61
741,2026-03-07,cancel,11.94
741,2026-04-24,cancel,29.97
741,2026-03-02,upgrade,5.93
741,2026-01-18,login,10.96
741,2026-07-07,cancel,11.63
741,2026-06-06,login,1.88
741,2026-05-13,feature_use,29.65
741,2026-03-11,login,21.09
741,2026-06-11,upgrade,5.05
741,2026-04-05,login,19.08
741,2026-03-09,login,24.89
741,2026-02-19,upgrade,26.4
741,2026-06-30,feature_use,18.96
741,2026-01-13,login,2.38
741,2026-01-20,upgrade,6.77
741,2026-02-27,upgrade,14.05
741,2026-04-29,upgrade,21.47
742,2026-10-14,feature_use,20.12
742,2026-09-25,cancel,9.45
742,2026-10-25,feature_use,18.01
742,2026-09-09,feature_use,13.99
742,2026-08-30,feature_use,4.33
742,2026-09-08,login,20.86
742,2026-11-26,upgrade,27.52
742,2026-09-13,upgrade,3.84
742,2026-06-14,upgrade,18.23
742,2026-11-12,cancel,25.55
742,2026-06-27,feature_use,8.65
742,2026-08-04,cancel,14.36
742,2026-11-08,login,7.76
742,2026-07-29,login,27.37
742,2026-07-31,upgrade,24.56
742,2026-10-10,login,4.33
742,2026-08-23,upgrade,15.81
742,2026-07-13,cancel,5.4
742,2026-07-14,upgrade,22.58
742,2026-06-20,login,21.89
742,2026-06-09,feature_use,9.98
742,2026-08-10,feature_use,14.67
742,2026-08-26,login,14.01
742,2026-07-08,upgrade,18.45
742,2026-06-30,feature_use,3.86
742,2026-06-27,upgrade,23.56
743,2026-05-10,cancel,15.41
743,2026-06-08,upgrade,2.32
743,2026-06-16,upgrade,11.8
743,2026-03-19,cancel,1.79
743,2026-07-17,upgrade,3.58
743,2026-07-13,feature_use,28.21
743,2026-04-11,upgrade,8.9
743,2026-05-20,upgrade,14.51
743,2026-06-15,upgrade,29.49
743,2026-04-02,login,26.86
743,2026-03-13,cancel,3.0
743,2026-04-10,login,16.45
743,2026-06-28,login,28.95
743,2026-03-28,login,2.51
743,2026-03-05,feature_use,15.56
743,2026-05-29,cancel,12.71
743,2026-03-08,upgrade,10.91
743,2026-04-01,login,22.3
743,2026-08-13,upgrade,21.97
743,2026-07-25,cancel,5.92
743,2026-05-17,feature_use,1.63
743,2026-05-19,upgrade,24.05
743,2026-07-06,cancel,18.42
743,2026-04-29,feature_use,25.44
743,2026-06-02,upgrade,28.5
743,2026-07-12,cancel,25.11
744,2026-06-05,feature_use,3.32
744,2026-04-25,login,8.5
744,2026-04-10,cancel,28.94
744,2026-07-13,login,1.28
744,2026-09-02,feature_use,2.87
744,2026-08-15,cancel,17.27
744,2026-05-07,upgrade,22.2
744,2026-06-17,feature_use,9.27
744,2026-06-09,feature_use,15.23
744,2026-05-06,feature_use,18.24
744,2026-07-15,feature_use,15.11
744,2026-05-11,login,23.31
744,2026-04-24,feature_use,13.56
744,2026-09-07,upgrade,21.66
744,2026-07-23,login,13.5
744,2026-08-12,upgrade,12.41
745,2026-10-20,login,21.31
745,2026-06-09,upgrade,19.53
745,2026-09-17,feature_use,18.59
745,2026-05-25,login,7.31
745,2026-09-13,login,3.6
745,2026-08-20,feature_use,28.83
745,2026-05-24,login,25.7
745,2026-06-26,login,11.1
745,2026-08-18,cancel,10.63
745,2026-10-06,cancel,24.54
745,2026-07-07,cancel,25.9
745,2026-10-29,login,28.38
745,2026-07-13,upgrade,24.91
745,2026-08-28,upgrade,7.27
745,2026-08-09,upgrade,21.4
745,2026-05-22,login,4.22
745,2026-08-15,feature_use,6.3
745,2026-07-27,login,28.52
745,2026-06-06,login,13.91
745,2026-06-19,feature_use,1.52
745,2026-07-20,cancel,26.57
745,2026-07-19,feature_use,2.05
745,2026-09-27,upgrade,20.33
745,2026-08-29,feature_use,13.94
745,2026-07-09,login,7.53
745,2026-07-12,cancel,25.37
745,2026-10-02,cancel,18.13
746,2026-08-04,upgrade,24.07
746,2026-08-17,cancel,6.6
746,2026-09-09,upgrade,14.59
746,2026-07-07,cancel,9.74
746,2026-06-26,login,16.07
746,2026-10-12,upgrade,22.11
746,2026-10-19,login,15.3
746,2026-05-31,cancel,24.29
746,2026-09-16,feature_use,19.72
746,2026-05-21,cancel,25.69
746,2026-08-22,cancel,21.89
746,2026-10-08,upgrade,16.65
746,2026-07-19,cancel,23.12
746,2026-07-24,feature_use,1.27
746,2026-09-21,feature_use,7.75
746,2026-06-19,login,27.32
746,2026-09-05,cancel,17.86
746,2026-07-04,login,16.23
747,2026-06-26,login,4.01
747,2026-08-17,feature_use,17.54
747,2026-07-07,cancel,25.37
747,2026-08-10,upgrade,19.36
747,2026-07-20,feature_use,8.2
747,2026-05-21,login,6.2
747,2026-05-29,login,29.07
748,2026-04-15,feature_use,9.26
748,2026-08-23,feature_use,25.39
748,2026-04-25,feature_use,14.68
748,2026-07-08,feature_use,13.15
748,2026-03-30,login,5.78
748,2026-08-23,feature_use,19.74
748,2026-03-31,login,11.58
748,2026-04-11,cancel,22.63
748,2026-04-25,upgrade,23.4
748,2026-08-17,login,18.18
748,2026-08-16,upgrade,9.59
748,2026-06-08,upgrade,10.94
748,2026-07-25,feature_use,5.16
748,2026-06-07,feature_use,13.76
748,2026-08-09,cancel,22.54
748,2026-04-03,cancel,2.96
748,2026-08-16,feature_use,29.26
748,2026-07-24,feature_use,16.52
748,2026-05-17,feature_use,12.41
748,2026-07-29,upgrade,1.67
748,2026-07-22,feature_use,22.7
748,2026-08-14,cancel,13.04
748,2026-06-08,login,3.26
748,2026-07-01,upgrade,9.76
749,2026-08-22,upgrade,24.66
749,2026-07-29,upgrade,7.16
749,2026-06-18,login,2.26
749,2026-09-17,login,27.93
749,2026-08-07,upgrade,2.74
749,2026-11-05,feature_use,10.69
749,2026-09-05,feature_use,25.16
749,2026-09-05,feature_use,23.08
749,2026-08-23,upgrade,11.44
749,2026-07-12,login,4.29
749,2026-06-24,upgrade,6.54
749,2026-08-23,upgrade,27.3
749,2026-08-22,upgrade,29.01
749,2026-08-10,login,23.18
749,2026-08-05,upgrade,2.57
749,2026-07-03,login,17.97
749,2026-08-04,cancel,10.93
749,2026-09-10,feature_use,23.85
749,2026-09-19,feature_use,3.99
749,2026-08-14,cancel,3.59
749,2026-07-01,login,7.32
749,2026-08-30,cancel,4.74
749,2026-09-20,upgrade,9.12
749,2026-10-25,feature_use,8.43
750,2026-03-23,feature_use,11.82
750,2026-04-21,cancel,28.38
750,2026-05-14,feature_use,10.02
750,2026-06-21,cancel,2.06
750,2026-03-17,feature_use,17.12
750,2026-07-24,upgrade,18.68
750,2026-04-18,cancel,18.2
750,2026-08-08,login,10.17
750,2026-06-18,login,20.61
750,2026-04-01,feature_use,15.72
750,2026-06-17,feature_use,6.2
750,2026-06-12,upgrade,12.42
750,2026-06-02,login,8.5
750,2026-06-18,cancel,15.54
750,2026-08-12,login,22.89
750,2026-03-22,upgrade,23.69
750,2026-04-24,cancel,15.33
750,2026-04-13,feature_use,14.14
750,2026-05-21,upgrade,1.04
750,2026-06-11,upgrade,23.14
750,2026-02-27,login,5.24
750,2026-05-13,login,8.21
750,2026-03-22,cancel,28.15
750,2026-05-03,cancel,11.25
750,2026-04-04,cancel,14.62
750,2026-08-06,cancel,25.86
750,2026-06-28,login,13.65
750,2026-05-21,feature_use,10.07
751,2026-05-01,login,5.78
751,2026-04-02,feature_use,15.86
751,2026-04-10,cancel,26.47
751,2026-07-04,feature_use,27.8
751,2026-04-05,cancel,5.53
751,2026-03-14,upgrade,8.89
751,2026-05-12,feature_use,24.39
751,2026-05-05,upgrade,11.8
751,2026-08-15,upgrade,28.72
751,2026-04-22,upgrade,17.85
751,2026-04-18,feature_use,24.46
751,2026-07-16,feature_use,23.51
751,2026-08-23,feature_use,14.92
751,2026-07-15,feature_use,8.72
751,2026-07-09,feature_use,24.35
751,2026-03-21,upgrade,4.74
752,2026-09-16,feature_use,11.47
752,2027-02-09,upgrade,3.8
752,2026-11-25,feature_use,24.42
752,2026-08-30,login,14.27
752,2026-11-19,upgrade,23.55
752,2026-09-25,feature_use,21.32
752,2027-02-13,upgrade,12.35
753,2026-01-27,upgrade,1.1
753,2026-05-12,cancel,14.35
753,2026-03-19,login,11.16
753,2026-05-31,feature_use,21.3
753,2026-04-28,feature_use,5.53
753,2026-04-26,upgrade,8.75
753,2026-05-10,cancel,7.83
753,2026-06-29,cancel,9.06
753,2026-04-08,feature_use,25.85
753,2026-03-25,login,15.97
753,2026-04-08,feature_use,1.01
753,2026-02-15,cancel,8.59
753,2026-06-06,upgrade,16.28
753,2026-07-12,upgrade,29.42
753,2026-03-19,login,9.1
753,2026-03-05,upgrade,8.77
753,2026-03-10,upgrade,3.29
753,2026-02-07,upgrade,1.17
753,2026-03-22,login,23.77
753,2026-07-14,login,20.02
753,2026-05-23,feature_use,4.03
753,2026-05-07,login,8.29
753,2026-04-07,login,27.74
753,2026-03-22,upgrade,20.22
754,2026-10-19,login,9.13
754,2026-10-06,login,22.88
754,2026-09-25,upgrade,1.36
754,2027-01-19,upgrade,9.08
754,2026-11-14,feature_use,27.97
754,2026-11-16,cancel,11.02
754,2026-09-28,login,18.73
754,2026-11-20,login,4.39
754,2026-10-13,feature_use,26.32
754,2026-09-20,feature_use,17.23
754,2027-03-05,feature_use,20.1
754,2027-02-17,cancel,29.26
754,2026-10-16,cancel,17.21
754,2026-09-17,feature_use,18.36
754,2026-09-19,feature_use,26.69
754,2026-09-25,cancel,11.04
754,2027-01-03,feature_use,4.64
754,2026-10-01,login,27.45
754,2027-02-11,feature_use,9.78
754,2026-12-17,feature_use,29.52
754,2026-12-09,upgrade,20.02
754,2026-11-21,feature_use,10.21
754,2026-09-23,upgrade,23.62
754,2026-11-19,login,22.02
754,2026-11-20,login,27.3
754,2027-02-07,upgrade,6.46
754,2027-01-22,upgrade,24.21
754,2027-02-03,cancel,4.76
754,2026-12-03,login,23.91
755,2026-06-14,feature_use,22.2
755,2026-09-04,upgrade,21.31
755,2026-09-25,cancel,27.58
755,2026-07-31,feature_use,23.16
755,2026-12-01,cancel,6.92
755,2026-08-28,cancel,2.99
755,2026-08-29,feature_use,8.97
756,2027-03-17,upgrade,23.8
756,2026-12-23,feature_use,10.45
756,2027-03-18,login,9.53
756,2026-10-16,cancel,11.05
756,2026-12-11,cancel,12.39
756,2027-01-11,login,24.13
756,2026-11-04,upgrade,27.72
756,2026-12-27,feature_use,15.89
756,2026-12-13,cancel,28.22
756,2027-04-01,login,21.34
756,2027-03-03,upgrade,27.44
756,2026-12-02,feature_use,4.61
756,2026-11-28,login,18.03
756,2027-02-11,cancel,27.28
756,2026-11-07,login,18.71
756,2027-02-27,upgrade,11.07
756,2027-03-09,feature_use,18.94
756,2027-03-17,cancel,8.63
756,2026-12-30,login,13.43
756,2027-04-02,login,16.68
757,2026-09-23,login,11.84
757,2026-07-09,upgrade,7.11
757,2026-08-01,cancel,29.88
757,2026-06-21,upgrade,25.29
757,2026-08-07,login,24.96
757,2026-09-26,upgrade,29.96
757,2026-11-01,cancel,9.03
757,2026-08-21,feature_use,2.67
757,2026-11-16,upgrade,6.2
757,2026-08-06,feature_use,1.88
757,2026-10-04,upgrade,17.87
757,2026-11-07,feature_use,20.27
757,2026-11-16,feature_use,10.43
757,2026-09-30,login,8.83
757,2026-11-07,cancel,13.62
757,2026-07-03,cancel,19.06
758,2026-12-07,upgrade,8.78
758,2026-11-08,login,26.04
758,2027-01-11,cancel,4.87
758,2027-01-23,upgrade,21.27
758,2026-11-29,upgrade,29.31
758,2027-02-10,feature_use,17.39
758,2027-02-14,login,9.69
758,2026-11-05,feature_use,24.89
759,2027-04-13,feature_use,19.44
759,2027-01-05,cancel,26.5
759,2026-12-22,cancel,7.68
759,2026-12-25,cancel,12.73
759,2027-01-17,upgrade,25.45
759,2026-11-15,feature_use,9.17
759,2027-03-15,upgrade,15.37
759,2026-11-26,login,5.57
759,2027-04-05,upgrade,8.66
759,2027-03-04,login,22.06
759,2026-12-16,upgrade,7.55
759,2027-01-25,upgrade,3.15
759,2026-10-30,feature_use,3.63
759,2027-03-22,cancel,18.74
759,2026-11-20,upgrade,8.32
759,2027-03-09,login,20.69
759,2026-11-26,feature_use,8.32
759,2027-04-03,upgrade,18.3
759,2026-12-17,upgrade,17.92
759,2026-12-01,cancel,13.63
759,2026-12-21,feature_use,10.52
759,2027-04-13,cancel,3.36
759,2027-03-15,login,21.84
759,2027-02-08,login,25.71
760,2026-10-31,feature_use,2.01
760,2027-02-01,feature_use,7.79
760,2026-11-22,login,5.6
760,2026-09-10,feature_use,19.35
760,2027-01-18,feature_use,6.54
760,2026-12-21,feature_use,13.0
760,2026-08-27,login,10.55
760,2026-11-01,cancel,19.47
760,2026-08-27,feature_use,20.0
760,2026-11-04,feature_use,27.21
760,2026-09-04,login,15.63
760,2026-12-30,login,7.45
760,2026-12-13,login,26.82
760,2027-01-03,cancel,16.13
760,2026-10-09,cancel,9.53
760,2026-09-19,login,22.27
760,2026-11-02,feature_use,19.48
760,2027-01-25,login,25.61
760,2026-12-30,feature_use,16.41
760,2026-10-27,upgrade,16.89
761,2026-06-01,login,7.08
761,2026-05-10,feature_use,4.3
761,2026-09-20,cancel,12.65
761,2026-07-14,feature_use,2.79
761,2026-06-13,cancel,3.79
761,2026-08-07,cancel,22.85
761,2026-04-11,upgrade,18.75
761,2026-06-01,feature_use,11.19
761,2026-04-20,cancel,24.42
761,2026-05-04,login,24.84
761,2026-07-01,feature_use,17.5
761,2026-09-01,login,27.01
761,2026-07-15,upgrade,13.83
761,2026-07-27,feature_use,16.3
761,2026-04-12,feature_use,5.47
761,2026-09-22,upgrade,5.58
761,2026-05-19,upgrade,4.69
761,2026-08-16,cancel,7.02
761,2026-06-08,login,7.67
761,2026-09-07,feature_use,17.63
761,2026-08-19,feature_use,13.72
761,2026-06-30,login,8.16
761,2026-07-18,feature_use,20.16
761,2026-08-20,login,22.11
761,2026-09-15,feature_use,26.56
761,2026-08-27,cancel,2.23
762,2027-03-18,cancel,8.99
762,2026-12-16,login,10.0
762,2026-12-16,login,6.39
762,2026-11-07,login,15.94
762,2026-10-20,login,11.14
762,2027-03-31,cancel,27.17
763,2027-05-07,upgrade,6.9
763,2027-03-03,login,26.11
763,2027-04-15,login,3.83
763,2027-02-22,cancel,3.35
763,2027-05-01,login,22.15
763,2027-05-20,feature_use,5.92
763,2027-01-23,upgrade,7.26
763,2027-06-04,cancel,28.74
763,2027-05-05,cancel,16.0
763,2026-12-29,cancel,27.9
763,2027-04-09,feature_use,22.67
763,2027-05-29,login,22.25
763,2027-02-18,cancel,29.84
763,2027-03-26,cancel,24.35
763,2027-01-28,feature_use,21.88
763,2027-04-29,login,22.47
763,2027-01-28,cancel,8.23
763,2027-06-05,feature_use,19.97
763,2027-05-02,cancel,13.38
763,2027-04-30,login,2.23
764,2027-03-12,cancel,15.5
764,2027-03-11,cancel,10.6
764,2027-05-11,login,24.15
764,2027-04-18,cancel,8.0
764,2027-03-05,feature_use,19.26
764,2027-01-22,cancel,24.56
764,2027-04-13,upgrade,6.52
764,2027-02-22,login,13.98
764,2027-01-04,cancel,19.78
764,2027-03-12,feature_use,6.38
764,2026-12-28,cancel,17.84
764,2027-03-30,upgrade,11.05
764,2026-12-02,cancel,12.41
764,2027-03-15,feature_use,6.76
764,2026-12-11,upgrade,16.38
764,2027-03-31,feature_use,18.9
764,2027-03-05,upgrade,28.82
764,2026-12-31,upgrade,12.2
765,2026-08-27,cancel,4.6
765,2026-08-21,cancel,9.36
765,2026-10-19,feature_use,23.76
765,2026-11-05,feature_use,25.74
765,2026-12-27,feature_use,6.52
765,2026-08-30,feature_use,26.02
765,2027-02-03,login,28.15
765,2027-01-02,login,6.98
765,2027-01-06,cancel,9.61
765,2026-10-25,cancel,2.0
765,2027-01-06,login,15.3
765,2026-09-27,login,20.19
765,2026-09-03,feature_use,16.27
765,2026-10-11,upgrade,11.43
765,2026-09-11,feature_use,15.05
765,2026-11-25,login,3.76
765,2026-09-06,cancel,1.33
765,2026-09-28,login,14.07
765,2026-12-06,upgrade,18.41
765,2026-12-14,login,6.09
765,2027-01-18,upgrade,18.19
765,2026-10-14,feature_use,12.39
765,2027-01-23,upgrade,9.46
765,2027-01-05,upgrade,17.38
765,2026-09-28,cancel,29.38
765,2026-10-12,feature_use,5.4
765,2026-08-31,feature_use,9.93
765,2027-02-04,cancel,7.47
766,2026-09-27,login,23.7
766,2026-10-24,cancel,29.78
766,2026-07-24,login,22.8
766,2026-08-26,upgrade,29.54
766,2026-07-02,upgrade,13.15
766,2026-10-23,login,17.37
766,2026-07-04,cancel,5.95
766,2026-11-04,cancel,19.79
766,2026-08-22,upgrade,4.64
766,2026-07-03,login,25.14
766,2026-10-20,upgrade,5.74
766,2026-10-08,feature_use,2.36
767,2026-04-30,cancel,20.03
767,2026-03-02,feature_use,22.62
767,2026-05-05,upgrade,4.4
767,2026-04-19,login,18.23
767,2026-05-22,feature_use,25.34
767,2026-05-30,upgrade,3.49
768,2027-04-16,cancel,12.69
768,2027-06-03,cancel,26.92
768,2026-12-12,cancel,19.64
768,2027-01-28,upgrade,3.62
768,2027-05-25,feature_use,15.75
768,2027-03-31,cancel,20.59
768,2027-01-05,login,11.51
768,2027-03-10,login,2.11
768,2027-05-18,cancel,11.23
768,2027-05-14,feature_use,23.76
768,2027-02-01,login,9.98
768,2027-06-07,login,3.56
768,2027-05-29,cancel,23.76
768,2027-03-05,upgrade,8.13
768,2027-01-15,login,27.1
769,2027-03-30,login,15.66
769,2026-12-12,feature_use,24.27
769,2027-04-02,cancel,16.02
769,2027-01-12,upgrade,1.53
769,2026-11-10,cancel,25.41
769,2027-02-11,feature_use,16.69
769,2026-11-06,feature_use,27.47
770,2026-03-05,login,29.8
770,2026-03-15,cancel,4.18
770,2026-05-11,feature_use,10.56
770,2026-06-15,upgrade,14.33
770,2026-05-08,feature_use,14.96
770,2026-06-17,upgrade,25.05
770,2026-03-09,cancel,8.14
770,2026-02-17,cancel,12.66
770,2026-05-09,upgrade,17.21
770,2026-03-19,feature_use,16.99
770,2026-05-28,upgrade,21.09
770,2026-05-14,login,28.11
770,2026-05-10,upgrade,19.16
770,2026-05-01,login,11.25
770,2026-05-21,cancel,24.15
770,2026-04-22,upgrade,28.28
770,2026-05-03,cancel,9.0
770,2026-06-27,upgrade,1.62
771,2026-08-06,login,22.89
771,2026-08-10,feature_use,19.64
771,2026-09-24,cancel,27.54
771,2026-09-19,upgrade,15.71
771,2026-07-02,feature_use,7.87
771,2026-10-12,cancel,26.93
771,2026-07-02,cancel,25.07
771,2026-07-14,login,18.36
771,2026-11-16,upgrade,1.88
771,2026-10-08,upgrade,13.02
771,2026-09-13,login,12.01
771,2026-09-28,login,6.69
771,2026-11-20,login,20.31
771,2026-10-31,feature_use,28.95
771,2026-11-23,upgrade,16.92
771,2026-09-09,cancel,26.87
771,2026-08-24,upgrade,11.52
771,2026-07-30,feature_use,10.21
772,2027-03-18,upgrade,12.31
772,2027-02-24,upgrade,22.42
772,2027-01-22,cancel,24.91
772,2027-05-05,login,8.12
772,2026-12-31,feature_use,25.57
772,2027-01-23,login,12.14
772,2027-03-02,login,5.63
772,2027-03-17,cancel,24.09
772,2026-12-28,feature_use,6.12
772,2027-01-09,cancel,25.52
772,2027-02-13,feature_use,22.93
772,2027-04-06,feature_use,16.49
772,2027-05-01,upgrade,10.5
772,2027-04-09,login,20.91
772,2027-05-09,upgrade,17.89
772,2027-03-17,cancel,21.93
772,2027-04-22,cancel,17.43
772,2026-12-01,login,6.55
772,2027-03-06,login,22.4
772,2026-12-18,feature_use,29.1
772,2027-02-13,upgrade,23.05
772,2027-05-11,feature_use,14.23
772,2027-01-25,login,22.53
772,2027-03-14,login,27.6
772,2027-01-03,cancel,29.9
772,2026-12-30,feature_use,24.59
772,2027-04-17,feature_use,28.96
772,2027-03-13,upgrade,23.52
773,2026-12-21,upgrade,27.03
773,2027-03-08,feature_use,11.61
773,2027-03-04,cancel,7.9
773,2027-01-14,feature_use,14.48
773,2027-01-29,cancel,9.56
773,2026-12-25,login,4.92
773,2027-02-18,upgrade,4.63
773,2027-03-06,upgrade,15.01
773,2026-12-02,cancel,1.92
773,2027-01-09,login,25.41
773,2027-01-01,upgrade,9.7
773,2027-01-26,upgrade,8.37
773,2026-10-26,login,11.11
773,2027-01-29,login,23.51
773,2026-11-30,cancel,28.9
773,2026-11-27,upgrade,18.43
773,2027-02-11,feature_use,14.43
773,2026-12-19,upgrade,2.11
773,2026-10-24,feature_use,16.0
773,2027-04-18,feature_use,28.84
773,2027-02-28,login,27.99
773,2027-02-07,cancel,10.18
773,2027-04-06,cancel,6.47
773,2027-01-09,upgrade,26.61
773,2026-11-02,feature_use,11.88
774,2027-04-30,upgrade,9.19
774,2027-05-08,login,8.78
774,2027-02-02,login,22.14
774,2027-05-22,login,14.81
774,2027-01-09,feature_use,17.01
774,2027-02-18,cancel,29.63
774,2027-05-03,upgrade,13.3
774,2027-02-19,feature_use,15.89
774,2027-01-30,login,18.34
774,2027-02-10,upgrade,29.35
774,2027-03-11,upgrade,17.38
774,2026-12-19,upgrade,8.38
774,2026-12-26,cancel,3.72
774,2027-04-20,login,29.12
774,2027-05-06,upgrade,4.52
774,2027-03-18,login,24.37
774,2027-04-28,cancel,3.55
775,2026-12-14,login,15.06
775,2026-09-21,feature_use,3.98
775,2026-09-08,cancel,22.64
775,2026-10-14,login,13.83
775,2027-02-19,cancel,3.7
775,2026-10-23,cancel,8.49
775,2026-09-18,cancel,6.23
775,2027-01-30,feature_use,13.86
775,2026-09-17,cancel,10.45
775,2026-11-13,cancel,10.41
775,2026-12-01,upgrade,28.62
775,2026-09-08,upgrade,13.44
775,2026-10-12,cancel,13.67
775,2027-02-19,upgrade,28.92
775,2026-11-29,upgrade,7.48
776,2026-08-27,cancel,11.52
776,2027-01-18,cancel,24.81
776,2026-10-31,login,8.75
776,2027-01-23,cancel,2.17
776,2027-01-04,feature_use,25.4
776,2027-01-23,feature_use,24.31
777,2026-09-05,login,22.7
777,2026-06-06,feature_use,25.58
777,2026-08-04,feature_use,4.79
777,2026-08-24,login,3.51
777,2026-08-25,upgrade,10.99
777,2026-07-09,feature_use,9.71
777,2026-07-31,upgrade,6.72
777,2026-05-16,upgrade,19.42
777,2026-07-01,upgrade,11.83
777,2026-05-05,login,7.98
777,2026-07-26,cancel,7.15
777,2026-06-15,cancel,22.9
777,2026-06-20,cancel,1.5
777,2026-09-09,login,19.8
778,2026-06-01,cancel,18.09
778,2026-08-26,upgrade,8.48
778,2026-07-22,login,19.15
778,2026-08-11,upgrade,26.22
778,2026-04-20,cancel,17.92
778,2026-03-27,upgrade,22.63
778,2026-03-15,feature_use,1.82
779,2027-05-13,cancel,29.74
779,2027-01-14,upgrade,6.88
779,2027-02-06,login,18.34
779,2027-04-26,login,22.9
779,2027-02-13,cancel,23.67
779,2027-06-14,feature_use,7.24
779,2027-01-20,feature_use,23.23
779,2026-12-29,cancel,21.35
779,2026-12-26,cancel,8.51
779,2027-01-29,cancel,28.4
779,2027-03-11,cancel,11.79
779,2027-01-14,feature_use,12.07
779,2027-05-12,upgrade,16.58
779,2027-01-18,login,18.5
780,2027-02-15,feature_use,26.24
780,2027-01-25,login,10.43
780,2026-10-29,feature_use,17.25
780,2026-12-06,cancel,6.41
780,2027-01-11,login,21.8
780,2027-03-14,feature_use,5.67
780,2027-02-01,login,26.62
780,2027-01-03,feature_use,25.66
780,2027-03-21,login,23.43
780,2026-10-28,upgrade,10.72
780,2026-11-03,feature_use,25.81
780,2027-01-10,cancel,23.87
780,2027-01-12,feature_use,21.51
780,2027-01-26,feature_use,6.72
780,2026-12-29,upgrade,4.59
780,2027-03-23,cancel,9.4
781,2026-11-11,cancel,28.74
781,2026-10-29,cancel,27.03
781,2026-07-16,login,20.45
781,2026-08-11,upgrade,17.35
781,2026-10-17,cancel,28.93
781,2026-09-01,feature_use,18.69
781,2026-07-30,cancel,13.36
781,2026-12-08,login,19.53
781,2026-12-04,login,3.28
781,2026-12-30,cancel,13.76
781,2026-09-23,login,10.32
781,2026-12-07,feature_use,26.75
781,2026-10-09,cancel,12.11
781,2026-09-19,feature_use,12.41
781,2026-09-26,cancel,7.03
781,2026-11-18,feature_use,15.12
781,2026-11-23,feature_use,26.03
781,2026-12-12,login,10.7
781,2026-07-04,upgrade,29.37
782,2026-09-28,upgrade,17.04
782,2026-09-17,upgrade,6.51
782,2026-07-04,cancel,22.0
782,2026-08-17,upgrade,27.75
782,2026-06-29,login,13.46
782,2026-08-06,cancel,5.15
782,2026-06-25,feature_use,18.04
782,2026-11-25,upgrade,21.98
782,2026-08-14,feature_use,24.72
782,2026-08-09,login,18.95
782,2026-10-16,cancel,23.84
782,2026-09-16,cancel,1.06
782,2026-07-02,upgrade,6.62
782,2026-10-08,login,28.49
782,2026-11-29,feature_use,24.76
782,2026-11-26,login,25.95
782,2026-09-02,feature_use,25.04
782,2026-06-30,cancel,10.73
782,2026-08-08,cancel,6.26
783,2026-03-17,upgrade,25.33
783,2026-04-08,cancel,7.59
783,2026-05-15,login,12.42
783,2026-07-19,login,19.04
783,2026-03-26,upgrade,25.55
783,2026-03-04,upgrade,21.54
784,2026-06-16,login,24.85
784,2026-05-04,upgrade,3.6
784,2026-07-19,login,6.94
784,2026-03-20,login,2.66
784,2026-05-30,upgrade,25.65
784,2026-02-21,cancel,6.99
784,2026-03-07,cancel,22.09
784,2026-03-07,login,26.07
784,2026-06-24,upgrade,8.77
784,2026-08-06,feature_use,3.21
784,2026-05-11,upgrade,28.54
784,2026-06-02,upgrade,20.3
784,2026-03-16,feature_use,13.48
784,2026-03-20,login,4.31
784,2026-04-06,upgrade,23.7
784,2026-02-24,cancel,29.53
784,2026-07-16,login,2.9
784,2026-03-19,feature_use,21.63
784,2026-04-28,cancel,15.98
784,2026-06-16,upgrade,11.33
784,2026-03-09,login,23.49
784,2026-07-09,login,12.3
784,2026-05-16,login,20.7
784,2026-02-16,upgrade,16.52
785,2026-03-05,login,12.02
785,2026-02-04,upgrade,25.65
785,2026-04-04,cancel,11.76
785,2026-05-18,cancel,10.15
785,2026-07-31,login,17.66
785,2026-07-30,upgrade,16.1
785,2026-04-08,upgrade,12.82
785,2026-03-21,login,22.32
785,2026-06-21,upgrade,17.05
785,2026-04-16,upgrade,27.06
785,2026-02-26,upgrade,18.86
785,2026-06-20,login,14.01
785,2026-06-09,cancel,13.46
785,2026-04-07,cancel,2.93
785,2026-08-01,cancel,2.98
785,2026-06-05,feature_use,1.6
785,2026-05-25,feature_use,12.35
785,2026-04-09,login,28.65
785,2026-04-23,login,24.44
785,2026-04-23,login,1.96
785,2026-04-01,login,16.99
785,2026-07-06,upgrade,10.81
786,2027-03-09,upgrade,25.01
786,2026-12-05,upgrade,18.17
786,2027-01-25,feature_use,20.76
786,2027-01-15,cancel,21.17
786,2026-12-06,cancel,16.52
786,2026-12-22,login,7.6
786,2026-11-04,cancel,1.09
786,2026-11-28,login,10.65
787,2026-10-31,upgrade,15.54
787,2026-11-07,upgrade,24.22
787,2026-08-30,feature_use,18.32
787,2026-06-16,cancel,21.29
787,2026-10-11,feature_use,23.67
787,2026-08-18,login,17.41
787,2026-07-25,login,17.25
787,2026-11-20,cancel,28.71
787,2026-08-23,feature_use,28.3
787,2026-11-10,upgrade,22.68
787,2026-09-10,upgrade,12.07
787,2026-08-06,feature_use,12.23
787,2026-10-16,login,29.51
787,2026-10-29,login,26.14
787,2026-08-06,cancel,5.93
787,2026-06-23,cancel,11.24
787,2026-11-17,cancel,20.96
787,2026-07-01,cancel,6.43
787,2026-08-01,upgrade,23.13
787,2026-10-09,cancel,3.69
788,2026-12-23,upgrade,15.01
788,2027-05-31,feature_use,5.0
788,2026-12-15,login,15.19
788,2027-05-26,feature_use,22.86
788,2027-05-12,cancel,24.19
788,2027-05-31,upgrade,18.98
788,2027-02-02,feature_use,8.08
788,2027-01-18,feature_use,1.62
788,2027-03-07,login,25.89
788,2027-05-05,cancel,29.22
788,2027-02-21,login,29.51
788,2027-05-27,upgrade,7.39
788,2027-06-01,feature_use,25.04
788,2027-04-28,feature_use,21.87
788,2027-03-16,login,17.54
788,2027-02-25,login,16.82
788,2027-03-11,upgrade,2.86
788,2027-03-25,upgrade,9.77
788,2027-03-25,feature_use,22.9
788,2027-01-12,login,1.43
788,2027-05-06,cancel,7.64
788,2027-05-31,cancel,3.49
788,2026-12-07,feature_use,9.92
788,2027-01-30,login,7.87
788,2027-04-27,upgrade,9.5
789,2026-04-05,feature_use,21.85
789,2026-05-20,feature_use,10.66
789,2026-05-13,login,7.43
789,2026-05-19,upgrade,26.0
789,2026-05-16,upgrade,26.37
789,2026-03-14,feature_use,15.72
789,2026-03-05,login,5.26
789,2026-06-24,login,19.11
789,2026-05-18,feature_use,22.9
789,2026-05-27,upgrade,20.03
789,2026-04-10,cancel,19.97
789,2026-05-30,login,27.59
789,2026-06-11,cancel,24.83
790,2027-04-11,cancel,12.55
790,2027-02-24,login,20.3
790,2027-04-08,cancel,24.29
790,2027-01-22,feature_use,1.4
790,2027-01-14,cancel,11.69
790,2027-04-18,upgrade,26.62
790,2026-12-04,cancel,23.05
790,2026-12-13,upgrade,4.73
790,2026-12-19,login,3.99
790,2027-02-18,login,13.28
790,2027-03-30,cancel,10.59
791,2026-07-26,login,26.99
791,2026-11-11,login,20.7
791,2026-06-24,feature_use,12.29
791,2026-07-10,cancel,4.66
791,2026-10-06,cancel,25.05
791,2026-11-21,cancel,2.56
791,2026-06-27,feature_use,14.31
791,2026-11-03,login,17.89
791,2026-11-19,cancel,21.12
791,2026-08-23,login,9.66
791,2026-07-24,feature_use,10.87
791,2026-08-03,upgrade,16.43
791,2026-11-02,upgrade,3.28
791,2026-07-29,feature_use,28.19
791,2026-11-04,feature_use,25.16
791,2026-06-20,cancel,3.09
791,2026-07-25,login,6.34
791,2026-06-13,cancel,18.54
791,2026-07-10,upgrade,24.83
791,2026-06-25,feature_use,22.47
791,2026-08-12,feature_use,9.67
791,2026-09-24,login,11.91
791,2026-08-22,login,23.93
791,2026-09-23,feature_use,19.66
792,2026-12-23,cancel,4.17
792,2026-12-11,upgrade,18.48
792,2027-02-27,login,6.47
792,2027-01-02,cancel,23.76
792,2027-02-17,cancel,29.21
792,2027-03-12,upgrade,28.33
792,2026-12-30,login,2.21
792,2026-12-27,cancel,15.14
792,2026-12-19,cancel,1.19
792,2027-02-14,login,8.17
792,2027-05-09,feature_use,2.76
792,2027-05-19,cancel,11.71
792,2027-01-03,feature_use,27.92
792,2027-01-11,cancel,5.6
792,2027-05-18,login,1.33
793,2027-01-16,feature_use,10.25
793,2026-10-04,cancel,22.41
793,2027-01-16,feature_use,6.95
793,2026-10-25,feature_use,5.02
793,2026-12-03,upgrade,20.86
793,2026-11-06,cancel,11.57
793,2026-09-04,feature_use,21.91
793,2026-11-21,upgrade,26.33
793,2026-11-18,login,2.46
793,2026-09-14,cancel,7.42
793,2026-10-18,upgrade,13.64
794,2026-04-20,feature_use,12.11
794,2026-09-09,login,12.29
794,2026-06-26,feature_use,22.86
794,2026-09-06,login,4.42
794,2026-07-21,login,3.76
794,2026-05-05,feature_use,20.6
794,2026-06-13,upgrade,21.12
794,2026-03-27,upgrade,10.24
794,2026-04-25,feature_use,1.77
795,2026-07-24,feature_use,4.22
795,2026-08-21,upgrade,13.93
795,2026-05-16,upgrade,14.04
795,2026-05-15,login,20.59
795,2026-10-07,login,28.59
795,2026-10-28,upgrade,7.45
795,2026-08-18,cancel,24.9
795,2026-06-10,upgrade,2.75
796,2026-09-09,upgrade,28.05
796,2026-08-31,login,19.18
796,2026-08-23,login,9.96
796,2026-09-10,feature_use,22.68
796,2026-09-15,cancel,27.58
796,2026-04-11,upgrade,20.49
796,2026-04-06,cancel,29.15
796,2026-07-03,cancel,29.16
796,2026-08-22,feature_use,29.82
796,2026-05-05,feature_use,26.97
796,2026-08-07,login,6.94
796,2026-06-02,feature_use,24.16
796,2026-04-27,upgrade,5.83
796,2026-05-28,upgrade,18.76
796,2026-04-01,cancel,13.82
796,2026-07-06,upgrade,20.28
796,2026-08-07,upgrade,20.3
796,2026-04-09,upgrade,19.24
796,2026-06-27,cancel,2.79
796,2026-06-13,login,13.71
796,2026-08-10,upgrade,17.13
796,2026-07-07,upgrade,29.06
796,2026-05-14,upgrade,7.2
797,2026-12-29,feature_use,15.4
797,2027-03-14,feature_use,27.61
797,2027-01-19,login,13.32
797,2027-02-21,login,19.69
797,2027-01-27,login,3.66
797,2027-03-20,upgrade,3.12
797,2027-01-05,upgrade,5.2
797,2027-01-16,feature_use,12.59
797,2027-01-09,login,16.95
797,2027-02-04,cancel,19.19
797,2027-03-06,cancel,10.07
797,2027-05-24,upgrade,19.2
797,2027-02-10,feature_use,27.17
797,2027-01-14,upgrade,28.06
797,2027-01-17,upgrade,2.44
797,2027-01-18,login,7.1
797,2027-05-21,login,25.59
797,2027-05-06,cancel,6.96
797,2027-04-23,login,13.61
797,2027-02-24,cancel,13.3
797,2027-01-22,upgrade,6.82
797,2026-12-04,cancel,1.25
797,2026-12-02,upgrade,29.43
797,2027-05-05,feature_use,8.21
797,2027-01-10,login,20.81
797,2026-12-05,feature_use,14.66
797,2026-12-26,feature_use,3.39
797,2027-04-15,upgrade,28.69
798,2026-06-08,cancel,16.51
798,2026-05-13,cancel,1.05
798,2026-05-16,upgrade,3.94
798,2026-09-17,cancel,13.09
798,2026-06-06,login,12.31
798,2026-05-27,login,14.82
798,2026-08-16,feature_use,28.27
798,2026-07-11,login,10.39
798,2026-07-11,cancel,10.61
798,2026-06-13,login,20.12
798,2026-05-15,login,21.12
798,2026-07-18,cancel,17.71
799,2026-03-10,upgrade,23.29
799,2026-02-20,cancel,22.46
799,2026-04-11,upgrade,27.62
799,2026-03-14,cancel,4.78
799,2026-03-27,feature_use,10.29
799,2026-01-27,feature_use,18.9
799,2026-07-03,login,9.41
799,2026-06-18,upgrade,4.53
799,2026-06-04,login,19.85
799,2026-05-04,cancel,26.91
799,2026-03-13,cancel,1.03
799,2026-07-02,cancel,20.86
799,2026-01-28,cancel,18.3
799,2026-01-30,cancel,18.15
799,2026-05-22,feature_use,9.94
799,2026-02-16,upgrade,4.2
799,2026-07-07,feature_use,27.53
799,2026-05-19,cancel,11.27
799,2026-05-01,feature_use,26.14
799,2026-04-05,login,2.67
799,2026-04-26,feature_use,17.88
799,2026-02-14,login,2.81
800,2026-07-14,feature_use,18.86
800,2026-04-28,login,27.63
800,2026-02-26,feature_use,29.56
800,2026-03-17,upgrade,7.84
800,2026-06-17,cancel,15.5
800,2026-03-21,feature_use,23.31
800,2026-07-14,login,24.73
800,2026-07-18,login,20.35
800,2026-08-09,cancel,8.17
800,2026-04-19,feature_use,18.98
800,2026-07-14,upgrade,1.37
800,2026-06-08,upgrade,25.74
800,2026-04-10,feature_use,2.61
800,2026-04-16,upgrade,2.07
800,2026-04-02,upgrade,11.17
800,2026-07-14,feature_use,15.76
800,2026-05-26,login,29.88
800,2026-08-07,login,18.83
800,2026-05-19,login,17.05
800,2026-06-19,feature_use,24.14
800,2026-03-04,cancel,8.28
800,2026-03-08,upgrade,24.53
800,2026-02-22,feature_use,18.78
801,2026-08-19,feature_use,4.16
801,2026-07-09,feature_use,20.7
801,2026-08-20,feature_use,22.31
801,2026-07-16,login,27.69
801,2026-03-25,upgrade,3.44
801,2026-06-08,upgrade,29.7
801,2026-06-27,upgrade,26.06
801,2026-08-04,upgrade,18.99
801,2026-08-23,upgrade,18.88
801,2026-05-26,upgrade,13.33
801,2026-05-15,cancel,22.2
802,2026-08-20,cancel,23.2
802,2026-07-06,upgrade,14.31
802,2026-07-30,upgrade,21.32
802,2026-08-31,feature_use,9.85
802,2026-07-16,cancel,28.41
802,2026-06-09,upgrade,24.49
803,2026-09-29,upgrade,21.55
803,2026-11-17,upgrade,26.82
803,2026-09-10,login,26.17
803,2026-10-04,upgrade,23.04
803,2027-01-17,upgrade,2.59
803,2026-10-15,login,1.47
803,2026-09-21,feature_use,28.96
803,2026-08-17,feature_use,19.79
803,2026-10-22,cancel,5.81
803,2026-12-29,login,13.95
803,2027-01-01,cancel,15.77
803,2026-09-27,upgrade,10.72
803,2026-11-26,feature_use,4.72
803,2026-11-25,feature_use,17.29
803,2026-08-05,cancel,6.69
803,2026-10-03,feature_use,6.57
803,2026-10-24,login,7.4
803,2026-10-07,feature_use,17.02
803,2026-11-12,cancel,28.9
803,2026-09-19,login,21.88
803,2026-09-22,login,20.54
803,2026-09-18,login,10.74
803,2026-09-19,feature_use,26.11
803,2026-12-15,feature_use,18.92
803,2026-09-16,cancel,28.7
803,2026-08-11,cancel,1.74
803,2026-11-16,upgrade,7.06
803,2026-11-27,upgrade,7.83
803,2026-12-14,login,23.63
804,2026-08-04,upgrade,14.66
804,2026-10-19,upgrade,24.49
804,2026-05-14,feature_use,27.25
804,2026-05-23,login,14.7
804,2026-08-23,login,27.61
804,2026-05-08,upgrade,28.97
804,2026-07-16,login,13.26
804,2026-08-14,feature_use,5.54
804,2026-08-04,upgrade,1.84
804,2026-07-12,feature_use,6.57
804,2026-10-19,login,22.82
804,2026-06-24,upgrade,13.12
804,2026-04-27,cancel,20.54
804,2026-09-02,login,8.69
804,2026-08-16,feature_use,1.29
804,2026-08-18,feature_use,12.59
804,2026-06-30,upgrade,19.95
804,2026-06-29,cancel,29.09
804,2026-05-12,cancel,6.92
804,2026-08-23,cancel,14.78
804,2026-05-20,feature_use,2.37
804,2026-07-02,feature_use,2.97
804,2026-06-23,feature_use,10.26
804,2026-09-06,login,18.64
804,2026-04-24,feature_use,6.92
804,2026-10-02,cancel,6.82
805,2026-07-24,feature_use,17.07
805,2026-07-13,upgrade,28.59
805,2026-03-06,login,15.47
805,2026-06-19,feature_use,26.07
805,2026-05-16,feature_use,3.71
805,2026-04-22,upgrade,2.63
805,2026-03-15,login,26.59
805,2026-04-04,login,16.07
805,2026-05-14,upgrade,1.43
805,2026-04-28,feature_use,20.57
805,2026-07-19,login,24.97
806,2027-04-22,cancel,22.35
806,2027-03-11,login,21.47
806,2027-02-23,feature_use,19.9
806,2026-11-09,feature_use,13.29
806,2027-03-27,login,18.45
806,2027-01-21,upgrade,23.84
807,2026-02-18,login,10.39
807,2026-05-20,feature_use,25.68
807,2026-04-09,feature_use,14.69
807,2026-02-17,login,1.51
807,2026-05-05,login,4.02
807,2026-02-13,login,18.02
807,2026-06-19,login,13.06
807,2026-07-03,feature_use,23.44
807,2026-02-12,feature_use,14.73
807,2026-04-08,cancel,3.97
807,2026-03-29,login,8.74
807,2026-03-01,feature_use,6.34
807,2026-07-10,upgrade,18.29
807,2026-06-28,feature_use,25.86
807,2026-04-03,login,25.09
807,2026-04-29,upgrade,27.48
807,2026-02-20,feature_use,8.59
807,2026-06-24,upgrade,8.55
807,2026-05-18,feature_use,11.37
807,2026-01-25,login,14.56
807,2026-06-02,login,6.35
807,2026-06-25,feature_use,26.03
807,2026-04-12,login,6.59
807,2026-02-06,cancel,25.19
808,2026-10-08,feature_use,9.99
808,2026-12-18,login,27.29
808,2026-09-29,feature_use,3.79
808,2026-09-24,login,16.41
808,2026-09-07,feature_use,9.17
808,2026-09-29,cancel,29.21
808,2026-11-12,cancel,4.42
808,2026-07-14,cancel,22.68
808,2026-10-10,upgrade,23.43
808,2026-08-17,cancel,26.45
809,2026-02-10,cancel,11.3
809,2026-07-31,login,11.91
809,2026-05-08,feature_use,26.82
809,2026-03-21,upgrade,13.17
809,2026-04-07,login,20.1
809,2026-04-08,cancel,12.26
809,2026-07-14,login,16.77
809,2026-02-15,login,22.92
809,2026-05-16,login,20.03
809,2026-04-26,upgrade,19.8
809,2026-04-18,login,7.78
809,2026-02-13,feature_use,17.36
809,2026-05-03,upgrade,14.35
810,2026-08-26,login,26.73
810,2026-05-23,upgrade,3.22
810,2026-10-09,feature_use,12.43
810,2026-07-09,upgrade,12.64
810,2026-05-04,login,7.7
810,2026-09-19,cancel,2.35
810,2026-07-07,feature_use,10.68
810,2026-10-08,cancel,8.44
810,2026-04-29,upgrade,24.99
810,2026-10-15,feature_use,5.96
810,2026-09-24,cancel,6.79
810,2026-08-15,upgrade,12.53
810,2026-08-25,login,17.05
810,2026-05-12,feature_use,15.98
810,2026-10-07,cancel,8.52
810,2026-09-19,feature_use,17.37
810,2026-09-01,feature_use,25.86
810,2026-07-28,feature_use,20.6
810,2026-06-06,login,17.38
810,2026-08-06,feature_use,23.87
810,2026-07-11,login,29.2
811,2026-12-13,login,2.91
811,2027-01-29,login,12.49
811,2027-05-04,cancel,19.62
811,2027-02-18,login,25.36
811,2027-03-05,cancel,8.5
811,2026-12-21,upgrade,28.18
811,2027-04-26,feature_use,16.5
811,2027-01-14,feature_use,22.49
811,2026-11-30,feature_use,7.85
811,2027-01-27,login,11.83
811,2027-03-12,feature_use,18.84
811,2027-04-24,feature_use,7.13
812,2026-08-12,login,22.16
812,2026-07-30,cancel,20.98
812,2026-09-20,feature_use,18.03
812,2026-07-27,feature_use,3.77
812,2026-12-12,login,9.57
813,2026-09-08,upgrade,28.48
813,2026-03-23,feature_use,18.55
813,2026-08-15,cancel,27.61
813,2026-07-26,upgrade,7.78
813,2026-08-20,cancel,18.01
813,2026-04-06,login,10.77
813,2026-03-26,cancel,24.74
813,2026-04-17,login,2.18
813,2026-07-30,feature_use,23.33
813,2026-08-04,upgrade,18.58
814,2026-06-14,upgrade,27.51
814,2026-05-01,login,1.29
814,2026-06-27,feature_use,2.91
814,2026-06-25,login,6.76
814,2026-05-15,login,28.78
814,2026-06-22,upgrade,27.1
814,2026-06-06,login,13.79
814,2026-06-04,login,29.26
814,2026-06-03,cancel,26.55
814,2026-06-29,login,13.53
814,2026-08-06,cancel,9.67
814,2026-07-24,login,19.41
814,2026-04-19,upgrade,24.05
814,2026-05-30,feature_use,17.22
814,2026-04-16,upgrade,27.6
814,2026-05-06,upgrade,15.56
814,2026-04-09,upgrade,29.98
814,2026-04-19,upgrade,14.63
814,2026-06-24,upgrade,1.33
814,2026-06-11,feature_use,29.76
814,2026-06-02,cancel,24.04
814,2026-06-28,upgrade,6.34
814,2026-06-17,login,18.8
814,2026-06-06,login,21.82
814,2026-06-08,feature_use,12.34
814,2026-04-17,cancel,6.14
814,2026-06-24,upgrade,22.88
814,2026-05-19,upgrade,15.63
815,2026-12-01,login,17.14
815,2026-06-30,feature_use,24.32
815,2026-10-03,upgrade,14.23
815,2026-06-15,cancel,18.81
815,2026-07-27,cancel,15.25
815,2026-09-10,upgrade,8.2
815,2026-12-03,feature_use,25.19
815,2026-08-05,upgrade,4.35
815,2026-07-13,login,17.77
815,2026-08-02,feature_use,5.57
815,2026-11-07,cancel,29.41
815,2026-07-31,upgrade,18.3
815,2026-10-02,upgrade,16.06
815,2026-07-05,upgrade,27.18
815,2026-10-09,upgrade,8.03
815,2026-10-18,feature_use,2.58
815,2026-07-26,upgrade,1.04
815,2026-09-04,cancel,13.48
815,2026-09-26,feature_use,10.98
815,2026-11-12,cancel,27.41
815,2026-12-01,login,20.95
815,2026-11-02,upgrade,29.65
816,2027-01-12,feature_use,7.1
816,2027-02-10,upgrade,25.13
816,2027-02-27,feature_use,14.71
816,2026-11-01,feature_use,29.1
816,2027-01-18,login,20.5
817,2026-12-30,feature_use,19.72
817,2026-10-19,cancel,28.56
817,2026-09-19,feature_use,2.44
817,2026-11-15,login,9.68
817,2026-10-17,upgrade,19.23
817,2026-10-16,upgrade,7.76
817,2027-01-02,login,20.63
817,2026-08-27,cancel,7.87
817,2027-01-19,cancel,23.2
817,2026-10-25,feature_use,2.98
817,2026-08-28,cancel,28.71
817,2026-11-04,login,6.0
817,2026-09-02,upgrade,28.38
817,2026-09-25,upgrade,22.52
817,2026-11-09,cancel,18.83
817,2026-11-08,cancel,12.12
817,2026-10-14,feature_use,23.22
817,2026-09-09,login,10.32
817,2027-02-04,upgrade,19.5
817,2026-11-22,cancel,23.72
817,2026-08-16,feature_use,13.09
817,2026-08-26,login,19.26
818,2026-05-07,feature_use,11.86
818,2026-07-03,feature_use,9.49
818,2026-04-13,upgrade,10.69
818,2026-03-27,login,17.74
818,2026-07-12,upgrade,8.3
819,2026-08-16,upgrade,29.66
819,2026-09-09,upgrade,24.27
819,2026-04-06,feature_use,22.21
819,2026-09-28,login,16.54
819,2026-04-26,cancel,5.07
819,2026-07-22,feature_use,13.71
819,2026-04-02,upgrade,22.0
819,2026-09-26,login,15.46
819,2026-08-14,cancel,4.11
819,2026-08-17,upgrade,5.13
819,2026-06-30,upgrade,16.58
820,2026-11-12,upgrade,26.37
820,2026-11-26,login,21.68
820,2026-07-15,upgrade,4.01
820,2026-12-09,cancel,4.7
820,2026-07-18,feature_use,8.45
820,2026-09-09,feature_use,4.82
820,2026-08-24,cancel,6.7
820,2026-11-03,feature_use,18.89
820,2026-10-21,login,6.47
820,2026-09-20,cancel,13.16
820,2026-08-11,login,8.43
820,2026-08-09,login,9.0
820,2026-09-04,upgrade,11.52
820,2026-07-06,feature_use,18.0
820,2026-11-19,login,14.04
821,2026-07-05,upgrade,11.33
821,2026-09-21,upgrade,1.13
821,2026-06-12,feature_use,18.91
821,2026-09-19,upgrade,2.36
821,2026-08-03,login,8.22
821,2026-10-01,upgrade,4.19
821,2026-05-06,upgrade,4.6
821,2026-06-19,cancel,4.3
821,2026-10-27,upgrade,25.28
821,2026-09-05,cancel,10.26
821,2026-10-05,feature_use,9.25
821,2026-08-25,feature_use,13.08
821,2026-10-25,upgrade,1.93
821,2026-07-15,login,24.75
821,2026-08-31,feature_use,19.02
821,2026-06-20,feature_use,4.39
821,2026-05-19,feature_use,29.9
821,2026-06-09,login,23.74
821,2026-09-06,login,1.54
821,2026-07-28,cancel,9.44
821,2026-07-16,feature_use,29.47
821,2026-08-01,feature_use,20.51
821,2026-07-05,upgrade,20.08
821,2026-07-20,login,29.64
821,2026-08-08,cancel,23.0
821,2026-06-26,upgrade,2.78
821,2026-09-06,feature_use,17.62
822,2026-07-27,upgrade,14.39
822,2026-04-26,feature_use,2.11
822,2026-06-11,cancel,13.32
822,2026-03-17,feature_use,27.91
822,2026-06-08,login,24.07
822,2026-09-02,upgrade,8.75
822,2026-05-08,feature_use,26.44
822,2026-03-11,login,19.2
822,2026-05-18,feature_use,1.97
822,2026-03-12,cancel,3.49
822,2026-04-14,upgrade,15.44
822,2026-07-01,upgrade,16.89
822,2026-07-30,upgrade,13.63
822,2026-08-06,login,15.88
822,2026-06-25,login,1.35
822,2026-05-25,upgrade,19.74
822,2026-05-29,cancel,26.46
822,2026-03-15,login,12.38
822,2026-04-20,login,23.88
822,2026-08-17,feature_use,21.92
822,2026-05-05,feature_use,16.35
822,2026-04-03,upgrade,19.98
822,2026-03-29,login,9.4
822,2026-05-19,upgrade,7.22
822,2026-08-12,feature_use,14.46
822,2026-04-14,cancel,7.47
822,2026-06-06,cancel,26.62
822,2026-06-29,feature_use,7.44
822,2026-06-05,feature_use,22.23
823,2026-08-30,upgrade,9.73
823,2026-09-08,feature_use,5.84
823,2026-10-04,feature_use,12.18
823,2026-10-31,cancel,4.19
823,2026-09-13,upgrade,29.02
823,2026-09-16,upgrade,27.24
823,2026-08-12,login,26.74
823,2026-09-24,upgrade,5.02
823,2026-08-08,login,3.27
823,2026-09-18,feature_use,10.6
823,2026-06-20,upgrade,4.77
823,2026-07-01,upgrade,9.84
823,2026-10-10,cancel,13.03
823,2026-09-30,cancel,13.25
823,2026-09-26,feature_use,25.76
823,2026-11-11,upgrade,8.49
824,2026-10-20,feature_use,11.71
824,2026-06-10,login,9.17
824,2026-07-17,login,2.58
824,2026-09-05,feature_use,12.86
824,2026-05-31,cancel,19.95
824,2026-05-23,cancel,12.94
824,2026-07-10,upgrade,20.4
824,2026-08-27,login,19.57
824,2026-08-12,cancel,7.8
824,2026-07-29,upgrade,27.88
824,2026-08-09,cancel,11.82
824,2026-10-12,login,23.64
824,2026-08-28,cancel,20.18
824,2026-09-30,upgrade,11.58
824,2026-09-10,login,20.93
824,2026-05-31,cancel,10.74
824,2026-08-25,feature_use,22.92
824,2026-06-23,upgrade,3.86
824,2026-10-13,feature_use,18.86
824,2026-05-24,feature_use,23.24
824,2026-10-31,feature_use,26.48
824,2026-09-14,cancel,25.97
824,2026-08-25,upgrade,10.73
824,2026-09-15,login,29.88
825,2026-05-25,upgrade,6.96
825,2026-05-09,cancel,24.87
825,2026-08-07,feature_use,23.27
825,2026-05-14,cancel,23.21
825,2026-10-28,login,7.13
825,2026-08-12,login,9.64
825,2026-05-20,login,19.49
825,2026-10-01,cancel,17.24
826,2026-08-11,login,21.69
826,2026-10-06,cancel,1.92
826,2026-10-12,login,5.94
826,2026-10-26,login,12.99
826,2026-07-26,cancel,19.69
826,2026-10-06,upgrade,28.26
826,2026-08-23,feature_use,10.97
826,2026-07-08,upgrade,18.02
826,2026-10-31,login,2.23
826,2026-08-11,cancel,13.62
826,2026-10-07,login,24.98
826,2026-11-10,feature_use,7.01
826,2026-11-30,cancel,2.51
827,2026-07-10,login,5.01
827,2026-07-21,login,26.96
827,2026-07-06,login,2.2
827,2026-04-01,upgrade,19.2
827,2026-04-14,feature_use,25.17
827,2026-05-25,feature_use,27.51
827,2026-06-25,login,8.14
827,2026-03-30,upgrade,4.63
827,2026-02-25,login,16.5
827,2026-02-28,login,26.4
827,2026-05-30,upgrade,6.55
827,2026-06-29,upgrade,5.17
827,2026-06-17,upgrade,1.92
827,2026-02-25,upgrade,6.15
827,2026-07-20,feature_use,12.31
827,2026-04-16,feature_use,13.48
827,2026-03-06,feature_use,24.82
827,2026-06-05,cancel,5.67
827,2026-03-11,login,1.2
827,2026-01-25,cancel,12.08
827,2026-04-12,login,1.12
827,2026-05-26,upgrade,12.78
827,2026-06-12,feature_use,20.2
827,2026-07-20,feature_use,3.6
828,2027-01-18,cancel,27.35
828,2027-03-20,upgrade,16.65
828,2026-12-19,upgrade,16.34
828,2027-03-25,login,10.74
828,2026-12-23,upgrade,5.39
828,2026-10-09,cancel,19.77
828,2026-10-07,login,21.36
828,2026-11-11,login,26.03
829,2027-03-11,upgrade,29.11
829,2027-04-02,feature_use,1.19
829,2026-12-31,upgrade,2.64
829,2026-11-11,feature_use,3.94
829,2026-12-16,login,2.63
829,2027-03-15,upgrade,12.46
829,2027-03-27,upgrade,9.48
829,2026-12-24,upgrade,20.05
829,2027-01-16,cancel,13.51
829,2026-11-19,login,15.58
829,2027-03-02,upgrade,24.71
829,2026-10-31,feature_use,1.04
829,2027-03-13,upgrade,17.14
829,2026-12-11,cancel,12.48
829,2027-04-05,cancel,22.01
829,2027-04-16,upgrade,16.83
829,2027-02-18,login,11.43
830,2026-11-18,feature_use,26.44
830,2026-08-04,upgrade,5.51
830,2026-09-21,upgrade,9.15
830,2026-07-07,login,11.02
830,2026-08-05,feature_use,23.3
830,2026-11-28,feature_use,27.8
830,2026-07-03,login,20.2
830,2026-08-23,feature_use,20.9
831,2026-10-11,upgrade,22.01
831,2026-09-21,login,18.24
831,2026-10-31,cancel,20.65
831,2026-06-15,cancel,6.71
831,2026-09-08,upgrade,22.29
831,2026-08-15,cancel,20.69
831,2026-09-20,cancel,10.57
831,2026-08-15,feature_use,23.44
831,2026-10-15,login,6.21
831,2026-08-23,login,26.81
831,2026-08-27,upgrade,9.67
831,2026-08-02,upgrade,1.37
831,2026-09-20,cancel,17.11
832,2027-03-04,feature_use,15.93
832,2027-05-05,cancel,27.26
832,2026-12-15,feature_use,17.51
832,2027-01-19,login,8.49
832,2026-11-23,feature_use,5.5
832,2027-02-21,cancel,6.53
832,2027-01-05,cancel,28.16
832,2027-03-27,cancel,23.02
832,2026-11-30,login,5.58
832,2027-03-21,cancel,20.25
832,2027-04-21,feature_use,21.0
832,2026-11-25,login,16.03
832,2026-12-03,cancel,3.54
832,2027-01-08,login,22.98
832,2027-02-24,upgrade,29.32
832,2027-01-28,feature_use,2.04
833,2026-10-29,upgrade,26.98
833,2027-04-06,upgrade,21.21
833,2027-01-31,feature_use,5.22
833,2027-02-06,login,3.29
833,2027-03-26,feature_use,19.47
833,2027-01-03,login,12.13
833,2027-01-09,feature_use,25.19
833,2027-03-17,cancel,15.13
833,2026-11-13,login,29.79
833,2026-11-25,login,18.69
833,2026-11-28,cancel,13.63
833,2026-11-22,feature_use,26.78
833,2026-11-27,login,22.77
833,2027-02-01,cancel,22.39
833,2026-12-04,feature_use,19.47
833,2026-11-09,upgrade,26.62
834,2026-08-03,upgrade,23.34
834,2026-08-31,upgrade,21.07
834,2026-07-26,login,12.4
834,2026-08-10,feature_use,12.64
834,2026-11-10,feature_use,19.71
834,2026-12-19,feature_use,8.56
834,2026-11-23,login,4.7
834,2026-09-24,cancel,11.06
834,2026-09-08,login,2.44
834,2026-07-15,upgrade,21.54
834,2026-08-19,feature_use,9.57
834,2026-09-26,login,19.11
834,2026-12-08,feature_use,5.43
834,2026-09-05,feature_use,12.11
834,2026-08-07,login,23.62
834,2026-12-04,login,12.76
834,2026-08-15,login,3.88
834,2026-08-13,upgrade,7.18
834,2026-08-26,login,9.73
834,2026-11-11,login,9.21
834,2026-11-12,feature_use,21.5
834,2026-10-09,feature_use,26.46
834,2026-08-19,cancel,15.44
834,2026-10-08,upgrade,1.94
834,2026-12-05,upgrade,14.81
835,2027-03-09,login,16.32
835,2026-11-24,login,29.28
835,2026-12-08,login,10.07
835,2027-03-01,cancel,1.29
835,2026-11-27,login,24.08
835,2027-04-17,cancel,5.23
835,2027-02-06,feature_use,24.65
835,2027-03-26,cancel,19.55
835,2027-03-23,login,26.68
835,2027-01-20,cancel,16.3
835,2027-02-28,feature_use,18.77
835,2027-01-03,feature_use,6.12
835,2027-03-08,feature_use,1.29
835,2027-01-05,cancel,2.63
835,2027-04-08,upgrade,7.86
835,2026-12-15,login,12.53
835,2027-03-07,upgrade,14.8
835,2027-04-23,login,19.73
835,2027-03-23,upgrade,20.78
835,2026-12-09,feature_use,29.06
835,2027-05-06,cancel,2.29
835,2027-01-12,cancel,3.92
835,2027-04-05,feature_use,25.14
836,2026-12-13,login,22.04
836,2026-12-19,login,18.85
836,2026-12-29,feature_use,16.54
836,2027-01-06,cancel,17.42
836,2027-03-28,upgrade,23.59
836,2027-02-12,cancel,3.76
836,2027-03-04,upgrade,3.35
836,2027-03-12,upgrade,28.95
836,2027-01-07,upgrade,27.13
836,2027-02-07,feature_use,7.02
836,2026-12-16,feature_use,16.85
836,2027-02-13,login,3.74
836,2026-12-18,feature_use,19.99
836,2027-04-08,upgrade,5.56
836,2027-04-09,login,24.99
836,2026-11-30,upgrade,25.59
836,2026-12-22,cancel,4.13
836,2027-01-23,login,2.46
836,2027-03-24,upgrade,9.28
836,2027-02-15,upgrade,28.57
836,2026-11-10,upgrade,7.39
836,2027-03-08,cancel,17.19
836,2027-03-01,upgrade,14.31
836,2027-03-13,upgrade,7.73
837,2027-03-21,cancel,1.98
837,2026-11-11,feature_use,8.56
837,2027-05-01,cancel,22.32
837,2027-04-05,upgrade,15.71
837,2027-03-28,cancel,23.32
837,2027-03-01,cancel,17.12
837,2027-01-20,cancel,28.43
837,2027-03-29,feature_use,7.16
838,2026-04-15,login,18.09
838,2026-06-01,feature_use,27.74
838,2026-04-27,cancel,19.65
838,2026-04-15,cancel,6.68
838,2026-05-28,login,13.37
838,2026-05-16,upgrade,4.93
838,2026-02-21,upgrade,6.8
838,2026-03-25,cancel,5.28
838,2026-04-07,upgrade,4.39
838,2026-07-06,login,1.74
838,2026-02-07,login,7.83
838,2026-03-02,feature_use,3.57
838,2026-06-01,upgrade,8.98
838,2026-04-29,login,21.58
838,2026-04-30,feature_use,15.47
838,2026-05-28,login,19.45
838,2026-05-26,login,19.62
838,2026-03-27,cancel,17.56
838,2026-03-13,upgrade,3.65
838,2026-04-10,feature_use,11.86
838,2026-06-04,upgrade,16.24
838,2026-04-19,cancel,4.68
838,2026-05-31,login,5.83
838,2026-03-26,feature_use,7.96
838,2026-03-01,login,11.19
839,2026-08-22,login,9.98
839,2026-10-21,login,16.1
839,2026-12-21,upgrade,2.28
839,2027-01-14,feature_use,9.13
839,2026-09-18,login,5.22
839,2026-09-09,upgrade,29.47
839,2026-10-07,upgrade,10.0
839,2026-09-30,login,6.94
839,2026-09-27,upgrade,24.66
839,2026-10-21,cancel,6.9
839,2026-09-25,login,23.81
839,2026-11-27,feature_use,18.28
839,2026-11-25,login,29.38
839,2027-01-20,cancel,2.26
839,2026-11-05,login,6.29
840,2026-05-24,login,8.11
840,2026-04-20,upgrade,26.11
840,2026-05-21,feature_use,10.48
840,2026-06-03,feature_use,9.61
840,2026-02-20,upgrade,24.17
840,2026-06-21,feature_use,27.23
840,2026-02-20,cancel,7.69
840,2026-06-06,cancel,15.66
840,2026-04-10,upgrade,29.33
840,2026-03-14,upgrade,2.1
840,2026-05-02,upgrade,23.67
840,2026-02-17,feature_use,26.63
840,2026-05-07,login,4.82
840,2026-05-19,login,7.23
840,2026-07-18,login,3.83
840,2026-03-09,upgrade,6.43
840,2026-02-28,upgrade,22.02
840,2026-05-16,login,20.8
840,2026-05-07,upgrade,22.22
840,2026-02-16,upgrade,7.09
840,2026-06-24,feature_use,10.2
840,2026-01-26,login,19.58
840,2026-02-18,feature_use,16.48
840,2026-06-09,cancel,21.59
840,2026-06-27,feature_use,5.01
840,2026-04-04,login,15.86
840,2026-01-26,upgrade,29.76
841,2026-05-06,login,8.15
841,2026-07-01,cancel,16.76
841,2026-07-03,login,4.5
841,2026-08-09,upgrade,16.95
841,2026-04-09,upgrade,17.62
841,2026-04-22,upgrade,29.5
841,2026-03-15,upgrade,19.72
841,2026-07-26,upgrade,14.42
841,2026-04-21,login,4.03
842,2026-06-06,upgrade,10.26
842,2026-03-20,feature_use,14.72
842,2026-07-22,feature_use,14.93
842,2026-07-24,login,17.55
842,2026-04-21,login,19.08
842,2026-04-18,login,6.24
842,2026-08-04,login,8.71
842,2026-06-03,upgrade,8.89
842,2026-03-31,upgrade,4.07
842,2026-07-29,upgrade,11.87
842,2026-06-16,feature_use,19.39
842,2026-06-15,feature_use,18.4
842,2026-08-04,upgrade,29.62
842,2026-05-06,upgrade,4.69
842,2026-08-12,cancel,14.12
842,2026-04-20,feature_use,28.65
842,2026-06-17,login,8.27
842,2026-07-31,login,21.37
843,2026-12-05,upgrade,28.16
843,2026-12-30,upgrade,20.19
843,2026-10-28,feature_use,24.71
843,2026-12-09,login,12.96
843,2027-03-16,cancel,29.23
843,2026-11-16,cancel,1.18
843,2027-01-16,upgrade,13.55
843,2027-02-05,feature_use,12.31
843,2026-10-26,upgrade,21.76
844,2026-10-17,upgrade,21.29
844,2026-06-18,cancel,3.08
844,2026-10-23,upgrade,17.61
844,2026-09-14,cancel,8.68
844,2026-06-10,cancel,19.43
844,2026-07-30,cancel,28.46
844,2026-09-29,feature_use,24.25
844,2026-09-27,login,14.09
844,2026-08-12,feature_use,16.04
844,2026-10-22,feature_use,12.34
844,2026-05-22,feature_use,20.58
844,2026-08-22,feature_use,26.03
844,2026-08-26,cancel,15.83
844,2026-08-30,cancel,24.73
844,2026-05-23,upgrade,7.36
844,2026-05-10,upgrade,26.81
844,2026-09-22,cancel,9.12
844,2026-09-04,feature_use,24.98
844,2026-06-26,cancel,12.42
844,2026-08-28,login,19.07
844,2026-10-03,feature_use,4.09
844,2026-09-15,cancel,8.69
844,2026-06-13,login,18.61
845,2026-11-15,cancel,3.92
845,2027-01-01,upgrade,16.51
845,2027-03-09,cancel,21.53
845,2026-12-28,login,5.92
845,2027-02-08,cancel,25.68
845,2027-02-01,cancel,3.5
845,2026-12-04,login,4.52
845,2027-03-19,login,23.73
845,2026-11-11,feature_use,13.69
845,2027-04-07,feature_use,3.89
845,2027-02-24,feature_use,25.93
845,2026-12-03,cancel,12.96
845,2026-12-01,login,16.12
845,2027-03-31,upgrade,7.37
845,2027-03-25,feature_use,19.99
845,2026-12-13,cancel,10.07
845,2027-02-26,feature_use,29.59
845,2027-04-26,cancel,25.65
845,2027-03-28,cancel,14.35
845,2027-04-04,login,16.2
846,2026-07-15,upgrade,9.04
846,2026-10-03,feature_use,14.74
846,2026-09-08,upgrade,27.61
846,2026-07-09,cancel,13.33
846,2026-08-11,cancel,7.9
846,2026-10-16,upgrade,25.7
846,2026-09-06,login,25.5
846,2026-11-14,feature_use,5.82
846,2026-07-17,cancel,18.45
846,2026-08-09,feature_use,20.4
846,2026-08-01,login,19.13
846,2026-10-03,upgrade,4.79
846,2026-12-26,feature_use,24.42
846,2026-11-26,upgrade,28.09
846,2026-10-18,upgrade,25.43
846,2026-08-16,login,1.72
846,2026-11-29,cancel,6.97
846,2026-10-16,cancel,2.1
846,2026-07-16,upgrade,25.94
846,2026-09-05,login,5.25
846,2026-11-08,login,4.07
847,2027-01-15,upgrade,16.08
847,2027-01-04,login,19.94
847,2027-01-15,feature_use,20.02
847,2026-10-01,cancel,16.24
847,2026-11-24,upgrade,29.64
847,2026-11-27,feature_use,7.05
847,2026-08-31,cancel,7.55
847,2026-11-25,cancel,21.18
847,2026-11-10,upgrade,3.97
847,2026-09-16,login,13.56
847,2026-10-23,cancel,27.16
847,2026-09-05,upgrade,1.88
847,2026-12-24,cancel,19.04
847,2027-01-25,feature_use,16.89
848,2026-07-15,login,27.64
848,2026-11-12,login,27.17
848,2026-10-24,feature_use,3.15
848,2026-08-14,upgrade,14.49
848,2026-08-25,feature_use,21.06
848,2026-07-28,upgrade,17.83
848,2026-06-02,feature_use,4.53
848,2026-09-11,cancel,1.41
848,2026-06-23,cancel,25.76
848,2026-08-25,upgrade,15.57
848,2026-07-08,cancel,9.41
848,2026-08-09,feature_use,28.3
848,2026-07-07,feature_use,14.44
848,2026-10-21,upgrade,10.07
848,2026-10-24,feature_use,23.13
848,2026-09-20,upgrade,9.52
848,2026-06-28,cancel,28.69
848,2026-09-30,cancel,15.32
848,2026-07-28,login,29.41
848,2026-08-22,upgrade,15.56
848,2026-09-17,cancel,19.86
848,2026-11-01,upgrade,26.99
848,2026-08-04,upgrade,29.66
848,2026-08-12,login,23.21
848,2026-09-03,cancel,4.67
848,2026-09-17,cancel,7.84
848,2026-06-21,upgrade,13.68
848,2026-07-07,upgrade,21.97
848,2026-06-29,feature_use,1.03
849,2026-10-22,cancel,3.01
849,2026-12-19,upgrade,25.94
849,2026-11-15,upgrade,14.11
849,2027-02-16,upgrade,5.05
849,2026-12-22,upgrade,7.39
849,2026-11-13,login,28.42
849,2026-12-24,login,26.05
849,2027-03-04,cancel,13.23
849,2026-10-16,login,6.34
849,2026-10-07,upgrade,24.94
849,2026-11-17,cancel,13.13
849,2026-10-30,upgrade,13.53
849,2026-12-01,login,29.5
849,2027-03-03,upgrade,14.49
849,2026-11-06,feature_use,21.32
849,2026-11-05,login,4.09
849,2026-12-02,upgrade,2.96
849,2027-02-28,feature_use,8.34
849,2026-11-29,cancel,12.12
849,2027-01-26,upgrade,25.35
849,2027-02-28,feature_use,23.73
849,2026-10-23,cancel,21.64
849,2026-12-02,upgrade,1.25
849,2026-11-27,upgrade,21.78
849,2027-01-10,feature_use,21.17
849,2026-12-01,upgrade,26.33
849,2026-10-05,login,28.89
849,2027-01-22,upgrade,20.62
849,2027-01-11,cancel,5.71
850,2026-08-10,upgrade,8.46
850,2026-08-25,login,14.01
850,2026-09-15,login,20.17
850,2026-08-02,feature_use,15.3
850,2026-08-12,feature_use,17.12
850,2026-11-15,login,4.73
850,2026-07-01,cancel,9.69
850,2026-08-24,cancel,18.31
851,2026-12-08,cancel,28.72
851,2027-01-11,feature_use,25.92
851,2026-09-06,feature_use,28.36
851,2026-08-10,feature_use,2.02
851,2026-09-04,upgrade,22.68
851,2026-11-06,upgrade,24.13
851,2026-09-17,feature_use,6.35
851,2026-08-30,feature_use,21.45
851,2026-09-23,login,25.61
851,2026-08-26,upgrade,19.99
851,2026-09-08,cancel,15.57
851,2026-09-23,upgrade,29.85
851,2026-11-04,login,22.18
851,2026-08-11,login,5.81
851,2026-10-15,login,4.35
851,2027-01-04,feature_use,17.08
851,2026-09-23,upgrade,16.12
851,2026-09-30,feature_use,4.2
852,2026-12-14,cancel,17.98
852,2027-01-03,login,24.97
852,2026-09-12,upgrade,13.65
852,2026-08-26,cancel,1.08
852,2026-08-15,login,7.99
852,2026-08-23,cancel,12.42
852,2026-09-22,login,26.9
852,2027-01-03,feature_use,9.88
853,2026-04-13,cancel,7.2
853,2026-07-28,login,22.51
853,2026-05-02,cancel,19.58
853,2026-02-26,feature_use,20.68
853,2026-03-05,cancel,20.7
853,2026-02-19,login,9.81
853,2026-07-14,cancel,16.57
853,2026-07-23,feature_use,13.22
853,2026-02-02,login,24.07
853,2026-07-04,feature_use,5.17
853,2026-07-10,feature_use,28.8
853,2026-04-18,login,14.08
853,2026-03-29,upgrade,2.61
853,2026-03-22,cancel,3.82
853,2026-03-28,cancel,28.14
853,2026-06-13,cancel,19.53
853,2026-06-22,upgrade,14.32
853,2026-03-21,cancel,19.69
853,2026-04-05,cancel,28.43
853,2026-02-07,feature_use,15.42
853,2026-06-14,upgrade,20.25
853,2026-02-07,feature_use,6.49
853,2026-06-24,cancel,5.46
853,2026-06-21,cancel,21.8
853,2026-02-16,login,24.53
853,2026-04-08,feature_use,28.1
854,2026-09-07,feature_use,3.81
854,2026-09-16,cancel,10.74
854,2026-08-25,feature_use,6.83
854,2026-10-22,cancel,19.41
854,2026-11-18,feature_use,28.49
854,2026-11-10,feature_use,8.95
854,2027-01-15,feature_use,11.68
854,2026-11-16,cancel,18.94
854,2026-09-16,upgrade,15.32
854,2026-08-30,login,3.52
854,2027-01-10,login,5.49
854,2026-08-26,feature_use,4.99
854,2027-01-20,feature_use,15.48
854,2026-08-22,login,29.8
854,2026-12-14,feature_use,14.24
855,2026-07-08,cancel,19.27
855,2026-10-07,upgrade,29.68
855,2026-09-05,upgrade,15.02
855,2026-09-18,cancel,3.06
855,2026-10-20,upgrade,7.51
855,2026-10-08,login,3.92
855,2026-05-20,login,26.94
855,2026-05-26,cancel,8.62
855,2026-05-19,cancel,10.12
855,2026-09-24,feature_use,5.9
855,2026-05-21,login,20.09
855,2026-11-03,cancel,22.92
855,2026-10-12,cancel,4.8
855,2026-06-25,login,9.83
855,2026-11-04,upgrade,3.56
855,2026-07-28,login,14.09
855,2026-05-19,feature_use,15.14
855,2026-08-17,upgrade,17.59
855,2026-08-28,login,20.13
855,2026-08-27,upgrade,26.45
856,2026-06-07,login,4.88
856,2026-08-20,upgrade,1.92
856,2026-08-24,cancel,9.29
856,2026-07-16,upgrade,14.25
856,2026-05-29,upgrade,1.1
856,2026-04-05,feature_use,5.75
856,2026-04-17,upgrade,14.2
856,2026-08-17,feature_use,10.01
856,2026-07-16,cancel,26.62
856,2026-04-06,cancel,21.75
856,2026-04-07,login,1.3
856,2026-03-29,cancel,10.91
856,2026-05-06,login,2.28
856,2026-08-20,feature_use,24.78
856,2026-04-15,feature_use,16.75
856,2026-08-20,upgrade,3.41
856,2026-06-27,feature_use,28.6
856,2026-08-14,cancel,23.49
856,2026-06-06,feature_use,10.19
856,2026-06-21,feature_use,6.28
856,2026-03-24,cancel,21.45
856,2026-05-10,upgrade,15.38
856,2026-05-04,upgrade,10.76
857,2027-01-14,login,26.63
857,2026-10-04,upgrade,24.45
857,2027-03-12,upgrade,4.73
857,2026-11-07,feature_use,26.17
857,2027-03-24,upgrade,5.34
857,2027-01-30,login,20.04
857,2026-12-13,upgrade,13.66
857,2026-10-16,feature_use,21.43
857,2026-12-31,feature_use,3.01
857,2026-12-28,upgrade,12.07
857,2026-09-29,upgrade,2.38
857,2027-01-25,login,17.56
857,2026-12-22,feature_use,17.44
857,2027-03-21,feature_use,23.86
857,2027-02-22,feature_use,1.11
857,2027-03-15,upgrade,10.8
857,2026-10-02,login,5.84
857,2026-11-12,feature_use,5.65
858,2026-11-05,feature_use,12.25
858,2026-11-26,upgrade,9.54
858,2026-09-09,cancel,10.76
858,2026-11-20,feature_use,27.2
858,2026-07-21,login,9.17
859,2026-06-26,cancel,1.17
859,2026-10-16,cancel,12.1
859,2026-10-12,cancel,5.08
859,2026-09-14,login,24.88
859,2026-10-15,login,13.61
859,2026-09-04,feature_use,2.28
859,2026-08-31,cancel,21.76
859,2026-06-30,cancel,8.58
859,2026-08-03,upgrade,12.73
859,2026-09-18,feature_use,27.56
860,2026-11-29,cancel,16.97
860,2026-09-06,cancel,21.22
860,2026-12-12,feature_use,12.77
860,2026-12-11,login,19.32
860,2026-07-31,login,29.09
860,2026-09-17,upgrade,19.46
860,2026-07-24,upgrade,10.92
860,2026-08-01,feature_use,18.39
860,2026-07-27,cancel,11.08
860,2026-09-25,feature_use,22.78
860,2026-08-26,login,24.77
860,2026-07-11,feature_use,14.66
860,2026-07-22,feature_use,20.64
860,2026-09-23,feature_use,28.34
860,2026-11-01,upgrade,19.43
861,2026-11-11,feature_use,17.84
861,2027-01-08,cancel,5.09
861,2026-09-26,cancel,19.31
861,2026-09-11,login,15.87
861,2026-10-14,login,20.96
862,2027-03-28,login,27.32
862,2027-03-01,feature_use,21.51
862,2027-04-03,upgrade,18.6
862,2027-01-03,upgrade,15.07
862,2027-01-10,login,3.39
862,2027-02-21,feature_use,17.0
862,2027-05-22,feature_use,22.12
862,2027-01-24,upgrade,5.26
862,2027-02-14,upgrade,19.14
862,2027-01-16,feature_use,10.65
862,2027-04-22,feature_use,29.75
862,2027-05-17,login,18.18
862,2027-02-02,upgrade,6.6
862,2027-02-19,upgrade,29.86
862,2027-01-01,cancel,18.96
862,2027-02-26,login,8.76
862,2027-05-01,feature_use,16.36
862,2027-04-29,login,13.24
862,2027-04-11,feature_use,18.56
862,2027-01-21,login,28.44
862,2027-05-06,feature_use,8.91
862,2027-02-02,login,24.94
862,2027-03-25,upgrade,10.57
863,2026-06-27,login,19.23
863,2026-10-27,feature_use,15.26
863,2026-07-27,login,1.43
863,2026-09-13,feature_use,28.4
863,2026-05-30,upgrade,19.75
863,2026-11-11,feature_use,6.52
863,2026-09-05,login,13.2
863,2026-10-03,upgrade,29.14
863,2026-10-16,upgrade,18.27
863,2026-08-17,login,27.34
863,2026-11-15,login,9.25
863,2026-10-21,feature_use,13.49
863,2026-07-07,feature_use,21.08
863,2026-08-24,login,25.79
863,2026-09-28,login,14.13
864,2026-03-20,cancel,16.26
864,2026-08-28,upgrade,28.21
864,2026-08-30,cancel,21.72
864,2026-05-29,login,29.45
864,2026-03-18,cancel,9.19
864,2026-04-10,feature_use,27.76
864,2026-04-01,cancel,15.09
864,2026-08-28,cancel,12.76
864,2026-05-09,upgrade,18.5
864,2026-06-13,upgrade,14.46
864,2026-05-30,upgrade,29.74
864,2026-05-19,login,16.93
864,2026-03-27,login,16.82
864,2026-04-05,feature_use,27.13
864,2026-03-20,cancel,21.0
864,2026-05-25,feature_use,28.08
864,2026-04-17,cancel,25.07
864,2026-09-03,upgrade,25.05
864,2026-06-14,upgrade,8.76
864,2026-05-22,login,11.89
864,2026-08-11,login,28.09
864,2026-07-03,cancel,23.44
864,2026-06-08,cancel,4.52
864,2026-07-11,cancel,26.57
865,2027-01-08,cancel,2.37
865,2027-02-02,login,20.25
865,2027-02-28,login,4.66
865,2027-01-19,login,4.53
865,2027-03-23,login,21.99
865,2027-03-17,feature_use,11.76
865,2027-02-01,cancel,23.96
865,2027-06-01,feature_use,13.94
865,2026-12-29,login,10.07
865,2027-03-30,upgrade,10.12
865,2026-12-19,upgrade,12.71
865,2027-06-09,upgrade,17.68
865,2027-06-15,upgrade,28.34
865,2027-01-27,login,1.04
865,2026-12-30,upgrade,1.24
865,2027-06-09,login,12.88
865,2027-02-27,cancel,18.78
866,2026-06-15,upgrade,19.68
866,2026-06-17,login,18.42
866,2026-11-18,login,13.81
866,2026-11-17,login,29.13
866,2026-07-22,cancel,1.52
866,2026-09-20,feature_use,22.07
866,2026-11-01,login,24.93
866,2026-06-14,login,11.1
866,2026-11-28,login,7.95
866,2026-12-04,feature_use,15.74
866,2026-10-22,login,3.6
866,2026-11-28,cancel,11.81
866,2026-11-16,cancel,22.13
866,2026-10-31,upgrade,7.06
867,2026-12-28,upgrade,9.54
867,2027-01-09,login,16.34
867,2026-12-29,cancel,8.64
867,2027-02-06,feature_use,2.95
867,2027-01-17,upgrade,19.99
867,2027-02-13,login,28.45
867,2027-04-24,cancel,21.05
867,2027-05-25,login,12.94
867,2027-05-17,upgrade,17.92
867,2027-05-28,login,12.18
867,2026-12-31,feature_use,6.8
867,2027-04-19,cancel,25.38
867,2027-04-10,upgrade,21.2
867,2027-04-22,cancel,9.59
867,2027-02-02,cancel,16.64
867,2027-02-18,cancel,14.49
867,2026-12-29,feature_use,4.38
867,2027-06-03,feature_use,26.79
867,2027-02-28,login,13.77
867,2027-02-14,login,29.35
867,2027-02-19,upgrade,25.68
867,2027-02-18,login,14.49
867,2027-02-14,login,21.63
867,2026-12-23,feature_use,4.86
867,2027-01-20,cancel,1.8
867,2027-03-20,feature_use,16.65
868,2026-04-06,upgrade,17.04
868,2026-08-10,login,16.09
868,2026-06-27,upgrade,25.21
868,2026-04-01,upgrade,12.77
868,2026-08-22,cancel,15.86
868,2026-04-19,upgrade,24.62
868,2026-07-08,feature_use,20.52
868,2026-06-26,upgrade,23.29
869,2027-05-05,cancel,10.19
869,2027-02-09,login,8.51
869,2027-01-07,login,17.35
869,2027-02-11,login,28.16
869,2027-04-23,upgrade,21.4
869,2026-12-22,upgrade,20.78
869,2027-03-09,feature_use,5.97
869,2027-01-04,cancel,15.54
869,2027-04-01,upgrade,11.16
869,2027-04-22,upgrade,14.21
869,2027-01-28,login,6.51
869,2027-04-23,cancel,23.36
869,2026-12-13,login,26.65
869,2027-05-16,feature_use,28.13
869,2027-01-02,upgrade,17.14
869,2027-03-17,cancel,10.54
870,2027-01-28,cancel,24.07
870,2027-02-04,feature_use,10.62
870,2026-11-22,login,18.17
870,2027-01-26,upgrade,11.48
870,2026-11-18,login,23.58
870,2027-02-21,feature_use,10.48
870,2027-01-21,upgrade,21.87
870,2027-03-03,login,14.23
870,2027-02-08,upgrade,26.85
870,2026-10-19,feature_use,3.13
870,2026-10-17,upgrade,1.93
870,2027-03-01,login,17.67
870,2027-02-14,upgrade,14.64
870,2026-12-08,upgrade,20.33
871,2027-02-01,cancel,1.1
871,2027-05-16,cancel,18.24
871,2027-01-16,feature_use,9.33
871,2027-04-16,login,21.53
871,2027-04-11,login,17.88
871,2027-03-05,feature_use,25.96
871,2027-03-24,login,23.95
871,2027-06-09,cancel,14.04
871,2027-02-13,login,23.48
872,2026-10-21,upgrade,24.93
872,2026-12-04,feature_use,20.18
872,2026-10-06,feature_use,23.91
872,2026-12-26,cancel,22.42
872,2026-12-24,login,28.32
872,2027-01-21,upgrade,3.53
872,2026-08-19,feature_use,18.06
872,2026-11-04,cancel,26.22
872,2027-01-12,cancel,2.26
872,2026-08-06,cancel,1.66
872,2026-12-17,login,5.48
872,2026-12-21,cancel,8.74
872,2026-11-17,login,2.24
872,2027-01-02,upgrade,13.86
872,2026-09-18,upgrade,20.36
872,2026-08-02,upgrade,27.85
872,2026-12-19,cancel,18.53
872,2026-09-05,cancel,28.43
872,2026-09-06,login,17.62
872,2026-10-28,feature_use,17.6
872,2026-11-25,upgrade,2.06
872,2026-11-02,login,27.94
872,2027-01-26,cancel,21.31
872,2026-12-09,upgrade,22.0
872,2026-08-31,login,9.03
872,2026-12-12,login,6.87
872,2026-10-07,feature_use,2.38
872,2026-10-16,upgrade,25.0
873,2026-09-20,upgrade,20.89
873,2026-07-07,feature_use,19.79
873,2026-09-13,cancel,22.17
873,2026-06-26,feature_use,22.34
873,2026-06-19,cancel,5.16
873,2026-09-06,login,10.99
874,2026-08-30,login,26.19
874,2026-09-09,cancel,1.08
874,2026-07-06,login,15.1
874,2026-06-20,cancel,9.68
874,2026-04-25,feature_use,26.11
874,2026-05-31,login,24.42
874,2026-08-13,cancel,4.79
874,2026-07-18,upgrade,12.79
874,2026-06-27,login,28.7
874,2026-03-29,cancel,12.22
874,2026-08-23,login,24.53
874,2026-08-25,upgrade,11.45
874,2026-04-12,cancel,19.91
874,2026-06-18,upgrade,24.98
875,2026-09-22,cancel,14.06
875,2026-07-14,upgrade,14.28
875,2026-08-07,feature_use,23.74
875,2026-09-12,cancel,15.43
875,2026-07-18,feature_use,9.51
876,2027-01-19,upgrade,25.99
876,2026-10-31,upgrade,25.02
876,2026-10-19,cancel,28.85
876,2026-10-15,feature_use,24.77
876,2026-11-29,feature_use,29.14
876,2027-01-25,upgrade,29.84
876,2027-01-08,upgrade,2.0
876,2027-02-01,login,6.2
876,2026-08-30,feature_use,19.86
876,2026-11-21,cancel,9.18
876,2026-10-26,cancel,22.97
876,2027-01-06,cancel,22.23
877,2026-06-27,login,2.05
877,2026-08-12,upgrade,25.16
877,2026-06-01,cancel,3.86
877,2026-06-28,feature_use,23.79
877,2026-08-04,feature_use,13.97
877,2026-07-18,upgrade,9.1
877,2026-10-02,cancel,22.93
877,2026-10-07,cancel,20.8
878,2027-05-26,cancel,23.09
878,2027-02-17,upgrade,19.59
878,2027-05-11,login,23.79
878,2027-02-07,feature_use,17.05
878,2027-05-23,feature_use,17.44
878,2027-04-24,login,5.53
879,2027-01-05,cancel,16.91
879,2027-01-05,feature_use,21.29
879,2026-12-26,cancel,27.24
879,2026-12-10,feature_use,8.32
879,2027-01-31,feature_use,4.15
879,2026-10-24,login,6.28
879,2027-02-03,upgrade,19.72
879,2027-01-23,cancel,16.01
879,2027-03-06,cancel,28.18
879,2026-11-21,feature_use,4.21
879,2026-10-20,login,19.65
879,2026-10-25,login,3.23
879,2026-12-05,login,7.57
879,2027-04-03,feature_use,4.96
879,2027-01-15,feature_use,7.69
879,2026-11-06,upgrade,3.43
879,2027-01-15,feature_use,26.26
879,2027-03-26,feature_use,14.43
879,2026-11-28,upgrade,13.99
879,2026-11-29,upgrade,20.18
879,2026-10-22,cancel,6.19
879,2026-12-12,feature_use,21.08
879,2026-11-03,login,1.68
879,2026-12-13,feature_use,9.06
879,2027-01-12,cancel,20.38
880,2027-01-28,feature_use,29.14
880,2026-11-16,cancel,15.41
880,2026-12-23,login,18.4
880,2027-01-06,upgrade,23.44
880,2027-01-13,cancel,8.43
880,2026-12-09,upgrade,23.89
880,2027-01-20,feature_use,8.57
880,2026-09-11,cancel,25.04
880,2026-12-19,upgrade,17.72
880,2026-09-09,feature_use,27.51
880,2027-02-07,login,9.13
880,2026-09-22,feature_use,11.62
880,2026-11-07,upgrade,2.11
880,2026-10-10,feature_use,26.43
880,2027-01-20,upgrade,23.34
880,2027-02-08,upgrade,26.45
880,2026-09-13,upgrade,25.2
880,2027-02-18,cancel,19.29
880,2027-01-09,login,10.7
880,2027-01-06,cancel,10.46
880,2026-10-12,feature_use,29.2
880,2026-12-25,upgrade,24.12
880,2026-11-11,cancel,10.1
881,2026-05-28,cancel,5.85
881,2026-10-03,feature_use,19.5
881,2026-05-16,feature_use,5.93
881,2026-10-17,login,8.22
881,2026-09-21,login,17.86
881,2026-09-22,cancel,1.02
881,2026-05-24,upgrade,28.95
881,2026-09-05,feature_use,17.27
881,2026-07-09,login,3.87
881,2026-06-09,login,20.87
881,2026-07-25,cancel,13.41
881,2026-05-16,feature_use,22.35
881,2026-08-09,feature_use,10.48
881,2026-09-28,cancel,6.99
881,2026-07-18,upgrade,19.89
881,2026-07-05,cancel,19.24
881,2026-09-22,login,15.36
881,2026-10-22,login,23.49
881,2026-10-04,upgrade,12.38
882,2026-07-12,login,24.68
882,2026-07-17,cancel,13.18
882,2026-07-16,upgrade,4.38
882,2026-05-09,feature_use,11.14
882,2026-02-28,feature_use,25.38
882,2026-02-14,cancel,1.45
883,2026-07-21,feature_use,15.7
883,2026-07-08,login,26.27
883,2026-11-13,feature_use,25.87
883,2026-12-02,feature_use,26.46
883,2026-06-26,feature_use,9.93
883,2026-07-13,upgrade,17.24
883,2026-11-11,upgrade,3.1
883,2026-07-22,feature_use,24.35
883,2026-10-14,login,29.04
883,2026-06-19,feature_use,7.66
883,2026-09-06,feature_use,6.08
883,2026-09-20,login,14.34
883,2026-07-18,upgrade,21.6
883,2026-09-06,upgrade,24.92
883,2026-09-30,cancel,22.04
883,2026-08-19,feature_use,9.24
883,2026-11-02,login,6.73
884,2027-02-05,cancel,10.02
884,2026-12-24,login,22.62
884,2027-01-24,feature_use,23.72
884,2026-12-12,login,10.94
884,2027-04-23,login,20.85
884,2027-04-25,upgrade,7.39
884,2026-12-18,upgrade,7.78
884,2026-12-16,feature_use,27.28
884,2027-05-05,login,14.33
884,2027-01-01,feature_use,27.65
884,2027-01-16,upgrade,26.72
884,2027-03-28,cancel,6.15
884,2027-01-02,login,5.66
884,2027-03-10,feature_use,12.16
884,2027-02-28,login,14.77
884,2027-03-14,feature_use,15.73
884,2027-03-05,cancel,22.73
884,2027-05-13,cancel,17.51
885,2026-07-08,upgrade,17.35
885,2026-03-10,upgrade,8.56
885,2026-07-12,upgrade,24.24
885,2026-05-29,login,8.94
885,2026-03-20,upgrade,14.83
885,2026-03-16,login,13.38
885,2026-03-17,upgrade,2.83
885,2026-06-26,login,17.18
885,2026-07-01,upgrade,21.22
886,2027-03-03,feature_use,26.64
886,2027-01-18,login,1.64
886,2027-01-31,upgrade,28.58
886,2027-04-01,upgrade,21.36
886,2026-12-15,feature_use,22.44
886,2027-01-23,login,11.37
886,2027-01-16,upgrade,14.46
886,2026-12-30,cancel,25.15
886,2027-02-13,cancel,22.15
887,2026-02-06,login,4.61
887,2026-06-26,login,12.66
887,2026-05-02,feature_use,15.06
887,2026-06-21,cancel,16.5
887,2026-07-04,login,17.52
887,2026-05-10,feature_use,24.42
888,2026-10-06,feature_use,28.93
888,2026-11-13,cancel,15.22
888,2026-11-21,cancel,24.02
888,2026-10-08,feature_use,23.81
888,2027-02-08,feature_use,22.22
888,2027-02-14,upgrade,17.93
888,2026-11-21,login,13.2
888,2026-11-21,upgrade,24.95
889,2027-02-01,upgrade,13.14
889,2026-09-15,cancel,9.27
889,2027-01-03,upgrade,27.65
889,2026-10-06,cancel,1.53
889,2026-10-11,upgrade,23.7
889,2026-11-20,feature_use,14.74
889,2026-09-30,upgrade,18.89
889,2026-10-25,login,12.43
889,2027-01-18,upgrade,17.49
889,2026-11-11,feature_use,12.89
890,2026-10-17,feature_use,26.42
890,2027-03-18,feature_use,20.81
890,2026-10-01,upgrade,27.08
890,2026-12-08,feature_use,1.97
890,2027-02-12,upgrade,17.12
890,2027-02-22,cancel,27.72
890,2027-01-12,login,6.28
890,2027-03-14,cancel,25.03
890,2027-02-06,login,20.0
890,2027-03-23,upgrade,7.22
890,2027-03-20,cancel,25.2
890,2027-03-10,login,12.6
890,2026-10-04,upgrade,20.63
890,2027-03-23,cancel,8.47
890,2027-01-11,upgrade,17.16
890,2026-09-30,cancel,2.81
890,2026-12-29,upgrade,10.53
891,2027-02-20,feature_use,21.66
891,2027-02-01,cancel,20.33
891,2027-04-01,upgrade,11.51
891,2027-04-25,upgrade,3.37
891,2026-12-02,cancel,20.72
891,2027-04-23,upgrade,15.92
891,2027-03-18,login,13.51
891,2027-03-16,feature_use,27.23
891,2027-05-13,upgrade,15.89
891,2027-01-03,feature_use,22.61
891,2027-02-07,login,28.29
891,2027-03-12,upgrade,25.64
891,2027-03-21,cancel,17.93
891,2027-02-27,upgrade,5.23
891,2026-11-27,cancel,7.96
891,2027-03-17,cancel,23.18
891,2027-02-07,feature_use,6.26
891,2026-12-29,login,2.76
891,2027-03-29,login,7.41
891,2027-02-11,cancel,16.21
891,2026-11-26,cancel,2.62
892,2026-07-15,cancel,18.72
892,2026-05-21,login,28.02
892,2026-07-06,upgrade,21.78
892,2026-06-10,upgrade,9.61
892,2026-04-07,cancel,15.35
892,2026-03-20,upgrade,2.76
892,2026-07-17,login,20.08
892,2026-08-03,login,7.53
892,2026-07-02,cancel,1.28
892,2026-07-23,login,29.45
892,2026-03-30,upgrade,12.1
892,2026-07-27,feature_use,9.26
892,2026-05-05,cancel,18.02
893,2027-04-17,upgrade,19.97
893,2027-03-29,feature_use,11.85
893,2027-02-24,cancel,7.16
893,2027-01-16,login,12.68
893,2027-03-13,feature_use,27.36
893,2027-04-04,upgrade,18.64
893,2027-03-14,upgrade,11.94
893,2027-02-11,login,23.22
893,2026-12-11,feature_use,16.24
893,2027-01-21,feature_use,6.18
893,2026-12-25,upgrade,5.94
893,2026-12-24,login,15.35
893,2026-12-09,login,15.57
893,2027-01-03,login,18.25
893,2027-03-22,cancel,15.49
893,2026-12-13,login,16.66
893,2027-01-15,login,24.33
893,2027-02-01,feature_use,22.89
894,2026-07-10,feature_use,3.48
894,2026-04-10,feature_use,20.74
894,2026-02-13,login,13.38
894,2026-06-23,cancel,24.08
894,2026-04-08,upgrade,23.55
894,2026-02-28,login,25.26
894,2026-02-24,cancel,17.54
894,2026-07-09,cancel,23.94
894,2026-07-17,upgrade,28.35
894,2026-06-19,cancel,19.38
894,2026-04-22,upgrade,21.89
894,2026-05-23,upgrade,16.01
894,2026-03-22,cancel,15.86
894,2026-02-08,feature_use,13.66
894,2026-02-24,login,14.16
894,2026-06-09,feature_use,7.54
894,2026-04-03,upgrade,21.05
894,2026-04-30,login,16.5
894,2026-06-03,upgrade,25.42
894,2026-06-22,cancel,27.07
894,2026-03-12,feature_use,26.17
894,2026-03-19,feature_use,1.23
894,2026-07-19,upgrade,11.62
894,2026-03-07,feature_use,20.58
894,2026-06-19,feature_use,16.98
894,2026-03-24,login,29.29
895,2026-12-30,cancel,15.49
895,2026-08-22,upgrade,11.81
895,2027-01-13,login,13.28
895,2026-08-31,upgrade,16.14
895,2026-08-08,login,4.91
895,2027-01-13,feature_use,17.08
895,2026-11-08,login,17.56
895,2026-10-29,login,9.38
895,2026-10-07,login,15.67
895,2026-12-12,upgrade,8.95
895,2026-11-18,feature_use,11.28
895,2026-11-04,cancel,27.65
895,2026-11-08,upgrade,20.56
895,2026-09-27,feature_use,17.02
895,2026-10-03,cancel,21.9
895,2027-01-09,feature_use,11.06
895,2026-11-05,cancel,5.88
895,2026-08-02,cancel,8.57
895,2026-10-10,login,22.69
895,2027-01-09,upgrade,17.97
895,2027-01-11,feature_use,21.56
895,2026-08-06,cancel,6.08
895,2026-08-01,cancel,4.68
895,2026-12-03,login,18.33
895,2026-07-28,feature_use,19.52
895,2027-01-19,upgrade,16.1
895,2026-11-06,feature_use,21.85
895,2026-12-15,feature_use,6.62
895,2026-10-28,login,6.44
896,2026-03-12,feature_use,10.62
896,2026-06-24,cancel,28.32
896,2026-05-04,upgrade,1.87
896,2026-06-14,upgrade,25.5
896,2026-04-04,login,1.94
896,2026-07-15,feature_use,17.18
896,2026-02-26,upgrade,6.13
896,2026-03-19,login,24.66
896,2026-07-28,upgrade,22.59
896,2026-08-05,feature_use,17.08
896,2026-06-26,feature_use,11.06
896,2026-06-18,cancel,2.89
896,2026-02-19,cancel,4.71
896,2026-06-13,upgrade,21.01
896,2026-05-20,cancel,11.53
896,2026-02-20,upgrade,15.71
896,2026-06-08,cancel,27.24
896,2026-05-11,feature_use,23.83
896,2026-04-02,feature_use,7.8
896,2026-07-04,feature_use,21.6
896,2026-08-04,login,19.06
896,2026-07-08,cancel,23.38
896,2026-08-04,login,15.74
896,2026-02-11,cancel,9.92
896,2026-07-22,upgrade,19.1
896,2026-03-06,cancel,5.41
896,2026-04-07,cancel,11.71
897,2026-08-12,upgrade,2.47
897,2026-07-09,login,5.9
897,2026-08-27,login,11.56
897,2026-07-29,cancel,19.74
897,2026-05-02,feature_use,8.87
897,2026-07-10,login,14.89
897,2026-07-31,login,6.59
897,2026-05-13,login,7.27
897,2026-07-10,cancel,21.21
897,2026-07-19,feature_use,27.9
897,2026-06-08,cancel,26.61
897,2026-09-10,feature_use,18.43
897,2026-07-23,cancel,21.7
897,2026-07-17,upgrade,28.04
897,2026-09-12,cancel,16.49
897,2026-09-12,upgrade,1.33
897,2026-05-25,login,26.55
897,2026-05-13,upgrade,6.19
897,2026-07-29,feature_use,29.51
897,2026-07-28,cancel,19.1
897,2026-08-20,cancel,20.35
897,2026-09-25,upgrade,3.97
897,2026-08-14,feature_use,22.85
897,2026-07-18,upgrade,16.22
897,2026-07-17,cancel,6.84
897,2026-06-12,upgrade,2.42
897,2026-06-10,feature_use,13.46
897,2026-09-02,cancel,10.59
897,2026-06-13,feature_use,22.54
898,2026-07-05,upgrade,5.97
898,2026-09-29,feature_use,28.53
898,2026-09-08,cancel,26.32
898,2026-09-22,upgrade,21.28
898,2026-05-09,cancel,4.89
899,2026-09-27,feature_use,16.76
899,2027-02-13,upgrade,25.96
899,2027-02-12,upgrade,12.66
899,2026-12-05,login,2.98
899,2027-02-06,upgrade,16.04
899,2027-01-24,feature_use,4.27
899,2026-11-05,feature_use,18.54
899,2026-09-30,upgrade,19.48
899,2027-01-30,upgrade,20.4
899,2026-08-23,upgrade,23.08
899,2026-09-27,upgrade,1.73
899,2026-10-27,feature_use,10.98
899,2026-08-30,upgrade,8.07
899,2027-01-31,cancel,17.42
899,2026-09-16,feature_use,3.74
899,2026-12-02,upgrade,3.91
899,2026-12-02,login,25.64
899,2026-11-03,upgrade,18.15
899,2027-02-12,upgrade,2.73
899,2027-01-22,feature_use,7.31
899,2026-09-09,cancel,22.22
899,2026-12-05,cancel,7.34
900,2026-09-02,feature_use,18.53
900,2026-09-02,cancel,29.21
900,2026-09-15,login,29.99
900,2026-07-31,login,15.36
900,2026-05-13,feature_use,25.12
900,2026-07-05,login,3.05
900,2026-05-13,upgrade,2.87
900,2026-09-16,cancel,1.71
900,2026-04-28,login,2.42
900,2026-09-15,upgrade,1.65
900,2026-07-14,upgrade,4.22
900,2026-08-09,login,26.53
900,2026-09-01,cancel,14.81
900,2026-04-10,login,7.61
900,2026-10-05,upgrade,19.47
900,2026-08-12,feature_use,24.67
900,2026-04-15,cancel,5.25
900,2026-05-03,cancel,7.6
901,2026-10-06,cancel,18.67
901,2026-12-01,login,24.12
901,2026-11-24,cancel,4.67
901,2026-10-28,cancel,6.32
901,2026-12-15,feature_use,25.07
901,2026-12-02,upgrade,15.81
901,2026-11-27,login,12.52
901,2027-01-17,login,9.62
901,2027-02-13,login,3.97
901,2027-02-24,feature_use,21.96
901,2027-03-01,feature_use,2.81
901,2026-11-19,cancel,8.86
901,2026-10-24,cancel,8.04
901,2026-11-28,feature_use,13.7
901,2026-11-08,upgrade,9.56
902,2026-05-02,upgrade,14.3
902,2026-08-28,upgrade,25.06
902,2026-04-13,login,17.55
902,2026-03-29,feature_use,9.06
902,2026-07-02,cancel,16.39
902,2026-05-20,cancel,15.13
902,2026-08-06,cancel,25.26
902,2026-06-01,feature_use,23.89
902,2026-04-20,upgrade,24.72
902,2026-06-16,upgrade,21.07
902,2026-04-22,feature_use,25.46
902,2026-04-07,cancel,9.83
902,2026-05-22,login,14.57
902,2026-05-22,upgrade,15.19
902,2026-04-17,feature_use,14.56
902,2026-04-10,login,5.96
902,2026-06-27,feature_use,3.11
902,2026-07-09,upgrade,14.58
902,2026-08-26,feature_use,14.72
902,2026-05-06,upgrade,23.96
902,2026-04-22,cancel,9.7
902,2026-08-18,feature_use,29.01
902,2026-06-25,cancel,8.89
902,2026-03-21,feature_use,22.13
902,2026-08-03,feature_use,18.46
902,2026-04-10,upgrade,5.32
902,2026-07-01,login,6.03
903,2026-04-22,feature_use,13.63
903,2026-08-10,login,25.74
903,2026-05-25,cancel,9.62
903,2026-03-12,login,11.34
903,2026-07-03,login,17.48
903,2026-06-19,upgrade,21.72
903,2026-03-20,login,20.44
903,2026-03-20,upgrade,18.15
903,2026-06-06,login,5.32
903,2026-06-25,cancel,8.13
903,2026-02-20,login,13.42
903,2026-07-29,feature_use,24.45
903,2026-07-10,upgrade,12.24
903,2026-04-20,login,2.78
903,2026-02-21,feature_use,4.03
903,2026-08-13,feature_use,25.59
903,2026-04-14,cancel,8.06
903,2026-02-24,login,4.33
903,2026-06-09,upgrade,4.52
903,2026-03-26,login,14.8
903,2026-02-20,feature_use,22.04
903,2026-05-05,login,17.36
904,2026-08-25,upgrade,18.27
904,2027-01-11,login,19.23
904,2026-08-30,feature_use,19.37
904,2026-10-23,cancel,28.71
904,2027-01-06,login,4.2
904,2026-12-12,login,26.49
904,2026-11-05,login,5.95
904,2026-12-23,feature_use,9.06
904,2026-10-17,upgrade,10.58
904,2026-12-01,upgrade,11.18
904,2026-11-24,feature_use,3.26
904,2026-07-26,login,20.85
904,2026-08-08,feature_use,22.94
904,2027-01-02,feature_use,16.15
904,2026-12-07,login,10.9
904,2026-09-03,feature_use,7.9
904,2026-10-18,cancel,7.48
904,2026-11-02,upgrade,6.96
904,2026-08-07,cancel,28.63
904,2026-08-07,upgrade,7.94
904,2026-09-23,cancel,10.69
904,2026-08-01,cancel,5.16
904,2026-09-26,cancel,15.25
904,2026-12-12,cancel,20.51
904,2026-09-17,upgrade,19.53
904,2027-01-15,login,19.38
904,2026-07-29,cancel,26.42
904,2026-12-08,feature_use,19.7
905,2026-07-23,feature_use,3.44
905,2026-02-14,feature_use,28.46
905,2026-05-23,cancel,15.26
905,2026-04-11,upgrade,23.35
905,2026-08-06,feature_use,22.09
905,2026-07-30,feature_use,8.34
905,2026-05-17,login,26.74
905,2026-04-16,feature_use,17.92
905,2026-05-28,cancel,24.82
905,2026-06-11,feature_use,25.45
905,2026-07-01,cancel,20.25
905,2026-02-19,feature_use,10.53
905,2026-08-03,cancel,10.63
905,2026-07-25,login,3.8
905,2026-03-27,login,25.3
905,2026-05-07,cancel,18.21
905,2026-07-28,feature_use,10.31
905,2026-06-13,login,14.35
905,2026-03-13,feature_use,23.36
905,2026-03-31,upgrade,2.45
905,2026-07-24,login,11.21
906,2026-06-07,login,24.04
906,2026-10-23,login,7.89
906,2026-06-05,cancel,19.45
906,2026-05-31,login,16.45
906,2026-10-11,login,9.59
906,2026-09-21,upgrade,24.49
906,2026-10-30,cancel,19.27
906,2026-05-27,upgrade,14.35
906,2026-07-01,login,21.24
906,2026-07-20,feature_use,2.09
906,2026-08-22,cancel,27.39
906,2026-05-23,cancel,7.47
906,2026-09-05,cancel,18.33
906,2026-10-18,upgrade,29.29
906,2026-11-09,upgrade,13.14
906,2026-09-14,feature_use,12.96
906,2026-07-20,cancel,1.41
906,2026-11-07,login,8.6
906,2026-05-24,feature_use,29.95
906,2026-11-05,upgrade,1.68
906,2026-08-31,feature_use,5.46
906,2026-06-04,cancel,29.62
906,2026-10-09,feature_use,6.32
906,2026-06-26,login,23.28
906,2026-10-15,login,25.91
906,2026-11-05,feature_use,14.55
906,2026-05-20,feature_use,17.49
906,2026-11-04,upgrade,20.65
906,2026-07-20,upgrade,25.84
907,2026-07-07,cancel,14.25
907,2026-03-30,login,24.58
907,2026-04-06,feature_use,12.91
907,2026-08-30,feature_use,18.95
907,2026-08-16,cancel,23.52
907,2026-06-15,cancel,28.61
907,2026-08-15,feature_use,23.8
907,2026-08-07,login,11.7
907,2026-07-21,upgrade,25.45
907,2026-08-05,feature_use,20.26
907,2026-05-28,feature_use,21.15
907,2026-05-05,login,29.15
907,2026-08-27,cancel,21.13
907,2026-09-18,login,7.39
907,2026-07-06,upgrade,12.34
907,2026-05-31,cancel,8.94
907,2026-04-27,upgrade,17.28
907,2026-09-08,login,23.6
907,2026-05-22,login,10.03
907,2026-08-30,cancel,23.3
907,2026-07-17,feature_use,15.75
907,2026-09-10,login,29.22
907,2026-06-11,login,13.68
907,2026-07-13,cancel,2.93
907,2026-06-07,cancel,9.14
907,2026-04-28,feature_use,20.65
907,2026-06-02,cancel,1.33
907,2026-04-04,cancel,18.19
908,2026-05-29,upgrade,18.86
908,2026-08-29,login,18.86
908,2026-10-10,cancel,13.73
908,2026-07-14,login,28.3
908,2026-11-05,login,15.09
908,2026-09-17,upgrade,14.46
908,2026-11-03,upgrade,5.84
908,2026-06-17,login,29.24
908,2026-07-20,cancel,26.89
908,2026-06-27,feature_use,19.74
908,2026-08-10,feature_use,14.32
908,2026-08-21,login,18.01
908,2026-08-22,upgrade,11.04
908,2026-08-13,cancel,17.27
908,2026-11-18,cancel,4.33
908,2026-08-26,upgrade,21.83
908,2026-10-03,login,7.45
908,2026-09-03,cancel,13.87
908,2026-06-17,feature_use,25.18
908,2026-11-05,login,9.92
908,2026-08-31,cancel,18.62
908,2026-06-12,upgrade,5.88
908,2026-10-22,feature_use,17.12
909,2026-02-26,login,17.68
909,2026-07-25,feature_use,28.43
909,2026-04-16,cancel,29.45
909,2026-05-02,feature_use,20.94
909,2026-05-28,login,2.22
909,2026-07-22,cancel,9.63
909,2026-05-30,feature_use,24.68
909,2026-07-26,upgrade,10.41
909,2026-04-08,upgrade,28.59
909,2026-06-19,feature_use,7.06
909,2026-03-05,upgrade,18.87
909,2026-05-05,cancel,11.02
909,2026-04-27,upgrade,5.68
909,2026-07-19,feature_use,22.0
910,2026-10-01,feature_use,11.95
910,2026-05-22,cancel,25.47
910,2026-10-05,upgrade,18.06
910,2026-08-10,feature_use,2.76
910,2026-07-16,login,27.04
910,2026-08-24,feature_use,29.23
910,2026-06-22,feature_use,23.09
910,2026-07-05,cancel,20.28
910,2026-07-26,feature_use,29.55
910,2026-06-23,cancel,2.52
910,2026-07-12,login,18.88
910,2026-06-22,upgrade,14.89
910,2026-10-13,feature_use,14.74
910,2026-06-28,feature_use,2.34
910,2026-07-20,upgrade,12.87
910,2026-05-05,login,19.82
910,2026-07-16,login,19.2
910,2026-07-20,upgrade,10.12
910,2026-08-24,cancel,25.03
910,2026-05-10,upgrade,17.38
910,2026-09-15,feature_use,7.59
911,2026-12-29,login,26.53
911,2027-01-11,login,11.93
911,2026-12-23,feature_use,12.02
911,2027-05-19,feature_use,3.82
911,2027-03-20,cancel,20.62
911,2027-05-04,cancel,1.58
911,2026-12-20,login,25.37
911,2027-03-07,login,27.52
911,2027-03-29,feature_use,9.3
911,2027-03-22,upgrade,9.71
911,2027-02-04,login,14.11
911,2027-03-19,login,3.37
911,2027-05-27,feature_use,15.85
911,2027-03-09,login,29.67
912,2026-09-15,login,15.93
912,2026-08-19,cancel,14.84
912,2026-08-27,login,29.4
912,2026-09-23,login,17.45
912,2026-09-05,feature_use,25.94
912,2026-11-02,cancel,9.73
912,2026-11-02,upgrade,25.55
912,2026-09-02,feature_use,15.81
913,2026-02-26,upgrade,18.9
913,2026-08-03,login,6.84
913,2026-04-29,cancel,16.12
913,2026-04-02,login,29.44
913,2026-06-19,cancel,23.73
913,2026-02-26,cancel,18.14
913,2026-07-23,upgrade,18.47
913,2026-06-14,feature_use,1.68
913,2026-05-24,feature_use,23.71
913,2026-02-27,feature_use,7.86
913,2026-02-26,cancel,27.93
913,2026-07-04,cancel,17.29
913,2026-03-20,cancel,23.69
913,2026-08-03,login,16.0
913,2026-04-05,login,28.25
913,2026-06-25,login,13.68
913,2026-05-09,login,22.68
913,2026-04-09,feature_use,20.58
914,2026-12-24,feature_use,3.05
914,2026-10-30,feature_use,12.21
914,2026-10-19,cancel,8.2
914,2027-03-09,upgrade,25.36
914,2026-12-25,feature_use,19.8
914,2027-03-06,feature_use,25.55
914,2026-10-21,cancel,29.37
914,2027-01-27,upgrade,26.26
914,2026-10-04,upgrade,5.36
914,2027-03-09,upgrade,27.51
914,2027-03-11,login,15.89
914,2026-10-18,upgrade,29.13
914,2026-10-13,feature_use,4.93
914,2027-02-17,cancel,14.6
914,2026-12-07,upgrade,24.34
914,2027-02-08,upgrade,14.66
914,2027-02-21,feature_use,12.58
914,2026-10-13,login,21.14
914,2026-11-10,login,20.18
914,2026-11-06,login,3.72
914,2027-03-25,cancel,29.89
914,2027-02-15,cancel,3.02
914,2027-03-01,upgrade,19.69
914,2027-03-22,login,3.23
914,2027-01-20,cancel,26.75
915,2027-04-11,feature_use,16.2
915,2027-05-24,login,9.39
915,2027-05-24,cancel,24.02
915,2027-02-19,upgrade,28.21
915,2027-04-22,upgrade,27.1
915,2027-04-28,login,29.63
915,2027-05-21,feature_use,14.74
915,2027-03-27,upgrade,9.09
915,2027-01-31,login,18.54
915,2026-12-17,login,29.54
915,2027-03-14,feature_use,12.4
915,2027-01-02,feature_use,27.2
915,2027-04-29,cancel,21.93
915,2026-12-24,login,23.91
915,2026-12-23,upgrade,6.07
915,2027-03-11,upgrade,25.34
915,2027-05-11,upgrade,2.1
915,2027-03-06,login,12.04
915,2027-02-06,cancel,16.43
915,2027-01-27,login,15.39
915,2027-03-22,cancel,13.39
915,2026-12-25,cancel,9.66
916,2027-02-14,cancel,3.65
916,2026-11-24,feature_use,28.2
916,2027-03-10,login,14.2
916,2027-02-17,feature_use,24.21
916,2027-05-03,upgrade,2.85
916,2027-01-18,login,5.5
916,2027-03-12,login,21.33
916,2027-05-16,cancel,29.08
916,2027-03-09,feature_use,16.59
916,2027-02-14,login,6.57
916,2026-12-20,feature_use,19.21
916,2026-12-19,cancel,13.3
916,2026-12-06,upgrade,28.37
916,2027-01-19,upgrade,5.87
916,2027-02-28,feature_use,10.69
916,2027-03-04,login,19.99
917,2026-07-17,cancel,7.55
917,2026-08-07,feature_use,2.05
917,2026-08-10,cancel,5.4
917,2026-10-09,login,8.18
917,2026-10-18,feature_use,3.14
917,2026-06-07,feature_use,20.9
917,2026-08-06,feature_use,24.18
917,2026-07-28,feature_use,27.67
917,2026-07-13,cancel,24.4
917,2026-09-16,upgrade,11.9
917,2026-09-22,upgrade,8.6
917,2026-05-25,upgrade,1.89
917,2026-10-18,login,20.35
917,2026-05-26,feature_use,11.42
917,2026-07-01,cancel,10.63
917,2026-05-17,upgrade,23.45
917,2026-06-07,upgrade,13.19
917,2026-10-18,cancel,25.06
918,2026-10-12,upgrade,21.54
918,2026-09-02,login,14.88
918,2026-10-05,login,29.21
918,2026-06-19,cancel,19.29
918,2026-06-21,login,26.21
918,2026-09-02,cancel,26.49
918,2026-07-02,cancel,13.54
918,2026-06-07,cancel,5.85
918,2026-09-08,cancel,3.82
918,2026-04-29,login,3.06
918,2026-07-02,cancel,20.26
918,2026-05-15,login,8.12
918,2026-09-13,feature_use,3.56
918,2026-06-06,feature_use,8.09
918,2026-07-23,cancel,6.23
918,2026-08-08,login,11.86
918,2026-05-27,cancel,15.09
918,2026-08-10,cancel,25.34
918,2026-05-07,cancel,27.76
918,2026-09-26,cancel,24.81
918,2026-09-25,upgrade,13.9
918,2026-08-03,upgrade,7.93
918,2026-08-01,feature_use,27.38
918,2026-05-08,login,15.43
918,2026-05-18,upgrade,2.46
918,2026-06-15,feature_use,17.93
918,2026-07-03,feature_use,11.17
918,2026-04-28,cancel,13.24
919,2026-12-17,login,29.88
919,2027-01-17,upgrade,4.16
919,2027-01-12,cancel,10.94
919,2027-04-21,login,4.84
919,2026-11-25,feature_use,29.2
919,2027-01-11,login,19.4
919,2026-11-12,cancel,14.38
919,2027-03-19,upgrade,28.77
919,2027-02-08,cancel,20.44
919,2027-05-01,cancel,21.63
919,2026-12-17,upgrade,12.63
919,2026-12-25,upgrade,17.34
919,2026-12-20,feature_use,2.4
919,2027-04-02,cancel,28.62
919,2026-11-07,login,9.34
919,2027-04-10,login,2.7
919,2027-01-18,feature_use,28.56
919,2027-04-13,upgrade,6.44
920,2026-05-04,cancel,13.75
920,2026-09-06,cancel,28.35
920,2026-05-01,feature_use,10.15
920,2026-06-12,feature_use,24.16
920,2026-08-04,cancel,29.28
920,2026-05-17,login,29.89
920,2026-05-04,cancel,23.79
920,2026-04-12,feature_use,8.64
920,2026-07-12,feature_use,3.63
920,2026-09-18,upgrade,1.49
920,2026-05-17,login,19.43
920,2026-07-17,upgrade,12.44
920,2026-08-26,login,4.77
921,2026-08-13,cancel,8.98
921,2026-11-20,upgrade,3.14
921,2026-09-20,login,9.37
921,2026-08-10,feature_use,17.95
921,2026-10-10,feature_use,16.96
921,2026-09-10,cancel,19.65
922,2027-01-28,upgrade,5.17
922,2027-03-16,feature_use,28.6
922,2027-05-26,cancel,6.1
922,2027-02-10,login,1.71
922,2026-12-23,feature_use,17.76
922,2027-01-10,upgrade,22.87
922,2027-05-10,upgrade,1.36
922,2027-01-18,upgrade,19.55
922,2027-01-28,upgrade,19.41
922,2027-05-09,login,15.53
922,2027-01-07,feature_use,22.78
923,2026-08-08,login,28.33
923,2026-12-13,feature_use,25.57
923,2026-10-01,cancel,17.75
923,2026-09-26,upgrade,17.78
923,2026-11-21,upgrade,12.3
923,2026-10-09,upgrade,29.03
923,2026-10-10,login,17.08
923,2026-11-22,login,5.03
923,2026-11-03,feature_use,1.64
923,2026-11-15,cancel,18.67
923,2026-09-05,login,24.54
923,2026-09-28,feature_use,9.78
924,2026-12-28,cancel,22.99
924,2026-12-28,login,10.24
924,2027-03-14,feature_use,14.86
924,2027-03-11,feature_use,23.88
924,2027-01-13,login,19.41
924,2027-01-24,cancel,13.35
924,2026-12-24,upgrade,16.44
924,2027-03-29,cancel,7.63
924,2027-06-05,upgrade,1.63
924,2027-01-10,upgrade,17.49
924,2027-04-07,login,27.99
924,2027-06-11,upgrade,28.26
924,2027-05-30,login,9.18
924,2027-01-14,feature_use,3.71
925,2026-06-22,upgrade,27.65
925,2026-07-08,cancel,25.49
925,2026-05-05,feature_use,23.17
925,2026-02-20,login,16.7
925,2026-02-10,login,5.99
925,2026-02-13,feature_use,10.83
926,2026-04-13,login,14.88
926,2026-06-25,feature_use,5.34
926,2026-05-12,upgrade,15.47
926,2026-06-24,feature_use,21.45
926,2026-02-17,cancel,8.17
927,2026-06-06,upgrade,8.64
927,2026-05-07,upgrade,28.44
927,2026-03-17,upgrade,27.66
927,2026-05-13,upgrade,21.58
927,2026-02-12,login,14.23
927,2026-05-08,feature_use,26.8
927,2026-04-04,cancel,13.58
927,2026-07-04,upgrade,8.92
927,2026-04-24,cancel,2.29
927,2026-02-09,feature_use,20.4
927,2026-07-04,login,20.46
927,2026-03-22,upgrade,29.8
928,2026-12-22,upgrade,6.36
928,2026-10-02,upgrade,24.53
928,2026-07-04,upgrade,1.97
928,2026-07-26,login,15.86
928,2026-09-25,login,17.09
928,2026-07-25,login,20.04
928,2026-08-20,feature_use,14.91
928,2026-12-18,upgrade,1.09
928,2026-10-04,upgrade,1.83
928,2026-08-19,feature_use,18.71
928,2026-08-31,cancel,10.89
928,2026-08-20,login,6.83
928,2026-08-28,login,8.36
928,2026-09-19,cancel,2.68
928,2026-11-26,upgrade,20.77
928,2026-08-08,feature_use,14.96
928,2026-09-15,login,28.92
928,2026-08-21,cancel,9.72
928,2026-07-29,cancel,26.81
928,2026-07-10,upgrade,7.52
928,2026-11-30,login,26.17
928,2026-12-23,cancel,20.87
928,2026-08-18,feature_use,8.32
928,2026-08-26,upgrade,19.29
928,2026-09-11,login,16.94
928,2026-12-09,upgrade,25.35
929,2026-06-19,login,6.91
929,2026-05-27,upgrade,19.42
929,2026-03-27,cancel,28.4
929,2026-02-10,login,14.89
929,2026-07-17,login,17.64
929,2026-07-02,login,18.4
929,2026-07-13,feature_use,10.84
929,2026-07-03,login,16.18
929,2026-07-08,login,3.15
929,2026-04-24,feature_use,14.51
929,2026-04-05,feature_use,16.66
929,2026-08-08,login,18.79
929,2026-04-23,cancel,26.51
929,2026-06-11,login,2.04
930,2026-04-16,cancel,17.02
930,2026-06-20,feature_use,13.91
930,2026-06-01,feature_use,12.16
930,2026-04-08,feature_use,17.61
930,2026-02-27,login,16.53
930,2026-02-20,cancel,17.04
930,2026-03-28,login,12.17
930,2026-03-25,feature_use,7.86
930,2026-03-26,cancel,3.49
930,2026-03-23,cancel,13.35
930,2026-07-25,login,3.78
930,2026-02-22,upgrade,6.26
930,2026-07-25,login,19.25
930,2026-02-10,upgrade,1.66
930,2026-07-02,cancel,29.78
930,2026-03-03,feature_use,8.77
930,2026-07-07,feature_use,2.55
930,2026-04-05,cancel,27.93
930,2026-03-27,upgrade,21.25
930,2026-05-12,feature_use,13.79
930,2026-08-08,cancel,16.46
930,2026-07-04,upgrade,12.95
930,2026-06-03,feature_use,5.02
930,2026-04-19,upgrade,19.07
930,2026-03-22,cancel,4.12
930,2026-05-19,upgrade,13.43
930,2026-04-27,cancel,10.31
930,2026-05-10,upgrade,17.84
930,2026-05-23,login,8.96
931,2026-09-09,cancel,26.7
931,2026-04-21,upgrade,17.28
931,2026-07-30,upgrade,16.36
931,2026-05-06,login,24.4
931,2026-06-16,feature_use,24.49
931,2026-07-19,upgrade,11.16
931,2026-06-15,feature_use,26.59
931,2026-05-29,cancel,9.77
931,2026-03-28,feature_use,23.6
931,2026-07-16,feature_use,18.04
931,2026-04-02,upgrade,29.05
931,2026-08-31,feature_use,13.6
932,2026-08-09,cancel,26.12
932,2026-10-27,feature_use,7.84
932,2026-06-09,login,10.08
932,2026-07-06,feature_use,29.58
932,2026-09-06,cancel,13.79
932,2026-09-17,cancel,1.89
932,2026-06-21,feature_use,20.5
933,2026-03-31,login,10.0
933,2026-06-25,feature_use,8.2
933,2026-05-15,upgrade,27.56
933,2026-04-05,upgrade,20.09
933,2026-03-31,cancel,21.03
933,2026-06-21,upgrade,5.63
933,2026-06-27,upgrade,14.37
933,2026-04-04,feature_use,12.11
933,2026-04-01,cancel,22.82
933,2026-05-17,cancel,11.36
933,2026-06-30,cancel,16.99
933,2026-05-29,feature_use,21.76
933,2026-07-26,cancel,21.8
933,2026-03-26,cancel,8.36
933,2026-07-28,upgrade,18.26
933,2026-04-02,cancel,13.58
934,2026-05-26,upgrade,5.44
934,2026-06-12,login,7.75
934,2026-07-07,cancel,12.11
934,2026-07-02,login,19.78
934,2026-02-12,login,5.58
934,2026-03-01,cancel,26.89
934,2026-05-31,login,7.68
934,2026-06-26,login,20.17
934,2026-06-27,login,26.06
934,2026-04-25,feature_use,3.83
934,2026-03-01,login,2.51
934,2026-01-23,upgrade,13.56
934,2026-04-18,upgrade,5.25
935,2026-10-24,upgrade,10.23
935,2026-07-31,login,11.31
935,2026-09-21,feature_use,17.69
935,2026-11-23,upgrade,14.3
935,2026-12-29,login,26.53
935,2027-01-09,cancel,8.02
935,2026-08-07,feature_use,24.26
935,2026-12-19,login,22.53
935,2026-09-16,feature_use,17.5
935,2026-10-18,upgrade,18.87
935,2026-09-11,cancel,18.57
935,2026-10-04,feature_use,10.69
935,2027-01-08,login,5.55
935,2026-12-09,cancel,20.15
935,2026-09-29,cancel,25.1
936,2026-04-13,upgrade,6.2
936,2026-06-26,cancel,29.0
936,2026-02-25,login,1.7
936,2026-05-01,cancel,27.94
936,2026-04-08,upgrade,19.0
936,2026-03-30,login,18.39
936,2026-03-20,upgrade,5.18
936,2026-03-25,feature_use,14.86
936,2026-03-16,feature_use,24.82
936,2026-04-18,feature_use,27.2
936,2026-02-08,upgrade,27.1
936,2026-02-08,login,28.49
936,2026-02-16,feature_use,16.56
936,2026-03-16,upgrade,23.89
936,2026-05-12,cancel,22.05
936,2026-03-06,feature_use,1.83
936,2026-06-13,login,20.17
936,2026-05-09,upgrade,12.2
936,2026-03-22,cancel,3.83
936,2026-02-17,feature_use,6.29
936,2026-04-02,login,4.97
936,2026-06-21,login,8.15
936,2026-02-26,cancel,8.02
936,2026-05-29,cancel,25.91
937,2027-03-04,upgrade,16.04
937,2027-02-15,cancel,27.53
937,2027-04-17,cancel,5.88
937,2027-02-04,cancel,15.5
937,2027-03-29,feature_use,22.31
937,2026-12-29,cancel,14.64
937,2026-12-27,login,16.59
937,2026-12-25,login,3.92
937,2027-01-16,feature_use,8.14
937,2027-04-06,login,7.23
937,2027-06-09,feature_use,7.62
937,2027-06-05,login,18.31
937,2027-06-09,login,26.93
938,2026-09-06,login,16.62
938,2026-11-30,cancel,25.81
938,2027-01-19,cancel,25.87
938,2027-01-17,login,5.34
938,2026-09-09,feature_use,15.41
938,2026-09-21,login,5.42
938,2026-12-11,feature_use,14.26
938,2026-09-24,upgrade,27.02
939,2026-12-22,cancel,17.55
939,2026-11-22,login,1.61
939,2027-05-04,login,20.79
939,2027-03-04,feature_use,21.56
939,2027-04-18,login,6.9
939,2027-02-14,cancel,24.59
939,2027-03-25,upgrade,19.78
940,2026-11-01,upgrade,5.29
940,2026-09-15,cancel,23.52
940,2026-07-13,cancel,24.32
940,2026-09-03,login,6.44
940,2026-09-17,login,12.2
940,2026-08-22,login,19.41
940,2026-09-24,cancel,22.25
940,2026-12-12,upgrade,23.67
940,2026-08-20,login,10.06
940,2026-10-27,feature_use,18.96
940,2026-09-13,upgrade,21.14
940,2026-08-13,cancel,11.82
940,2026-10-02,upgrade,13.55
940,2026-08-29,upgrade,20.87
940,2026-09-16,cancel,11.2
940,2026-09-29,cancel,18.88
940,2026-11-07,cancel,4.75
940,2026-11-30,feature_use,8.73
940,2026-08-19,feature_use,20.02
940,2026-08-12,feature_use,25.94
940,2026-10-12,upgrade,8.12
940,2026-10-03,cancel,28.25
940,2026-10-03,upgrade,28.81
940,2026-09-30,feature_use,24.95
940,2026-08-28,upgrade,25.26
940,2026-10-09,feature_use,18.64
940,2026-10-09,feature_use,28.14
940,2026-12-01,login,11.06
940,2026-09-11,cancel,13.75
941,2026-08-03,feature_use,13.02
941,2026-07-15,upgrade,22.47
941,2026-10-19,upgrade,22.73
941,2026-05-19,login,17.19
941,2026-07-05,feature_use,27.49
941,2026-05-29,feature_use,2.21
941,2026-08-01,login,14.79
941,2026-08-24,cancel,28.9
941,2026-07-30,login,19.95
941,2026-10-20,cancel,2.89
941,2026-07-23,feature_use,7.8
941,2026-10-01,upgrade,26.55
941,2026-10-13,login,24.59
941,2026-06-03,login,14.31
941,2026-08-02,feature_use,10.57
942,2026-10-02,cancel,16.91
942,2026-06-12,cancel,12.21
942,2026-09-06,upgrade,8.87
942,2026-05-17,cancel,8.88
942,2026-05-31,login,14.14
942,2026-09-11,login,17.35
942,2026-08-18,cancel,3.41
942,2026-07-10,feature_use,23.45
942,2026-10-03,upgrade,2.68
942,2026-08-30,upgrade,5.08
942,2026-08-19,feature_use,22.18
942,2026-05-21,cancel,12.8
942,2026-09-23,upgrade,17.43
942,2026-08-24,login,5.23
942,2026-08-08,feature_use,10.98
942,2026-09-02,login,26.3
942,2026-10-04,feature_use,28.32
942,2026-09-21,login,1.38
942,2026-09-14,feature_use,17.73
942,2026-07-04,upgrade,29.18
942,2026-07-02,cancel,5.31
942,2026-08-17,upgrade,16.66
942,2026-06-25,upgrade,21.94
942,2026-10-13,feature_use,28.97
942,2026-06-19,cancel,7.82
942,2026-11-05,upgrade,27.99
943,2026-03-13,login,16.47
943,2026-03-20,feature_use,6.49
943,2026-03-11,feature_use,25.19
943,2026-03-09,login,13.03
943,2026-05-28,feature_use,6.8
943,2026-05-28,feature_use,6.61
943,2026-02-07,login,10.89
943,2026-04-05,upgrade,27.65
943,2026-02-12,login,26.65
944,2026-08-19,login,3.77
944,2026-11-15,upgrade,3.31
944,2026-07-30,feature_use,13.76
944,2026-12-18,upgrade,19.87
944,2026-08-28,cancel,21.84
944,2026-10-23,upgrade,8.58
944,2026-09-22,feature_use,21.03
944,2026-09-18,feature_use,13.02
944,2026-10-17,feature_use,5.85
945,2027-05-05,login,11.17
945,2027-05-28,feature_use,15.35
945,2027-05-06,cancel,12.27
945,2026-12-18,login,15.57
945,2027-03-31,login,3.91
945,2027-03-08,upgrade,3.95
945,2027-04-10,cancel,29.7
945,2026-12-29,feature_use,24.65
945,2026-12-05,cancel,4.05
945,2027-05-03,upgrade,12.86
945,2026-12-23,feature_use,2.02
945,2026-12-30,feature_use,25.88
945,2027-01-09,cancel,9.37
945,2027-01-13,upgrade,23.21
945,2027-04-22,login,16.45
945,2027-04-26,cancel,21.14
945,2027-05-30,upgrade,2.53
945,2027-04-19,feature_use,4.44
945,2027-01-19,cancel,28.63
945,2027-04-14,feature_use,20.89
945,2027-03-18,login,11.33
946,2026-04-17,feature_use,11.65
946,2026-03-01,login,24.52
946,2026-07-04,upgrade,10.15
946,2026-07-08,cancel,12.51
946,2026-07-17,cancel,17.13
946,2026-03-11,cancel,12.26
946,2026-03-03,feature_use,4.69
946,2026-03-10,upgrade,25.6
946,2026-05-19,upgrade,19.86
946,2026-03-03,cancel,7.01
946,2026-04-11,login,19.62
946,2026-08-03,cancel,21.42
946,2026-08-03,cancel,29.48
946,2026-05-28,upgrade,5.21
946,2026-07-17,feature_use,11.05
946,2026-02-12,upgrade,16.56
946,2026-05-10,upgrade,19.77
946,2026-06-26,feature_use,1.24
946,2026-07-22,cancel,12.28
946,2026-03-24,login,27.58
946,2026-04-01,feature_use,25.65
946,2026-03-15,upgrade,24.15
946,2026-05-26,feature_use,26.35
946,2026-03-09,cancel,27.89
947,2026-08-14,upgrade,22.3
947,2026-06-14,login,29.7
947,2026-08-13,upgrade,28.69
947,2026-08-23,upgrade,6.45
947,2026-10-01,upgrade,20.42
947,2026-05-01,feature_use,3.34
947,2026-06-04,cancel,13.76
947,2026-10-09,upgrade,20.14
947,2026-09-09,cancel,20.76
947,2026-07-24,login,27.55
947,2026-06-19,feature_use,13.96
947,2026-10-19,upgrade,22.09
947,2026-10-22,login,1.64
947,2026-10-18,feature_use,16.61
947,2026-06-09,feature_use,23.07
947,2026-06-02,feature_use,12.12
947,2026-08-12,feature_use,21.18
947,2026-08-19,feature_use,2.97
947,2026-09-05,login,13.53
947,2026-09-26,login,11.74
947,2026-06-14,cancel,5.16
947,2026-08-11,login,22.36
947,2026-05-26,upgrade,25.96
947,2026-09-12,cancel,21.73
947,2026-07-03,login,16.14
947,2026-07-25,feature_use,14.18
948,2027-01-16,cancel,21.16
948,2027-02-19,cancel,13.18
948,2026-11-26,cancel,18.98
948,2027-02-26,upgrade,29.32
948,2026-12-14,cancel,16.4
948,2026-09-26,upgrade,19.73
948,2027-01-03,feature_use,7.12
948,2027-03-06,feature_use,7.52
949,2026-08-08,login,4.54
949,2026-06-03,upgrade,2.4
949,2026-07-10,cancel,7.86
949,2026-07-24,upgrade,17.6
949,2026-09-06,upgrade,15.01
949,2026-11-04,login,24.88
949,2026-06-22,feature_use,1.45
949,2026-06-24,upgrade,15.04
949,2026-11-20,upgrade,15.77
949,2026-07-02,feature_use,24.15
949,2026-07-17,feature_use,13.45
949,2026-08-16,feature_use,23.57
949,2026-08-09,login,25.33
949,2026-10-29,login,7.06
949,2026-07-28,upgrade,21.48
949,2026-10-25,upgrade,16.3
949,2026-10-29,feature_use,21.59
949,2026-11-03,cancel,22.45
949,2026-08-25,upgrade,19.46
950,2026-02-17,feature_use,16.14
950,2026-02-06,upgrade,17.67
950,2026-04-20,upgrade,19.42
950,2026-06-10,cancel,20.06
950,2026-05-07,feature_use,25.7
950,2026-02-20,upgrade,18.99
950,2026-02-21,cancel,25.29
950,2026-06-29,cancel,15.29
950,2026-04-16,cancel,14.55
950,2026-04-07,upgrade,23.36
950,2026-01-23,login,26.78
950,2026-05-03,login,2.62
950,2026-07-05,upgrade,18.83
950,2026-03-04,feature_use,9.79
950,2026-02-27,login,9.69
950,2026-03-19,upgrade,18.1
950,2026-04-12,login,13.88
951,2026-07-05,cancel,13.39
951,2026-08-22,login,17.14
951,2026-10-27,feature_use,12.89
951,2026-07-23,upgrade,13.41
951,2026-11-02,upgrade,4.81
951,2026-06-28,feature_use,19.35
951,2026-09-25,login,9.06
951,2026-07-30,login,11.89
952,2026-12-07,login,14.11
952,2026-12-08,upgrade,28.89
952,2027-02-16,feature_use,15.07
952,2027-03-06,login,20.5
952,2026-11-21,cancel,21.47
952,2026-12-06,feature_use,4.58
952,2027-02-15,upgrade,15.63
952,2026-12-03,upgrade,14.59
952,2027-02-28,login,1.86
952,2026-12-01,feature_use,5.05
952,2027-02-24,upgrade,4.78
952,2026-12-22,feature_use,21.78
953,2026-05-29,feature_use,17.84
953,2026-06-15,upgrade,24.0
953,2026-09-15,cancel,28.16
953,2026-07-22,feature_use,27.91
953,2026-10-04,upgrade,22.45
953,2026-06-04,upgrade,9.34
953,2026-08-11,upgrade,2.9
953,2026-08-10,feature_use,27.62
953,2026-10-26,upgrade,13.75
953,2026-08-27,upgrade,11.45
953,2026-08-31,login,10.09
953,2026-08-09,login,2.62
953,2026-06-06,login,6.17
953,2026-07-13,upgrade,12.94
953,2026-09-11,feature_use,5.15
953,2026-10-17,login,4.82
953,2026-09-30,upgrade,15.24
953,2026-09-11,cancel,12.79
953,2026-06-14,feature_use,27.8
953,2026-06-24,cancel,8.65
953,2026-09-05,feature_use,16.51
953,2026-09-24,upgrade,25.47
953,2026-05-19,feature_use,16.18
954,2026-07-16,upgrade,8.58
954,2026-07-08,feature_use,24.8
954,2026-07-13,upgrade,16.86
954,2026-09-06,upgrade,13.98
954,2026-06-01,cancel,14.98
954,2026-09-27,feature_use,22.66
954,2026-06-09,upgrade,22.07
954,2026-09-04,upgrade,6.0
954,2026-08-23,feature_use,15.86
954,2026-06-14,login,10.97
954,2026-06-24,feature_use,19.03
954,2026-05-11,upgrade,14.08
954,2026-10-19,feature_use,18.77
954,2026-06-14,upgrade,26.97
954,2026-06-20,feature_use,22.66
954,2026-07-22,cancel,12.24
954,2026-10-02,cancel,16.41
955,2026-10-19,login,14.69
955,2026-12-07,upgrade,15.56
955,2026-09-16,login,4.54
955,2026-11-17,feature_use,8.9
955,2026-09-10,cancel,18.62
955,2026-12-14,cancel,28.34
955,2026-11-29,upgrade,3.0
955,2026-10-08,cancel,8.99
955,2026-10-28,login,9.74
955,2027-01-28,feature_use,16.77
956,2026-05-27,upgrade,26.77
956,2026-07-12,login,23.7
956,2026-09-07,cancel,29.22
956,2026-08-27,cancel,10.13
956,2026-09-22,cancel,24.12
956,2026-07-17,cancel,15.85
956,2026-08-24,cancel,29.18
956,2026-10-23,login,13.44
956,2026-09-19,upgrade,11.2
956,2026-05-28,feature_use,23.67
956,2026-05-22,feature_use,10.05
956,2026-08-27,cancel,17.2
956,2026-07-13,feature_use,9.78
956,2026-08-05,cancel,5.03
956,2026-10-07,feature_use,6.96
957,2026-04-13,feature_use,12.16
957,2026-03-01,cancel,11.27
957,2026-04-26,cancel,27.38
957,2026-06-15,login,10.81
957,2026-03-14,cancel,1.27
957,2026-08-17,cancel,23.23
957,2026-06-08,feature_use,26.87
957,2026-07-15,upgrade,16.59
957,2026-03-14,login,5.39
957,2026-03-31,login,25.46
957,2026-04-19,feature_use,10.36
957,2026-07-02,cancel,13.33
957,2026-06-21,upgrade,15.62
957,2026-04-22,feature_use,9.0
957,2026-08-15,login,5.79
957,2026-04-09,login,1.02
957,2026-02-21,login,18.84
957,2026-03-03,cancel,3.09
957,2026-03-10,login,4.34
957,2026-05-27,cancel,2.45
957,2026-03-13,login,12.52
957,2026-04-25,login,13.41
957,2026-08-05,cancel,7.06
957,2026-04-08,login,28.37
957,2026-07-13,feature_use,24.48
958,2026-11-28,upgrade,20.31
958,2026-08-17,feature_use,2.09
958,2026-12-13,upgrade,15.66
958,2027-02-06,upgrade,19.25
958,2026-09-30,upgrade,11.36
958,2026-10-17,login,24.05
958,2026-08-29,feature_use,21.79
958,2026-12-11,upgrade,23.78
958,2027-01-18,login,17.66
958,2026-10-23,feature_use,19.88
958,2027-01-29,cancel,9.25
958,2026-09-17,cancel,4.91
958,2026-09-27,upgrade,1.74
958,2027-01-15,login,15.57
958,2027-01-30,upgrade,28.23
958,2026-09-24,upgrade,1.21
958,2026-10-06,cancel,11.77
958,2027-02-08,feature_use,28.46
959,2026-03-17,cancel,13.84
959,2026-05-13,upgrade,15.5
959,2026-03-07,feature_use,27.99
959,2026-05-21,feature_use,5.0
959,2026-04-02,feature_use,11.57
959,2026-03-06,upgrade,1.92
959,2026-06-25,upgrade,25.69
959,2026-03-05,upgrade,7.96
959,2026-06-22,feature_use,28.94
959,2026-02-01,cancel,15.74
959,2026-05-12,cancel,17.9
959,2026-03-30,feature_use,13.02
959,2026-03-25,feature_use,2.88
959,2026-01-22,cancel,13.7
959,2026-02-01,feature_use,2.89
959,2026-04-25,feature_use,26.63
959,2026-06-03,cancel,13.69
959,2026-01-31,cancel,26.31
959,2026-04-10,cancel,23.29
959,2026-06-13,cancel,15.38
959,2026-07-05,upgrade,11.16
959,2026-06-17,feature_use,17.38
959,2026-04-03,upgrade,9.1
959,2026-01-31,login,6.49
959,2026-05-22,feature_use,7.03
960,2026-02-01,feature_use,22.84
960,2026-06-10,upgrade,26.01
960,2026-02-23,login,17.34
960,2026-05-19,cancel,19.83
960,2026-05-10,login,1.25
960,2026-04-20,feature_use,29.91
960,2026-04-30,login,11.79
960,2026-02-07,feature_use,28.06
960,2026-07-01,login,12.08
960,2026-07-13,login,5.19
961,2027-01-21,cancel,17.82
961,2027-01-04,login,25.15
961,2027-03-16,feature_use,18.28
961,2027-05-20,upgrade,9.44
961,2027-04-13,cancel,15.33
961,2027-01-05,login,29.93
962,2026-07-15,feature_use,4.59
962,2026-02-28,upgrade,27.66
962,2026-04-02,feature_use,24.61
962,2026-02-22,cancel,3.49
962,2026-03-12,feature_use,11.55
962,2026-05-08,login,12.76
962,2026-05-23,feature_use,16.96
962,2026-07-23,login,2.73
962,2026-02-23,login,25.19
962,2026-05-06,feature_use,7.51
962,2026-05-29,login,28.9
962,2026-04-25,upgrade,2.52
962,2026-02-21,upgrade,26.99
962,2026-06-22,cancel,25.34
962,2026-04-10,login,29.78
962,2026-05-25,upgrade,1.9
962,2026-03-25,upgrade,23.56
962,2026-02-28,feature_use,14.29
962,2026-04-05,login,17.33
962,2026-06-18,cancel,8.27
962,2026-06-24,login,2.48
962,2026-02-16,upgrade,23.66
962,2026-03-16,feature_use,15.04
962,2026-07-24,upgrade,22.39
962,2026-03-19,feature_use,7.72
962,2026-03-03,cancel,24.38
962,2026-03-23,cancel,4.66
963,2027-02-20,upgrade,19.88
963,2026-10-27,upgrade,6.4
963,2027-03-03,login,11.13
963,2027-04-11,feature_use,1.35
963,2026-10-21,cancel,11.58
963,2027-01-10,upgrade,16.66
963,2027-03-27,login,18.35
963,2026-11-21,feature_use,1.88
963,2027-01-22,feature_use,12.04
963,2027-02-23,cancel,3.41
963,2026-11-13,upgrade,12.47
963,2026-11-06,cancel,19.29
963,2027-01-09,upgrade,27.28
963,2027-02-26,cancel,10.49
963,2027-02-23,login,17.31
963,2027-02-01,feature_use,12.25
963,2026-12-28,feature_use,28.83
963,2026-10-24,cancel,25.36
963,2027-01-12,cancel,5.83
963,2026-10-30,feature_use,17.1
964,2026-12-13,login,19.97
964,2026-11-09,upgrade,2.16
964,2027-01-28,cancel,18.69
964,2026-08-12,feature_use,20.55
964,2027-01-26,upgrade,28.15
964,2026-12-25,upgrade,24.67
964,2026-10-27,login,5.8
964,2026-11-01,cancel,5.15
964,2026-10-15,cancel,29.81
964,2027-01-16,login,4.0
964,2026-08-13,login,22.42
964,2026-12-20,upgrade,27.05
964,2026-12-14,cancel,1.65
964,2027-02-02,cancel,11.56
964,2026-10-08,feature_use,16.3
964,2026-10-17,login,20.29
964,2026-11-27,upgrade,22.86
964,2026-11-11,feature_use,23.89
964,2027-01-14,upgrade,23.43
964,2026-12-12,feature_use,5.82
964,2027-01-08,feature_use,4.78
964,2026-10-02,login,10.12
965,2026-12-09,feature_use,10.91
965,2026-07-04,feature_use,21.25
965,2026-06-27,upgrade,12.35
965,2026-11-16,cancel,25.98
965,2026-11-30,feature_use,15.61
965,2026-10-15,feature_use,21.43
965,2026-10-07,upgrade,29.04
965,2026-08-11,upgrade,6.43
965,2026-10-02,cancel,14.58
965,2026-08-06,feature_use,21.23
965,2026-07-29,login,12.82
965,2026-09-10,login,2.57
965,2026-11-11,login,1.06
965,2026-12-19,feature_use,4.5
965,2026-10-23,login,13.92
965,2026-12-07,cancel,4.0
965,2026-07-29,upgrade,10.3
965,2026-11-11,login,26.83
965,2026-12-04,feature_use,24.43
965,2026-12-20,cancel,24.06
965,2026-07-29,feature_use,6.06
965,2026-09-08,cancel,27.63
965,2026-08-05,login,5.97
965,2026-11-06,upgrade,2.0
966,2026-07-03,feature_use,24.94
966,2026-07-09,login,1.19
966,2026-07-01,cancel,17.4
966,2026-08-19,cancel,27.08
966,2026-07-16,cancel,10.09
966,2026-10-19,cancel,24.38
966,2026-09-06,feature_use,1.41
966,2026-09-08,feature_use,20.72
966,2026-07-17,login,2.05
966,2026-11-21,login,7.72
966,2026-09-05,feature_use,22.39
966,2026-06-15,upgrade,28.92
966,2026-10-15,feature_use,14.13
966,2026-08-30,feature_use,1.74
966,2026-08-12,upgrade,5.77
966,2026-07-12,login,27.5
966,2026-10-04,upgrade,8.0
966,2026-10-12,login,9.32
967,2026-05-18,upgrade,2.35
967,2026-07-09,login,20.26
967,2026-09-30,upgrade,29.4
967,2026-09-12,login,5.98
967,2026-04-24,login,7.62
967,2026-07-27,upgrade,26.1
967,2026-06-13,feature_use,14.84
967,2026-08-25,login,7.76
967,2026-06-09,feature_use,13.42
967,2026-07-26,cancel,5.34
967,2026-07-28,login,21.8
967,2026-08-01,feature_use,15.34
967,2026-05-15,feature_use,20.51
967,2026-07-31,cancel,27.62
967,2026-09-11,login,17.51
967,2026-09-25,feature_use,4.27
967,2026-04-28,login,10.71
968,2026-09-18,upgrade,21.03
968,2026-05-20,upgrade,5.58
968,2026-06-12,upgrade,9.06
968,2026-09-09,feature_use,21.04
968,2026-07-09,upgrade,22.04
968,2026-07-03,cancel,26.63
968,2026-10-24,feature_use,29.78
969,2026-11-14,feature_use,17.37
969,2026-07-18,cancel,10.28
969,2026-10-13,login,7.29
969,2026-10-11,upgrade,21.95
969,2026-11-04,cancel,26.27
969,2026-12-01,feature_use,6.13
969,2026-07-10,cancel,24.3
969,2026-07-26,feature_use,17.03
969,2026-07-19,feature_use,15.27
969,2026-11-21,upgrade,9.85
969,2026-07-26,upgrade,5.64
969,2026-09-04,cancel,9.04
969,2026-08-14,feature_use,28.82
969,2026-10-04,cancel,25.17
969,2026-08-21,login,4.26
969,2026-09-23,login,2.41
969,2026-07-31,upgrade,17.17
969,2026-07-27,upgrade,17.13
970,2026-05-23,feature_use,27.2
970,2026-06-11,login,25.25
970,2026-05-19,upgrade,12.29
970,2026-07-23,feature_use,12.6
970,2026-03-11,login,28.59
970,2026-03-21,feature_use,27.69
970,2026-06-26,feature_use,20.21
970,2026-03-18,feature_use,21.31
970,2026-02-18,feature_use,23.56
970,2026-07-22,cancel,11.52
970,2026-02-11,cancel,9.39
970,2026-04-04,login,14.39
970,2026-05-10,feature_use,7.44
970,2026-06-16,cancel,20.56
970,2026-08-05,cancel,21.37
970,2026-03-18,cancel,26.48
970,2026-04-08,feature_use,17.52
970,2026-07-18,cancel,21.6
970,2026-02-27,feature_use,24.37
970,2026-05-31,login,10.47
970,2026-08-01,cancel,7.45
970,2026-05-21,feature_use,28.63
970,2026-06-30,upgrade,17.07
970,2026-04-03,upgrade,3.5
971,2026-12-10,cancel,3.8
971,2026-10-24,login,27.65
971,2027-01-09,cancel,22.67
971,2027-01-19,feature_use,25.54
971,2026-10-03,login,20.11
971,2027-01-19,upgrade,18.32
971,2027-01-17,cancel,22.08
971,2027-01-30,login,18.88
971,2026-12-18,cancel,12.23
971,2026-11-08,feature_use,13.49
971,2027-03-05,feature_use,5.67
971,2027-01-13,feature_use,24.27
971,2026-10-16,upgrade,21.84
971,2026-12-14,feature_use,23.96
971,2026-12-30,feature_use,8.71
972,2026-11-11,login,1.24
972,2026-11-23,login,20.3
972,2027-03-28,feature_use,19.36
972,2026-11-15,cancel,10.64
972,2027-02-03,login,21.26
972,2027-01-15,cancel,26.45
972,2026-10-10,upgrade,27.28
972,2027-02-28,upgrade,1.37
972,2026-12-15,feature_use,20.84
972,2026-10-04,login,11.03
972,2027-02-19,feature_use,13.5
972,2027-02-12,upgrade,28.3
972,2027-02-12,upgrade,28.01
972,2027-03-12,cancel,12.39
972,2027-03-31,cancel,17.49
972,2026-11-27,feature_use,21.79
972,2027-03-10,login,16.75
972,2026-12-21,feature_use,24.04
972,2026-12-08,cancel,17.87
972,2026-11-01,upgrade,23.14
972,2026-12-06,cancel,3.61
972,2027-01-05,feature_use,22.89
972,2026-12-07,feature_use,15.29
973,2027-02-25,feature_use,16.8
973,2026-12-07,login,18.07
973,2027-01-31,feature_use,8.28
973,2027-03-21,login,28.27
973,2026-10-31,feature_use,19.67
973,2027-01-15,feature_use,27.5
973,2026-11-04,login,23.52
973,2027-02-03,cancel,5.71
973,2026-12-21,feature_use,2.64
973,2027-03-30,feature_use,16.66
973,2026-12-21,cancel,7.6
973,2026-11-25,feature_use,25.84
973,2026-11-14,login,20.05
973,2027-02-26,upgrade,8.06
973,2026-12-02,upgrade,12.06
974,2026-08-01,cancel,13.03
974,2026-04-13,cancel,25.94
974,2026-07-25,feature_use,12.33
974,2026-05-22,cancel,8.72
974,2026-06-09,feature_use,17.19
974,2026-05-25,feature_use,9.66
974,2026-08-25,feature_use,3.33
974,2026-07-19,cancel,25.61
974,2026-08-20,feature_use,2.63
974,2026-09-12,login,11.74
974,2026-05-07,feature_use,17.37
974,2026-05-29,login,28.36
974,2026-06-11,login,25.89
975,2026-04-20,feature_use,28.01
975,2026-03-09,upgrade,15.35
975,2026-06-18,upgrade,11.65
975,2026-07-14,cancel,8.45
975,2026-07-26,login,3.73
975,2026-03-02,feature_use,25.63
975,2026-04-11,login,7.98
975,2026-04-12,cancel,17.91
975,2026-05-08,upgrade,29.37
975,2026-07-02,cancel,15.5
975,2026-08-01,login,7.48
975,2026-02-18,upgrade,16.47
975,2026-06-28,login,25.71
975,2026-06-12,upgrade,24.27
975,2026-06-01,login,13.94
975,2026-07-01,login,10.4
975,2026-07-22,login,2.97
975,2026-06-19,cancel,26.56
975,2026-07-01,upgrade,2.86
975,2026-08-06,feature_use,2.5
975,2026-02-20,cancel,8.88
975,2026-07-29,cancel,11.54
975,2026-04-14,login,24.9
975,2026-04-17,cancel,18.91
975,2026-06-29,feature_use,11.18
975,2026-07-23,login,27.49
975,2026-07-13,feature_use,26.38
976,2026-10-15,cancel,15.54
976,2026-08-23,login,4.36
976,2026-08-26,upgrade,26.88
976,2027-02-03,feature_use,11.21
976,2026-09-04,cancel,1.5
976,2026-11-07,feature_use,11.58
976,2026-09-16,login,14.96
976,2026-08-15,feature_use,7.02
976,2026-11-22,feature_use,23.74
976,2027-01-14,feature_use,10.4
976,2026-12-20,upgrade,26.86
977,2027-02-01,cancel,4.84
977,2027-05-13,upgrade,17.75
977,2027-04-01,cancel,20.46
977,2027-05-24,cancel,12.32
977,2027-02-24,cancel,2.68
977,2027-05-24,upgrade,30.0
977,2027-05-28,upgrade,12.57
977,2027-01-14,cancel,26.7
977,2026-12-25,cancel,28.43
977,2027-04-03,login,23.64
977,2027-02-06,cancel,22.78
977,2027-04-10,upgrade,21.18
977,2027-05-15,feature_use,27.21
977,2027-05-29,login,23.08
977,2027-03-21,login,17.57
977,2027-05-16,cancel,18.03
977,2027-05-22,upgrade,28.45
977,2027-02-16,upgrade,28.82
977,2026-12-21,feature_use,3.1
978,2026-10-22,cancel,22.26
978,2026-06-12,login,19.48
978,2026-09-02,upgrade,10.87
978,2026-08-15,login,21.31
978,2026-11-10,feature_use,25.76
979,2026-10-30,login,6.95
979,2026-12-05,feature_use,18.76
979,2026-08-21,login,20.78
979,2026-11-30,login,3.11
979,2026-11-20,cancel,24.91
979,2026-10-01,cancel,7.93
979,2026-09-24,login,6.34
979,2026-09-27,upgrade,15.42
979,2026-12-03,upgrade,10.08
979,2026-08-03,login,11.36
979,2026-08-17,login,7.05
980,2026-04-24,feature_use,23.71
980,2026-08-10,login,17.66
980,2026-05-04,login,11.9
980,2026-09-14,cancel,12.38
980,2026-09-22,cancel,2.47
980,2026-09-27,login,24.22
980,2026-07-02,login,19.36
980,2026-09-17,login,21.76
980,2026-09-22,upgrade,25.35
980,2026-07-05,feature_use,18.49
980,2026-04-17,cancel,1.25
980,2026-07-13,feature_use,22.13
981,2027-02-21,upgrade,11.73
981,2027-01-30,feature_use,6.28
981,2027-01-10,feature_use,6.52
981,2027-03-06,upgrade,5.72
981,2027-01-28,upgrade,7.99
981,2027-04-18,upgrade,9.83
981,2026-12-15,feature_use,24.0
981,2027-05-12,upgrade,8.21
981,2027-04-19,login,28.48
981,2027-04-10,upgrade,29.74
981,2027-01-28,feature_use,15.98
981,2027-05-13,login,3.38
981,2027-04-19,feature_use,2.09
981,2027-03-06,login,27.35
981,2027-05-24,feature_use,8.63
981,2027-02-28,cancel,6.62
981,2027-01-22,feature_use,4.55
981,2027-03-14,feature_use,15.93
981,2027-04-05,feature_use,15.32
981,2027-03-25,feature_use,16.83
981,2027-02-14,cancel,2.8
981,2027-01-12,cancel,18.49
982,2026-03-28,cancel,21.82
982,2026-05-15,cancel,19.29
982,2026-04-01,upgrade,4.53
982,2026-03-05,cancel,4.52
982,2026-04-09,feature_use,7.65
982,2026-01-05,login,1.44
982,2026-05-08,feature_use,29.29
982,2026-03-26,upgrade,2.64
983,2026-05-16,upgrade,11.75
983,2026-07-11,login,23.74
983,2026-06-19,feature_use,7.42
983,2026-08-14,feature_use,23.95
983,2026-08-23,upgrade,25.59
983,2026-06-18,upgrade,21.61
983,2026-07-31,login,23.31
983,2026-04-28,upgrade,2.01
983,2026-08-06,cancel,14.63
983,2026-03-20,cancel,5.77
983,2026-06-26,cancel,14.29
983,2026-07-03,feature_use,22.12
984,2027-03-07,upgrade,14.17
984,2027-05-15,feature_use,28.27
984,2027-03-23,upgrade,27.08
984,2026-12-27,feature_use,29.73
984,2027-05-15,upgrade,1.37
984,2027-05-15,upgrade,4.75
984,2027-05-12,upgrade,2.28
984,2027-04-01,feature_use,13.14
984,2027-01-14,upgrade,19.83
984,2027-05-13,login,29.03
984,2027-04-09,feature_use,24.54
984,2027-05-05,upgrade,8.24
984,2027-05-20,upgrade,17.43
984,2027-06-13,upgrade,9.62
984,2027-03-02,login,21.57
984,2027-05-16,login,26.66
984,2027-02-11,feature_use,14.73
984,2027-05-04,upgrade,5.31
984,2026-12-30,cancel,8.97
984,2027-02-04,cancel,27.63
984,2027-04-25,cancel,1.5
984,2027-06-12,cancel,1.85
985,2026-03-13,upgrade,1.63
985,2026-07-11,login,23.59
985,2026-06-29,cancel,22.47
985,2026-02-25,upgrade,2.67
985,2026-05-14,login,28.07
985,2026-04-20,feature_use,6.84
985,2026-06-24,upgrade,28.58
985,2026-05-14,login,4.95
985,2026-02-19,upgrade,14.57
985,2026-02-23,upgrade,13.17
985,2026-05-17,feature_use,10.21
985,2026-04-10,feature_use,25.88
985,2026-02-19,login,12.84
985,2026-06-23,upgrade,7.7
985,2026-07-01,upgrade,22.5
985,2026-02-06,login,16.35
985,2026-02-13,upgrade,16.47
985,2026-03-03,cancel,29.27
986,2026-12-22,login,7.24
986,2026-10-23,upgrade,10.4
986,2027-01-21,upgrade,11.3
986,2027-01-06,login,15.92
986,2027-04-04,feature_use,11.44
986,2026-11-07,cancel,18.95
986,2026-12-29,cancel,2.55
986,2027-01-09,login,24.7
986,2026-12-17,login,2.67
986,2027-01-19,cancel,7.3
986,2027-02-25,login,3.14
986,2027-01-17,upgrade,19.1
986,2026-11-25,login,18.94
986,2027-02-19,login,9.02
986,2027-02-14,upgrade,11.83
986,2027-03-04,cancel,5.32
986,2026-12-26,login,24.87
986,2027-02-02,login,4.68
986,2027-03-08,login,13.41
986,2027-03-20,feature_use,9.22
986,2026-12-02,cancel,12.57
987,2026-02-25,login,5.84
987,2026-05-31,upgrade,21.44
987,2026-05-12,login,13.47
987,2026-02-01,cancel,9.99
987,2026-03-31,upgrade,1.13
987,2026-07-04,cancel,29.23
987,2026-04-11,upgrade,10.35
987,2026-03-23,upgrade,17.52
987,2026-03-30,login,26.03
987,2026-02-10,cancel,18.38
987,2026-01-13,upgrade,7.36
987,2026-04-29,upgrade,6.98
987,2026-06-12,login,11.05
987,2026-04-05,feature_use,4.73
987,2026-06-27,upgrade,27.85
987,2026-01-28,login,2.55
987,2026-05-10,upgrade,8.94
987,2026-01-10,feature_use,25.1
987,2026-04-12,feature_use,18.71
987,2026-03-19,upgrade,12.43
987,2026-01-18,upgrade,3.74
988,2026-04-25,upgrade,10.78
988,2026-05-20,upgrade,13.66
988,2026-08-17,cancel,25.87
988,2026-08-03,upgrade,25.14
988,2026-08-01,upgrade,21.31
988,2026-07-07,feature_use,12.07
988,2026-07-25,upgrade,29.6
988,2026-10-15,feature_use,11.3
988,2026-06-11,login,7.12
988,2026-09-26,upgrade,14.7
988,2026-10-04,upgrade,29.89
988,2026-07-06,upgrade,17.94
988,2026-05-24,feature_use,17.95
988,2026-05-13,upgrade,9.73
988,2026-06-24,cancel,26.47
989,2026-12-22,login,10.06
989,2026-11-05,login,5.07
989,2026-10-24,feature_use,24.57
989,2026-12-20,cancel,29.43
989,2026-09-17,cancel,16.43
989,2026-11-27,feature_use,27.31
989,2026-10-11,feature_use,8.61
990,2026-08-30,feature_use,20.0
990,2026-11-23,feature_use,5.2
990,2026-11-04,login,25.06
990,2026-12-14,login,9.43
990,2026-10-25,upgrade,5.09
990,2026-12-13,login,8.92
990,2026-11-05,login,23.03
990,2026-07-07,login,19.48
990,2026-07-17,login,26.74
990,2026-09-17,feature_use,1.33
990,2026-07-23,login,3.76
990,2026-11-15,cancel,1.06
990,2026-08-22,upgrade,19.76
990,2026-09-30,cancel,22.34
990,2026-09-15,upgrade,5.21
990,2026-11-21,feature_use,27.98
990,2026-08-05,cancel,1.88
990,2026-11-08,upgrade,28.64
990,2026-11-24,cancel,1.4
990,2026-10-17,upgrade,9.97
990,2026-11-26,feature_use,2.57
991,2026-11-30,cancel,25.07
991,2027-02-03,feature_use,24.9
991,2027-02-05,upgrade,16.76
991,2027-02-25,feature_use,4.59
991,2026-12-02,login,1.53
991,2026-11-15,feature_use,13.29
991,2027-02-08,upgrade,3.82
991,2026-10-24,upgrade,13.88
991,2026-09-07,feature_use,22.68
991,2026-10-25,cancel,21.64
991,2027-02-13,feature_use,4.11
991,2026-09-07,feature_use,23.23
991,2026-12-25,upgrade,29.07
991,2026-10-04,login,5.37
991,2026-12-11,login,14.84
991,2026-12-13,login,19.1
991,2026-12-09,upgrade,9.36
991,2026-10-16,cancel,1.57
991,2026-12-22,upgrade,9.71
991,2026-10-23,feature_use,15.06
991,2027-01-18,upgrade,21.59
991,2027-01-22,upgrade,16.0
991,2026-12-07,cancel,18.44
991,2026-09-02,upgrade,6.53
991,2027-01-27,feature_use,15.0
991,2026-10-19,cancel,26.89
991,2026-10-10,feature_use,23.05
992,2026-06-17,upgrade,20.69
992,2026-08-31,cancel,12.28
992,2026-10-04,cancel,13.85
992,2026-10-19,feature_use,4.9
992,2026-10-25,cancel,22.33
992,2026-09-22,cancel,24.02
992,2026-05-25,upgrade,27.48
992,2026-05-17,cancel,26.73
992,2026-09-29,cancel,15.67
993,2026-09-20,login,13.62
993,2027-01-11,login,19.77
993,2026-12-24,cancel,26.18
993,2026-08-10,cancel,21.6
993,2026-12-09,login,23.84
993,2026-08-17,cancel,21.64
993,2027-01-13,feature_use,3.48
993,2027-01-13,login,29.38
993,2026-12-12,login,17.7
993,2026-08-30,cancel,10.07
993,2026-11-30,login,8.07
993,2026-10-15,login,18.29
993,2026-11-26,cancel,11.16
993,2026-09-25,feature_use,5.53
993,2026-08-22,cancel,1.15
993,2026-09-24,login,22.22
993,2026-10-06,upgrade,21.1
993,2026-12-09,feature_use,26.58
993,2026-10-09,cancel,2.69
993,2026-12-16,feature_use,27.32
993,2026-10-11,cancel,16.62
993,2026-10-19,feature_use,19.18
993,2026-09-18,feature_use,27.34
993,2026-09-26,cancel,2.39
993,2026-11-30,login,23.0
994,2026-10-24,feature_use,3.15
994,2026-12-16,cancel,25.87
994,2026-10-25,upgrade,28.71
994,2026-09-27,feature_use,12.76
994,2027-01-24,login,24.55
994,2026-10-16,cancel,14.07
994,2027-02-06,upgrade,22.44
994,2026-12-25,feature_use,6.07
994,2027-01-30,feature_use,21.58
994,2027-01-05,cancel,4.62
994,2026-12-04,login,13.97
995,2026-07-12,upgrade,19.85
995,2026-03-06,feature_use,1.22
995,2026-05-14,cancel,29.52
995,2026-07-28,upgrade,18.28
995,2026-08-10,feature_use,12.72
995,2026-06-17,login,12.88
995,2026-06-18,cancel,20.97
995,2026-07-04,cancel,23.58
995,2026-05-30,feature_use,16.25
995,2026-05-31,feature_use,15.28
995,2026-05-25,login,8.95
995,2026-02-22,feature_use,14.6
995,2026-06-23,login,7.81
995,2026-06-22,login,13.24
995,2026-07-30,upgrade,13.59
995,2026-04-14,login,3.2
995,2026-03-22,feature_use,6.67
995,2026-06-08,upgrade,25.71
995,2026-06-02,feature_use,1.41
995,2026-04-27,feature_use,16.65
995,2026-07-19,feature_use,15.68
995,2026-05-08,cancel,25.74
995,2026-07-18,login,8.92
995,2026-07-13,feature_use,5.81
995,2026-07-27,cancel,10.85
995,2026-06-24,upgrade,15.02
995,2026-05-23,cancel,24.94
996,2026-10-11,cancel,14.85
996,2027-01-16,login,1.21
996,2026-08-29,feature_use,11.02
996,2026-11-15,cancel,19.25
996,2026-10-31,login,20.74
996,2026-09-25,cancel,7.99
997,2026-10-17,cancel,28.45
997,2026-12-15,feature_use,9.27
997,2026-09-15,cancel,25.56
997,2026-08-12,feature_use,16.42
997,2026-08-27,upgrade,20.72
997,2026-10-08,login,3.23
998,2027-03-31,feature_use,20.76
998,2027-01-30,feature_use,19.89
998,2027-01-13,login,27.52
998,2027-03-26,feature_use,1.34
998,2027-04-18,login,7.33
998,2027-01-02,login,24.77
998,2026-12-02,feature_use,17.62
998,2027-05-04,cancel,28.94
998,2027-04-11,feature_use,18.99
998,2027-04-07,feature_use,20.78
998,2027-03-24,login,4.29
998,2027-04-16,feature_use,14.31
998,2027-05-06,feature_use,19.26
998,2027-03-10,login,24.74
998,2027-03-29,cancel,14.87
998,2027-01-05,upgrade,3.7
998,2027-02-27,login,5.59
998,2027-03-15,login,23.23
998,2026-11-24,cancel,23.08
998,2027-01-25,feature_use,9.94
998,2027-04-21,login,25.36
998,2027-01-24,upgrade,18.8
999,2026-03-21,login,9.35
999,2026-01-17,feature_use,1.8
999,2026-04-15,login,15.16
999,2026-02-19,cancel,23.33
999,2026-03-08,upgrade,15.83
999,2026-06-15,feature_use,23.91
999,2026-03-11,login,14.72
999,2026-04-10,cancel,13.83
999,2026-02-05,cancel,3.43
999,2026-01-14,cancel,28.87
999,2026-05-16,upgrade,27.5
999,2026-02-16,upgrade,18.94
999,2026-05-21,feature_use,21.56
999,2026-04-03,upgrade,22.55
999,2026-01-30,feature_use,16.89
999,2026-03-27,feature_use,9.53
999,2026-03-02,upgrade,12.7
1000,2026-12-29,cancel,8.44
1000,2027-03-01,upgrade,6.13
1000,2027-03-01,login,8.58
1000,2026-10-29,login,14.61
1000,2027-02-03,feature_use,10.11
1000,2027-02-15,upgrade,7.99
1000,2026-12-02,login,28.89
1000,2026-12-24,feature_use,4.31
1000,2027-02-10,login,17.53
1000,2026-10-13,login,4.7
1001,2026-10-14,cancel,29.58
1001,2026-09-24,login,7.02
1001,2026-10-26,cancel,7.18
1001,2026-09-04,upgrade,23.44
1001,2026-09-27,feature_use,11.85
1001,2026-09-24,upgrade,8.75
1001,2027-01-13,upgrade,14.22
1002,2026-07-01,login,29.18
1002,2026-05-17,cancel,12.49
1002,2026-04-19,upgrade,17.83
1002,2026-06-06,feature_use,6.53
1002,2026-07-26,login,18.44
1002,2026-09-17,cancel,5.28
1002,2026-07-02,login,2.1
1002,2026-09-25,upgrade,22.87
1002,2026-08-03,feature_use,19.0
1002,2026-09-22,login,12.96
1002,2026-04-23,login,24.5
1002,2026-04-12,feature_use,26.81
1002,2026-04-17,feature_use,9.25
1002,2026-07-23,upgrade,1.8
1002,2026-09-05,login,16.88
1003,2026-08-28,upgrade,10.61
1003,2026-05-22,login,6.77
1003,2026-09-01,login,5.09
1003,2026-07-20,upgrade,2.42
1003,2026-10-24,login,1.73
1003,2026-10-26,upgrade,21.97
1003,2026-08-21,upgrade,21.18
1003,2026-10-29,upgrade,13.17
1003,2026-09-11,login,24.89
1003,2026-10-31,cancel,24.31
1003,2026-10-24,feature_use,9.25
1003,2026-08-15,cancel,23.62
1003,2026-09-11,feature_use,1.28
1003,2026-10-09,feature_use,21.42
1004,2026-09-27,login,28.87
1004,2026-09-29,cancel,9.23
1004,2026-12-22,upgrade,14.65
1004,2026-12-13,cancel,7.98
1004,2026-08-27,feature_use,22.95
1004,2026-11-21,feature_use,5.1
1004,2026-07-15,upgrade,1.9
1004,2026-08-12,feature_use,25.25
1004,2026-11-27,feature_use,16.27
1004,2026-07-26,feature_use,19.56
1004,2026-10-04,upgrade,13.13
1004,2026-07-03,feature_use,14.37
1004,2026-08-07,login,23.51
1004,2026-11-07,upgrade,2.66
1004,2026-10-06,feature_use,9.25
1004,2026-10-25,login,20.56
1004,2026-12-09,feature_use,13.56
1004,2026-11-27,feature_use,5.08
1004,2026-10-12,upgrade,21.27
1004,2026-09-07,cancel,3.9
1004,2026-12-02,login,27.85
1004,2026-09-08,upgrade,3.14
1004,2026-08-18,upgrade,10.05
1004,2026-11-27,upgrade,6.19
1005,2026-08-20,cancel,16.55
1005,2026-07-21,upgrade,23.75
1005,2026-06-27,login,4.07
1005,2026-06-25,upgrade,20.41
1005,2026-08-02,feature_use,29.84
1005,2026-09-16,login,22.78
1005,2026-06-15,cancel,2.81
1005,2026-08-29,cancel,22.61
1005,2026-07-07,cancel,12.7
1005,2026-07-05,cancel,20.86
1005,2026-06-09,login,4.78
1005,2026-07-06,upgrade,10.33
1005,2026-05-28,upgrade,4.69
1005,2026-09-28,cancel,12.01
1005,2026-07-28,upgrade,29.48
1005,2026-11-09,login,24.35
1005,2026-09-28,feature_use,18.31
1005,2026-08-17,login,7.22
1005,2026-09-12,upgrade,7.37
1005,2026-06-06,feature_use,20.65
1005,2026-10-07,upgrade,26.88
1005,2026-07-25,upgrade,4.88
1005,2026-10-24,login,22.35
1005,2026-10-18,upgrade,19.28
1005,2026-09-06,login,3.63
1005,2026-05-26,login,26.95
1005,2026-10-28,cancel,4.47
1005,2026-05-29,cancel,6.42
1006,2026-05-21,upgrade,9.17
1006,2026-08-19,feature_use,18.36
1006,2026-06-21,cancel,15.11
1006,2026-04-20,feature_use,14.6
1006,2026-04-10,cancel,2.19
1006,2026-07-06,upgrade,19.22
1006,2026-06-10,feature_use,27.68
1006,2026-05-06,feature_use,22.14
1006,2026-06-09,cancel,14.31
1006,2026-05-28,upgrade,9.13
1006,2026-06-17,feature_use,27.33
1006,2026-09-19,upgrade,11.28
1007,2026-06-19,feature_use,5.58
1007,2026-01-31,login,28.29
1007,2026-05-10,upgrade,12.55
1007,2026-02-21,cancel,4.7
1007,2026-02-19,upgrade,9.88
1007,2026-05-25,cancel,21.68
1007,2026-06-20,upgrade,21.12
1007,2026-06-15,upgrade,6.41
1007,2026-04-23,feature_use,12.15
1007,2026-02-10,feature_use,7.64
1007,2026-04-29,upgrade,12.56
1007,2026-07-18,cancel,5.35
1007,2026-02-28,upgrade,29.55
1007,2026-01-23,cancel,28.45
1007,2026-05-30,feature_use,18.38
1007,2026-02-20,login,13.35
1007,2026-02-02,cancel,7.84
1007,2026-05-29,feature_use,11.81
1007,2026-04-29,cancel,5.3
1007,2026-02-11,upgrade,18.14
1007,2026-04-03,login,24.47
1007,2026-03-22,upgrade,12.45
1007,2026-03-31,feature_use,28.5
1007,2026-03-09,feature_use,29.77
1007,2026-04-06,login,6.18
1007,2026-06-15,login,6.26
1007,2026-02-16,login,5.28
1008,2027-02-22,cancel,10.36
1008,2026-12-31,login,24.79
1008,2027-03-01,cancel,1.91
1008,2026-12-15,upgrade,1.57
1008,2027-01-23,upgrade,6.05
1008,2027-02-10,feature_use,3.58
1008,2027-03-17,feature_use,10.28
1008,2027-01-13,login,13.6
1008,2027-03-08,cancel,7.41
1008,2026-11-25,login,8.02
1008,2026-11-06,cancel,6.81
1008,2026-11-29,cancel,21.95
1008,2027-03-15,feature_use,20.07
1008,2026-11-18,login,7.9
1008,2027-01-12,feature_use,28.27
1008,2026-12-20,cancel,25.29
1008,2026-12-10,feature_use,11.45
1008,2026-12-18,feature_use,24.11
1009,2026-06-21,upgrade,13.86
1009,2026-05-15,upgrade,13.07
1009,2026-07-31,cancel,22.7
1009,2026-05-21,login,15.41
1009,2026-07-19,feature_use,22.23
1009,2026-04-17,feature_use,22.08
1009,2026-05-22,cancel,17.28
1009,2026-07-30,feature_use,1.29
1009,2026-07-11,feature_use,11.2
1010,2026-12-25,upgrade,12.9
1010,2027-06-20,login,11.9
1010,2027-03-07,feature_use,7.68
1010,2027-05-02,cancel,9.72
1010,2027-06-13,login,11.11
1010,2027-06-17,upgrade,17.19
1010,2027-01-05,feature_use,4.21
1010,2027-03-09,cancel,13.48
1010,2027-04-03,login,11.53
1010,2027-01-21,login,22.65
1010,2027-04-19,login,11.01
1010,2027-06-02,cancel,4.37
1010,2027-03-15,feature_use,11.84
1010,2027-06-06,login,3.39
1010,2026-12-29,feature_use,21.64
1010,2027-04-15,login,1.4
1010,2027-06-17,cancel,27.13
1010,2027-01-12,upgrade,24.88
1010,2027-03-18,cancel,17.1
1010,2027-02-14,login,28.44
1010,2027-01-23,login,9.51
1011,2026-06-14,feature_use,18.03
1011,2026-06-24,cancel,26.99
1011,2026-09-03,upgrade,28.83
1011,2026-04-24,feature_use,26.6
1011,2026-07-07,upgrade,18.74
1011,2026-06-23,login,23.25
1011,2026-10-07,login,27.65
1011,2026-07-31,cancel,19.04
1011,2026-07-26,feature_use,28.26
1011,2026-04-23,feature_use,26.53
1011,2026-09-08,cancel,2.75
1011,2026-10-11,cancel,10.08
1011,2026-07-18,cancel,19.88
1011,2026-07-03,upgrade,24.63
1011,2026-07-26,login,28.59
1011,2026-06-19,feature_use,21.83
1011,2026-06-26,login,21.58
1011,2026-08-23,upgrade,4.61
1011,2026-09-12,login,25.82
1011,2026-06-04,login,1.73
1011,2026-09-04,feature_use,13.99
1011,2026-08-24,login,6.2
1011,2026-09-17,login,20.62
1011,2026-08-19,upgrade,29.63
1011,2026-09-27,upgrade,21.72
1011,2026-05-13,feature_use,11.57
1012,2027-01-19,login,2.25
1012,2026-12-11,upgrade,4.71
1012,2027-01-05,cancel,2.89
1012,2026-09-02,feature_use,26.46
1012,2026-12-30,feature_use,5.11
1012,2026-11-04,cancel,14.84
1012,2026-12-02,login,19.39
1012,2026-09-09,cancel,10.75
1012,2026-11-04,cancel,6.42
1013,2027-03-15,upgrade,24.95
1013,2026-12-17,feature_use,24.85
1013,2026-11-26,upgrade,24.3
1013,2026-12-10,login,14.7
1013,2027-02-15,cancel,18.87
1013,2027-03-21,feature_use,3.11
1013,2027-01-07,feature_use,5.81
1013,2027-02-18,upgrade,18.63
1013,2026-12-11,cancel,16.16
1013,2026-12-06,feature_use,24.5
1013,2026-11-17,feature_use,22.33
1013,2026-12-11,upgrade,1.64
1013,2027-03-17,upgrade,19.43
1013,2027-01-27,login,12.73
1013,2027-01-09,cancel,16.91
1013,2027-04-04,feature_use,23.02
1013,2027-02-10,feature_use,10.35
1013,2027-04-19,login,9.18
1013,2027-04-01,feature_use,22.65
1013,2026-11-06,cancel,7.74
1013,2027-04-18,cancel,4.13
1013,2027-03-24,cancel,7.96
1014,2026-09-01,upgrade,26.99
1014,2026-08-15,cancel,4.71
1014,2026-09-04,cancel,10.83
1014,2026-12-23,login,5.36
1014,2026-11-30,cancel,26.67
1014,2026-09-23,login,4.96
1014,2026-07-23,upgrade,9.76
1014,2026-11-02,feature_use,10.58
1014,2026-12-20,cancel,7.61
1014,2026-07-09,cancel,2.74
1014,2026-10-31,upgrade,25.36
1014,2026-11-09,upgrade,13.78
1014,2026-08-05,upgrade,5.34
1014,2026-11-23,login,7.12
1014,2026-07-20,feature_use,21.47
1014,2026-09-16,feature_use,22.9
1014,2026-08-13,feature_use,22.88
1014,2026-10-26,upgrade,11.2
1014,2026-07-30,cancel,17.48
1014,2026-11-29,upgrade,21.72
1014,2026-09-10,feature_use,9.06
1014,2026-11-28,login,3.88
1014,2026-11-18,upgrade,17.87
1014,2026-11-14,cancel,24.36
1014,2026-11-25,cancel,4.53
1014,2026-10-20,feature_use,26.42
1014,2026-07-31,feature_use,6.06
1014,2026-11-25,feature_use,14.73
1014,2026-12-21,feature_use,20.89
1015,2026-10-31,cancel,11.11
1015,2027-02-15,feature_use,17.43
1015,2027-03-07,feature_use,16.17
1015,2027-03-21,upgrade,28.16
1015,2027-01-14,upgrade,5.86
1015,2026-12-15,feature_use,29.6
1015,2026-11-12,feature_use,27.66
1015,2027-03-06,cancel,13.4
1015,2027-02-21,login,8.95
1015,2027-04-03,upgrade,17.03
1015,2027-03-24,login,15.1
1015,2027-01-26,login,21.4
1015,2026-11-28,feature_use,7.13
1016,2026-08-03,upgrade,5.68
1016,2026-08-28,feature_use,6.47
1016,2026-08-20,cancel,29.87
1016,2026-12-07,upgrade,25.72
1016,2026-08-12,feature_use,16.9
1016,2026-07-24,feature_use,17.88
1016,2026-09-29,login,10.42
1016,2026-12-14,cancel,13.32
1016,2026-08-17,upgrade,15.77
1016,2026-10-16,login,10.28
1016,2026-12-14,cancel,10.92
1016,2026-09-03,feature_use,21.72
1016,2026-10-23,feature_use,1.08
1016,2026-12-14,upgrade,2.78
1016,2026-10-12,login,21.45
1016,2026-10-25,cancel,6.58
1016,2026-12-11,feature_use,21.18
1016,2026-12-29,upgrade,4.32
1016,2026-11-02,upgrade,6.66
1016,2026-10-09,feature_use,3.74
1016,2026-10-08,feature_use,14.28
1016,2026-12-16,feature_use,29.51
1016,2026-08-30,feature_use,1.02
1016,2026-10-19,login,17.91
1016,2026-08-19,upgrade,17.53
1017,2026-08-02,upgrade,29.56
1017,2026-10-18,login,5.64
1017,2026-09-15,upgrade,22.7
1017,2026-09-27,upgrade,26.94
1017,2027-01-05,upgrade,7.0
1017,2026-10-31,login,2.7
1017,2026-08-04,login,9.89
1017,2026-09-13,cancel,8.35
1017,2026-07-16,login,1.41
1017,2026-11-07,feature_use,4.18
1017,2027-01-03,feature_use,21.12
1017,2026-07-25,login,29.19
1018,2026-08-09,feature_use,5.08
1018,2026-05-26,login,19.85
1018,2026-08-12,feature_use,3.43
1018,2026-06-20,login,12.88
1018,2026-09-12,feature_use,21.13
1018,2026-07-26,feature_use,26.9
1018,2026-07-21,upgrade,4.0
1018,2026-10-02,cancel,10.59
1018,2026-08-25,cancel,14.74
1018,2026-09-14,feature_use,6.81
1018,2026-10-02,cancel,29.15
1018,2026-09-18,upgrade,25.1
1018,2026-07-05,upgrade,27.29
1018,2026-08-22,feature_use,18.26
1018,2026-08-10,cancel,15.24
1018,2026-07-09,feature_use,13.3
1018,2026-04-21,upgrade,11.93
1018,2026-04-21,upgrade,22.63
1018,2026-08-07,upgrade,29.46
1018,2026-08-22,login,24.85
1018,2026-04-28,upgrade,16.57
1019,2027-01-18,upgrade,28.97
1019,2027-02-17,upgrade,17.34
1019,2027-05-28,login,13.16
1019,2027-02-20,login,29.67
1019,2027-03-21,cancel,3.82
1019,2027-05-30,login,21.15
1019,2027-05-11,upgrade,25.19
1019,2027-04-23,login,3.37
1019,2027-05-29,upgrade,18.71
1019,2027-06-21,login,13.86
1020,2026-08-12,cancel,15.07
1020,2026-06-17,feature_use,11.57
1020,2026-08-08,cancel,5.58
1020,2026-08-31,login,12.47
1020,2026-07-24,cancel,3.38
1020,2026-05-23,upgrade,8.81
1020,2026-10-19,feature_use,7.38
1020,2026-05-26,login,28.93
1020,2026-08-03,upgrade,6.53
1020,2026-10-23,feature_use,20.29
1020,2026-10-28,upgrade,21.87
1020,2026-10-25,login,29.24
1020,2026-09-02,login,3.28
1020,2026-08-19,upgrade,9.58
1020,2026-08-17,feature_use,17.93
1020,2026-10-16,upgrade,14.76
1020,2026-08-15,cancel,12.94
1020,2026-08-23,login,5.96
1020,2026-05-21,cancel,2.92
1020,2026-06-29,feature_use,8.85
1020,2026-06-06,upgrade,8.52
1020,2026-11-15,login,17.48
1020,2026-06-25,upgrade,8.57
1020,2026-06-19,upgrade,10.02
1020,2026-07-07,feature_use,24.0
1020,2026-08-03,upgrade,18.41
1020,2026-10-24,cancel,22.65
1020,2026-06-09,upgrade,3.62
1020,2026-10-16,login,23.3
1021,2027-01-29,cancel,14.55
1021,2027-02-15,cancel,26.5
1021,2027-02-22,login,4.45
1021,2027-03-23,cancel,19.76
1021,2027-05-16,upgrade,13.36
1021,2027-02-23,feature_use,22.05
1022,2027-02-27,feature_use,24.91
1022,2027-03-10,login,12.38
1022,2027-01-19,feature_use,11.95
1022,2027-04-12,feature_use,5.92
1022,2027-06-04,feature_use,29.81
1022,2027-02-08,upgrade,16.47
1022,2027-01-13,login,16.86
1022,2027-03-05,cancel,23.44
1022,2027-04-19,upgrade,21.95
1022,2027-04-26,feature_use,27.51
1022,2027-06-08,cancel,15.22
1022,2027-05-29,login,20.66
1022,2027-02-07,upgrade,2.71
1022,2027-06-10,feature_use,3.53
1022,2027-05-07,cancel,18.0
1022,2027-01-23,upgrade,13.17
1022,2027-05-20,upgrade,17.68
1022,2027-05-03,cancel,1.47
1022,2027-03-11,cancel,12.75
1022,2027-02-23,upgrade,29.37
1022,2027-05-12,feature_use,24.57
1022,2027-01-14,upgrade,26.04
1022,2027-01-22,upgrade,8.06
1022,2027-01-24,feature_use,3.61
1022,2027-04-21,upgrade,17.8
1022,2027-05-26,cancel,29.44
1022,2027-01-20,upgrade,8.31
1023,2026-11-29,cancel,25.16
1023,2027-02-18,feature_use,22.95
1023,2027-04-11,upgrade,27.12
1023,2027-03-26,login,1.76
1023,2027-01-23,login,4.45
1023,2027-04-19,cancel,10.11
1023,2027-02-17,cancel,7.98
1023,2027-02-01,upgrade,12.89
1023,2027-02-06,cancel,27.59
1023,2027-03-28,login,9.58
1023,2027-03-16,login,13.11
1023,2027-03-30,login,15.46
1023,2026-11-28,feature_use,2.49
1023,2027-05-05,login,10.46
1023,2027-02-26,feature_use,21.79
1023,2027-01-07,login,21.71
1023,2027-04-11,upgrade,27.49
1023,2027-02-09,cancel,12.87
1023,2026-12-30,login,1.87
1023,2027-03-11,cancel,22.65
1023,2027-01-05,feature_use,2.94
1023,2027-03-17,feature_use,12.19
1024,2027-01-21,login,9.58
1024,2027-02-01,upgrade,6.97
1024,2027-03-13,feature_use,19.11
1024,2027-04-20,cancel,3.72
1024,2027-02-07,upgrade,26.1
1024,2027-04-30,upgrade,14.15
1024,2027-04-16,cancel,14.83
1024,2027-02-05,feature_use,7.84
1024,2027-04-10,login,8.9
1024,2027-04-25,cancel,26.0
1024,2027-04-02,feature_use,15.11
1024,2027-05-14,login,27.96
1024,2027-03-12,login,15.4
1024,2027-05-22,login,20.07
1024,2026-12-26,feature_use,3.93
1024,2027-05-03,cancel,23.1
1024,2027-01-17,upgrade,14.6
1024,2027-02-17,upgrade,22.07
1024,2027-03-29,upgrade,12.25
1024,2027-01-19,upgrade,14.08
1024,2027-04-11,cancel,13.18
1024,2027-02-23,cancel,11.13
1024,2027-02-16,cancel,3.66
1024,2027-03-30,feature_use,18.85
1024,2026-12-15,upgrade,22.42
1024,2027-05-04,feature_use,4.97
1025,2027-01-20,cancel,28.17
1025,2027-04-28,login,19.41
1025,2027-03-23,cancel,24.24
1025,2027-06-01,cancel,9.8
1025,2027-05-02,upgrade,29.88
1025,2027-05-31,login,25.74
1025,2026-12-24,upgrade,17.28
1025,2027-01-23,cancel,24.87
1025,2027-06-11,cancel,5.93
1025,2027-04-05,login,15.67
1025,2027-01-12,cancel,28.57
1025,2027-02-16,feature_use,28.46
1025,2027-02-19,login,21.27
1025,2027-06-05,login,22.22
1025,2027-05-05,upgrade,12.31
1025,2027-05-04,feature_use,20.76
1025,2027-05-25,login,1.69
1026,2026-10-31,login,23.8
1026,2026-08-26,cancel,20.23
1026,2026-07-23,login,28.04
1026,2026-08-09,feature_use,20.06
1026,2026-08-01,login,10.03
1026,2026-06-20,feature_use,11.99
1026,2026-07-24,feature_use,29.28
1026,2026-12-03,cancel,8.27
1026,2026-08-18,feature_use,21.54
1026,2026-10-16,cancel,15.27
1026,2026-08-08,upgrade,1.8
1026,2026-10-04,feature_use,8.55
1026,2026-07-28,feature_use,8.77
1026,2026-11-30,login,8.61
1026,2026-06-22,upgrade,18.24
1027,2027-01-12,upgrade,6.42
1027,2027-02-13,cancel,10.83
1027,2027-02-15,upgrade,29.36
1027,2027-02-27,feature_use,14.48
1027,2027-06-10,upgrade,6.91
1027,2027-02-01,feature_use,5.8
1027,2027-01-27,upgrade,18.28
1027,2027-04-27,cancel,2.1
1027,2027-06-18,login,23.55
1027,2027-02-06,upgrade,25.01
1027,2027-03-14,upgrade,16.51
1027,2027-06-14,feature_use,26.8
1027,2027-05-21,upgrade,3.93
1027,2027-05-28,login,10.58
1027,2027-01-24,login,3.0
1027,2027-05-06,cancel,17.89
1027,2027-02-13,cancel,28.63
1027,2027-06-10,cancel,27.53
1027,2027-03-02,upgrade,5.31
1027,2027-06-05,feature_use,2.08
1028,2027-03-07,login,5.26
1028,2027-04-14,login,26.68
1028,2027-06-12,cancel,16.23
1028,2027-03-18,upgrade,18.97
1028,2027-01-22,login,11.2
1028,2027-03-07,cancel,1.07
1028,2027-03-09,cancel,10.0
1028,2027-02-08,feature_use,4.61
1028,2027-06-14,upgrade,27.91
1028,2027-02-22,feature_use,1.87
1028,2027-02-18,upgrade,15.03
1028,2027-04-18,feature_use,14.91
1028,2026-12-31,cancel,26.22
1028,2027-03-11,login,23.65
1028,2027-03-18,feature_use,5.31
1028,2027-05-15,upgrade,8.28
1028,2027-04-17,feature_use,22.57
1028,2026-12-28,upgrade,8.4
1028,2027-01-31,cancel,14.67
1028,2027-04-04,feature_use,12.19
1029,2026-08-24,cancel,23.07
1029,2026-07-04,upgrade,24.11
1029,2026-06-25,feature_use,6.19
1029,2026-06-09,login,18.14
1029,2026-05-23,login,1.28
1029,2026-05-29,cancel,23.93
1029,2026-08-28,login,5.54
1029,2026-05-21,feature_use,23.42
1030,2027-01-12,feature_use,4.25
1030,2026-12-30,login,29.22
1030,2026-10-27,feature_use,27.0
1030,2026-08-21,feature_use,28.67
1030,2026-10-15,login,28.94
1030,2026-10-02,cancel,2.14
1030,2026-09-29,feature_use,10.65
1030,2027-01-29,upgrade,22.92
1030,2026-11-28,cancel,6.44
1030,2027-02-03,feature_use,25.13
1030,2026-10-06,upgrade,7.38
1030,2026-08-18,feature_use,26.47
1030,2026-11-26,feature_use,21.56
1030,2026-09-08,cancel,15.55
1030,2026-11-16,feature_use,10.0
1030,2026-09-15,feature_use,24.45
1030,2026-08-20,login,25.5
1031,2026-09-10,cancel,20.84
1031,2027-01-07,cancel,7.14
1031,2026-10-04,cancel,5.96
1031,2026-10-23,feature_use,23.55
1031,2026-09-03,feature_use,24.3
1031,2026-11-14,upgrade,10.11
1031,2026-09-04,cancel,7.39
1031,2026-11-11,login,25.62
1031,2026-11-12,feature_use,25.5
1031,2026-08-12,feature_use,4.15
1031,2026-10-07,login,15.68
1031,2026-12-31,cancel,27.99
1031,2026-10-01,login,1.42
1031,2026-08-27,login,8.74
1031,2026-12-24,upgrade,5.74
1031,2026-08-04,login,6.69
1032,2026-11-05,upgrade,27.79
1032,2026-12-19,upgrade,16.32
1032,2026-08-04,login,21.78
1032,2026-07-18,cancel,2.78
1032,2026-09-15,login,16.08
1032,2026-11-06,feature_use,10.93
1032,2026-09-10,upgrade,19.83
1032,2026-10-03,cancel,15.81
1032,2026-07-12,upgrade,28.27
1032,2026-12-12,feature_use,17.68
1032,2026-10-28,login,8.4
1032,2026-10-03,feature_use,7.99
1032,2026-11-09,cancel,24.63
1032,2026-09-26,feature_use,13.91
1032,2026-10-15,upgrade,10.35
1032,2026-07-21,login,13.23
1032,2026-12-23,cancel,19.32
1032,2026-11-07,login,27.09
1032,2026-09-07,cancel,23.12
1032,2026-12-08,login,14.0
1032,2026-07-13,cancel,13.0
1032,2026-08-22,feature_use,26.9
1032,2026-09-20,login,13.21
1032,2026-10-10,upgrade,9.21
1033,2027-06-03,login,3.79
1033,2027-04-05,cancel,25.84
1033,2027-03-17,feature_use,17.31
1033,2027-03-02,upgrade,17.86
1033,2027-02-03,cancel,27.73
1033,2027-06-09,login,14.38
1033,2027-01-28,cancel,28.01
1033,2027-02-12,cancel,13.26
1033,2027-01-04,feature_use,12.33
1033,2027-01-23,upgrade,28.06
1033,2027-02-28,feature_use,10.56
1033,2027-02-09,login,12.04
1033,2027-05-31,login,25.95
1033,2027-02-04,cancel,25.39
1033,2027-06-10,cancel,26.41
1033,2027-06-11,cancel,24.52
1033,2027-01-20,login,12.08
1033,2027-01-04,upgrade,15.04
1033,2027-02-14,cancel,15.53
1033,2026-12-30,feature_use,20.97
1033,2027-06-07,cancel,20.74
1034,2026-05-09,feature_use,17.79
1034,2026-07-01,cancel,23.3
1034,2026-05-23,feature_use,15.97
1034,2026-07-24,login,7.38
1034,2026-05-05,feature_use,29.16
1034,2026-09-12,upgrade,20.31
1034,2026-10-24,upgrade,25.79
1034,2026-07-30,cancel,1.9
1034,2026-06-15,login,4.96
1034,2026-08-14,login,18.39
1034,2026-07-19,login,1.68
1034,2026-07-04,cancel,15.05
1034,2026-07-31,feature_use,23.44
1034,2026-07-08,cancel,6.66
1034,2026-08-01,login,3.02
1034,2026-06-06,cancel,3.2
1034,2026-08-03,feature_use,6.8
1034,2026-07-15,feature_use,13.91
1034,2026-09-19,upgrade,18.35
1034,2026-05-25,upgrade,2.84
1034,2026-10-17,login,25.39
1034,2026-08-11,cancel,15.35
1035,2026-07-21,upgrade,24.61
1035,2026-06-01,upgrade,21.65
1035,2026-04-23,upgrade,15.36
1035,2026-03-18,cancel,8.39
1035,2026-02-21,upgrade,1.93
1035,2026-04-19,feature_use,27.15
1035,2026-02-21,feature_use,21.72
1036,2027-04-25,login,21.53
1036,2027-02-19,upgrade,20.93
1036,2027-06-08,login,13.55
1036,2027-01-30,login,4.35
1036,2027-04-16,cancel,29.71
1037,2026-06-27,upgrade,23.03
1037,2026-08-22,feature_use,28.72
1037,2026-04-25,feature_use,21.95
1037,2026-06-14,cancel,20.61
1037,2026-05-06,cancel,19.34
1037,2026-05-12,upgrade,19.71
1037,2026-05-01,upgrade,23.86
1037,2026-08-30,feature_use,16.28
1037,2026-07-28,feature_use,11.08
1038,2026-07-11,login,10.39
1038,2026-09-25,login,24.42
1038,2026-07-03,cancel,2.2
1038,2026-06-26,upgrade,13.35
1038,2026-06-29,feature_use,19.22
1038,2026-04-21,upgrade,5.05
1038,2026-07-23,login,22.57
1038,2026-09-08,login,2.78
1038,2026-08-23,feature_use,21.3
1039,2027-03-14,cancel,15.32
1039,2027-06-19,cancel,26.05
1039,2027-04-20,upgrade,5.24
1039,2027-02-08,cancel,6.33
1039,2027-02-03,feature_use,8.7
1039,2027-05-01,cancel,26.62
1039,2027-03-03,login,14.84
1039,2027-03-22,upgrade,5.39
1039,2027-01-09,login,18.71
1039,2027-01-19,cancel,11.36
1039,2027-05-12,feature_use,24.79
1039,2027-06-14,feature_use,4.86
1039,2027-01-09,feature_use,23.38
1039,2027-06-08,upgrade,9.69
1039,2027-02-07,cancel,8.15
1039,2027-02-17,cancel,14.03
1040,2026-12-18,cancel,10.14
1040,2026-09-20,upgrade,8.27
1040,2026-09-13,feature_use,17.32
1040,2026-10-22,upgrade,12.15
1040,2026-08-30,cancel,8.55
1040,2026-09-13,feature_use,2.11
1040,2027-01-26,cancel,26.24
1040,2027-02-01,login,14.65
1040,2026-12-02,login,14.92
1040,2026-09-28,feature_use,8.65
1040,2027-02-14,feature_use,7.83
1040,2026-08-31,cancel,5.94
1040,2027-01-03,login,26.23
1041,2026-07-10,feature_use,17.44
1041,2026-04-05,feature_use,10.37
1041,2026-03-25,cancel,10.1
1041,2026-05-18,upgrade,5.26
1041,2026-02-12,feature_use,27.91
1041,2026-03-02,cancel,18.49
1041,2026-06-05,login,21.22
1041,2026-03-31,upgrade,21.82
1041,2026-02-13,feature_use,14.38
1041,2026-05-21,login,15.11
1041,2026-04-16,login,9.73
1041,2026-04-09,cancel,7.59
1041,2026-01-30,feature_use,14.02
1041,2026-01-27,feature_use,6.35
1041,2026-04-20,feature_use,23.66
1041,2026-05-08,feature_use,1.04
1041,2026-05-31,feature_use,10.16
1041,2026-06-08,login,27.23
1041,2026-02-06,login,4.9
1041,2026-06-13,cancel,15.99
1041,2026-01-31,cancel,11.67
1042,2026-05-23,feature_use,1.61
1042,2026-01-23,upgrade,12.46
1042,2026-07-04,cancel,21.88
1042,2026-02-24,cancel,19.89
1042,2026-06-11,upgrade,20.67
1042,2026-05-30,upgrade,3.66
1042,2026-06-30,login,18.69
1042,2026-03-16,feature_use,23.03
1042,2026-05-08,upgrade,7.83
1042,2026-03-07,feature_use,24.48
1042,2026-04-23,upgrade,29.39
1042,2026-05-21,feature_use,27.17
1042,2026-06-13,cancel,29.38
1042,2026-06-10,upgrade,28.41
1043,2026-09-08,login,10.22
1043,2026-08-23,upgrade,3.16
1043,2026-12-10,login,10.58
1043,2026-08-14,feature_use,10.02
1043,2026-08-07,cancel,6.23
1043,2026-08-01,upgrade,15.27
1043,2026-08-15,cancel,12.31
1043,2026-08-15,login,24.16
1043,2026-09-25,upgrade,11.48
1043,2026-11-10,feature_use,17.76
1043,2026-10-19,login,1.09
1043,2026-07-29,upgrade,21.29
1043,2026-10-09,feature_use,9.81
1043,2026-10-19,login,22.5
1043,2026-11-11,login,15.1
1043,2026-07-22,feature_use,1.88
1043,2026-09-09,login,25.86
1043,2026-11-29,feature_use,27.68
1043,2026-10-14,upgrade,9.35
1043,2026-10-04,feature_use,22.24
1043,2026-12-25,feature_use,9.51
1043,2026-08-30,cancel,22.52
1043,2026-10-23,cancel,3.82
1043,2026-12-16,login,8.25
1043,2026-07-16,cancel,27.49
1043,2026-07-10,upgrade,27.33
1043,2026-08-07,upgrade,23.34
1043,2027-01-03,feature_use,8.83
1043,2026-09-06,feature_use,14.61
1044,2026-10-04,feature_use,6.4
1044,2026-08-04,feature_use,19.67
1044,2026-08-21,upgrade,23.56
1044,2026-08-04,upgrade,5.59
1044,2026-06-29,feature_use,3.18
1045,2026-10-24,feature_use,22.52
1045,2026-09-22,upgrade,14.36
1045,2026-09-14,login,28.95
1045,2026-08-29,upgrade,28.46
1045,2026-12-19,cancel,11.03
1045,2026-12-25,login,29.18
1045,2026-09-16,login,18.5
1045,2026-12-12,upgrade,23.3
1045,2026-10-15,feature_use,20.71
1045,2026-11-26,login,16.5
1045,2026-11-06,cancel,25.57
1045,2026-08-31,cancel,1.89
1045,2026-09-27,feature_use,7.34
1045,2026-09-01,cancel,29.87
1045,2026-09-01,upgrade,18.84
1045,2026-09-02,cancel,24.4
1045,2026-12-06,feature_use,25.07
1045,2026-12-01,login,9.65
1045,2027-01-12,upgrade,18.16
1046,2026-04-10,login,2.89
1046,2026-07-27,upgrade,23.04
1046,2026-08-17,cancel,21.22
1046,2026-08-24,cancel,15.82
1046,2026-04-23,upgrade,27.09
1046,2026-07-21,upgrade,16.95
1046,2026-03-11,login,22.38
1046,2026-06-16,upgrade,27.54
1046,2026-06-04,upgrade,21.36
1046,2026-08-19,feature_use,26.17
1046,2026-08-09,feature_use,21.83
1046,2026-04-30,cancel,21.63
1046,2026-06-19,login,14.61
1046,2026-08-23,upgrade,22.41
1047,2026-06-24,upgrade,16.96
1047,2026-06-25,upgrade,25.93
1047,2026-06-06,cancel,3.43
1047,2026-10-06,cancel,11.57
1047,2026-10-03,cancel,16.82
1047,2026-06-15,cancel,17.63
1047,2026-08-13,login,6.2
1047,2026-09-23,upgrade,8.32
1047,2026-05-09,upgrade,26.44
1047,2026-09-13,cancel,14.85
1047,2026-10-26,login,19.27
1047,2026-07-18,upgrade,16.55
1047,2026-10-20,login,17.51
1047,2026-07-10,feature_use,12.58
1047,2026-06-13,login,11.51
1047,2026-07-06,feature_use,28.36
1047,2026-07-28,feature_use,11.04
1047,2026-08-24,upgrade,22.37
1047,2026-09-19,login,26.71
1047,2026-09-20,cancel,2.11
1047,2026-07-25,feature_use,24.35
1047,2026-08-24,login,12.87
1047,2026-08-28,login,28.66
1047,2026-09-04,upgrade,25.46
1048,2027-03-28,login,8.41
1048,2026-12-21,cancel,16.93
1048,2027-05-02,cancel,3.59
1048,2027-02-18,upgrade,6.52
1048,2027-05-19,upgrade,22.36
1048,2027-03-16,login,27.13
1048,2027-03-23,feature_use,8.73
1048,2027-02-23,cancel,5.58
1048,2027-01-31,upgrade,6.09
1048,2027-03-08,cancel,21.34
1048,2027-04-16,cancel,10.05
1048,2027-02-23,login,7.13
1048,2027-01-01,cancel,16.37
1048,2027-02-17,feature_use,22.63
1048,2027-05-09,cancel,21.13
1048,2027-04-26,upgrade,3.28
1048,2027-01-29,cancel,10.23
1048,2027-03-10,cancel,2.78
1048,2027-04-02,feature_use,4.33
1048,2027-03-25,feature_use,2.2
1048,2027-01-12,cancel,29.81
1048,2027-01-02,login,23.17
1048,2026-12-11,cancel,3.5
1048,2027-02-19,cancel,18.49
1048,2026-12-27,feature_use,11.89
1049,2027-01-15,feature_use,25.46
1049,2027-03-19,feature_use,1.63
1049,2027-02-13,login,25.59
1049,2027-06-09,upgrade,21.72
1049,2027-03-17,cancel,3.16
1049,2027-04-03,feature_use,8.84
1049,2027-02-02,feature_use,5.57
1049,2027-04-28,cancel,8.15
1049,2027-02-06,login,26.3
1049,2027-04-28,login,3.3
1049,2027-06-09,cancel,17.31
1050,2026-06-12,upgrade,16.89
1050,2026-10-09,upgrade,1.47
1050,2026-08-11,upgrade,3.75
1050,2026-10-18,upgrade,11.14
1050,2026-06-16,login,23.25
1050,2026-06-20,cancel,20.01
1050,2026-05-23,upgrade,8.29
1050,2026-10-08,feature_use,3.72
1050,2026-08-21,upgrade,21.7
1050,2026-07-28,feature_use,26.37
1050,2026-08-29,feature_use,17.34
1050,2026-08-27,cancel,14.07
1050,2026-09-08,feature_use,19.45
1050,2026-05-23,feature_use,13.96
1050,2026-08-31,login,8.33
1050,2026-07-21,login,23.0
1050,2026-08-03,login,19.02
1050,2026-10-14,feature_use,14.92
1050,2026-05-27,cancel,20.38
1050,2026-08-21,upgrade,14.78
1050,2026-06-16,cancel,10.01
1051,2026-04-09,upgrade,23.46
1051,2026-05-16,login,14.46
1051,2026-05-30,login,10.09
1051,2026-04-01,cancel,21.49
1051,2026-07-28,cancel,13.63
1051,2026-07-26,feature_use,5.81
1051,2026-08-15,feature_use,2.0
1051,2026-05-09,login,11.27
1051,2026-05-06,cancel,19.48
1051,2026-07-14,cancel,20.37
1051,2026-03-03,feature_use,26.41
1051,2026-04-28,login,21.54
1051,2026-02-21,upgrade,16.65
1051,2026-07-30,login,7.43
1051,2026-07-12,cancel,28.4
1051,2026-06-20,upgrade,5.17
1051,2026-07-22,feature_use,29.12
1051,2026-03-22,feature_use,29.55
1051,2026-07-02,cancel,18.27
1051,2026-04-16,cancel,18.7
1051,2026-08-01,login,19.17
1051,2026-04-10,feature_use,14.81
1051,2026-06-19,upgrade,7.63
1051,2026-07-04,upgrade,15.3
1051,2026-06-16,cancel,3.86
1051,2026-04-02,feature_use,11.69
1051,2026-06-27,cancel,3.51
1051,2026-08-06,cancel,23.5
1051,2026-05-12,upgrade,28.43
1052,2026-01-30,feature_use,15.71
1052,2026-03-17,cancel,9.05
1052,2026-05-17,cancel,25.98
1052,2026-02-02,upgrade,11.86
1052,2026-04-21,upgrade,18.18
1052,2026-01-29,login,3.67
1052,2026-05-14,login,9.17
1052,2026-05-21,upgrade,2.83
1052,2026-07-21,login,23.59
1052,2026-02-17,upgrade,9.12
1052,2026-04-27,feature_use,19.19
1053,2027-06-13,cancel,21.04
1053,2027-05-02,upgrade,5.26
1053,2027-05-30,login,3.17
1053,2027-01-25,cancel,8.46
1053,2027-04-27,upgrade,7.47
1053,2027-02-25,cancel,2.27
1053,2027-04-26,cancel,12.75
1053,2027-04-19,cancel,23.7
1053,2027-01-19,upgrade,3.33
1053,2027-03-06,feature_use,27.29
1053,2027-03-28,upgrade,28.26
1053,2027-02-10,cancel,13.09
1053,2027-03-21,login,8.92
1053,2027-05-04,upgrade,18.06
1053,2027-06-13,cancel,17.78
1053,2027-04-12,login,5.0
1053,2027-02-23,login,7.51
1053,2027-04-25,feature_use,25.76
1053,2027-03-05,login,12.58
1053,2027-01-14,login,28.54
1053,2027-01-13,cancel,28.84
1053,2027-04-11,feature_use,10.07
1054,2026-09-26,cancel,13.63
1054,2026-07-15,feature_use,3.43
1054,2026-10-11,cancel,10.96
1054,2026-10-02,cancel,19.61
1054,2026-09-28,feature_use,4.29
1054,2026-06-16,feature_use,12.81
1054,2026-07-04,login,21.27
1054,2026-08-22,upgrade,4.16
1054,2026-10-14,feature_use,11.44
1054,2026-06-12,upgrade,10.06
1054,2026-09-25,login,15.43
1054,2026-09-08,login,27.69
1054,2026-09-16,upgrade,24.09
1054,2026-09-29,login,5.15
1054,2026-08-26,feature_use,14.87
1055,2026-07-04,upgrade,28.88
1055,2026-08-16,feature_use,24.83
1055,2026-09-14,cancel,28.06
1055,2026-07-18,feature_use,10.89
1055,2026-06-23,cancel,7.42
1055,2026-06-24,login,19.72
1055,2026-07-26,login,5.19
1055,2026-07-21,cancel,10.26
1055,2026-10-23,login,4.87
1055,2026-07-15,login,8.35
1055,2026-11-18,cancel,24.9
1056,2026-10-02,login,12.08
1056,2026-06-19,login,6.0
1056,2026-11-04,cancel,14.24
1056,2026-10-03,cancel,3.02
1056,2026-07-12,upgrade,13.64
1056,2026-12-14,cancel,15.19
1056,2026-07-13,login,17.74
1056,2026-10-12,upgrade,23.55
1056,2026-12-02,cancel,26.86
1056,2026-10-12,feature_use,23.59
1056,2026-07-06,cancel,7.62
1056,2026-07-04,cancel,11.39
1056,2026-12-05,feature_use,16.34
1056,2026-09-23,feature_use,13.21
1056,2026-11-16,cancel,1.95
1056,2026-07-09,feature_use,8.44
1056,2026-08-04,upgrade,2.48
1056,2026-12-12,login,7.89
1056,2026-11-30,feature_use,5.7
1056,2026-06-29,login,14.2
1057,2026-04-18,feature_use,1.62
1057,2026-05-10,feature_use,13.69
1057,2026-06-10,cancel,25.57
1057,2026-07-02,upgrade,21.33
1057,2026-07-07,upgrade,19.92
1058,2026-04-09,upgrade,25.61
1058,2026-07-24,feature_use,29.93
1058,2026-02-13,upgrade,7.21
1058,2026-05-25,cancel,12.24
1058,2026-05-18,upgrade,6.38
1058,2026-02-17,feature_use,9.95
1059,2026-10-01,upgrade,11.19
1059,2027-01-25,upgrade,8.21
1059,2026-10-24,feature_use,28.52
1059,2026-10-30,upgrade,23.86
1059,2027-03-02,cancel,5.43
1059,2026-12-03,upgrade,13.01
1059,2026-12-28,cancel,6.02
1059,2027-01-31,cancel,27.81
1059,2026-11-30,upgrade,23.57
1059,2026-10-24,login,1.29
1059,2026-10-28,login,14.97
1059,2027-01-31,login,7.36
1059,2027-01-26,login,28.12
1059,2026-12-19,upgrade,24.04
1059,2027-01-17,feature_use,26.91
1059,2027-01-13,upgrade,16.26
1059,2026-12-05,cancel,25.59
1059,2027-02-19,upgrade,19.66
1059,2027-03-19,feature_use,1.59
1059,2026-11-09,cancel,25.76
1060,2026-06-19,cancel,4.82
1060,2026-03-01,feature_use,16.21
1060,2026-04-15,feature_use,17.05
1060,2026-02-15,login,7.4
1060,2026-03-19,login,13.18
1061,2026-10-20,cancel,21.79
1061,2026-11-29,login,22.07
1061,2027-01-24,login,8.17
1061,2027-02-21,login,13.96
1061,2026-10-27,feature_use,24.77
1061,2027-03-22,login,14.35
1061,2026-11-07,upgrade,16.88
1061,2027-02-02,login,11.57
1061,2027-02-02,cancel,12.78
1061,2027-01-22,feature_use,23.22
1061,2027-02-19,feature_use,25.52
1061,2027-01-05,cancel,15.37
1061,2026-10-10,login,7.32
1061,2027-03-11,upgrade,16.16
1061,2026-12-12,login,24.65
1061,2027-01-01,login,6.9
1061,2027-01-03,cancel,7.96
1061,2027-02-05,feature_use,16.32
1061,2026-11-14,upgrade,13.02
1061,2027-03-03,upgrade,11.09
1061,2026-10-12,upgrade,1.91
1061,2026-11-29,upgrade,6.09
1061,2026-12-13,cancel,2.33
1062,2026-11-17,feature_use,2.3
1062,2027-02-16,feature_use,6.24
1062,2026-09-21,upgrade,5.93
1062,2027-03-09,login,28.94
1062,2026-12-26,login,7.0
1062,2026-12-20,login,28.1
1062,2026-10-31,feature_use,1.13
1062,2026-11-01,cancel,27.8
1062,2026-11-09,cancel,17.27
1062,2026-12-30,upgrade,1.87
1062,2027-01-23,login,23.71
1062,2026-11-21,feature_use,21.41
1062,2026-12-26,login,23.29
1062,2027-03-06,login,13.85
1062,2026-10-17,cancel,12.14
1062,2027-03-09,feature_use,26.15
1062,2026-10-07,cancel,7.51
1062,2026-12-16,feature_use,23.58
1062,2027-01-04,login,10.4
1062,2026-12-29,upgrade,15.84
1062,2026-10-07,upgrade,25.48
1062,2026-12-08,upgrade,28.03
1062,2027-03-07,upgrade,30.0
1062,2026-10-25,feature_use,8.48
1062,2026-10-02,cancel,24.26
1062,2026-10-03,login,22.86
1062,2026-12-13,upgrade,29.14
1063,2026-03-05,upgrade,3.91
1063,2026-01-20,upgrade,22.76
1063,2026-05-26,feature_use,1.08
1063,2026-05-01,login,17.25
1063,2026-04-23,login,7.17
1063,2026-06-03,feature_use,16.63
1063,2026-03-24,cancel,9.43
1063,2026-03-06,feature_use,16.12
1063,2026-04-05,cancel,13.78
1063,2026-03-02,feature_use,17.52
1063,2026-03-17,upgrade,22.4
1063,2026-05-15,feature_use,22.1
1063,2026-04-10,upgrade,21.51
1063,2026-03-08,upgrade,5.63
1063,2026-04-26,cancel,24.75
1063,2026-04-03,login,10.95
1063,2026-04-05,cancel,29.39
1063,2026-04-05,cancel,10.71
1063,2026-04-18,cancel,3.13
1063,2026-06-26,upgrade,16.89
1063,2026-04-04,cancel,20.88
1064,2026-07-21,feature_use,23.66
1064,2026-08-05,upgrade,20.51
1064,2026-06-20,login,21.69
1064,2026-09-03,feature_use,16.08
1064,2026-09-29,feature_use,1.27
1064,2026-05-08,upgrade,2.92
1064,2026-09-05,upgrade,6.8
1064,2026-05-07,cancel,15.24
1064,2026-06-13,upgrade,2.29
1064,2026-04-23,cancel,29.15
1064,2026-06-16,feature_use,25.6
1064,2026-09-28,cancel,5.21
1064,2026-06-25,login,3.58
1064,2026-07-21,login,5.87
1064,2026-09-07,login,14.19
1064,2026-08-21,feature_use,17.43
1064,2026-09-18,cancel,21.56
1064,2026-06-30,upgrade,24.94
1064,2026-10-02,feature_use,12.92
1064,2026-05-07,upgrade,27.52
1065,2027-04-13,upgrade,28.51
1065,2027-03-17,upgrade,6.52
1065,2027-05-12,upgrade,27.13
1065,2027-04-29,login,12.51
1065,2027-04-13,feature_use,18.28
1065,2026-12-23,upgrade,24.1
1065,2027-01-08,cancel,16.31
1065,2027-01-21,cancel,7.88
1065,2027-04-09,login,19.06
1065,2027-02-13,feature_use,2.01
1065,2027-01-05,upgrade,24.93
1065,2026-11-20,cancel,25.89
1065,2026-12-06,upgrade,12.8
1066,2027-01-16,cancel,15.59
1066,2026-12-13,feature_use,16.62
1066,2026-10-25,login,12.25
1066,2026-11-20,upgrade,27.02
1066,2027-01-09,cancel,19.77
1066,2026-09-20,upgrade,13.99
1066,2026-11-14,feature_use,2.42
1066,2027-01-01,upgrade,18.59
1066,2027-01-07,feature_use,8.16
1066,2026-08-13,feature_use,8.31
1066,2026-10-26,login,24.69
1066,2026-11-21,cancel,11.31
1066,2026-11-02,feature_use,21.1
1066,2026-11-28,feature_use,5.27
1066,2026-09-02,upgrade,9.77
1066,2026-10-06,login,28.38
1066,2026-10-07,upgrade,14.43
1066,2027-01-15,cancel,26.19
1066,2026-10-11,cancel,24.49
1066,2026-12-14,login,21.32
1066,2026-09-12,upgrade,25.99
1066,2026-08-23,upgrade,25.36
1066,2026-08-04,feature_use,9.71
1066,2026-09-20,feature_use,1.98
1066,2026-12-27,cancel,10.29
1066,2026-10-10,upgrade,27.93
1066,2026-08-05,login,18.38
1066,2026-09-28,login,18.61
1067,2026-03-03,upgrade,15.4
1067,2026-03-26,feature_use,28.68
1067,2026-02-11,cancel,3.22
1067,2026-02-11,feature_use,14.63
1067,2026-05-14,cancel,10.5
1067,2026-04-05,feature_use,6.95
1067,2026-07-21,feature_use,22.05
1067,2026-05-21,upgrade,29.78
1067,2026-05-27,login,28.64
1067,2026-04-10,feature_use,22.92
1067,2026-04-21,login,26.09
1068,2027-01-13,cancel,13.93
1068,2027-01-16,upgrade,13.34
1068,2026-08-27,upgrade,3.28
1068,2026-09-18,upgrade,26.08
1068,2026-11-12,feature_use,24.27
1068,2026-12-29,upgrade,17.76
1068,2026-09-15,cancel,14.7
1068,2026-08-22,login,22.02
1068,2026-09-04,cancel,10.23
1068,2026-12-10,feature_use,22.98
1068,2026-09-03,login,8.21
1068,2026-09-17,feature_use,8.13
1068,2026-11-21,feature_use,28.39
1068,2026-11-19,upgrade,5.15
1068,2026-08-31,upgrade,29.23
1068,2026-09-16,cancel,8.27
1068,2027-01-16,login,14.37
1068,2026-09-05,login,9.2
1069,2027-02-17,upgrade,29.9
1069,2027-01-27,upgrade,9.5
1069,2026-10-27,feature_use,15.04
1069,2027-03-25,cancel,24.34
1069,2026-10-23,feature_use,6.09
1069,2027-01-09,login,3.22
1069,2027-01-23,upgrade,22.74
1069,2027-03-22,upgrade,22.58
1069,2026-12-17,upgrade,20.0
1070,2026-12-23,upgrade,18.65
1070,2026-12-17,feature_use,17.56
1070,2027-01-29,cancel,11.75
1070,2026-11-18,cancel,27.13
1070,2026-12-24,cancel,10.9
1070,2026-09-25,login,11.85
1070,2026-11-28,feature_use,19.32
1070,2027-01-26,cancel,28.56
1071,2026-01-17,cancel,24.13
1071,2026-03-19,feature_use,19.35
1071,2026-07-03,cancel,21.9
1071,2026-05-26,login,20.08
1071,2026-06-02,cancel,29.46
1071,2026-04-23,upgrade,26.19
1071,2026-07-01,feature_use,10.78
1071,2026-04-16,upgrade,15.97
1071,2026-06-26,feature_use,22.01
1071,2026-05-12,upgrade,29.99
1071,2026-04-24,login,24.96
1071,2026-04-09,feature_use,16.52
1071,2026-06-04,feature_use,23.52
1071,2026-04-01,login,1.03
1071,2026-02-28,login,18.44
1071,2026-01-21,cancel,10.43
1071,2026-05-06,feature_use,25.87
1071,2026-01-14,login,16.5
1071,2026-06-19,feature_use,19.83
1071,2026-06-10,feature_use,9.16
1071,2026-04-08,feature_use,25.63
1071,2026-03-25,login,20.88
1071,2026-05-22,feature_use,19.22
1071,2026-04-28,feature_use,25.1
1071,2026-01-13,feature_use,10.29
1071,2026-03-02,feature_use,28.91
1071,2026-04-28,feature_use,4.08
1071,2026-04-24,feature_use,25.82
1072,2026-01-25,feature_use,10.35
1072,2026-03-30,login,7.64
1072,2026-05-13,login,27.27
1072,2026-04-21,feature_use,21.01
1072,2026-04-07,login,18.36
1072,2026-01-28,upgrade,7.03
1072,2026-04-20,login,3.33
1072,2026-06-09,cancel,9.62
1072,2026-04-04,login,5.07
1072,2026-01-30,login,17.04
1072,2026-03-21,login,28.38
1072,2026-04-20,login,5.17
1072,2026-05-31,cancel,17.9
1072,2026-03-02,login,26.74
1072,2026-05-19,upgrade,7.16
1072,2026-07-13,cancel,14.9
1072,2026-03-07,cancel,12.11
1072,2026-05-12,upgrade,24.98
1072,2026-04-29,cancel,16.28
1072,2026-04-24,upgrade,4.75
1072,2026-01-24,login,22.46
1072,2026-02-03,cancel,21.63
1072,2026-04-04,upgrade,18.12
1072,2026-04-11,login,8.08
1072,2026-07-10,login,10.25
1072,2026-03-03,upgrade,18.79
1072,2026-03-28,cancel,10.93
1073,2026-07-09,upgrade,6.27
1073,2026-04-24,feature_use,15.86
1073,2026-03-19,cancel,16.89
1073,2026-01-21,upgrade,10.67
1073,2026-02-24,feature_use,6.36
1073,2026-05-11,cancel,1.84
1073,2026-03-24,cancel,11.74
1073,2026-02-01,upgrade,15.49
1073,2026-03-05,feature_use,12.91
1073,2026-05-09,login,21.63
1073,2026-03-19,cancel,12.98
1073,2026-03-07,cancel,2.56
1073,2026-01-15,feature_use,9.73
1074,2026-08-05,upgrade,10.75
1074,2026-08-04,cancel,12.35
1074,2026-09-26,cancel,2.59
1074,2026-09-20,upgrade,1.3
1074,2026-11-15,login,6.23
1074,2026-12-08,cancel,27.27
1074,2026-06-30,login,13.53
1074,2026-11-11,upgrade,11.52
1075,2027-01-22,login,24.13
1075,2027-01-23,login,21.26
1075,2027-02-20,login,9.93
1075,2027-02-24,login,16.73
1075,2026-10-30,feature_use,1.96
1075,2027-02-20,login,2.15
1075,2027-01-21,feature_use,27.71
1075,2026-12-12,upgrade,17.64
1075,2027-01-12,upgrade,23.9
1075,2027-01-19,feature_use,28.93
1075,2026-12-03,cancel,4.99
1075,2026-09-13,feature_use,12.39
1075,2027-01-09,upgrade,21.99
1075,2026-12-24,cancel,25.16
1076,2026-09-06,feature_use,6.48
1076,2026-06-06,login,27.67
1076,2026-05-19,upgrade,21.56
1076,2026-09-17,upgrade,20.74
1076,2026-08-31,upgrade,10.71
1076,2026-06-13,feature_use,28.64
1076,2026-11-05,feature_use,9.22
1076,2026-09-14,login,20.79
1076,2026-08-12,login,21.5
1076,2026-10-02,cancel,27.35
1076,2026-09-14,cancel,9.07
1076,2026-05-16,cancel,19.32
1076,2026-08-19,cancel,18.53
1076,2026-11-07,cancel,6.68
1076,2026-05-24,login,10.37
1076,2026-05-15,feature_use,28.75
1076,2026-08-27,login,7.25
1076,2026-11-04,cancel,10.63
1076,2026-06-09,cancel,25.43
1076,2026-07-11,upgrade,21.69
1076,2026-07-23,feature_use,3.38
1076,2026-08-10,cancel,17.51
1076,2026-05-26,feature_use,27.03
1076,2026-10-04,login,8.32
1076,2026-07-15,login,23.63
1076,2026-10-26,cancel,16.05
1077,2026-09-04,cancel,19.0
1077,2026-07-10,upgrade,15.06
1077,2026-07-12,cancel,2.16
1077,2026-09-05,feature_use,25.15
1077,2026-10-30,upgrade,3.73
1077,2026-09-27,login,13.75
1077,2026-08-02,upgrade,29.07
1077,2026-05-31,feature_use,3.04
1077,2026-10-22,cancel,23.66
1077,2026-07-19,upgrade,11.08
1077,2026-08-10,feature_use,20.21
1077,2026-10-10,upgrade,19.9
1077,2026-08-17,feature_use,17.81
1077,2026-08-25,login,7.0
1077,2026-06-01,login,19.88
1077,2026-08-17,feature_use,4.82
1077,2026-07-21,cancel,11.72
1078,2027-01-11,feature_use,13.7
1078,2027-01-16,upgrade,23.77
1078,2026-10-31,upgrade,12.54
1078,2027-01-18,upgrade,17.25
1078,2027-01-06,login,16.01
1078,2026-11-22,cancel,28.73
1078,2027-01-18,cancel,21.82
1078,2026-08-10,feature_use,9.84
1078,2026-12-08,cancel,29.16
1078,2026-12-23,upgrade,29.12
1078,2026-11-11,upgrade,26.89
1078,2026-08-23,feature_use,6.89
1078,2026-08-17,login,9.98
1078,2026-09-05,login,24.19
1078,2026-10-30,login,17.0
1079,2027-02-20,login,5.9
1079,2026-12-11,cancel,12.78
1079,2027-01-24,cancel,26.85
1079,2027-02-05,cancel,5.69
1079,2026-12-04,cancel,20.78
1079,2027-03-06,cancel,17.03
1079,2026-12-29,upgrade,5.95
1079,2027-01-15,login,27.65
1079,2026-11-19,upgrade,19.51
1079,2027-03-26,feature_use,2.46
1079,2027-03-24,login,18.08
1079,2027-05-05,login,14.87
1079,2027-02-10,feature_use,15.35
1079,2027-03-14,login,29.77
1079,2027-01-11,login,12.08
1079,2027-03-17,feature_use,7.8
1079,2027-03-12,login,8.21
1079,2027-04-09,login,9.69
1079,2027-01-12,feature_use,15.95
1079,2027-04-05,feature_use,17.06
1079,2027-04-26,cancel,6.32
1079,2027-04-19,upgrade,2.76
1079,2027-03-07,cancel,7.98
1079,2027-05-07,feature_use,23.04
1079,2027-03-05,upgrade,24.39
1079,2026-12-10,feature_use,8.93
1079,2027-01-07,login,14.79
1079,2027-04-09,cancel,13.7
1079,2027-02-11,login,10.03
1080,2026-04-05,upgrade,18.01
1080,2026-05-20,upgrade,3.36
1080,2026-03-21,feature_use,18.41
1080,2026-05-13,login,24.66
1080,2026-08-13,feature_use,25.0
1080,2026-06-29,cancel,24.99
1080,2026-04-24,feature_use,17.92
1080,2026-08-29,upgrade,26.67
1080,2026-06-27,login,27.34
1080,2026-08-15,upgrade,16.56
1080,2026-08-18,login,6.87
1080,2026-05-02,login,22.82
1080,2026-07-07,feature_use,17.43
1080,2026-05-25,upgrade,15.33
1080,2026-03-11,cancel,6.5
1080,2026-07-08,login,10.03
1080,2026-07-01,feature_use,7.47
1081,2026-05-28,cancel,29.1
1081,2026-07-07,upgrade,16.06
1081,2026-05-26,upgrade,5.74
1081,2026-07-22,feature_use,19.86
1081,2026-07-10,feature_use,6.4
1081,2026-04-02,login,19.33
1081,2026-05-24,login,25.05
1081,2026-07-18,cancel,4.67
1081,2026-05-24,login,24.48
1081,2026-02-02,feature_use,27.52
1081,2026-06-02,login,12.79
1081,2026-03-19,cancel,14.01
1081,2026-05-17,feature_use,24.85
1081,2026-06-20,upgrade,7.12
1081,2026-06-18,login,1.68
1081,2026-01-25,cancel,12.1
1081,2026-06-02,login,25.26
1081,2026-03-18,login,22.07
1081,2026-05-28,feature_use,24.62
1081,2026-04-13,cancel,21.24
1081,2026-07-22,login,11.33
1081,2026-06-11,cancel,23.49
1081,2026-03-16,login,27.28
1082,2026-06-28,cancel,28.55
1082,2026-06-01,feature_use,8.77
1082,2026-07-08,feature_use,23.34
1082,2026-05-22,login,21.61
1082,2026-04-02,cancel,19.68
1082,2026-09-21,login,19.53
1082,2026-07-21,cancel,7.5
1082,2026-06-16,upgrade,22.96
1082,2026-04-17,login,12.03
1082,2026-05-14,upgrade,5.55
1082,2026-04-05,cancel,17.58
1082,2026-07-18,upgrade,16.04
1082,2026-07-13,upgrade,29.75
1082,2026-08-02,feature_use,26.69
1082,2026-09-09,login,27.4
1082,2026-06-07,feature_use,18.21
1082,2026-05-19,feature_use,15.85
1082,2026-06-03,cancel,8.04
1083,2026-04-25,login,1.02
1083,2026-05-25,cancel,17.73
1083,2026-05-16,login,27.04
1083,2026-03-19,feature_use,11.38
1083,2026-05-12,login,28.74
1083,2026-06-30,login,4.95
1083,2026-05-16,upgrade,13.38
1083,2026-03-22,login,4.23
1083,2026-04-12,cancel,19.98
1083,2026-04-13,upgrade,29.1
1083,2026-04-08,login,7.14
1083,2026-08-05,login,20.52
1083,2026-06-27,cancel,23.85
1083,2026-02-22,cancel,28.99
1083,2026-02-21,upgrade,24.84
1083,2026-06-16,feature_use,17.6
1083,2026-02-26,upgrade,18.53
1083,2026-05-14,upgrade,4.23
1083,2026-06-27,login,2.14
1083,2026-05-23,login,22.08
1083,2026-02-27,cancel,2.46
1083,2026-05-02,login,6.81
1083,2026-06-14,feature_use,23.64
1083,2026-08-03,cancel,4.0
1084,2026-11-17,login,10.13
1084,2026-12-27,login,19.59
1084,2027-02-14,upgrade,7.65
1084,2026-12-09,upgrade,19.83
1084,2026-09-17,login,4.94
1084,2027-01-15,cancel,21.62
1084,2026-11-07,login,8.09
1084,2026-09-14,login,2.98
1085,2026-10-06,feature_use,16.73
1085,2026-07-18,cancel,1.33
1085,2026-09-02,feature_use,24.03
1085,2026-09-15,feature_use,22.14
1085,2026-10-21,feature_use,18.6
1085,2026-10-07,feature_use,27.93
1085,2026-11-19,login,15.88
1085,2026-07-16,login,7.0
1085,2026-12-21,feature_use,10.7
1085,2026-10-09,login,20.04
1085,2026-07-16,cancel,1.88
1085,2026-07-06,login,1.03
1085,2026-09-10,feature_use,9.89
1085,2026-09-28,cancel,24.82
1085,2026-08-24,cancel,28.6
1085,2026-08-13,login,2.27
1085,2026-07-07,cancel,20.98
1085,2026-07-19,login,18.6
1085,2026-09-17,feature_use,17.23
1085,2026-09-04,login,17.61
1085,2026-07-26,login,6.28
1085,2026-08-29,cancel,11.64
1085,2026-07-03,cancel,2.33
1085,2026-10-29,login,21.17
1085,2026-09-10,upgrade,20.12
1085,2026-11-14,cancel,7.04
1086,2027-04-06,upgrade,16.44
1086,2027-03-13,feature_use,11.73
1086,2027-04-04,login,11.07
1086,2026-12-12,feature_use,26.63
1086,2026-11-30,cancel,18.71
1086,2026-11-08,feature_use,18.12
1086,2027-01-30,login,13.27
1086,2026-11-15,login,24.84
1086,2027-01-07,upgrade,8.56
1086,2026-12-27,feature_use,8.37
1086,2026-11-02,login,28.58
1086,2027-02-05,upgrade,20.94
1086,2026-11-22,feature_use,13.11
1086,2027-03-11,login,8.12
1086,2027-02-05,feature_use,20.24
1086,2027-02-02,upgrade,24.69
1086,2027-03-17,login,23.38
1086,2027-03-14,cancel,14.51
1086,2026-11-23,login,20.01
1086,2027-03-28,upgrade,21.7
1086,2027-02-02,login,23.71
1086,2027-01-29,feature_use,8.89
1086,2027-03-29,cancel,20.12
1086,2027-01-17,upgrade,27.37
1087,2027-01-11,upgrade,21.44
1087,2026-10-14,cancel,9.37
1087,2026-12-31,cancel,8.16
1087,2026-12-14,cancel,5.42
1087,2026-12-19,upgrade,12.16
1087,2026-10-18,login,5.46
1087,2026-08-12,upgrade,25.98
1087,2026-08-29,upgrade,23.5
1087,2027-01-10,upgrade,17.88
1087,2026-10-26,feature_use,16.37
1087,2026-08-23,feature_use,21.36
1087,2026-10-30,upgrade,13.07
1087,2026-08-08,upgrade,26.07
1087,2026-08-26,feature_use,6.97
1087,2026-12-10,cancel,11.05
1087,2026-12-18,cancel,26.31
1087,2026-12-07,feature_use,4.54
1087,2026-08-20,login,21.25
1087,2027-01-15,upgrade,26.74
1087,2026-10-10,feature_use,2.8
1088,2026-12-20,cancel,8.66
1088,2026-12-10,upgrade,14.39
1088,2027-05-20,cancel,8.11
1088,2027-05-11,cancel,24.77
1088,2026-12-21,login,19.79
1088,2027-04-18,feature_use,21.6
1088,2026-12-30,upgrade,17.96
1088,2027-02-07,cancel,29.42
1088,2027-04-03,upgrade,1.4
1088,2027-02-19,login,22.89
1088,2027-03-18,login,21.74
1088,2027-03-05,cancel,17.17
1088,2027-01-27,feature_use,14.21
1088,2027-02-10,upgrade,21.29
1089,2027-01-10,upgrade,20.83
1089,2026-09-26,login,18.42
1089,2026-12-03,login,10.3
1089,2026-08-04,upgrade,21.22
1089,2027-01-19,feature_use,16.12
1090,2026-11-03,cancel,14.33
1090,2026-10-23,login,10.45
1090,2026-06-29,upgrade,3.29
1090,2026-09-01,feature_use,29.49
1090,2026-11-12,cancel,14.1
1090,2026-09-13,feature_use,8.44
1090,2026-09-20,cancel,1.45
1090,2026-10-05,cancel,16.11
1090,2026-11-11,feature_use,13.63
1090,2026-08-29,feature_use,29.82
1090,2026-09-15,login,11.52
1090,2026-07-26,upgrade,18.59
1090,2026-08-01,feature_use,21.24
1090,2026-09-05,upgrade,4.72
1090,2026-08-23,login,21.57
1090,2026-10-24,feature_use,8.16
1090,2026-10-24,login,21.3
1090,2026-09-08,cancel,23.26
1090,2026-10-29,cancel,18.16
1090,2026-06-29,upgrade,7.78
1090,2026-09-23,upgrade,8.11
1090,2026-06-23,upgrade,10.68
1090,2026-08-22,login,17.79
1090,2026-11-06,login,17.99
1090,2026-11-04,feature_use,4.0
1091,2026-08-04,cancel,15.94
1091,2026-09-22,cancel,29.96
1091,2026-09-14,feature_use,27.1
1091,2026-07-10,login,19.14
1091,2026-11-13,cancel,1.42
1091,2026-09-22,login,8.5
1091,2026-11-20,upgrade,26.15
1092,2026-10-04,feature_use,29.26
1092,2026-10-13,login,2.84
1092,2026-07-13,login,9.48
1092,2026-09-13,login,21.78
1092,2026-06-23,upgrade,23.18
1092,2026-09-15,upgrade,6.29
1092,2026-05-26,feature_use,8.51
1092,2026-10-01,login,19.59
1092,2026-05-31,cancel,26.66
1092,2026-08-30,feature_use,20.75
1092,2026-06-24,cancel,19.73
1092,2026-10-08,upgrade,14.38
1092,2026-06-30,upgrade,22.68
1092,2026-04-27,cancel,23.48
1092,2026-09-29,cancel,20.42
1092,2026-09-03,upgrade,7.63
1092,2026-06-11,feature_use,7.55
1092,2026-08-18,cancel,20.08
1092,2026-05-12,feature_use,23.77
1093,2027-01-11,login,17.31
1093,2027-03-27,cancel,7.07
1093,2026-12-14,feature_use,17.74
1093,2027-03-15,login,8.11
1093,2027-01-15,feature_use,11.31
1093,2026-12-11,feature_use,15.56
1093,2026-12-27,cancel,20.05
1093,2027-03-08,upgrade,10.24
1093,2026-11-14,login,25.06
1094,2026-02-12,feature_use,9.1
1094,2026-03-08,upgrade,27.08
1094,2026-04-11,feature_use,7.88
1094,2026-06-28,cancel,6.98
1094,2026-02-15,cancel,26.81
1094,2026-04-20,feature_use,10.84
1094,2026-05-17,cancel,23.43
1094,2026-03-01,upgrade,14.55
1094,2026-02-12,feature_use,9.78
1094,2026-02-07,feature_use,10.83
1094,2026-04-24,feature_use,2.65
1094,2026-05-02,login,19.35
1094,2026-04-19,login,3.21
1094,2026-05-12,login,4.92
1094,2026-03-27,cancel,1.38
1094,2026-06-07,feature_use,29.22
1094,2026-05-09,upgrade,25.5
1094,2026-04-06,feature_use,22.08
1094,2026-06-22,cancel,4.38
1094,2026-07-26,cancel,26.53
1094,2026-04-26,feature_use,29.22
1094,2026-04-06,upgrade,11.63
1095,2026-08-10,feature_use,20.89
1095,2026-06-14,upgrade,27.04
1095,2026-06-19,login,23.6
1095,2026-10-19,cancel,18.69
1095,2026-07-03,upgrade,6.54
1095,2026-07-03,login,28.65
1095,2026-10-19,cancel,8.18
1095,2026-08-17,login,14.81
1095,2026-06-05,cancel,29.88
1095,2026-07-17,login,29.89
1095,2026-05-29,login,15.91
1095,2026-08-28,upgrade,22.86
1095,2026-08-08,login,9.5
1095,2026-10-19,feature_use,3.38
1095,2026-08-15,feature_use,3.75
1095,2026-09-06,login,2.69
1095,2026-07-05,login,16.45
1096,2026-08-31,login,26.19
1096,2026-09-15,feature_use,7.08
1096,2026-08-01,login,2.76
1096,2026-09-06,upgrade,9.02
1096,2026-04-12,cancel,24.18
1096,2026-08-29,upgrade,5.28
1096,2026-04-24,feature_use,5.6
1096,2026-08-22,upgrade,15.51
1096,2026-09-12,feature_use,10.12
1096,2026-09-16,feature_use,7.29
1096,2026-05-20,feature_use,6.74
1096,2026-04-27,upgrade,26.77
1096,2026-06-25,login,11.63
1096,2026-05-22,cancel,29.62
1096,2026-04-10,login,6.43
1096,2026-08-31,cancel,21.11
1096,2026-05-31,cancel,25.79
1096,2026-04-25,feature_use,10.01
1096,2026-08-10,cancel,14.44
1096,2026-07-06,upgrade,16.19
1096,2026-08-17,feature_use,28.81
1097,2027-04-14,login,15.64
1097,2026-11-30,feature_use,5.34
1097,2027-02-06,cancel,29.45
1097,2026-12-17,cancel,16.61
1097,2026-12-29,upgrade,16.63
1097,2027-01-25,upgrade,10.51
1097,2027-03-17,feature_use,23.62
1097,2026-12-02,feature_use,2.75
1097,2027-01-17,feature_use,2.94
1097,2027-03-05,upgrade,29.58
1097,2027-02-10,login,24.27
1097,2027-04-08,upgrade,2.42
1097,2027-02-21,feature_use,20.95
1097,2026-12-20,login,29.09
1097,2027-02-20,upgrade,2.8
1097,2027-02-14,feature_use,8.83
1097,2026-11-17,upgrade,24.3
1097,2026-12-02,feature_use,12.81
1097,2027-02-21,cancel,24.68
1098,2026-11-08,cancel,23.56
1098,2026-12-18,upgrade,6.42
1098,2026-08-07,login,23.22
1098,2026-12-25,cancel,12.81
1098,2026-12-24,feature_use,4.82
1098,2026-12-07,login,28.88
1099,2026-06-08,cancel,18.32
1099,2026-07-08,feature_use,27.06
1099,2026-07-20,cancel,5.88
1099,2026-08-24,feature_use,13.49
1099,2026-04-19,login,12.11
1099,2026-07-01,upgrade,23.17
1099,2026-07-12,cancel,29.65
1099,2026-05-18,login,9.54
1099,2026-05-04,feature_use,22.37
1099,2026-07-25,feature_use,2.62
1099,2026-07-13,upgrade,1.71
1099,2026-06-19,cancel,17.08
1099,2026-08-09,login,11.37
1099,2026-05-05,login,15.5
1099,2026-06-27,cancel,3.93
1099,2026-04-06,upgrade,28.36
1099,2026-08-29,feature_use,23.12
1100,2027-03-06,cancel,13.82
1100,2027-02-11,cancel,24.1
1100,2026-11-15,feature_use,2.56
1100,2026-11-06,login,6.75
1100,2027-02-06,feature_use,29.64
1100,2027-04-20,upgrade,27.7
1100,2027-03-28,cancel,2.1
1100,2026-12-01,login,4.87
1101,2026-10-11,upgrade,23.94
1101,2026-12-31,feature_use,22.23
1101,2026-09-23,feature_use,3.71
1101,2026-08-25,feature_use,17.05
1101,2027-01-07,feature_use,7.7
1101,2026-08-19,upgrade,19.35
1101,2026-11-02,login,17.73
1101,2026-11-14,feature_use,18.85
1101,2026-11-28,upgrade,2.99
1101,2026-12-27,login,9.17
1101,2026-09-12,cancel,9.91
1101,2026-07-28,upgrade,7.19
1101,2026-09-03,login,4.04
1101,2026-08-12,upgrade,4.2
1101,2026-08-04,login,2.41
1101,2026-09-14,upgrade,23.37
1101,2026-08-17,feature_use,6.06
1102,2026-11-27,feature_use,25.32
1102,2026-11-07,login,24.84
1102,2026-09-01,login,17.24
1102,2026-12-17,login,24.36
1102,2026-07-11,feature_use,28.2
1103,2027-03-26,cancel,4.88
1103,2027-01-21,login,22.0
1103,2027-05-22,cancel,6.84
1103,2027-05-19,cancel,18.96
1103,2027-01-11,login,11.78
1103,2027-01-11,login,24.75
1103,2027-06-05,feature_use,16.01
1103,2027-05-23,cancel,13.35
1103,2027-03-06,feature_use,14.07
1103,2027-03-23,feature_use,26.5
1103,2027-02-25,cancel,18.87
1103,2027-06-04,login,10.8
1103,2027-03-21,feature_use,24.17
1103,2026-12-28,upgrade,15.31
1103,2027-01-24,cancel,5.76
1103,2027-05-04,cancel,9.18
1103,2027-03-12,upgrade,9.77
1103,2027-06-06,login,23.32
1103,2027-03-18,feature_use,8.2
1103,2027-05-07,upgrade,10.3
1103,2027-01-22,cancel,7.54
1103,2027-06-06,cancel,9.02
1103,2027-05-19,cancel,6.86
1104,2026-07-21,feature_use,18.61
1104,2026-07-26,upgrade,8.9
1104,2026-11-16,upgrade,28.48
1104,2026-11-09,feature_use,23.69
1104,2026-12-16,login,21.27
1104,2026-10-10,feature_use,16.93
1104,2026-07-31,login,9.88
1104,2026-07-09,upgrade,25.58
1104,2026-10-03,feature_use,12.14
1104,2026-09-29,upgrade,10.78
1104,2026-12-13,cancel,6.64
1104,2026-11-20,feature_use,17.59
1104,2026-10-15,feature_use,1.85
1104,2026-07-23,login,19.97
1104,2026-08-13,cancel,12.06
1104,2026-10-19,upgrade,3.33
1104,2026-10-08,upgrade,28.91
1104,2026-11-10,login,5.36
1104,2026-09-09,cancel,8.04
1104,2026-07-11,upgrade,11.09
1104,2026-07-23,feature_use,3.77
1104,2026-07-01,cancel,15.31
1104,2026-08-08,cancel,26.16
1104,2026-10-08,cancel,23.09
1105,2026-10-10,cancel,12.43
1105,2026-09-09,cancel,19.87
1105,2026-07-02,feature_use,21.3
1105,2026-08-29,cancel,23.81
1105,2026-12-07,feature_use,18.95
1105,2026-09-29,feature_use,17.04
1105,2026-08-01,feature_use,19.59
1105,2026-11-19,login,3.21
1105,2026-11-11,feature_use,14.0
1105,2026-09-06,cancel,8.06
1105,2026-08-11,feature_use,11.86
1106,2027-02-15,login,17.39
1106,2027-05-14,upgrade,12.12
1106,2027-04-01,login,11.92
1106,2027-06-06,upgrade,10.47
1106,2026-12-21,upgrade,27.46
1106,2027-02-02,upgrade,19.57
1106,2027-04-03,feature_use,4.73
1106,2027-01-16,cancel,10.79
1106,2027-04-23,login,5.22
1106,2027-01-23,cancel,20.15
1106,2027-04-28,feature_use,24.38
1106,2027-05-17,login,27.69
1106,2027-02-09,login,15.37
1106,2027-05-29,feature_use,23.33
1106,2027-05-08,login,5.47
1106,2027-06-17,feature_use,1.17
1106,2027-01-09,login,9.54
1106,2027-05-13,login,15.7
1106,2027-04-10,login,21.52
1107,2026-06-23,upgrade,14.56
1107,2026-07-03,cancel,28.73
1107,2026-08-06,login,20.62
1107,2026-04-28,feature_use,27.98
1107,2026-09-27,feature_use,26.65
1107,2026-08-17,feature_use,20.19
1107,2026-05-07,cancel,15.21
1107,2026-07-18,cancel,2.61
1107,2026-09-04,feature_use,10.22
1107,2026-07-11,feature_use,22.79
1107,2026-06-18,feature_use,8.56
1107,2026-05-21,login,21.13
1107,2026-05-19,feature_use,16.54
1107,2026-05-24,upgrade,13.89
1107,2026-09-11,cancel,9.48
1107,2026-05-19,login,9.1
1107,2026-09-21,upgrade,2.67
1107,2026-05-23,login,24.38
1107,2026-07-30,upgrade,13.03
1107,2026-06-25,upgrade,19.01
1108,2026-12-08,upgrade,23.4
1108,2026-09-14,cancel,6.47
1108,2026-09-08,cancel,18.76
1108,2026-08-30,login,14.16
1108,2026-12-01,login,10.78
1108,2026-12-11,login,3.81
1108,2026-12-26,cancel,28.92
1108,2026-08-26,login,14.72
1108,2026-08-04,cancel,4.98
1108,2026-11-16,feature_use,29.95
1108,2026-12-23,cancel,26.33
1108,2026-10-12,upgrade,7.72
1108,2026-09-13,cancel,3.96
1108,2026-07-11,cancel,16.0
1108,2026-09-27,login,7.61
1108,2026-09-10,cancel,13.41
1108,2026-12-26,feature_use,22.07
1108,2026-08-30,cancel,25.39
1108,2026-12-11,upgrade,1.47
1108,2026-08-07,cancel,18.23
1108,2026-12-03,login,25.67
1108,2026-10-12,feature_use,17.77
1108,2026-08-28,feature_use,27.65
1109,2026-10-25,cancel,15.45
1109,2026-08-24,feature_use,19.82
1109,2026-09-26,feature_use,20.49
1109,2026-06-26,upgrade,21.78
1109,2026-07-10,upgrade,25.45
1109,2026-10-20,login,13.8
1109,2026-10-25,feature_use,18.46
1109,2026-08-06,upgrade,28.49
1109,2026-07-26,upgrade,11.26
1109,2026-10-04,upgrade,4.6
1109,2026-06-15,feature_use,23.76
1109,2026-07-15,upgrade,25.03
1109,2026-10-16,cancel,3.75
1109,2026-07-10,cancel,1.76
1109,2026-09-28,login,1.01
1109,2026-08-13,cancel,8.94
1109,2026-09-04,login,16.87
1109,2026-11-06,upgrade,26.47
1109,2026-11-08,upgrade,21.91
1109,2026-06-25,upgrade,15.11
1109,2026-07-20,feature_use,17.84
1109,2026-10-03,upgrade,6.89
1110,2026-09-06,cancel,15.0
1110,2026-11-07,cancel,17.65
1110,2026-08-02,upgrade,9.21
1110,2026-12-15,login,12.71
1110,2026-08-15,feature_use,2.96
1110,2026-11-12,login,22.6
1110,2026-09-12,login,18.89
1110,2026-12-16,upgrade,15.38
1110,2026-12-09,upgrade,5.6
1111,2026-12-08,login,28.88
1111,2027-01-12,upgrade,10.93
1111,2026-10-08,login,20.65
1111,2026-12-26,login,28.94
1111,2027-01-01,upgrade,13.64
1112,2026-09-06,login,23.39
1112,2026-10-30,login,23.55
1112,2026-08-25,cancel,5.42
1112,2026-09-06,login,21.21
1112,2026-11-22,cancel,2.78
1112,2026-10-23,cancel,20.24
1112,2026-10-10,login,5.83
1112,2026-11-25,upgrade,10.78
1112,2026-09-06,login,28.38
1112,2026-11-25,cancel,20.35
1112,2026-11-03,login,11.96
1112,2027-01-06,cancel,8.16
1112,2027-01-09,login,5.61
1112,2027-01-11,feature_use,28.77
1112,2026-09-16,upgrade,28.19
1112,2027-01-08,feature_use,29.96
1112,2026-11-23,upgrade,26.24
1112,2026-11-18,login,7.96
1112,2027-01-03,feature_use,20.95
1113,2026-07-05,cancel,10.55
1113,2026-06-08,login,12.86
1113,2026-06-21,cancel,29.01
1113,2026-05-23,feature_use,29.17
1113,2026-09-17,feature_use,15.74
1113,2026-06-12,login,4.27
1113,2026-09-03,login,28.93
1113,2026-06-10,login,21.57
1113,2026-04-30,feature_use,13.01
1113,2026-05-30,login,23.7
1113,2026-07-03,login,21.4
1113,2026-04-09,cancel,3.34
1113,2026-06-07,cancel,1.11
1113,2026-06-13,cancel,19.44
1113,2026-09-04,upgrade,9.82
1113,2026-08-15,feature_use,28.35
1113,2026-04-22,feature_use,1.47
1113,2026-05-27,cancel,7.72
1114,2026-10-28,cancel,6.2
1114,2026-12-05,login,18.94
1114,2027-02-14,feature_use,5.53
1114,2026-12-24,feature_use,12.09
1114,2026-12-24,feature_use,23.97
1114,2027-03-06,upgrade,22.04
1114,2026-09-26,cancel,6.32
1114,2027-01-27,upgrade,21.04
1114,2026-10-21,login,3.54
1114,2027-03-13,upgrade,10.61
1114,2027-03-01,upgrade,16.19
1114,2026-11-07,feature_use,5.84
1114,2026-10-25,login,20.12
1114,2026-10-12,upgrade,7.38
1114,2026-11-06,login,9.28
1114,2027-02-08,cancel,29.62
1114,2027-01-16,feature_use,27.25
1114,2026-10-01,login,7.08
1114,2026-10-06,upgrade,21.01
1114,2026-10-28,cancel,3.86
1114,2026-12-05,cancel,17.19
1114,2027-02-24,cancel,15.16
1114,2026-11-06,cancel,10.65
1114,2027-03-11,feature_use,5.86
1114,2026-10-21,login,6.11
1115,2026-09-07,cancel,23.02
1115,2026-11-05,upgrade,26.85
1115,2026-10-15,upgrade,7.21
1115,2026-10-22,upgrade,5.93
1115,2026-08-14,upgrade,1.11
1115,2026-11-08,login,15.17
1115,2026-12-31,cancel,23.82
1115,2026-11-22,cancel,22.58
1115,2026-12-07,cancel,22.19
1115,2026-12-17,upgrade,27.48
1115,2026-08-27,upgrade,6.28
1115,2026-11-07,upgrade,16.14
1115,2026-10-04,login,7.77
1115,2026-11-22,feature_use,27.82
1115,2026-10-15,upgrade,23.9
1115,2026-11-11,login,9.63
1115,2026-11-13,login,27.15
1116,2026-11-12,login,20.56
1116,2026-09-12,login,13.26
1116,2026-09-08,feature_use,15.96
1116,2026-11-17,login,18.46
1116,2026-11-04,upgrade,20.95
1116,2026-06-26,login,27.22
1116,2026-07-11,feature_use,26.45
1116,2026-08-05,login,5.23
1116,2026-09-29,cancel,3.89
1116,2026-10-06,login,15.42
1116,2026-11-03,upgrade,15.02
1116,2026-08-21,upgrade,27.04
1116,2026-06-15,login,21.37
1116,2026-10-15,upgrade,11.49
1117,2026-07-31,feature_use,26.94
1117,2026-09-23,cancel,26.06
1117,2027-01-17,cancel,9.89
1117,2026-09-11,login,15.29
1117,2026-07-26,cancel,21.03
1117,2026-12-19,feature_use,20.57
1117,2026-09-16,feature_use,15.08
1117,2026-08-28,login,27.74
1117,2026-08-04,feature_use,29.95
1117,2026-10-18,upgrade,20.98
1117,2027-01-12,upgrade,6.31
1117,2026-10-31,cancel,26.27
1117,2026-08-04,login,22.28
1117,2027-01-19,feature_use,11.82
1117,2026-12-13,upgrade,22.64
1117,2026-12-20,cancel,10.68
1117,2026-09-05,cancel,4.82
1117,2026-10-06,cancel,29.43
1117,2026-10-22,login,10.47
1117,2026-12-24,feature_use,24.24
1117,2027-01-03,cancel,8.91
1117,2026-09-25,cancel,5.5
1117,2026-11-24,login,17.47
1117,2026-12-10,cancel,8.8
1118,2026-07-12,upgrade,28.05
1118,2026-09-18,cancel,16.76
1118,2026-05-28,login,11.1
1118,2026-08-21,cancel,25.28
1118,2026-07-18,login,13.76
1118,2026-06-08,upgrade,4.34
1118,2026-05-16,feature_use,4.81
1118,2026-06-05,feature_use,24.09
1119,2026-11-02,cancel,9.45
1119,2026-08-29,login,29.48
1119,2026-06-14,cancel,3.85
1119,2026-06-28,feature_use,5.12
1119,2026-10-06,upgrade,3.74
1119,2026-07-27,feature_use,28.62
1119,2026-07-02,upgrade,12.36
1119,2026-07-26,upgrade,1.96
1119,2026-07-09,login,15.06
1119,2026-07-22,feature_use,23.61
1119,2026-05-28,upgrade,14.25
1119,2026-11-08,upgrade,10.14
1119,2026-09-02,upgrade,21.18
1119,2026-09-26,upgrade,21.87
1119,2026-07-13,cancel,21.15
1119,2026-06-29,login,28.39
1120,2026-10-02,feature_use,14.38
1120,2026-08-29,cancel,6.59
1120,2027-01-15,feature_use,2.05
1120,2027-01-14,upgrade,25.17
1120,2026-08-18,cancel,10.69
1120,2026-10-07,cancel,16.44
1120,2026-09-03,login,7.03
1120,2026-09-04,feature_use,14.33
1120,2026-10-23,login,24.66
1120,2026-09-11,upgrade,13.3
1120,2027-01-25,upgrade,10.71
1120,2026-09-30,feature_use,29.82
1120,2026-09-25,feature_use,6.22
1120,2026-10-03,login,18.29
1120,2026-11-27,upgrade,8.46
1120,2026-08-23,cancel,17.63
1120,2027-01-06,login,19.19
1120,2026-12-04,feature_use,4.76
1120,2026-12-29,cancel,19.65
1120,2026-11-29,login,22.96
1120,2026-09-20,feature_use,29.7
1120,2026-12-05,feature_use,24.6
1120,2026-12-15,feature_use,16.85
1120,2026-08-11,cancel,24.07
1120,2026-10-21,cancel,8.1
1120,2026-11-22,login,28.08
1120,2026-11-21,login,7.74
1121,2026-10-20,feature_use,3.05
1121,2026-12-04,upgrade,2.03
1121,2026-10-25,login,14.2
1121,2027-01-13,login,12.68
1121,2027-01-02,cancel,26.55
1121,2026-10-23,login,17.89
1121,2027-03-08,login,9.82
1121,2026-11-03,login,10.67
1121,2027-03-20,login,10.37
1121,2026-11-03,feature_use,3.34
1121,2026-12-08,login,23.3
1121,2026-11-26,upgrade,17.1
1121,2027-03-11,cancel,21.83
1121,2026-12-21,login,7.97
1121,2027-01-17,feature_use,7.33
1121,2027-02-20,login,14.8
1121,2027-01-20,feature_use,17.42
1121,2026-10-13,feature_use,2.37
1121,2026-12-10,feature_use,6.93
1122,2027-01-06,upgrade,5.55
1122,2026-11-01,cancel,21.73
1122,2027-02-02,login,6.7
1122,2027-02-19,login,25.37
1122,2027-02-21,upgrade,18.76
1122,2027-02-10,feature_use,11.43
1122,2026-12-01,login,6.42
1122,2026-10-13,cancel,1.1
1122,2026-11-19,feature_use,17.95
1122,2026-11-19,upgrade,9.88
1122,2026-10-08,feature_use,24.32
1122,2026-12-18,feature_use,29.92
1122,2026-09-14,cancel,24.69
1122,2026-12-30,login,19.16
1122,2027-02-27,cancel,2.57
1122,2026-10-03,upgrade,17.44
1122,2027-02-18,cancel,2.81
1122,2026-12-10,feature_use,14.49
1122,2026-10-08,upgrade,21.13
1123,2026-05-22,login,2.7
1123,2026-08-19,login,13.78
1123,2026-07-30,feature_use,1.59
1123,2026-07-21,cancel,24.09
1123,2026-04-27,login,12.75
1123,2026-09-20,login,5.56
1123,2026-05-28,login,18.29
1123,2026-10-12,login,6.63
1123,2026-07-10,cancel,2.97
1123,2026-10-06,cancel,23.77
1123,2026-06-15,login,22.01
1123,2026-08-05,login,11.73
1123,2026-08-01,login,8.08
1123,2026-06-08,login,19.19
1123,2026-08-15,upgrade,20.55
1123,2026-08-23,cancel,11.33
1123,2026-09-19,feature_use,26.84
1123,2026-10-12,login,22.33
1123,2026-10-10,login,11.69
1123,2026-09-07,upgrade,26.05
1123,2026-07-14,cancel,23.59
1123,2026-09-20,login,29.41
1123,2026-08-11,cancel,13.95
1123,2026-09-04,feature_use,6.77
1123,2026-05-06,login,24.73
1124,2027-01-06,login,22.08
1124,2026-12-08,upgrade,27.61
1124,2027-01-18,login,14.21
1124,2026-12-21,login,24.82
1124,2027-05-09,login,7.41
1124,2027-04-27,feature_use,13.26
1124,2026-11-30,login,14.78
1124,2027-05-09,upgrade,26.42
1124,2027-05-01,login,7.44
1124,2027-03-15,upgrade,19.22
1125,2026-09-17,cancel,6.8
1125,2026-07-03,feature_use,20.12
1125,2026-12-07,feature_use,14.46
1125,2026-06-19,feature_use,19.57
1125,2026-09-12,cancel,5.41
1125,2026-10-03,login,23.06
1125,2026-06-16,cancel,8.23
1125,2026-09-28,login,15.12
1125,2026-08-05,upgrade,22.54
1125,2026-07-04,upgrade,16.9
1125,2026-11-15,feature_use,7.47
1125,2026-11-20,login,23.6
1125,2026-07-06,login,27.33
1125,2026-09-13,feature_use,25.23
1125,2026-09-22,upgrade,9.3
1125,2026-07-22,cancel,12.52
1125,2026-06-11,cancel,24.79
1126,2027-02-16,upgrade,28.12
1126,2027-01-16,login,28.95
1126,2027-03-18,cancel,11.0
1126,2027-01-06,upgrade,12.13
1126,2027-05-03,feature_use,19.93
1126,2027-05-17,feature_use,17.66
1126,2027-04-22,feature_use,13.25
1126,2027-01-26,cancel,15.62
1126,2027-06-07,login,11.84
1126,2027-02-16,login,19.57
1126,2027-01-03,cancel,1.48
1126,2027-01-02,login,19.3
1126,2026-12-29,feature_use,7.57
1126,2027-01-23,login,13.62
1126,2027-01-15,upgrade,3.36
1126,2027-06-03,feature_use,28.45
1126,2027-04-26,cancel,6.75
1126,2027-04-01,login,14.99
1126,2027-05-07,login,17.99
1126,2027-03-18,cancel,2.72
1126,2027-01-23,login,28.94
1126,2027-05-26,upgrade,18.14
1126,2027-03-26,feature_use,8.73
1126,2027-04-23,login,14.55
1126,2027-03-17,upgrade,3.51
1126,2027-04-18,login,24.76
1127,2026-12-26,login,28.67
1127,2027-02-08,cancel,26.86
1127,2026-09-12,cancel,19.56
1127,2026-11-11,feature_use,24.29
1127,2027-01-30,upgrade,12.29
1127,2026-09-14,upgrade,15.27
1127,2026-12-21,upgrade,8.68
1127,2027-02-01,login,19.0
1127,2027-01-14,cancel,18.33
1127,2026-10-20,feature_use,28.69
1127,2027-02-10,login,29.04
1127,2026-12-29,cancel,15.71
1127,2026-10-17,login,15.25
1127,2026-09-26,upgrade,6.11
1127,2026-09-12,feature_use,6.69
1127,2026-11-26,cancel,9.44
1127,2027-02-26,login,26.3
1127,2027-02-27,cancel,28.23
1127,2027-02-04,login,3.7
1127,2027-01-30,cancel,3.5
1127,2027-03-07,cancel,28.06
1127,2027-02-24,login,21.14
1127,2026-12-31,feature_use,21.46
1127,2027-01-01,feature_use,25.11
1128,2027-03-17,upgrade,29.43
1128,2027-02-04,feature_use,5.99
1128,2027-03-17,login,7.19
1128,2026-10-24,cancel,24.92
1128,2027-03-01,feature_use,22.03
1128,2027-01-17,feature_use,9.79
1128,2026-10-14,cancel,11.54
1128,2027-01-12,login,28.36
1128,2026-12-24,login,8.29
1128,2027-01-12,login,15.77
1128,2027-02-18,login,1.29
1128,2027-03-17,upgrade,15.19
1128,2027-01-02,upgrade,22.42
1128,2027-02-25,feature_use,8.87
1128,2026-10-22,cancel,15.19
1129,2027-01-03,cancel,19.86
1129,2027-01-04,feature_use,7.61
1129,2026-10-05,cancel,9.64
1129,2026-11-17,cancel,17.83
1129,2026-12-03,upgrade,20.78
1129,2026-11-15,cancel,10.71
1129,2026-10-17,feature_use,5.75
1129,2026-12-03,feature_use,17.68
1129,2026-12-26,feature_use,25.28
1129,2026-11-20,login,27.96
1129,2026-12-11,feature_use,29.89
1129,2027-03-07,feature_use,15.04
1130,2026-07-30,feature_use,15.49
1130,2026-12-11,login,6.08
1130,2026-08-21,upgrade,23.46
1130,2026-08-18,cancel,22.21
1130,2026-10-22,feature_use,18.8
1130,2026-12-11,upgrade,2.05
1130,2026-07-17,upgrade,4.88
1130,2026-09-19,cancel,25.05
1130,2026-09-15,upgrade,15.06
1130,2026-12-26,cancel,2.65
1130,2026-11-27,upgrade,8.23
1130,2026-12-16,feature_use,29.05
1130,2026-09-06,login,16.18
1130,2026-07-20,upgrade,12.34
1130,2026-07-12,feature_use,19.25
1130,2026-11-20,login,8.83
1130,2026-08-14,upgrade,8.19
1130,2026-09-23,cancel,2.54
1130,2026-09-15,feature_use,2.21
1130,2026-08-26,login,13.95
1130,2026-11-04,cancel,8.99
1130,2026-10-31,cancel,11.75
1130,2026-08-31,cancel,7.43
1130,2026-12-17,cancel,4.62
1131,2026-05-17,feature_use,15.99
1131,2026-09-19,upgrade,10.88
1131,2026-10-05,cancel,27.45
1131,2026-09-24,upgrade,15.55
1131,2026-07-13,feature_use,3.18
1131,2026-06-24,upgrade,18.66
1131,2026-09-28,upgrade,12.88
1131,2026-04-29,feature_use,16.54
1131,2026-08-25,login,24.94
1131,2026-05-27,upgrade,25.38
1132,2027-03-01,cancel,18.55
1132,2027-03-17,login,5.65
1132,2027-03-26,feature_use,4.15
1132,2027-04-27,cancel,29.38
1132,2027-04-20,login,18.21
1132,2026-12-23,cancel,24.68
1132,2027-04-14,login,4.9
1132,2027-04-01,feature_use,8.22
1132,2027-01-18,cancel,10.66
1132,2027-03-12,cancel,4.77
1132,2027-01-30,login,3.01
1132,2027-05-23,upgrade,5.2
1132,2027-02-10,feature_use,5.72
1132,2027-01-13,login,14.73
1132,2027-02-08,login,5.92
1132,2026-11-25,feature_use,2.95
1132,2026-12-12,upgrade,25.57
1132,2027-05-11,login,29.14
1132,2026-12-28,feature_use,9.24
1132,2027-04-02,login,17.38
1132,2027-01-17,feature_use,2.51
1132,2026-12-12,login,29.78
1132,2026-12-24,login,28.11
1132,2027-02-27,cancel,5.84
1132,2027-02-26,login,3.42
1132,2027-05-09,upgrade,19.7
1132,2027-05-06,cancel,4.12
1133,2026-12-15,feature_use,27.83
1133,2026-07-25,login,15.43
1133,2026-08-05,feature_use,19.35
1133,2026-07-22,cancel,22.98
1133,2026-08-10,upgrade,25.15
1133,2026-09-25,feature_use,20.86
1133,2026-08-02,feature_use,22.12
1133,2026-07-09,cancel,24.98
1133,2026-10-04,cancel,12.04
1133,2026-06-27,login,16.08
1133,2026-10-29,feature_use,23.64
1133,2026-09-21,feature_use,16.55
1133,2026-07-30,upgrade,13.13
1133,2026-07-07,feature_use,13.88
1133,2026-11-22,feature_use,1.05
1134,2027-01-03,login,24.3
1134,2027-01-22,login,27.23
1134,2027-01-29,feature_use,4.12
1134,2026-11-03,login,13.36
1134,2026-11-27,feature_use,8.74
1134,2026-09-21,upgrade,24.45
1134,2026-11-25,feature_use,20.02
1134,2026-11-03,upgrade,1.25
1134,2026-09-17,upgrade,4.32
1134,2026-11-07,feature_use,29.44
1134,2026-11-06,login,13.4
1134,2026-11-16,login,19.79
1135,2026-06-27,cancel,14.42
1135,2026-07-12,feature_use,3.75
1135,2026-08-24,upgrade,28.15
1135,2026-05-27,upgrade,27.43
1135,2026-10-08,login,14.89
1135,2026-07-18,feature_use,3.15
1135,2026-06-17,feature_use,28.79
1135,2026-05-16,cancel,2.41
1135,2026-08-08,feature_use,11.78
1136,2026-06-28,feature_use,7.91
1136,2026-05-29,login,13.63
1136,2026-05-11,feature_use,17.7
1136,2026-07-31,upgrade,9.48
1136,2026-06-22,feature_use,20.5
1136,2026-09-27,upgrade,2.69
1136,2026-10-07,feature_use,10.25
1136,2026-06-05,cancel,26.31
1136,2026-06-16,login,21.63
1136,2026-07-02,feature_use,12.72
1136,2026-09-05,cancel,17.66
1136,2026-09-12,login,23.76
1136,2026-06-12,upgrade,26.33
1136,2026-06-18,cancel,28.04
1136,2026-08-13,feature_use,1.08
1136,2026-11-01,cancel,26.44
1136,2026-10-02,cancel,29.83
1137,2027-03-30,upgrade,1.35
1137,2027-05-31,login,7.9
1137,2027-02-10,login,9.78
1137,2027-02-23,cancel,17.45
1137,2026-12-23,cancel,29.43
1137,2027-02-28,upgrade,18.3
1137,2027-03-11,feature_use,9.3
1137,2027-01-02,upgrade,16.79
1137,2027-05-19,feature_use,3.85
1137,2027-03-14,feature_use,9.61
1137,2027-05-09,feature_use,26.53
1137,2027-02-09,feature_use,11.53
1137,2027-04-04,upgrade,16.19
1137,2027-02-20,login,18.2
1137,2027-04-06,cancel,17.11
1137,2027-06-08,login,4.19
1137,2027-06-11,feature_use,3.18
1137,2027-02-22,cancel,27.2
1137,2027-05-18,feature_use,26.37
1137,2027-06-12,feature_use,11.69
1137,2027-05-30,cancel,17.86
1137,2027-05-07,login,9.74
1137,2027-03-14,feature_use,5.56
1137,2027-01-30,login,1.76
1138,2026-08-24,upgrade,2.72
1138,2026-07-21,feature_use,21.22
1138,2026-12-28,login,2.96
1138,2027-01-05,upgrade,27.64
1138,2026-07-18,cancel,26.43
1138,2026-11-29,cancel,23.5
1138,2026-11-28,login,29.72
1138,2026-08-17,feature_use,29.08
1138,2026-10-09,login,27.66
1138,2026-09-11,login,16.69
1138,2026-12-21,login,22.03
1138,2026-08-18,feature_use,7.76
1138,2026-11-29,feature_use,27.05
1138,2026-07-17,cancel,23.93
1138,2026-08-22,upgrade,23.58
1138,2026-10-24,feature_use,17.97
1138,2026-11-25,upgrade,21.75
1138,2026-07-25,feature_use,20.56
1138,2027-01-04,cancel,21.24
1139,2026-04-17,cancel,14.79
1139,2026-05-24,feature_use,21.68
1139,2026-03-06,feature_use,2.01
1139,2026-06-16,cancel,3.16
1139,2026-02-22,feature_use,27.92
1139,2026-05-19,login,26.32
1140,2026-06-05,cancel,18.57
1140,2026-11-19,upgrade,15.6
1140,2026-08-27,feature_use,20.88
1140,2026-09-04,feature_use,20.03
1140,2026-11-15,login,18.43
1140,2026-06-21,upgrade,24.61
1140,2026-07-17,cancel,21.66
1140,2026-08-26,feature_use,3.65
1140,2026-07-09,upgrade,1.71
1141,2026-06-27,feature_use,20.83
1141,2026-05-28,upgrade,29.02
1141,2026-07-06,login,19.19
1141,2026-09-28,cancel,17.49
1141,2026-06-16,login,8.38
1141,2026-05-17,login,11.06
1141,2026-06-06,login,10.89
1141,2026-04-12,feature_use,7.33
1141,2026-07-19,feature_use,17.42
1141,2026-05-19,login,6.71
1141,2026-05-27,feature_use,25.12
1141,2026-06-26,login,29.9
1141,2026-08-17,upgrade,9.92
1141,2026-05-19,login,26.18
1141,2026-07-11,cancel,22.4
1141,2026-06-28,upgrade,21.5
1141,2026-09-27,feature_use,3.41
1141,2026-08-14,login,23.54
1141,2026-04-22,login,5.94
1141,2026-09-22,upgrade,12.67
1141,2026-08-27,feature_use,29.55
1141,2026-05-04,cancel,14.83
1141,2026-08-27,feature_use,27.39
1141,2026-04-15,feature_use,10.46
1141,2026-05-10,upgrade,3.1
1141,2026-07-28,cancel,25.25
1142,2026-11-17,login,22.33
1142,2027-02-22,upgrade,20.41
1142,2026-10-09,feature_use,2.66
1142,2027-01-17,login,28.66
1142,2026-10-02,cancel,20.12
1142,2027-02-12,upgrade,27.42
1142,2027-01-31,feature_use,5.47
1142,2026-12-11,login,1.21
1142,2027-02-07,feature_use,28.73
1142,2026-12-20,login,23.42
1142,2026-11-09,feature_use,2.5
1142,2027-02-11,cancel,15.16
1142,2027-01-23,login,17.54
1142,2027-02-27,upgrade,10.63
1142,2026-11-29,login,15.73
1143,2026-05-14,cancel,8.33
1143,2026-05-15,cancel,3.96
1143,2026-06-19,cancel,6.28
1143,2026-03-05,upgrade,7.6
1143,2026-02-15,login,13.68
1143,2026-05-31,feature_use,19.84
1143,2026-02-26,login,4.41
1143,2026-02-10,upgrade,13.24
1143,2026-05-05,upgrade,28.73
1144,2026-07-15,feature_use,13.72
1144,2026-06-19,cancel,7.13
1144,2026-08-08,login,18.79
1144,2026-06-16,login,16.17
1144,2026-07-23,login,20.03
1144,2026-06-19,feature_use,18.23
1144,2026-07-20,login,20.63
1144,2026-08-30,login,17.28
1144,2026-11-05,upgrade,12.78
1144,2026-10-05,upgrade,19.39
1144,2026-11-09,cancel,11.5
1144,2026-12-01,login,19.5
1144,2026-08-29,login,15.57
1144,2026-07-25,upgrade,2.57
1144,2026-10-22,cancel,22.01
1144,2026-11-27,cancel,19.39
1144,2026-10-14,login,17.86
1144,2026-08-29,feature_use,16.71
1145,2026-12-16,feature_use,12.92
1145,2027-04-25,login,20.94
1145,2027-03-10,feature_use,14.79
1145,2026-12-12,feature_use,29.48
1145,2026-11-16,upgrade,2.46
1145,2026-11-24,feature_use,29.62
1145,2026-12-26,login,17.17
1145,2027-04-04,feature_use,7.08
1145,2027-01-23,upgrade,1.01
1145,2027-01-11,login,4.42
1145,2026-11-11,feature_use,19.79
1145,2027-02-25,cancel,20.03
1145,2026-11-12,feature_use,24.65
1145,2027-01-12,feature_use,4.74
1145,2027-01-29,cancel,2.61
1146,2026-09-15,feature_use,16.63
1146,2026-12-20,feature_use,1.66
1146,2026-12-16,login,17.78
1146,2026-09-13,login,18.28
1146,2027-01-15,feature_use,20.81
1146,2026-11-25,login,22.75
1146,2026-12-20,cancel,27.01
1146,2026-10-06,login,23.82
1146,2026-09-26,cancel,23.41
1146,2027-01-16,upgrade,18.76
1146,2026-09-14,feature_use,23.14
1146,2027-01-12,upgrade,28.97
1146,2026-10-19,cancel,25.27
1146,2026-11-23,feature_use,8.5
1146,2027-01-15,upgrade,27.06
1146,2026-12-08,upgrade,10.79
1146,2026-10-13,feature_use,13.08
1146,2027-01-13,feature_use,22.14
1147,2027-03-31,upgrade,2.43
1147,2026-11-26,upgrade,23.3
1147,2026-12-07,cancel,17.71
1147,2027-02-12,cancel,28.25
1147,2026-11-11,cancel,25.47
1147,2027-04-24,feature_use,27.33
1147,2027-03-17,login,11.92
1147,2026-11-13,cancel,17.11
1147,2026-12-07,upgrade,24.82
1147,2027-01-04,cancel,6.77
1147,2027-04-03,cancel,3.8
1147,2027-02-21,upgrade,28.29
1147,2027-02-02,cancel,27.32
1147,2026-12-27,upgrade,4.67
1148,2027-03-11,upgrade,24.18
1148,2026-11-12,login,21.73
1148,2027-03-05,upgrade,11.1
1148,2027-01-27,login,15.05
1148,2027-01-15,feature_use,4.37
1148,2026-12-21,upgrade,12.63
1148,2027-01-04,login,5.1
1148,2027-02-23,feature_use,11.22
1148,2027-03-06,cancel,11.82
1148,2027-03-11,feature_use,14.6
1148,2027-02-05,upgrade,21.53
1148,2027-02-18,feature_use,9.76
1148,2027-01-06,login,12.5
1148,2027-03-15,feature_use,14.58
1148,2026-11-12,upgrade,17.62
1148,2027-02-22,login,19.72
1148,2027-02-13,cancel,11.75
1148,2027-02-09,cancel,14.77
1148,2027-03-13,upgrade,4.48
1148,2027-03-04,login,12.11
1148,2026-11-10,feature_use,9.23
1149,2027-02-19,login,13.17
1149,2026-11-20,cancel,2.73
1149,2026-11-13,login,28.23
1149,2027-02-13,login,7.06
1149,2026-10-07,login,10.37
1149,2026-09-29,upgrade,25.6
1149,2027-01-09,login,25.86
1149,2026-09-25,cancel,12.1
1149,2027-01-07,upgrade,15.86
1149,2026-09-27,upgrade,12.29
1149,2026-12-28,cancel,17.31
1149,2026-11-24,feature_use,12.95
1149,2026-12-20,cancel,22.43
1149,2026-12-07,cancel,2.35
1149,2026-12-01,upgrade,6.04
1149,2026-11-12,cancel,22.91
1149,2026-12-24,feature_use,20.77
1149,2026-12-18,feature_use,19.0
1150,2026-07-11,login,4.4
1150,2026-04-21,upgrade,9.64
1150,2026-04-07,cancel,16.16
1150,2026-07-02,upgrade,25.44
1150,2026-06-26,upgrade,8.58
1150,2026-06-16,login,28.96
1150,2026-07-21,cancel,13.71
1150,2026-04-12,feature_use,25.2
1151,2027-01-10,login,26.82
1151,2026-12-01,login,18.51
1151,2026-12-14,upgrade,15.03
1151,2026-10-21,upgrade,24.06
1151,2027-03-01,login,25.63
1151,2026-11-16,feature_use,8.44
1151,2027-02-14,cancel,19.9
1151,2027-01-10,login,24.5
1151,2026-10-20,upgrade,25.53
1151,2027-03-08,upgrade,26.98
1151,2027-03-04,login,21.35
1151,2027-01-07,login,2.95
1151,2026-10-06,feature_use,18.32
1151,2026-11-29,feature_use,15.1
1151,2027-01-08,upgrade,15.69
1151,2027-01-07,feature_use,12.78
1151,2026-12-09,upgrade,6.1
1151,2027-03-22,login,27.69
1151,2027-01-12,upgrade,25.04
1151,2026-12-07,feature_use,21.34
1152,2026-12-21,cancel,3.93
1152,2026-10-10,cancel,4.0
1152,2026-12-05,feature_use,11.72
1152,2027-01-04,cancel,10.76
1152,2027-01-06,feature_use,14.31
1152,2027-01-14,feature_use,11.44
1152,2027-01-25,upgrade,1.84
1152,2026-09-24,feature_use,1.06
1152,2026-09-21,login,1.53
1152,2026-11-20,login,27.03
1152,2027-02-16,feature_use,13.62
1152,2026-09-20,login,10.08
1152,2026-11-28,cancel,20.56
1152,2027-02-22,feature_use,18.52
1152,2027-01-29,upgrade,20.18
1152,2026-10-04,login,6.59
1152,2026-10-31,login,23.49
1152,2027-02-18,login,19.68
1152,2027-02-08,login,15.35
1152,2026-11-06,feature_use,7.98
1152,2026-11-04,cancel,14.46
1152,2026-11-15,feature_use,26.44
1152,2026-12-27,login,26.37
1152,2026-09-20,cancel,2.5
1152,2026-12-15,login,3.45
1152,2026-12-23,upgrade,2.53
1152,2027-02-13,feature_use,20.75
1152,2026-09-27,upgrade,24.17
1153,2026-10-05,feature_use,17.57
1153,2026-12-31,feature_use,27.27
1153,2026-11-06,upgrade,8.43
1153,2026-09-13,login,3.64
1153,2026-08-07,cancel,27.5
1153,2026-08-15,feature_use,28.3
1153,2026-11-16,upgrade,4.85
1154,2027-01-07,login,9.01
1154,2027-04-15,cancel,6.15
1154,2027-01-21,upgrade,8.94
1154,2027-04-28,cancel,4.26
1154,2027-01-29,login,14.24
1154,2027-01-20,cancel,5.7
1154,2026-12-19,cancel,23.48
1154,2027-01-05,upgrade,23.1
1154,2027-01-21,upgrade,27.63
1155,2026-09-09,cancel,6.32
1155,2027-01-04,cancel,4.1
1155,2027-01-07,upgrade,6.42
1155,2026-12-14,feature_use,12.43
1155,2026-10-17,upgrade,3.28
1155,2026-12-24,upgrade,6.08
1155,2026-12-27,login,5.78
1155,2026-11-18,upgrade,10.93
1155,2027-01-25,upgrade,7.54
1155,2026-11-14,upgrade,4.86
1155,2026-12-18,upgrade,9.44
1155,2026-08-22,feature_use,29.08
1155,2026-09-30,cancel,4.68
1155,2027-01-14,feature_use,29.85
1155,2027-02-10,login,2.21
1156,2027-01-08,login,3.56
1156,2027-01-06,login,25.24
1156,2026-12-09,feature_use,12.92
1156,2026-10-27,feature_use,14.04
1156,2027-01-01,login,4.98
1156,2027-02-09,feature_use,8.5
1156,2027-03-24,login,28.58
1156,2026-10-06,login,16.06
1156,2026-10-02,login,8.14
1156,2026-12-01,login,15.37
1156,2027-01-19,upgrade,20.73
1156,2027-02-18,upgrade,18.49
1156,2026-10-28,feature_use,20.33
1156,2027-02-05,login,16.76
1156,2026-11-06,upgrade,24.43
1156,2027-01-28,cancel,24.29
1156,2026-11-17,login,14.94
1156,2027-01-27,login,13.54
1156,2027-02-22,upgrade,10.39
1156,2027-01-10,upgrade,21.62
1156,2026-10-16,feature_use,16.27
1156,2027-03-12,upgrade,3.92
1156,2027-01-30,upgrade,16.17
1156,2027-03-06,upgrade,22.5
1156,2026-11-22,login,6.96
1156,2026-10-01,cancel,29.09
1156,2026-10-11,upgrade,26.22
1156,2026-09-29,upgrade,20.44
1156,2027-03-11,cancel,3.08
1157,2026-05-08,login,9.02
1157,2026-05-20,feature_use,5.81
1157,2026-06-23,upgrade,5.8
1157,2026-08-05,upgrade,9.12
1157,2026-02-20,login,27.85
1157,2026-03-13,login,11.7
1157,2026-03-19,login,6.95
1157,2026-05-22,login,24.36
1157,2026-04-04,cancel,19.33
1157,2026-04-18,feature_use,5.88
1157,2026-05-27,upgrade,6.48
1157,2026-04-11,cancel,26.46
1157,2026-03-30,login,18.22
1157,2026-03-26,feature_use,20.55
1157,2026-07-31,cancel,16.26
1157,2026-04-21,cancel,2.01
1157,2026-04-28,feature_use,28.89
1157,2026-04-24,cancel,22.04
1158,2026-11-04,cancel,19.68
1158,2026-08-14,cancel,9.74
1158,2026-08-09,cancel,25.58
1158,2026-06-08,feature_use,18.54
1158,2026-08-19,feature_use,11.32
1158,2026-07-29,login,23.6
1158,2026-05-23,upgrade,12.99
1158,2026-05-26,feature_use,7.59
1158,2026-10-28,upgrade,15.49
1158,2026-07-23,login,8.51
1158,2026-09-09,feature_use,25.1
1158,2026-05-23,cancel,2.29
1158,2026-06-10,cancel,3.59
1158,2026-06-01,feature_use,17.5
1158,2026-08-12,cancel,5.03
1158,2026-07-23,cancel,16.65
1159,2026-07-10,feature_use,3.05
1159,2026-06-17,feature_use,26.37
1159,2026-10-07,upgrade,3.52
1159,2026-08-19,feature_use,17.64
1159,2026-08-19,cancel,7.38
1159,2026-08-05,feature_use,23.46
1159,2026-07-27,feature_use,23.13
1159,2026-07-14,login,15.42
1159,2026-07-04,upgrade,7.15
1159,2026-07-19,feature_use,4.79
1159,2026-07-24,login,5.31
1159,2026-04-28,login,25.21
1159,2026-07-16,upgrade,29.22
1159,2026-09-10,upgrade,21.7
1159,2026-09-24,cancel,21.93
1159,2026-08-17,feature_use,16.04
1159,2026-04-28,cancel,23.71
1159,2026-09-20,login,4.71
1159,2026-06-30,cancel,13.16
1159,2026-07-10,upgrade,8.08
1160,2027-02-03,login,27.72
1160,2026-12-18,upgrade,24.02
1160,2027-04-09,cancel,20.0
1160,2026-11-12,cancel,28.44
1160,2026-11-09,login,14.33
1160,2026-12-25,upgrade,14.97
1160,2027-02-16,feature_use,19.26
1160,2026-12-10,login,25.17
1160,2027-02-12,cancel,13.17
1160,2027-02-09,login,2.32
1160,2027-01-03,feature_use,27.52
1161,2027-01-27,feature_use,7.64
1161,2026-11-01,upgrade,13.97
1161,2027-03-03,cancel,14.16
1161,2026-12-19,cancel,29.98
1161,2026-11-26,upgrade,22.81
1161,2027-01-15,upgrade,4.34
1161,2026-12-06,login,15.61
1161,2026-11-30,upgrade,24.16
1161,2027-01-25,feature_use,28.56
1161,2026-10-23,login,26.48
1161,2027-01-19,cancel,6.24
1162,2027-03-09,feature_use,15.2
1162,2027-03-26,upgrade,7.91
1162,2027-02-02,feature_use,2.71
1162,2027-01-11,login,8.81
1162,2027-04-06,login,19.53
1162,2027-03-15,upgrade,3.62
1162,2027-01-25,feature_use,6.88
1162,2026-11-27,cancel,24.32
1162,2026-11-19,cancel,13.78
1162,2027-02-05,upgrade,26.86
1162,2026-12-19,login,26.38
1162,2027-05-06,login,3.81
1162,2027-05-13,login,10.17
1162,2027-02-14,login,16.33
1162,2026-11-18,upgrade,19.71
1162,2027-03-29,upgrade,23.21
1162,2026-11-19,upgrade,24.89
1162,2027-03-15,feature_use,24.87
1162,2026-11-29,cancel,9.15
1162,2027-04-18,cancel,26.39
1162,2027-05-06,cancel,4.11
1162,2026-12-09,cancel,14.44
1162,2027-02-07,cancel,25.51
1162,2027-03-29,cancel,15.85
1162,2027-04-21,cancel,22.93
1162,2027-02-11,upgrade,17.32
1162,2026-12-30,cancel,4.51
1163,2026-07-01,feature_use,6.04
1163,2026-04-04,upgrade,4.0
1163,2026-05-13,login,8.46
1163,2026-06-17,login,3.12
1163,2026-06-18,cancel,15.41
1163,2026-08-26,cancel,28.43
1163,2026-08-11,login,19.18
1163,2026-07-06,feature_use,5.57
1163,2026-03-26,cancel,18.72
1163,2026-07-12,login,18.35
1163,2026-05-12,cancel,20.82
1163,2026-05-04,upgrade,4.17
1163,2026-05-20,cancel,4.97
1163,2026-06-24,login,15.48
1163,2026-08-23,upgrade,11.79
1163,2026-09-05,login,17.82
1163,2026-08-25,feature_use,8.16
1163,2026-04-18,feature_use,21.47
1163,2026-07-19,upgrade,18.72
1163,2026-04-01,login,6.48
1163,2026-06-14,cancel,23.75
1163,2026-08-24,upgrade,7.27
1163,2026-04-22,cancel,12.55
1163,2026-05-13,feature_use,14.44
1163,2026-07-17,feature_use,13.58
1163,2026-08-26,feature_use,25.72
1163,2026-06-18,feature_use,21.72
1164,2026-07-09,feature_use,2.0
1164,2026-02-28,cancel,14.37
1164,2026-03-03,login,25.78
1164,2026-05-14,login,17.91
1164,2026-03-12,upgrade,17.45
1164,2026-04-06,login,2.72
1164,2026-05-14,cancel,19.06
1164,2026-04-17,login,28.12
1164,2026-07-06,login,28.21
1164,2026-08-03,login,6.22
1164,2026-05-07,cancel,12.17
1164,2026-02-28,cancel,25.27
1164,2026-05-14,login,21.26
1164,2026-03-05,feature_use,19.59
1164,2026-06-11,upgrade,28.31
1164,2026-07-25,feature_use,11.16
1165,2026-06-08,cancel,3.96
1165,2026-03-24,upgrade,3.06
1165,2026-05-27,feature_use,27.83
1165,2026-08-13,feature_use,13.8
1165,2026-07-16,feature_use,27.59
1165,2026-06-10,upgrade,26.44
1165,2026-06-06,upgrade,20.96
1165,2026-04-28,cancel,6.29
1165,2026-07-28,cancel,20.69
1165,2026-04-30,login,10.85
1165,2026-06-30,cancel,20.34
1165,2026-04-10,cancel,3.18
1165,2026-05-31,login,28.75
1165,2026-02-26,cancel,23.38
1165,2026-06-03,login,26.87
1165,2026-05-23,cancel,21.8
1165,2026-07-13,upgrade,18.7
1165,2026-05-18,login,12.89
1165,2026-08-02,cancel,28.91
1165,2026-03-05,upgrade,6.85
1165,2026-03-14,upgrade,2.71
1165,2026-03-10,cancel,12.27
1165,2026-08-19,login,10.02
1166,2026-09-08,cancel,20.91
1166,2026-06-08,cancel,27.43
1166,2026-07-06,feature_use,14.66
1166,2026-05-04,login,11.26
1166,2026-08-26,upgrade,24.49
1166,2026-09-01,feature_use,2.28
1166,2026-09-09,upgrade,6.3
1167,2026-11-03,login,13.09
1167,2026-12-31,login,16.23
1167,2026-11-29,feature_use,23.65
1167,2026-10-08,upgrade,24.51
1167,2027-02-10,feature_use,8.1
1167,2026-11-23,upgrade,26.62
1167,2027-02-24,upgrade,6.46
1167,2027-02-01,cancel,7.66
1167,2027-02-10,cancel,8.65
1167,2026-09-30,cancel,28.76
1167,2027-01-13,upgrade,15.82
1167,2026-10-08,cancel,20.41
1167,2027-01-28,login,27.12
1167,2027-02-16,feature_use,21.25
1167,2026-11-28,upgrade,23.96
1167,2027-03-02,upgrade,23.67
1167,2027-03-12,upgrade,20.62
1167,2026-12-19,cancel,18.6
1167,2027-03-10,login,12.6
1167,2027-02-19,login,20.86
1167,2026-12-27,upgrade,8.81
1167,2026-09-18,cancel,9.94
1167,2026-09-30,upgrade,9.42
1167,2026-10-12,cancel,11.86
1167,2026-10-03,cancel,6.05
1168,2026-07-04,login,22.27
1168,2026-06-25,upgrade,14.06
1168,2026-07-19,login,26.07
1168,2026-03-09,feature_use,1.76
1168,2026-08-19,upgrade,28.53
1168,2026-06-05,feature_use,11.46
1168,2026-04-15,feature_use,14.71
1168,2026-06-02,cancel,24.93
1168,2026-06-07,login,12.64
1168,2026-07-10,cancel,24.83
1168,2026-06-29,upgrade,14.63
1169,2027-01-04,feature_use,21.66
1169,2026-10-09,feature_use,14.59
1169,2026-08-21,feature_use,12.68
1169,2026-09-12,cancel,7.88
1169,2026-10-12,upgrade,2.74
1169,2026-10-02,login,27.8
1169,2026-10-28,login,22.74
1169,2026-10-07,upgrade,6.79
1169,2026-10-05,upgrade,23.71
1169,2026-11-06,login,11.43
1169,2027-01-31,upgrade,22.16
1169,2026-11-23,cancel,5.61
1169,2026-10-15,cancel,13.89
1169,2026-10-29,feature_use,26.16
1169,2026-09-08,cancel,9.06
1169,2026-11-28,feature_use,4.67
1169,2026-08-21,upgrade,27.44
1169,2026-09-24,cancel,2.37
1169,2026-11-12,login,15.99
1170,2027-02-23,feature_use,28.61
1170,2027-01-23,feature_use,13.11
1170,2027-01-07,feature_use,29.35
1170,2026-12-31,login,1.67
1170,2027-03-27,upgrade,2.41
1170,2026-12-30,feature_use,7.32
1170,2027-02-07,cancel,29.46
1170,2026-11-20,login,16.1
1170,2027-03-09,cancel,28.54
1170,2026-12-30,cancel,22.85
1170,2027-03-26,cancel,24.94
1170,2026-12-09,cancel,21.8
1170,2026-12-18,login,24.61
1170,2027-01-21,login,6.15
1170,2027-03-13,login,12.64
1170,2027-02-15,upgrade,13.43
1170,2026-11-13,feature_use,4.85
1171,2027-05-09,upgrade,11.97
1171,2026-12-30,cancel,6.42
1171,2027-04-29,cancel,18.38
1171,2027-05-22,upgrade,8.58
1171,2027-04-01,upgrade,12.87
1171,2027-04-27,upgrade,6.78
1171,2026-12-11,cancel,23.34
1171,2026-12-26,upgrade,9.57
1171,2027-03-04,feature_use,15.08
1171,2027-03-20,login,11.71
1171,2027-03-20,cancel,26.51
1171,2027-03-12,login,17.04
1171,2027-04-10,cancel,18.29
1171,2027-04-18,upgrade,7.65
1171,2027-01-02,cancel,9.96
1171,2027-01-18,cancel,2.43
1171,2027-04-26,cancel,14.87
1171,2027-03-08,cancel,3.23
1171,2027-04-04,feature_use,12.46
1172,2026-05-09,login,27.07
1172,2026-03-09,login,5.39
1172,2026-04-16,cancel,29.89
1172,2026-05-12,upgrade,7.2
1172,2026-03-22,login,24.17
1172,2026-04-18,upgrade,24.76
1172,2026-05-12,login,15.53
1172,2026-06-19,cancel,13.93
1172,2026-07-27,login,6.67
1172,2026-07-24,upgrade,14.44
1172,2026-05-13,feature_use,12.16
1172,2026-04-14,cancel,25.9
1172,2026-06-09,cancel,16.13
1172,2026-08-01,upgrade,10.95
1172,2026-06-02,feature_use,5.51
1172,2026-07-01,cancel,28.29
1172,2026-04-15,upgrade,4.12
1172,2026-07-15,cancel,9.56
1172,2026-07-15,upgrade,26.22
1172,2026-04-27,cancel,3.02
1172,2026-04-21,cancel,29.68
1172,2026-07-01,cancel,27.7
1172,2026-06-03,cancel,24.4
1173,2026-04-25,login,27.83
1173,2026-07-18,login,13.71
1173,2026-08-09,login,27.9
1173,2026-08-25,cancel,23.15
1173,2026-07-01,feature_use,1.73
1173,2026-06-11,upgrade,25.37
1173,2026-07-24,cancel,13.24
1173,2026-06-28,login,5.8
1174,2026-10-17,upgrade,27.6
1174,2026-09-17,cancel,9.48
1174,2026-09-06,upgrade,15.15
1174,2026-06-13,login,17.6
1174,2026-06-23,login,7.43
1174,2026-09-14,upgrade,18.3
1174,2026-10-14,login,15.79
1174,2026-10-12,upgrade,13.27
1174,2026-10-18,cancel,3.37
1174,2026-10-11,upgrade,23.75
1174,2026-06-24,feature_use,4.64
1174,2026-04-25,feature_use,25.99
1174,2026-08-27,feature_use,16.71
1174,2026-08-18,cancel,24.55
1174,2026-06-08,feature_use,29.56
1174,2026-09-12,upgrade,29.16
1175,2026-11-04,login,20.04
1175,2026-12-20,upgrade,13.69
1175,2026-12-15,cancel,1.68
1175,2026-11-17,login,9.23
1175,2026-12-04,cancel,14.0
1175,2026-11-21,login,1.46
1175,2026-12-01,upgrade,5.91
1175,2027-03-20,upgrade,18.56
1175,2027-04-11,feature_use,11.44
1175,2027-04-28,upgrade,18.92
1175,2027-03-15,feature_use,25.89
1175,2027-03-16,upgrade,2.4
1175,2027-03-11,login,17.93
1175,2026-12-22,login,2.62
1175,2027-03-27,upgrade,18.77
1175,2027-01-05,login,23.7
1175,2027-04-03,upgrade,22.92
1175,2027-02-28,feature_use,23.58
1175,2027-01-16,login,25.15
1175,2027-04-01,login,27.4
1175,2027-03-05,feature_use,3.95
1175,2027-02-02,feature_use,25.47
1175,2026-11-02,login,21.27
1175,2026-12-27,feature_use,27.04
1175,2027-02-01,login,1.65
1175,2027-01-18,login,26.06
1175,2027-02-02,feature_use,22.03
1175,2027-04-27,cancel,24.55
1176,2026-11-19,feature_use,20.27
1176,2026-10-22,upgrade,21.96
1176,2026-08-15,upgrade,7.61
1176,2026-11-06,upgrade,16.78
1176,2027-01-05,cancel,18.76
1176,2026-11-11,login,20.58
1176,2026-11-10,upgrade,24.81
1176,2026-08-29,upgrade,6.74
1176,2026-12-08,upgrade,16.88
1176,2026-08-14,login,27.44
1176,2026-09-08,feature_use,28.76
1176,2026-10-31,login,19.46
1176,2026-11-20,upgrade,22.03
1176,2027-01-10,upgrade,4.79
1176,2026-11-30,cancel,22.81
1176,2026-10-16,cancel,17.68
1177,2026-05-24,login,3.45
1177,2026-06-01,cancel,19.22
1177,2026-07-30,upgrade,13.08
1177,2026-09-15,feature_use,23.05
1177,2026-07-14,cancel,5.24
1177,2026-07-28,login,20.26
1177,2026-08-27,cancel,24.21
1177,2026-06-30,login,7.77
1177,2026-04-10,feature_use,29.32
1177,2026-05-11,cancel,17.38
1177,2026-04-23,upgrade,23.7
1177,2026-08-04,login,21.95
1177,2026-08-03,cancel,4.56
1177,2026-08-10,feature_use,25.63
1177,2026-08-23,login,9.17
1177,2026-08-11,cancel,15.03
1177,2026-05-22,cancel,14.34
1177,2026-06-16,feature_use,5.59
1177,2026-09-18,feature_use,25.89
1177,2026-08-04,cancel,2.4
1177,2026-05-26,login,5.44
1177,2026-08-04,feature_use,4.74
1177,2026-07-26,cancel,25.33
1177,2026-08-22,cancel,18.21
1177,2026-05-29,login,6.43
1177,2026-09-02,cancel,21.07
1177,2026-08-13,cancel,14.78
1177,2026-08-25,upgrade,7.04
1177,2026-07-26,upgrade,8.02
1178,2027-01-13,login,27.53
1178,2027-04-28,feature_use,20.26
1178,2027-05-11,cancel,26.03
1178,2027-03-03,cancel,25.04
1178,2027-04-15,upgrade,24.37
1178,2027-04-15,upgrade,8.26
1178,2027-04-16,login,25.24
1178,2027-03-14,login,26.91
1178,2027-04-28,cancel,14.56
1178,2027-03-25,feature_use,8.38
1178,2027-04-04,login,23.89
1178,2027-04-12,feature_use,11.17
1178,2027-05-03,feature_use,4.94
1178,2027-05-10,upgrade,13.01
1178,2026-12-29,cancel,13.93
1178,2027-02-12,login,10.21
1178,2027-04-23,login,9.48
1178,2027-05-19,feature_use,16.13
1178,2027-01-14,login,5.45
1178,2027-03-27,login,9.93
1178,2027-04-07,upgrade,23.87
1178,2027-02-13,login,6.91
1178,2027-02-11,upgrade,2.26
1178,2027-05-26,cancel,25.68
1178,2027-06-10,login,9.24
1178,2027-03-03,feature_use,26.14
1179,2026-06-16,upgrade,14.74
1179,2026-03-17,login,15.88
1179,2026-06-11,feature_use,3.58
1179,2026-06-04,feature_use,6.19
1179,2026-08-06,cancel,25.67
1179,2026-06-24,cancel,27.28
1179,2026-08-14,feature_use,13.98
1179,2026-03-25,upgrade,27.36
1179,2026-07-24,cancel,1.55
1179,2026-03-24,cancel,11.81
1179,2026-05-14,upgrade,16.68
1179,2026-07-11,feature_use,14.03
1179,2026-04-17,login,28.11
1179,2026-04-17,cancel,18.71
1180,2026-05-09,feature_use,24.92
1180,2026-08-26,upgrade,27.55
1180,2026-04-29,upgrade,4.29
1180,2026-05-20,cancel,1.49
1180,2026-04-26,feature_use,6.28
1180,2026-06-18,upgrade,7.96
1180,2026-05-29,cancel,13.24
1180,2026-04-01,cancel,27.78
1180,2026-06-06,upgrade,29.01
1180,2026-06-19,login,17.13
1180,2026-04-24,feature_use,15.61
1180,2026-03-29,upgrade,20.86
1180,2026-05-14,feature_use,5.6
1180,2026-07-23,login,14.79
1180,2026-03-24,upgrade,3.43
1180,2026-06-04,cancel,22.03
1180,2026-06-01,cancel,19.74
1181,2026-08-07,upgrade,17.99
1181,2026-07-07,login,18.29
1181,2026-10-28,upgrade,29.03
1181,2026-12-26,upgrade,11.23
1181,2026-08-13,upgrade,19.87
1181,2026-10-10,upgrade,16.83
1181,2026-09-21,feature_use,11.18
1181,2026-12-24,cancel,21.09
1181,2026-12-10,feature_use,25.08
1181,2026-08-13,upgrade,15.71
1181,2026-11-26,upgrade,26.22
1181,2026-12-28,upgrade,11.91
1181,2026-10-14,feature_use,22.76
1181,2026-12-17,feature_use,8.57
1181,2026-10-08,cancel,16.05
1181,2026-11-20,login,3.54
1181,2026-07-20,cancel,28.99
1181,2026-12-26,feature_use,24.63
1181,2026-10-18,login,23.17
1181,2026-12-05,cancel,16.36
1181,2026-12-04,login,13.38
1181,2026-10-25,cancel,18.19
1181,2026-08-28,login,4.03
1181,2026-11-30,login,8.84
1181,2026-11-11,cancel,27.94
1181,2026-11-14,upgrade,12.69
1181,2026-11-02,upgrade,6.55
1181,2026-07-11,feature_use,1.22
1182,2026-12-12,login,4.98
1182,2027-02-25,login,2.66
1182,2026-12-27,cancel,23.27
1182,2027-01-20,login,2.97
1182,2026-11-11,feature_use,11.41
1183,2026-12-24,feature_use,29.53
1183,2027-04-03,login,22.95
1183,2027-05-25,feature_use,6.33
1183,2027-04-09,feature_use,22.34
1183,2027-03-03,upgrade,28.83
1183,2027-05-21,cancel,24.7
1183,2027-01-03,upgrade,15.77
1183,2026-12-22,upgrade,17.03
1183,2027-01-07,upgrade,14.11
1183,2027-04-19,feature_use,24.72
1183,2027-04-19,login,13.46
1183,2027-04-14,login,27.16
1183,2027-01-31,feature_use,20.86
1183,2027-05-08,cancel,2.01
1183,2027-03-30,upgrade,5.14
1183,2027-06-11,cancel,12.0
1183,2027-05-10,feature_use,13.75
1183,2027-04-14,feature_use,3.87
1184,2026-08-14,cancel,15.09
1184,2026-06-21,cancel,6.11
1184,2026-09-23,upgrade,14.28
1184,2026-08-14,feature_use,2.4
1184,2026-11-02,login,19.96
1184,2026-11-15,cancel,4.82
1184,2026-12-04,feature_use,1.68
1184,2026-11-06,upgrade,20.53
1184,2026-09-04,upgrade,21.3
1184,2026-12-05,upgrade,13.42
1184,2026-07-16,feature_use,13.66
1185,2026-10-27,cancel,28.05
1185,2026-11-22,cancel,13.27
1185,2026-10-16,upgrade,5.24
1185,2027-02-18,login,19.07
1185,2026-12-02,upgrade,9.34
1185,2026-12-13,login,2.47
1185,2026-11-17,cancel,25.59
1186,2027-03-14,upgrade,5.03
1186,2027-04-18,login,24.43
1186,2027-04-13,feature_use,27.66
1186,2026-12-22,feature_use,16.08
1186,2026-12-16,cancel,23.94
1186,2027-03-27,cancel,29.41
1186,2027-03-09,feature_use,20.7
1186,2027-01-04,cancel,13.88
1186,2027-01-21,login,7.47
1187,2026-02-28,cancel,14.42
1187,2026-02-28,login,27.89
1187,2026-02-21,feature_use,21.05
1187,2026-06-23,feature_use,24.33
1187,2026-06-14,cancel,23.95
1187,2026-07-27,feature_use,15.33
1187,2026-04-25,cancel,16.33
1187,2026-06-21,feature_use,19.63
1187,2026-03-17,login,21.71
1187,2026-07-04,cancel,1.95
1187,2026-04-20,feature_use,21.05
1187,2026-06-03,login,17.37
1187,2026-03-21,feature_use,13.6
1187,2026-06-26,cancel,7.84
1187,2026-07-27,feature_use,9.71
1187,2026-07-14,cancel,2.37
1187,2026-04-02,cancel,5.6
1187,2026-06-29,upgrade,9.91
1187,2026-06-16,login,27.38
1187,2026-07-02,feature_use,15.63
1187,2026-04-13,login,9.92
1187,2026-07-20,feature_use,7.48
1187,2026-03-01,cancel,29.62
1188,2026-09-13,login,16.82
1188,2026-06-04,upgrade,7.28
1188,2026-08-09,login,11.91
1188,2026-10-01,upgrade,24.66
1188,2026-05-21,cancel,8.68
1188,2026-07-27,upgrade,4.18
1188,2026-07-07,cancel,14.93
1188,2026-11-14,feature_use,23.42
1188,2026-09-19,upgrade,28.99
1188,2026-09-26,upgrade,29.25
1188,2026-06-20,cancel,17.48
1188,2026-08-30,cancel,28.95
1188,2026-10-25,upgrade,12.54
1188,2026-08-23,login,6.23
1188,2026-07-05,feature_use,4.12
1188,2026-10-25,login,12.13
1188,2026-06-28,feature_use,10.47
1188,2026-09-10,upgrade,10.65
1188,2026-06-12,feature_use,12.53
1188,2026-07-10,cancel,25.4
1188,2026-10-27,cancel,6.74
1188,2026-08-04,login,27.72
1188,2026-09-21,feature_use,17.52
1188,2026-09-14,upgrade,7.73
1188,2026-11-15,login,4.92
1188,2026-09-25,feature_use,23.2
1188,2026-09-01,upgrade,29.19
1189,2026-08-21,cancel,9.56
1189,2026-12-30,login,29.51
1189,2026-10-26,cancel,1.62
1189,2026-11-20,cancel,16.11
1189,2026-08-03,login,4.95
1190,2026-06-09,feature_use,16.56
1190,2026-05-23,cancel,24.55
1190,2026-08-28,cancel,6.8
1190,2026-04-16,login,20.7
1190,2026-09-02,cancel,10.3
1190,2026-07-10,login,21.45
1190,2026-05-12,upgrade,5.35
1190,2026-08-12,feature_use,5.01
1190,2026-05-14,cancel,24.24
1190,2026-04-11,upgrade,7.83
1190,2026-04-05,feature_use,15.44
1190,2026-06-15,login,9.93
1190,2026-07-26,upgrade,25.61
1190,2026-08-11,login,27.02
1190,2026-08-31,upgrade,18.41
1190,2026-06-02,feature_use,1.45
1190,2026-08-05,cancel,27.8
1190,2026-08-09,login,11.47
1190,2026-04-08,cancel,7.85
1190,2026-07-02,upgrade,24.26
1190,2026-04-29,cancel,20.11
1190,2026-07-06,cancel,8.96
1190,2026-09-17,feature_use,8.2
1190,2026-04-02,login,17.2
1190,2026-08-04,login,2.42
1191,2026-09-19,feature_use,1.49
1191,2026-08-04,feature_use,13.9
1191,2026-11-04,cancel,16.15
1191,2027-01-01,upgrade,29.36
1191,2026-10-08,feature_use,6.95
1191,2026-09-22,cancel,28.96
1191,2026-10-15,upgrade,24.33
1191,2026-12-08,cancel,17.8
1191,2026-12-08,login,5.07
1191,2026-09-13,upgrade,15.72
1191,2026-12-07,login,23.94
1191,2026-12-23,cancel,6.15
1191,2026-08-19,login,28.96
1192,2026-06-30,login,16.34
1192,2026-05-31,feature_use,1.48
1192,2026-04-27,login,21.22
1192,2026-04-25,upgrade,27.21
1192,2026-06-18,feature_use,10.1
1192,2026-02-05,cancel,23.77
1192,2026-04-02,feature_use,26.68
1192,2026-04-06,cancel,15.95
1192,2026-01-30,feature_use,26.01
1192,2026-06-18,cancel,21.69
1192,2026-04-19,upgrade,3.96
1192,2026-01-27,feature_use,9.31
1192,2026-04-20,upgrade,9.67
1192,2026-03-16,feature_use,17.4
1192,2026-02-06,feature_use,23.32
1192,2026-04-11,feature_use,26.26
1192,2026-07-06,upgrade,25.88
1192,2026-05-31,login,16.66
1192,2026-06-28,feature_use,11.55
1192,2026-01-27,upgrade,18.06
1192,2026-03-18,upgrade,4.4
1192,2026-04-28,feature_use,12.8
1192,2026-02-18,login,18.65
1192,2026-05-23,feature_use,1.47
1192,2026-04-18,cancel,26.8
1192,2026-06-23,cancel,9.31
1192,2026-05-09,upgrade,29.76
1192,2026-05-07,login,7.44
1192,2026-05-05,cancel,5.78
1193,2026-07-05,feature_use,19.54
1193,2026-04-02,login,13.88
1193,2026-07-18,upgrade,20.21
1193,2026-04-16,feature_use,26.08
1193,2026-06-24,feature_use,17.33
1193,2026-04-02,upgrade,18.64
1193,2026-07-03,feature_use,22.29
1193,2026-07-24,login,16.97
1194,2027-02-15,upgrade,7.15
1194,2026-10-05,cancel,13.1
1194,2026-11-03,cancel,16.91
1194,2026-12-28,feature_use,9.64
1194,2026-11-19,cancel,1.05
1194,2026-11-02,cancel,15.21
1194,2027-01-12,upgrade,12.78
1194,2027-01-23,feature_use,18.69
1194,2026-09-27,login,29.06
1194,2027-02-11,cancel,21.04
1194,2027-01-10,cancel,22.47
1194,2027-02-01,cancel,27.94
1194,2026-10-31,upgrade,21.73
1194,2026-10-18,login,14.76
1194,2026-10-27,upgrade,24.31
1194,2026-10-06,cancel,8.88
1194,2027-03-07,login,22.75
1194,2027-03-12,upgrade,18.87
1194,2027-02-27,cancel,24.05
1194,2026-12-15,login,1.23
1194,2026-12-26,login,23.86
1194,2027-01-15,feature_use,9.84
1194,2027-01-25,upgrade,5.38
1194,2026-10-16,cancel,8.87
1194,2027-03-06,cancel,5.56
1194,2027-02-15,feature_use,21.73
1194,2027-02-23,upgrade,1.13
1194,2027-02-13,upgrade,5.09
1195,2026-05-25,upgrade,18.5
1195,2026-05-24,cancel,13.72
1195,2026-03-25,login,2.27
1195,2026-05-21,cancel,9.92
1195,2026-05-26,login,23.8
1195,2026-08-03,login,13.85
1195,2026-04-13,cancel,25.3
1195,2026-06-04,login,18.83
1195,2026-08-19,cancel,12.99
1195,2026-04-11,upgrade,24.48
1195,2026-08-24,upgrade,9.25
1195,2026-06-27,upgrade,25.5
1195,2026-04-23,feature_use,19.91
1195,2026-06-25,cancel,24.35
1195,2026-07-10,feature_use,21.5
1195,2026-06-24,upgrade,8.96
1195,2026-07-06,feature_use,21.78
1195,2026-04-27,upgrade,26.49
1195,2026-08-25,cancel,29.0
1195,2026-07-05,login,20.61
1195,2026-07-04,cancel,28.61
1195,2026-06-13,upgrade,18.0
1195,2026-05-07,upgrade,18.32
1195,2026-03-21,feature_use,15.11
1195,2026-04-13,upgrade,29.11
1195,2026-06-09,cancel,9.55
1195,2026-08-05,login,16.05
1195,2026-05-15,upgrade,8.39
1196,2027-01-25,feature_use,3.96
1196,2027-01-06,feature_use,29.63
1196,2027-05-22,cancel,9.08
1196,2027-04-22,login,28.39
1196,2027-04-01,cancel,8.04
1196,2026-12-27,feature_use,19.9
1196,2027-03-06,upgrade,18.52
1196,2027-03-23,feature_use,26.22
1196,2027-04-20,login,21.97
1196,2027-03-08,feature_use,14.86
1196,2027-02-01,login,28.33
1196,2027-01-25,login,2.2
1196,2026-12-30,feature_use,12.72
1196,2027-02-25,login,21.53
1196,2027-03-15,upgrade,20.63
1196,2027-02-16,feature_use,6.15
1196,2026-12-31,login,12.84
1196,2027-02-14,login,25.58
1196,2027-02-08,feature_use,28.74
1196,2027-01-02,cancel,4.09
1196,2027-03-27,upgrade,4.4
1196,2027-06-10,feature_use,18.78
1196,2027-01-23,feature_use,5.16
1196,2027-02-05,login,23.53
1197,2027-04-07,upgrade,18.65
1197,2027-01-21,feature_use,25.57
1197,2027-01-10,upgrade,15.42
1197,2027-06-05,feature_use,21.26
1197,2027-04-11,upgrade,7.89
1197,2027-05-21,cancel,23.19
1197,2027-06-03,upgrade,6.89
1197,2027-01-17,upgrade,7.18
1197,2027-04-13,upgrade,3.66
1197,2027-06-10,upgrade,6.59
1197,2027-03-27,upgrade,10.07
1197,2027-04-17,cancel,25.92
1197,2027-06-09,upgrade,25.62
1197,2027-05-02,login,17.83
1198,2027-01-09,login,6.03
1198,2026-12-22,upgrade,16.08
1198,2026-09-28,upgrade,6.16
1198,2026-08-31,login,26.01
1198,2027-01-12,feature_use,17.59
1198,2026-10-23,feature_use,29.2
1198,2026-09-26,cancel,13.44
1199,2026-09-05,upgrade,19.11
1199,2026-08-11,login,12.27
1199,2026-09-09,upgrade,3.36
1199,2026-08-18,login,22.68
1199,2026-05-30,upgrade,17.0
1199,2026-07-16,cancel,21.7
1199,2026-05-11,feature_use,19.16
1199,2026-06-26,feature_use,3.66
1199,2026-05-09,upgrade,22.74
1199,2026-07-28,upgrade,17.26
1199,2026-04-26,feature_use,11.0
1199,2026-09-11,login,23.46
1199,2026-04-27,upgrade,8.05
1199,2026-08-18,login,16.3
1199,2026-08-22,cancel,14.08
1199,2026-04-19,feature_use,15.63
1200,2026-09-28,feature_use,23.4
1200,2026-10-23,upgrade,5.34
1200,2026-10-28,upgrade,14.9
1200,2026-08-19,cancel,18.34
1200,2026-07-04,login,14.94
1200,2026-08-03,upgrade,10.14
1200,2026-09-24,upgrade,21.27
1200,2026-12-19,upgrade,19.09
1200,2026-10-07,cancel,23.36
1200,2026-12-03,login,18.33
1200,2026-10-03,login,12.83
1200,2026-08-08,upgrade,4.72
1200,2026-09-30,feature_use,6.26
1200,2026-10-02,upgrade,22.97
1200,2026-07-02,upgrade,22.0
1200,2026-09-14,login,8.05
1200,2026-07-24,upgrade,23.2
1200,2026-09-21,login,28.4
1200,2026-10-02,feature_use,10.97
1200,2026-07-10,cancel,17.42
1200,2026-07-17,upgrade,29.72
1200,2026-08-24,feature_use,11.9
1200,2026-08-22,login,3.01
1200,2026-10-06,feature_use,6.58
1200,2026-10-18,login,24.09
1201,2027-01-10,upgrade,12.01
1201,2026-10-20,login,18.03
1201,2026-08-15,login,17.56
1201,2026-12-31,upgrade,10.38
1201,2026-10-08,login,19.66
1201,2026-09-22,cancel,24.61
1202,2026-06-11,feature_use,13.54
1202,2026-09-12,login,28.34
1202,2026-07-13,upgrade,16.49
1202,2026-10-23,feature_use,24.82
1202,2026-11-03,login,15.28
1202,2026-11-06,feature_use,29.65
1202,2026-10-09,upgrade,25.58
1202,2026-09-27,login,8.46
1202,2026-08-23,login,5.74
1202,2026-07-18,upgrade,27.38
1202,2026-11-28,feature_use,18.71
1202,2026-09-08,feature_use,6.08
1202,2026-06-08,cancel,3.62
1202,2026-08-24,feature_use,8.3
1202,2026-07-26,login,3.71
1202,2026-11-27,feature_use,17.8
1202,2026-09-08,upgrade,8.11
1202,2026-10-27,login,10.89
1202,2026-09-06,cancel,25.48
1202,2026-08-30,upgrade,5.47
1203,2027-03-24,cancel,23.72
1203,2026-12-07,feature_use,20.33
1203,2026-12-18,login,8.25
1203,2027-01-07,feature_use,1.11
1203,2027-02-08,login,26.05
1203,2027-02-24,feature_use,19.94
1203,2027-03-18,login,26.85
1203,2027-04-26,upgrade,14.39
1203,2027-02-08,login,29.1
1203,2027-03-29,login,7.68
1203,2027-01-14,feature_use,21.55
1203,2027-03-28,login,2.17
1203,2027-04-05,feature_use,2.48
1203,2027-01-22,cancel,9.66
1203,2027-04-07,login,24.84
1203,2027-04-01,cancel,6.43
1203,2027-05-10,upgrade,24.86
1203,2026-12-15,feature_use,4.76
1203,2026-12-01,cancel,12.13
1204,2027-02-11,cancel,18.42
1204,2027-03-17,login,16.13
1204,2027-02-13,login,9.62
1204,2027-05-24,feature_use,16.21
1204,2027-01-29,upgrade,29.41
1204,2027-01-09,feature_use,13.08
1204,2027-01-15,cancel,26.98
1204,2027-03-01,upgrade,18.93
1204,2027-02-17,login,18.65
1204,2027-04-28,login,2.23
1204,2027-02-20,feature_use,12.35
1204,2027-03-25,feature_use,13.84
1204,2027-03-19,login,14.4
1204,2027-03-23,upgrade,20.56
1204,2027-05-23,feature_use,23.89
1205,2026-06-04,cancel,29.0
1205,2026-10-14,feature_use,29.73
1205,2026-09-27,login,18.7
1205,2026-07-02,feature_use,16.52
1205,2026-07-05,cancel,29.99
1205,2026-07-17,feature_use,17.96
1205,2026-06-08,login,20.21
1205,2026-07-11,cancel,15.58
1205,2026-08-01,feature_use,8.17
1205,2026-06-18,login,1.8
1205,2026-05-29,login,28.72
1205,2026-07-17,feature_use,10.94
1205,2026-10-14,upgrade,1.13
1205,2026-07-14,feature_use,13.75
1205,2026-08-25,feature_use,27.88
1205,2026-05-17,cancel,3.01
1205,2026-07-01,login,27.5
1205,2026-05-30,feature_use,20.73
1206,2027-03-03,upgrade,6.65
1206,2027-01-16,login,2.56
1206,2027-04-27,feature_use,16.81
1206,2027-02-23,cancel,3.08
1206,2027-02-27,feature_use,11.01
1206,2027-06-09,cancel,7.12
1206,2027-01-09,feature_use,4.52
1206,2027-05-27,login,2.88
1206,2026-12-19,cancel,18.24
1206,2027-01-14,login,4.56
1206,2027-05-07,upgrade,22.65
1206,2027-01-03,feature_use,5.2
1206,2027-01-12,upgrade,17.91
1206,2027-05-09,feature_use,20.91
1206,2026-12-30,upgrade,8.21
1206,2027-03-27,cancel,7.3
1206,2027-01-17,upgrade,28.2
1206,2027-02-07,feature_use,20.62
1206,2027-01-20,login,27.6
1206,2027-04-21,login,21.72
1206,2027-06-09,login,7.04
1206,2027-02-26,feature_use,12.24
1206,2027-02-23,feature_use,26.7
1206,2027-02-05,upgrade,17.33
1206,2027-05-26,feature_use,28.41
1206,2027-01-05,upgrade,4.16
1206,2027-05-05,upgrade,3.1
1206,2027-01-03,login,28.53
1207,2026-05-24,feature_use,24.6
1207,2026-08-19,upgrade,8.04
1207,2026-05-05,upgrade,24.85
1207,2026-07-01,upgrade,7.45
1207,2026-10-13,cancel,19.14
1207,2026-05-28,login,4.22
1207,2026-09-12,feature_use,4.85
1207,2026-10-18,feature_use,6.3
1207,2026-09-25,feature_use,24.72
1207,2026-07-02,feature_use,24.75
1207,2026-08-03,cancel,13.49
1207,2026-10-06,upgrade,25.88
1207,2026-10-04,login,26.54
1207,2026-09-05,cancel,24.85
1207,2026-09-29,feature_use,15.53
1207,2026-06-30,cancel,12.69
1207,2026-07-21,login,19.84
1208,2026-07-10,login,17.88
1208,2026-07-20,upgrade,5.57
1208,2026-09-15,upgrade,26.84
1208,2026-10-16,upgrade,15.58
1208,2026-10-02,upgrade,2.62
1208,2026-07-20,upgrade,10.14
1208,2026-10-12,login,22.56
1208,2026-08-31,login,24.98
1208,2026-07-22,upgrade,1.32
1208,2026-08-05,cancel,16.0
1208,2026-10-26,feature_use,7.3
1208,2026-09-18,upgrade,2.09
1208,2026-07-31,upgrade,13.07
1208,2026-09-21,feature_use,7.7
1208,2026-07-07,feature_use,26.18
1208,2026-06-22,feature_use,24.42
1208,2026-06-02,cancel,11.03
1208,2026-07-07,login,25.16
1208,2026-09-11,upgrade,21.43
1208,2026-08-07,cancel,11.11
1208,2026-06-18,login,28.51
1208,2026-06-21,cancel,22.87
1208,2026-08-24,login,18.96
1208,2026-09-07,cancel,3.62
1208,2026-06-27,login,22.23
1208,2026-05-16,cancel,6.64
1208,2026-10-18,feature_use,3.46
1208,2026-08-13,cancel,26.96
1208,2026-08-07,feature_use,13.32
1209,2026-11-25,upgrade,18.82
1209,2026-09-11,feature_use,3.78
1209,2026-10-16,feature_use,22.63
1209,2026-10-17,upgrade,8.67
1209,2026-11-04,login,19.69
1209,2026-10-19,upgrade,12.63
1209,2026-09-07,upgrade,11.43
1209,2026-09-22,feature_use,19.0
1209,2026-06-23,cancel,6.4
1209,2026-07-18,upgrade,5.59
1209,2026-07-02,login,11.08
1209,2026-09-21,upgrade,9.0
1209,2026-10-07,upgrade,15.1
1209,2026-10-01,feature_use,28.19
1209,2026-09-21,login,5.85
1209,2026-09-11,login,21.5
1210,2027-03-15,cancel,1.82
1210,2027-01-31,login,29.68
1210,2027-01-10,feature_use,21.87
1210,2027-03-07,cancel,29.17
1210,2027-02-25,upgrade,28.61
1210,2027-02-26,cancel,21.77
1210,2026-12-30,cancel,11.61
1210,2026-12-15,login,13.56
1210,2026-10-14,feature_use,19.16
1210,2026-11-26,upgrade,19.78
1210,2027-02-02,cancel,16.25
1210,2026-11-08,upgrade,13.88
1210,2026-12-15,cancel,18.24
1210,2026-10-28,login,17.37
1210,2027-03-08,login,7.28
1210,2026-09-25,upgrade,20.62
1210,2027-02-06,login,27.49
1210,2026-12-03,upgrade,18.66
1210,2026-11-10,upgrade,11.39
1210,2027-01-24,upgrade,5.76
1210,2027-03-21,feature_use,24.85
1210,2027-03-14,upgrade,21.03
1210,2026-12-14,feature_use,12.32
1210,2027-01-21,cancel,1.32
1210,2026-11-04,login,20.94
1210,2027-02-02,login,2.99
1210,2026-10-16,feature_use,17.02
1211,2027-02-19,upgrade,1.67
1211,2027-05-08,feature_use,5.82
1211,2027-02-19,feature_use,10.6
1211,2027-01-30,feature_use,26.11
1211,2027-04-23,feature_use,9.92
1211,2027-01-05,login,6.81
1211,2026-12-09,upgrade,2.59
1211,2027-04-23,feature_use,20.49
1211,2026-12-25,login,5.33
1212,2026-05-22,cancel,9.93
1212,2026-06-10,cancel,14.04
1212,2026-09-22,cancel,2.83
1212,2026-10-20,cancel,24.36
1212,2026-09-07,upgrade,17.09
1212,2026-06-04,feature_use,10.92
1212,2026-07-29,feature_use,23.34
1212,2026-10-27,cancel,4.86
1212,2026-06-03,upgrade,28.4
1212,2026-07-27,cancel,19.55
1212,2026-07-25,login,4.81
1212,2026-10-07,upgrade,9.97
1212,2026-06-19,feature_use,25.58
1212,2026-08-16,upgrade,28.36
1212,2026-08-04,login,2.3
1212,2026-10-21,feature_use,10.28
1212,2026-10-04,upgrade,20.83
1212,2026-09-11,cancel,28.2
1213,2026-11-15,login,10.98
1213,2026-11-03,login,3.49
1213,2026-10-26,feature_use,4.21
1213,2027-02-27,login,11.52
1213,2026-12-04,feature_use,27.43
1213,2027-01-01,feature_use,23.57
1213,2027-04-06,feature_use,15.09
1213,2027-02-05,cancel,27.0
1213,2027-01-06,upgrade,11.04
1213,2027-02-18,feature_use,18.04
1213,2026-10-24,login,18.53
1213,2026-11-15,login,28.73
1213,2026-11-11,cancel,6.93
1214,2026-06-04,login,26.06
1214,2026-05-06,feature_use,7.55
1214,2026-06-06,upgrade,12.12
1214,2026-04-28,cancel,11.8
1214,2026-06-04,upgrade,12.93
1214,2026-06-17,cancel,13.14
1214,2026-04-25,feature_use,10.53
1214,2026-09-05,login,15.05
1214,2026-04-01,feature_use,29.7
1214,2026-04-07,cancel,9.4
1214,2026-07-04,feature_use,23.1
1214,2026-05-04,cancel,3.79
1214,2026-04-03,cancel,25.55
1214,2026-04-26,login,11.77
1214,2026-04-22,cancel,17.36
1214,2026-05-25,cancel,12.54
1214,2026-05-15,upgrade,12.39
1214,2026-03-31,feature_use,1.69
1215,2027-05-21,feature_use,24.73
1215,2026-12-24,cancel,16.95
1215,2026-12-23,cancel,18.9
1215,2027-05-26,cancel,5.2
1215,2027-03-22,upgrade,2.98
1215,2027-06-03,login,12.71
1215,2027-05-04,login,17.69
1215,2027-06-11,upgrade,26.25
1215,2027-03-06,upgrade,29.95
1215,2027-05-03,cancel,2.86
1215,2027-01-20,login,26.5
1215,2027-03-26,cancel,25.49
1215,2027-04-20,cancel,16.99
1215,2027-01-23,login,9.85
1215,2027-05-27,upgrade,12.57
1215,2027-04-24,feature_use,29.52
1216,2027-02-10,cancel,14.36
1216,2027-02-15,login,1.49
1216,2027-01-12,login,5.64
1216,2027-03-22,cancel,18.47
1216,2027-03-08,upgrade,13.11
1216,2027-05-25,login,5.57
1216,2027-02-12,upgrade,12.86
1216,2027-05-06,feature_use,10.02
1216,2027-02-02,feature_use,3.7
1216,2027-01-03,upgrade,26.29
1216,2027-05-22,login,22.18
1216,2027-06-02,upgrade,22.76
1216,2027-01-06,login,16.99
1216,2027-04-13,feature_use,12.4
1216,2027-01-29,feature_use,28.27
1216,2027-02-22,feature_use,10.67
1216,2027-05-11,login,7.96
1217,2027-01-17,feature_use,18.64
1217,2026-11-07,feature_use,3.12
1217,2026-11-26,cancel,26.83
1217,2026-09-25,login,15.82
1217,2027-01-18,upgrade,3.0
1217,2026-10-10,cancel,6.96
1217,2026-08-20,login,10.32
1217,2026-08-26,feature_use,9.48
1217,2026-10-07,login,17.71
1217,2026-11-16,cancel,11.08
1217,2026-10-07,upgrade,14.84
1217,2026-10-04,feature_use,11.57
1217,2026-11-22,cancel,14.88
1217,2026-08-22,login,5.14
1217,2026-09-18,login,23.54
1217,2026-09-15,feature_use,10.39
1218,2026-06-16,login,28.24
1218,2026-02-08,feature_use,9.56
1218,2026-03-18,login,28.41
1218,2026-04-07,login,25.66
1218,2026-05-25,cancel,6.92
1218,2026-04-25,upgrade,23.17
1218,2026-03-21,feature_use,21.55
1218,2026-03-18,feature_use,19.07
1218,2026-03-21,login,13.52
1218,2026-07-09,login,6.19
1218,2026-03-18,login,23.37
1218,2026-05-07,cancel,12.47
1218,2026-03-31,feature_use,1.48
1218,2026-02-19,upgrade,23.1
1218,2026-04-29,cancel,22.5
1218,2026-04-03,cancel,2.52
1218,2026-06-08,cancel,9.67
1218,2026-03-22,upgrade,21.5
1218,2026-03-06,cancel,17.61
1218,2026-04-12,login,6.58
1218,2026-05-10,login,17.38
1218,2026-05-20,login,22.66
1218,2026-06-29,feature_use,9.61
1218,2026-07-16,upgrade,26.31
1218,2026-04-17,login,27.08
1219,2026-09-04,login,21.67
1219,2027-01-13,feature_use,25.31
1219,2027-01-08,login,22.76
1219,2026-10-08,feature_use,7.86
1219,2026-09-04,login,15.08
1219,2026-11-23,login,29.89
1219,2026-09-20,login,17.96
1219,2027-01-11,upgrade,5.89
1219,2026-11-22,login,27.63
1219,2026-10-15,login,16.14
1219,2026-12-14,feature_use,6.46
1219,2026-12-21,feature_use,14.11
1219,2026-12-19,login,21.18
1219,2026-09-17,cancel,23.11
1219,2026-12-16,cancel,4.79
1219,2027-02-01,feature_use,13.02
1219,2026-09-20,login,7.42
1219,2027-01-01,upgrade,28.29
1219,2026-11-19,cancel,11.83
1219,2027-01-23,upgrade,23.46
1220,2026-11-10,feature_use,19.69
1220,2027-01-28,login,15.2
1220,2027-04-04,feature_use,9.99
1220,2027-04-15,login,14.05
1220,2027-03-11,feature_use,13.01
1220,2026-12-06,cancel,5.52
1220,2027-01-03,feature_use,11.9
1220,2027-04-17,upgrade,21.93
1220,2026-12-02,cancel,22.23
1220,2026-12-12,login,13.44
1220,2027-02-18,feature_use,6.66
1220,2027-02-22,feature_use,27.33
1220,2027-04-16,cancel,26.94
1220,2027-02-08,login,10.42
1220,2027-03-16,feature_use,9.97
1220,2027-03-07,cancel,15.45
1220,2026-11-15,feature_use,6.9
1220,2027-03-07,upgrade,24.65
1220,2027-04-05,feature_use,29.33
1220,2027-01-23,feature_use,4.05
1220,2026-12-22,cancel,15.71
1220,2027-03-21,upgrade,13.15
1220,2026-11-14,upgrade,6.63
1220,2027-01-01,cancel,2.9
1220,2027-02-24,cancel,9.27
1221,2027-01-06,upgrade,5.6
1221,2027-04-01,feature_use,12.92
1221,2027-01-30,feature_use,9.94
1221,2026-12-18,cancel,2.8
1221,2026-12-05,feature_use,25.39
1221,2027-01-06,login,9.7
1221,2027-02-18,login,2.68
1221,2026-11-17,upgrade,5.72
1222,2026-04-11,feature_use,23.11
1222,2026-08-23,feature_use,13.59
1222,2026-08-25,cancel,1.53
1222,2026-06-01,feature_use,26.45
1222,2026-08-09,feature_use,1.74
1222,2026-04-05,login,2.26
1222,2026-07-11,cancel,13.51
1222,2026-06-24,feature_use,16.08
1222,2026-06-05,login,29.33
1222,2026-07-26,upgrade,22.35
1222,2026-07-13,upgrade,14.18
1222,2026-05-11,feature_use,22.08
1222,2026-04-03,feature_use,23.66
1223,2027-03-21,feature_use,16.32
1223,2027-02-03,upgrade,4.77
1223,2027-04-22,upgrade,4.38
1223,2026-11-15,feature_use,22.06
1223,2027-03-25,login,19.91
1223,2026-12-06,cancel,9.9
1223,2027-03-25,upgrade,15.34
1223,2027-01-19,login,29.32
1223,2027-03-01,feature_use,3.25
1223,2026-12-09,cancel,27.17
1223,2026-11-24,upgrade,13.96
1223,2027-02-20,login,25.95
1223,2027-03-14,login,13.8
1223,2027-03-18,cancel,5.59
1223,2026-11-17,upgrade,19.14
1223,2027-02-23,upgrade,6.83
1223,2027-01-25,cancel,17.75
1223,2027-04-17,feature_use,27.99
1223,2027-03-01,cancel,9.18
1223,2026-11-08,upgrade,8.05
1223,2027-02-16,upgrade,4.14
1223,2027-03-27,login,24.42
1223,2026-12-11,upgrade,17.04
1223,2027-01-18,login,7.57
1223,2027-02-26,upgrade,10.11
1223,2026-12-25,login,25.93
1224,2026-10-02,login,20.0
1224,2026-12-10,login,23.92
1224,2026-08-31,login,24.17
1224,2026-10-31,upgrade,19.14
1224,2026-08-25,cancel,17.89
1224,2026-08-01,cancel,19.89
1224,2026-08-22,login,29.94
1224,2026-08-18,feature_use,11.21
1224,2026-08-20,feature_use,11.27
1224,2026-07-11,feature_use,9.47
1224,2026-07-16,cancel,16.27
1224,2026-11-02,cancel,24.32
1224,2026-10-19,cancel,17.79
1224,2026-09-19,login,29.62
1224,2026-11-12,feature_use,18.35
1224,2026-10-11,feature_use,11.68
1224,2026-10-07,login,23.88
1224,2026-11-09,login,26.88
1224,2026-11-17,login,18.59
1225,2026-12-27,feature_use,16.8
1225,2026-11-23,feature_use,10.92
1225,2027-04-14,login,15.89
1225,2027-03-09,upgrade,15.54
1225,2027-02-28,feature_use,22.46
1225,2027-03-01,upgrade,13.95
1225,2027-05-16,feature_use,26.7
1225,2027-03-16,cancel,11.92
1225,2027-05-14,cancel,8.48
1226,2026-10-01,login,28.67
1226,2026-09-20,cancel,3.57
1226,2026-10-10,feature_use,21.45
1226,2026-06-10,cancel,10.3
1226,2026-09-30,login,25.93
1226,2026-08-30,login,8.2
1226,2026-05-27,feature_use,21.1
1226,2026-10-11,upgrade,16.72
1226,2026-09-23,login,23.97
1226,2026-07-01,cancel,5.54
1226,2026-10-17,feature_use,11.26
1226,2026-05-24,cancel,18.73
1226,2026-07-27,cancel,25.32
1226,2026-08-22,upgrade,18.05
1226,2026-08-01,feature_use,19.83
1226,2026-09-01,feature_use,18.88
1226,2026-10-26,login,14.37
1226,2026-08-09,login,14.68
1226,2026-06-11,cancel,8.18
1226,2026-05-18,feature_use,26.96
1226,2026-07-14,feature_use,5.68
1226,2026-07-01,login,13.13
1227,2027-03-06,login,21.54
1227,2027-06-02,login,1.92
1227,2027-03-04,login,19.54
1227,2027-04-13,feature_use,26.92
1227,2027-04-10,cancel,18.28
1227,2027-04-07,upgrade,11.74
1227,2027-03-02,feature_use,10.38
1227,2026-12-23,cancel,17.95
1227,2027-05-22,feature_use,7.04
1227,2027-03-20,login,18.41
1227,2026-12-26,feature_use,16.76
1227,2027-04-06,feature_use,29.98
1227,2027-04-19,upgrade,25.09
1227,2027-01-02,login,2.77
1227,2027-03-17,login,7.83
1227,2027-06-18,cancel,9.1
1227,2027-05-19,feature_use,26.02
1227,2027-04-23,cancel,9.09
1227,2027-03-01,login,15.28
1227,2027-04-10,login,12.68
1227,2027-03-15,cancel,24.03
1227,2027-01-18,feature_use,22.43
1227,2027-01-04,login,1.51
1228,2026-08-27,upgrade,4.72
1228,2026-10-11,upgrade,11.49
1228,2027-01-01,cancel,8.32
1228,2026-09-08,upgrade,18.47
1228,2027-01-30,upgrade,6.7
1228,2027-01-19,login,2.17
1228,2026-08-28,login,20.28
1228,2026-09-15,login,24.07
1228,2026-09-05,upgrade,27.06
1228,2026-08-11,cancel,17.17
1228,2026-09-25,upgrade,12.53
1228,2026-12-15,cancel,22.91
1228,2026-10-03,login,15.1
1228,2026-11-18,cancel,21.75
1228,2026-12-16,login,18.0
1228,2027-01-18,cancel,3.48
1229,2027-01-03,login,9.44
1229,2026-11-08,cancel,19.83
1229,2026-10-14,login,25.01
1229,2027-02-01,feature_use,12.15
1229,2026-09-06,feature_use,12.69
1229,2026-12-24,login,12.87
1229,2026-10-10,login,19.35
1229,2027-02-13,feature_use,9.43
1229,2026-10-25,upgrade,3.31
1229,2026-12-18,feature_use,23.89
1230,2026-02-15,feature_use,23.65
1230,2026-04-17,upgrade,1.66
1230,2026-07-17,login,22.67
1230,2026-07-05,feature_use,27.84
1230,2026-03-08,upgrade,7.56
1230,2026-07-07,cancel,26.92
1230,2026-03-16,login,16.55
1230,2026-03-06,upgrade,3.32
1230,2026-04-10,login,14.85
1230,2026-05-02,feature_use,12.8
1230,2026-02-22,upgrade,22.87
1230,2026-02-19,upgrade,23.75
1230,2026-07-12,feature_use,24.02
1230,2026-02-06,upgrade,17.19
1230,2026-04-27,upgrade,13.08
1230,2026-07-23,feature_use,9.73
1230,2026-07-30,login,20.4
1230,2026-06-05,feature_use,26.98
1230,2026-07-31,login,1.24
1230,2026-03-20,upgrade,29.91
1230,2026-07-14,feature_use,18.57
1230,2026-05-29,upgrade,1.82
1230,2026-05-08,login,18.91
1230,2026-02-19,upgrade,10.78
1230,2026-06-20,feature_use,29.82
1230,2026-02-05,feature_use,8.76
1230,2026-03-31,cancel,14.01
1230,2026-06-25,upgrade,10.73
1230,2026-04-26,upgrade,8.92
1231,2026-06-22,login,7.47
1231,2026-07-19,feature_use,26.78
1231,2026-04-28,upgrade,1.5
1231,2026-04-18,feature_use,28.75
1231,2026-03-24,login,28.75
1231,2026-04-05,login,27.94
1231,2026-08-20,upgrade,8.39
1231,2026-05-08,login,1.96
1231,2026-05-30,cancel,23.33
1231,2026-08-04,cancel,25.58
1231,2026-03-24,feature_use,13.95
1231,2026-03-21,feature_use,1.72
1231,2026-04-04,cancel,17.57
1231,2026-08-04,upgrade,10.21
1231,2026-04-10,feature_use,19.84
1231,2026-08-12,login,17.32
1231,2026-04-26,feature_use,7.46
1231,2026-08-04,cancel,10.91
1231,2026-07-04,feature_use,20.34
1231,2026-03-29,login,4.91
1231,2026-05-01,feature_use,1.03
1231,2026-05-22,upgrade,13.46
1231,2026-07-24,feature_use,6.05
1231,2026-08-20,cancel,5.59
1231,2026-05-31,feature_use,27.59
1231,2026-04-29,cancel,6.03
1232,2026-05-18,upgrade,10.24
1232,2026-06-16,login,2.4
1232,2026-04-10,login,10.64
1232,2026-08-08,cancel,9.61
1232,2026-07-18,upgrade,29.64
1232,2026-03-22,login,3.73
1233,2026-03-30,upgrade,14.06
1233,2026-06-02,login,15.81
1233,2026-07-06,cancel,12.97
1233,2026-05-04,cancel,14.92
1233,2026-06-14,upgrade,16.23
1233,2026-08-21,upgrade,29.69
1233,2026-08-20,feature_use,6.57
1233,2026-04-03,cancel,27.26
1233,2026-04-08,cancel,13.09
1233,2026-05-06,upgrade,13.63
1233,2026-03-25,login,5.28
1233,2026-03-30,login,29.34
1233,2026-06-02,feature_use,24.05
1233,2026-07-05,upgrade,29.39
1233,2026-07-05,feature_use,12.92
1233,2026-06-05,feature_use,16.28
1233,2026-07-22,upgrade,9.84
1233,2026-03-20,upgrade,29.41
1233,2026-06-06,login,26.29
1233,2026-03-27,feature_use,19.26
1233,2026-08-12,feature_use,15.38
1234,2026-08-28,feature_use,17.41
1234,2026-09-12,feature_use,15.87
1234,2026-08-13,login,10.49
1234,2026-04-24,cancel,17.66
1234,2026-07-09,login,20.19
1234,2026-05-01,login,21.02
1234,2026-05-15,cancel,16.02
1234,2026-06-19,login,17.28
1234,2026-06-19,upgrade,20.74
1234,2026-07-05,cancel,21.08
1234,2026-05-06,login,18.92
1234,2026-04-04,login,12.37
1234,2026-07-03,upgrade,21.1
1234,2026-03-19,upgrade,1.51
1234,2026-06-18,login,28.11
1234,2026-04-29,upgrade,4.62
1234,2026-04-15,feature_use,24.51
1234,2026-05-21,feature_use,5.29
1234,2026-08-11,cancel,6.09
1235,2027-01-04,feature_use,21.12
1235,2026-12-11,cancel,19.47
1235,2026-10-18,feature_use,22.0
1235,2026-09-11,upgrade,22.02
1235,2026-11-15,feature_use,9.53
1235,2026-12-07,feature_use,16.59
1235,2026-08-21,upgrade,12.77
1235,2026-11-08,cancel,3.21
1235,2026-09-02,upgrade,29.49
1235,2026-08-29,feature_use,17.43
1235,2026-07-30,upgrade,16.82
1235,2026-12-13,feature_use,27.26
1235,2027-01-08,upgrade,20.97
1235,2026-09-27,cancel,10.7
1236,2026-06-06,cancel,11.77
1236,2026-09-07,feature_use,14.11
1236,2026-07-04,cancel,13.8
1236,2026-06-06,feature_use,17.31
1236,2026-10-16,feature_use,18.25
1236,2026-08-22,login,23.02
1236,2026-11-06,upgrade,6.53
1236,2026-07-08,upgrade,19.35
1236,2026-06-24,login,8.7
1236,2026-10-22,login,14.94
1236,2026-12-01,login,3.35
1236,2026-07-14,cancel,25.46
1236,2026-09-03,upgrade,23.45
1236,2026-06-24,feature_use,27.64
1237,2026-07-12,login,6.92
1237,2026-04-28,feature_use,17.73
1237,2026-08-16,cancel,4.95
1237,2026-04-10,feature_use,25.16
1237,2026-06-10,upgrade,24.03
1237,2026-05-19,cancel,20.96
1237,2026-05-17,feature_use,12.3
1238,2026-05-09,upgrade,7.63
1238,2026-03-28,cancel,5.63
1238,2026-06-12,cancel,16.61
1238,2026-04-09,cancel,20.24
1238,2026-06-06,feature_use,16.5
1238,2026-04-11,cancel,9.81
1238,2026-06-10,cancel,9.91
1238,2026-04-09,upgrade,20.61
1238,2026-04-29,login,17.66
1239,2027-05-04,upgrade,19.34
1239,2027-02-13,cancel,20.36
1239,2027-02-27,login,16.28
1239,2026-12-11,cancel,19.42
1239,2026-12-15,feature_use,20.82
1239,2027-02-08,login,26.22
1239,2027-01-10,feature_use,12.49
1239,2027-02-07,upgrade,9.26
1239,2027-05-22,login,29.84
1239,2027-02-11,upgrade,4.98
1239,2027-03-09,cancel,3.6
1239,2027-02-20,cancel,24.35
1239,2027-01-02,login,1.79
1239,2027-04-24,upgrade,22.65
1239,2027-02-23,feature_use,7.36
1239,2027-02-23,upgrade,13.77
1239,2027-03-25,login,12.07
1239,2027-03-27,upgrade,26.07
1239,2027-04-30,feature_use,22.6
1239,2027-04-10,upgrade,3.85
1240,2027-03-30,login,4.6
1240,2027-01-23,cancel,9.08
1240,2027-03-23,login,28.31
1240,2027-04-09,upgrade,26.78
1240,2027-02-27,upgrade,13.65
1240,2027-01-29,login,24.61
1241,2026-12-09,login,3.76
1241,2026-08-29,cancel,1.56
1241,2026-09-29,feature_use,2.71
1241,2026-07-21,cancel,4.68
1241,2026-11-12,feature_use,26.58
1241,2026-11-27,cancel,14.81
1241,2026-08-26,feature_use,25.91
1241,2026-09-25,login,15.45
1241,2026-12-06,feature_use,17.59
1241,2026-10-22,feature_use,27.81
1241,2026-09-12,feature_use,9.57
1241,2026-10-28,login,24.11
1241,2026-12-27,feature_use,17.12
1241,2026-12-07,cancel,5.68
1241,2026-07-05,upgrade,8.2
1241,2026-07-14,upgrade,27.58
1241,2026-08-30,login,26.25
1242,2026-07-30,upgrade,22.24
1242,2026-10-06,login,1.88
1242,2026-08-15,cancel,20.94
1242,2026-09-02,cancel,8.69
1242,2026-06-01,login,19.46
1242,2026-06-22,login,11.22
1242,2026-09-30,upgrade,8.63
1242,2026-05-23,upgrade,24.46
1242,2026-06-29,feature_use,3.21
1242,2026-08-03,upgrade,6.19
1242,2026-10-02,upgrade,25.48
1242,2026-06-01,upgrade,21.23
1242,2026-08-19,feature_use,20.91
1242,2026-06-08,login,10.45
1242,2026-05-20,feature_use,21.16
1242,2026-07-30,cancel,28.41
1242,2026-05-21,cancel,2.53
1242,2026-06-04,upgrade,19.94
1242,2026-08-08,cancel,16.26
1242,2026-08-24,login,29.89
1242,2026-05-24,cancel,7.16
1242,2026-07-01,upgrade,19.38
1242,2026-05-31,upgrade,14.96
1242,2026-10-03,upgrade,28.79
1242,2026-09-07,login,7.29
1242,2026-06-02,upgrade,25.0
1243,2026-07-05,feature_use,26.73
1243,2026-04-12,feature_use,5.85
1243,2026-07-19,upgrade,15.12
1243,2026-07-28,cancel,23.56
1243,2026-02-18,feature_use,20.04
1243,2026-08-01,upgrade,1.81
1243,2026-06-10,login,16.32
1243,2026-07-12,login,28.66
1243,2026-05-31,login,19.65
1243,2026-06-17,login,24.09
1244,2027-02-13,cancel,12.5
1244,2026-10-01,upgrade,10.1
1244,2027-03-04,cancel,5.14
1244,2027-02-11,feature_use,9.99
1244,2026-12-25,cancel,25.39
1244,2026-12-20,cancel,20.89
1244,2027-02-21,feature_use,12.72
1244,2026-09-27,upgrade,16.31
1244,2026-11-01,upgrade,11.49
1244,2026-09-08,feature_use,24.61
1244,2026-12-27,upgrade,24.3
1244,2026-10-18,upgrade,29.2
1244,2027-01-08,cancel,15.6
1244,2027-01-18,feature_use,20.32
1244,2026-09-10,upgrade,12.04
1244,2026-10-02,feature_use,18.82
1244,2026-10-02,upgrade,11.31
1244,2026-09-14,cancel,12.09
1244,2027-03-03,cancel,12.8
1244,2026-10-12,upgrade,8.34
1244,2026-10-26,feature_use,28.49
1244,2026-10-10,cancel,5.54
1244,2026-12-11,cancel,7.59
1244,2027-02-22,cancel,26.4
1245,2026-08-04,feature_use,6.43
1245,2026-10-11,login,4.83
1245,2026-10-31,login,18.63
1245,2026-11-08,upgrade,7.35
1245,2026-11-21,upgrade,28.74
1245,2026-11-09,cancel,29.07
1245,2026-09-25,login,27.98
1245,2026-08-19,upgrade,20.96
1245,2026-08-04,upgrade,21.39
1245,2026-08-01,upgrade,3.11
1245,2026-10-27,cancel,6.07
1245,2026-10-09,feature_use,28.72
1245,2026-07-19,login,2.89
1245,2026-08-14,upgrade,10.48
1245,2026-07-05,cancel,13.8
1245,2026-07-19,upgrade,16.55
1245,2026-11-11,feature_use,26.83
1245,2026-11-08,feature_use,29.69
1246,2027-01-01,login,1.31
1246,2026-09-09,login,25.2
1246,2026-12-17,login,23.08
1246,2026-10-03,upgrade,12.41
1246,2026-08-30,cancel,25.18
1246,2026-11-15,cancel,7.66
1246,2026-11-02,feature_use,17.62
1246,2026-09-12,feature_use,13.76
1246,2027-02-10,upgrade,15.39
1246,2026-11-08,upgrade,6.05
1246,2026-12-14,cancel,9.69
1246,2027-01-17,cancel,14.24
1246,2026-12-05,cancel,8.13
1246,2027-01-09,upgrade,2.27
1246,2026-09-27,cancel,27.11
1246,2027-01-12,cancel,18.6
1246,2027-01-15,cancel,5.66
1246,2026-09-06,cancel,14.41
1246,2026-11-11,cancel,14.52
1247,2027-01-04,cancel,19.11
1247,2026-10-30,login,7.8
1247,2027-01-25,login,2.72
1247,2027-01-29,cancel,3.92
1247,2027-02-26,cancel,18.98
1247,2027-03-03,cancel,8.72
1247,2027-03-22,upgrade,14.86
1247,2026-12-22,feature_use,26.11
1247,2027-01-22,login,20.31
1247,2027-01-13,cancel,15.41
1247,2027-01-04,upgrade,6.31
1247,2026-12-21,cancel,9.37
1247,2026-12-21,login,15.73
1247,2027-03-21,login,1.88
1247,2026-11-21,cancel,12.78
1247,2027-02-17,cancel,4.29
1247,2027-04-03,feature_use,27.9
1247,2027-01-26,upgrade,28.97
1247,2026-12-21,upgrade,10.46
1247,2027-04-10,login,22.57
1247,2026-12-23,feature_use,20.89
1247,2027-04-14,login,18.1
1247,2026-12-10,login,7.5
1247,2027-04-11,login,10.06
1248,2026-08-14,cancel,13.99
1248,2026-09-29,upgrade,8.46
1248,2026-06-06,login,29.76
1248,2026-09-05,upgrade,21.24
1248,2026-08-07,feature_use,15.53
1248,2026-10-12,cancel,12.66
1248,2026-07-14,login,26.87
1248,2026-08-20,login,17.29
1248,2026-08-26,login,3.36
1248,2026-06-22,cancel,20.8
1248,2026-10-14,cancel,28.15
1248,2026-07-22,feature_use,20.54
1248,2026-08-13,feature_use,22.28
1248,2026-08-29,login,24.41
1248,2026-07-29,feature_use,7.8
1248,2026-09-09,login,3.95
1248,2026-05-25,upgrade,14.95
1248,2026-06-02,login,8.25
1248,2026-10-23,feature_use,18.01
1248,2026-10-21,feature_use,19.46
1248,2026-07-27,cancel,13.0
1248,2026-07-28,feature_use,17.25
1248,2026-07-19,upgrade,16.74
1248,2026-06-06,upgrade,14.08
1248,2026-10-12,upgrade,10.39
1248,2026-10-14,upgrade,4.68
1248,2026-07-30,feature_use,28.18
1249,2027-06-03,upgrade,4.25
1249,2027-02-07,login,16.56
1249,2027-02-03,login,22.27
1249,2027-01-02,upgrade,14.02
1249,2026-12-24,login,12.7
1249,2027-01-23,cancel,10.16
1249,2027-06-11,login,17.02
1249,2027-05-30,cancel,29.0
1249,2027-03-02,login,5.78
1249,2027-01-08,upgrade,6.68
1249,2027-05-19,login,6.24
1249,2027-03-09,feature_use,18.3
1249,2027-01-03,login,2.52
1249,2027-02-05,login,22.1
1249,2027-03-11,feature_use,3.49
1249,2027-04-09,cancel,23.38
1249,2027-02-03,login,3.1
1249,2027-01-01,login,12.99
1249,2027-06-01,feature_use,1.22
1249,2027-02-07,upgrade,18.11
1249,2027-03-11,login,20.36
1249,2027-01-12,feature_use,14.93
1249,2027-01-24,upgrade,8.3
1249,2027-05-08,login,29.54
1249,2027-05-15,feature_use,12.61
1249,2026-12-24,feature_use,14.26
1249,2027-02-15,feature_use,6.09
1249,2027-04-06,feature_use,6.92
1249,2027-05-26,login,3.48
1250,2026-10-02,login,10.98
1250,2026-10-26,feature_use,21.18
1250,2026-12-16,login,25.03
1250,2026-08-22,upgrade,13.81
1250,2026-11-08,cancel,25.94
1250,2026-10-01,upgrade,20.01
1250,2026-07-08,cancel,13.4
1250,2026-09-07,feature_use,1.12
1250,2026-07-22,login,6.44
1250,2026-10-02,feature_use,29.94
1250,2026-08-09,upgrade,11.48
1250,2026-11-05,feature_use,4.66
1250,2026-10-27,cancel,15.36
1250,2026-10-09,upgrade,28.42
1250,2026-11-05,login,21.87
1250,2026-10-12,feature_use,17.39
1250,2026-08-27,cancel,15.29
1251,2027-04-28,feature_use,22.12
1251,2027-04-22,upgrade,7.11
1251,2027-04-23,cancel,26.31
1251,2027-03-30,feature_use,10.26
1251,2027-01-07,feature_use,13.33
1251,2027-05-16,feature_use,1.57
1251,2027-04-19,login,9.09
1251,2027-03-18,feature_use,17.74
1251,2027-01-24,feature_use,23.52
1251,2027-01-06,login,12.23
1252,2026-06-16,cancel,21.05
1252,2026-01-24,login,1.52
1252,2026-05-17,upgrade,9.14
1252,2026-05-14,feature_use,16.61
1252,2026-06-25,upgrade,28.87
1252,2026-06-01,upgrade,28.73
1252,2026-06-21,feature_use,7.74
1252,2026-03-11,feature_use,2.09
1252,2026-02-20,feature_use,5.48
1252,2026-04-03,feature_use,10.44
1252,2026-03-31,feature_use,23.55
1252,2026-01-24,cancel,27.32
1252,2026-05-22,login,10.41
1252,2026-07-08,upgrade,21.77
1252,2026-03-01,login,3.18
1252,2026-04-13,login,18.98
1252,2026-05-09,login,28.26
1252,2026-07-03,cancel,29.44
1252,2026-04-13,login,7.52
1252,2026-01-23,login,13.86
1252,2026-04-25,upgrade,24.49
1252,2026-03-06,feature_use,6.72
1252,2026-01-25,login,7.45
1252,2026-05-26,upgrade,25.48
1252,2026-03-25,cancel,26.33
1252,2026-07-03,login,17.31
1253,2027-03-13,upgrade,3.28
1253,2027-05-11,feature_use,22.97
1253,2026-11-23,upgrade,14.4
1253,2027-04-17,feature_use,23.05
1253,2026-11-27,upgrade,7.9
1253,2026-11-17,login,16.46
1253,2027-03-17,login,20.41
1253,2027-04-19,feature_use,20.78
1253,2027-02-20,login,17.6
1254,2026-08-27,upgrade,26.41
1254,2026-06-04,upgrade,26.04
1254,2026-05-13,cancel,5.49
1254,2026-08-10,feature_use,2.89
1254,2026-09-12,login,29.69
1255,2027-01-30,cancel,3.19
1255,2026-12-17,upgrade,21.7
1255,2026-11-03,login,22.96
1255,2026-11-29,upgrade,7.48
1255,2027-01-18,login,15.66
1255,2026-09-10,cancel,15.94
1255,2026-10-17,login,4.36
1255,2027-01-10,upgrade,27.17
1255,2026-11-12,cancel,6.53
1255,2026-11-11,upgrade,25.54
1255,2026-10-23,cancel,25.03
1255,2026-08-19,feature_use,1.39
1255,2027-01-02,feature_use,1.33
1255,2026-11-23,login,29.26
1255,2027-01-08,feature_use,1.56
1255,2027-01-10,feature_use,10.12
1255,2026-11-17,cancel,6.45
1255,2026-10-04,cancel,5.63
1255,2026-08-31,upgrade,22.66
1255,2026-08-27,login,4.17
1255,2026-11-16,cancel,22.28
1255,2026-08-26,login,13.91
1255,2027-01-09,upgrade,15.81
1255,2026-09-25,login,9.28
1256,2027-03-27,upgrade,28.36
1256,2027-02-07,cancel,10.55
1256,2027-02-22,login,12.24
1256,2026-12-15,login,28.85
1256,2027-03-03,login,22.81
1256,2026-12-27,upgrade,16.5
1256,2027-04-03,upgrade,3.82
1256,2027-02-08,cancel,10.04
1256,2027-04-15,cancel,4.53
1256,2026-12-20,login,20.82
1256,2026-11-22,feature_use,13.46
1257,2026-12-15,feature_use,4.67
1257,2027-01-13,upgrade,23.08
1257,2026-10-21,login,14.48
1257,2027-01-08,login,16.74
1257,2027-03-19,upgrade,14.95
1257,2027-02-24,cancel,10.74
1257,2026-12-26,login,18.09
1257,2026-10-06,feature_use,4.47
1257,2026-11-26,feature_use,18.0
1257,2027-02-02,login,9.36
1257,2026-12-07,login,27.35
1257,2026-10-16,cancel,4.82
1257,2027-01-05,login,20.68
1258,2026-09-18,feature_use,29.8
1258,2027-01-14,upgrade,27.57
1258,2026-07-30,upgrade,28.17
1258,2026-12-24,login,2.46
1258,2026-10-21,upgrade,10.86
1258,2026-10-14,upgrade,5.74
1258,2026-11-26,upgrade,27.5
1258,2026-11-21,upgrade,16.04
1258,2026-12-23,cancel,28.93
1258,2026-12-10,login,21.66
1258,2026-10-29,login,21.81
1258,2026-09-01,login,14.35
1258,2026-11-26,cancel,17.32
1258,2026-08-06,cancel,18.16
1258,2026-12-06,upgrade,29.82
1259,2027-03-03,upgrade,13.58
1259,2027-02-18,feature_use,18.01
1259,2027-01-07,feature_use,25.8
1259,2026-12-19,feature_use,26.28
1259,2027-01-03,upgrade,12.31
1259,2027-01-22,feature_use,29.05
1259,2027-03-21,cancel,13.97
1259,2026-11-18,upgrade,14.28
1260,2027-04-02,login,22.89
1260,2027-01-21,feature_use,27.86
1260,2027-03-13,feature_use,26.37
1260,2026-11-25,upgrade,24.71
1260,2026-12-31,feature_use,21.24
1261,2026-06-24,login,17.29
1261,2026-08-31,feature_use,26.5
1261,2026-09-04,cancel,11.95
1261,2026-08-06,feature_use,15.96
1261,2026-04-03,cancel,22.56
1261,2026-05-24,cancel,6.37
1261,2026-07-06,cancel,11.13
1261,2026-07-10,feature_use,10.34
1261,2026-05-07,feature_use,18.84
1261,2026-05-28,feature_use,11.36
1261,2026-08-16,feature_use,9.62
1261,2026-06-25,upgrade,10.53
1261,2026-05-03,feature_use,27.6
1261,2026-08-26,login,21.3
1262,2026-12-31,login,18.81
1262,2026-12-20,cancel,22.1
1262,2027-04-19,upgrade,24.34
1262,2026-12-08,cancel,21.66
1262,2026-12-09,login,10.74
1262,2027-03-17,feature_use,28.45
1262,2027-02-20,login,21.13
1262,2027-03-08,cancel,7.96
1262,2027-02-25,cancel,11.62
1262,2027-02-12,upgrade,17.1
1262,2027-03-27,feature_use,3.21
1262,2027-02-25,cancel,13.18
1262,2027-03-18,feature_use,9.35
1262,2027-03-21,cancel,10.31
1262,2027-03-08,upgrade,24.94
1263,2026-11-24,feature_use,14.6
1263,2026-07-24,upgrade,1.41
1263,2026-12-17,feature_use,8.92
1263,2026-08-02,login,7.54
1263,2026-10-14,feature_use,10.17
1263,2026-10-20,feature_use,18.46
1263,2026-12-10,upgrade,9.89
1263,2026-09-17,cancel,15.51
1263,2026-09-04,upgrade,8.44
1263,2026-07-11,feature_use,1.83
1263,2026-06-29,cancel,28.1
1264,2027-03-04,feature_use,11.23
1264,2027-04-24,login,19.84
1264,2027-02-10,cancel,27.0
1264,2026-12-07,upgrade,13.51
1264,2026-12-04,feature_use,22.85
1264,2026-11-23,upgrade,10.93
1264,2027-04-18,feature_use,17.94
1264,2027-04-24,feature_use,27.39
1264,2027-03-05,upgrade,5.63
1264,2027-05-08,cancel,12.28
1264,2027-03-07,feature_use,18.08
1264,2026-11-15,cancel,19.41
1264,2027-02-21,upgrade,29.52
1265,2026-12-02,feature_use,13.45
1265,2027-01-28,login,14.95
1265,2026-10-23,feature_use,16.12
1265,2026-09-10,feature_use,19.92
1265,2026-11-02,login,4.42
1265,2026-08-26,cancel,20.85
1266,2026-10-09,upgrade,26.5
1266,2026-08-23,cancel,5.99
1266,2026-10-01,feature_use,15.26
1266,2026-09-27,feature_use,5.47
1266,2026-08-15,upgrade,26.17
1266,2026-07-14,upgrade,4.34
1266,2026-07-10,cancel,24.36
1266,2026-12-12,feature_use,9.21
1266,2026-10-16,upgrade,7.44
1266,2026-07-12,feature_use,15.81
1266,2026-07-27,cancel,23.11
1266,2026-12-11,upgrade,19.36
1266,2026-12-07,login,29.83
1266,2026-10-23,cancel,13.56
1266,2026-07-20,upgrade,26.07
1266,2026-12-18,cancel,9.6
1266,2026-09-28,upgrade,29.19
1266,2026-11-09,cancel,19.26
1266,2026-11-18,login,18.19
1266,2026-08-30,login,4.04
1266,2026-12-02,cancel,22.46
1266,2026-09-08,login,11.13
1266,2026-07-31,upgrade,20.99
1266,2026-07-09,feature_use,11.98
1266,2026-11-24,login,6.03
1267,2026-08-31,feature_use,14.22
1267,2026-09-19,feature_use,10.14
1267,2026-10-05,upgrade,23.83
1267,2026-06-03,feature_use,3.21
1267,2026-08-22,login,24.78
1268,2026-12-28,cancel,15.36
1268,2026-11-05,feature_use,2.04
1268,2026-11-13,cancel,5.5
1268,2026-12-25,feature_use,24.76
1268,2026-08-13,upgrade,4.47
1268,2026-10-26,cancel,27.19
1268,2026-08-21,feature_use,29.09
1268,2026-09-12,login,6.74
1268,2026-12-04,feature_use,10.19
1268,2026-10-01,login,26.52
1268,2026-07-17,feature_use,29.42
1268,2026-07-12,login,13.01
1268,2026-12-17,upgrade,11.16
1268,2026-07-27,login,29.26
1268,2026-09-13,feature_use,23.41
1268,2026-11-23,feature_use,6.95
1268,2026-08-15,feature_use,25.69
1268,2026-11-19,upgrade,13.15
1268,2026-12-08,upgrade,24.55
1268,2026-12-01,feature_use,18.58
1268,2026-10-12,upgrade,23.05
1268,2026-10-03,cancel,20.0
1268,2026-12-21,feature_use,9.89
1268,2026-09-27,feature_use,4.35
1269,2027-02-16,login,22.48
1269,2026-10-05,cancel,19.74
1269,2026-10-26,upgrade,6.28
1269,2026-11-13,cancel,22.5
1269,2027-01-15,feature_use,24.9
1269,2026-10-07,upgrade,2.64
1269,2026-10-04,upgrade,26.31
1269,2027-02-13,feature_use,4.84
1269,2027-02-20,login,10.27
1269,2027-02-16,login,14.75
1269,2026-12-21,login,28.0
1269,2026-09-24,feature_use,10.32
1269,2027-02-24,login,25.32
1269,2027-02-15,upgrade,11.74
1269,2027-03-10,feature_use,18.24
1269,2027-03-15,cancel,1.48
1269,2027-03-18,upgrade,26.97
1269,2026-10-10,login,17.21
1269,2027-03-15,upgrade,28.65
1269,2027-02-20,cancel,1.42
1269,2027-03-19,upgrade,14.83
1269,2026-12-26,login,20.28
1269,2026-12-02,login,5.44
1269,2027-03-02,feature_use,10.49
1269,2027-03-17,cancel,5.4
1269,2027-03-17,feature_use,9.98
1269,2027-01-18,login,29.21
1270,2027-04-05,feature_use,12.07
1270,2027-02-22,feature_use,27.88
1270,2027-03-06,upgrade,16.05
1270,2027-03-15,cancel,8.52
1270,2027-03-07,login,23.67
1270,2026-12-06,feature_use,21.43
1270,2027-04-17,cancel,20.52
1270,2027-04-29,login,10.34
1270,2027-04-14,feature_use,17.23
1271,2026-11-23,feature_use,28.69
1271,2026-06-12,feature_use,20.53
1271,2026-10-18,feature_use,6.67
1271,2026-11-17,feature_use,10.35
1271,2026-09-06,feature_use,28.59
1271,2026-07-28,cancel,25.54
1271,2026-11-16,cancel,22.7
1271,2026-11-09,feature_use,1.41
1271,2026-08-28,login,21.98
1272,2026-09-23,login,12.24
1272,2026-09-18,cancel,24.14
1272,2026-09-19,feature_use,15.24
1272,2026-07-08,upgrade,27.14
1272,2026-08-27,feature_use,4.77
1272,2026-05-03,login,10.94
1272,2026-04-11,feature_use,13.5
1272,2026-04-26,upgrade,18.87
1272,2026-06-10,cancel,12.92
1272,2026-06-09,login,23.89
1272,2026-09-28,cancel,24.97
1272,2026-08-07,upgrade,14.49
1272,2026-04-15,login,20.52
1272,2026-04-03,cancel,17.14
1272,2026-05-01,login,29.23
1272,2026-07-13,login,18.18
1272,2026-09-07,cancel,11.85
1272,2026-04-11,upgrade,2.45
1272,2026-09-29,feature_use,10.45
1272,2026-06-18,cancel,14.88
1272,2026-07-12,upgrade,11.28
1272,2026-07-27,login,20.7
1272,2026-08-28,upgrade,22.48
1272,2026-07-19,cancel,7.61
1272,2026-09-01,cancel,26.28
1272,2026-05-16,upgrade,9.21
1272,2026-09-03,upgrade,9.33
1272,2026-06-17,cancel,13.12
1272,2026-07-02,login,20.71
1273,2026-05-09,cancel,21.14
1273,2026-07-19,feature_use,28.8
1273,2026-06-23,upgrade,15.17
1273,2026-07-04,feature_use,15.19
1273,2026-08-06,login,7.08
1273,2026-08-16,cancel,21.18
1273,2026-08-06,login,6.14
1273,2026-07-01,cancel,22.67
1273,2026-05-14,feature_use,12.37
1274,2027-03-04,upgrade,9.69
1274,2027-04-10,upgrade,21.96
1274,2027-04-05,cancel,14.22
1274,2027-04-17,upgrade,21.8
1274,2027-01-01,cancel,17.83
1274,2027-02-24,login,4.39
1274,2027-03-05,login,21.15
1274,2027-01-26,feature_use,2.1
1274,2027-02-13,feature_use,14.01
1274,2027-04-30,cancel,27.93
1274,2027-04-09,cancel,4.89
1274,2027-01-12,upgrade,25.21
1274,2027-03-18,cancel,22.95
1274,2027-05-18,feature_use,5.62
1274,2027-02-02,feature_use,7.91
1274,2027-06-05,login,17.59
1274,2027-02-10,cancel,26.68
1274,2027-04-14,upgrade,11.03
1274,2027-01-04,login,27.97
1274,2027-03-08,cancel,18.7
1275,2026-10-15,login,22.25
1275,2026-10-22,feature_use,5.85
1275,2026-12-05,cancel,24.1
1275,2026-12-08,login,5.98
1275,2027-02-14,feature_use,22.89
1275,2027-01-21,login,27.08
1275,2026-09-03,upgrade,18.73
1275,2027-01-28,upgrade,6.76
1275,2027-01-19,login,5.56
1275,2027-01-28,upgrade,17.17
1275,2026-12-08,login,12.06
1275,2026-11-04,feature_use,17.36
1275,2026-11-29,feature_use,27.8
1275,2026-11-22,cancel,7.86
1276,2026-01-27,upgrade,27.07
1276,2026-01-17,login,5.9
1276,2026-01-25,upgrade,6.44
1276,2026-05-26,feature_use,13.28
1276,2026-03-12,login,27.42
1276,2026-01-19,cancel,7.16
1276,2026-05-06,feature_use,22.42
1276,2026-06-27,feature_use,2.68
1276,2026-05-27,feature_use,15.59
1276,2026-05-03,cancel,15.98
1276,2026-05-03,upgrade,4.94
1276,2026-01-14,upgrade,7.65
1276,2026-01-28,login,8.45
1276,2026-02-15,login,6.73
1276,2026-06-26,cancel,29.75
1276,2026-05-05,upgrade,4.82
1276,2026-05-29,upgrade,29.42
1277,2026-05-11,login,25.79
1277,2026-08-14,login,9.65
1277,2026-06-25,feature_use,26.9
1277,2026-08-19,upgrade,12.69
1277,2026-07-12,feature_use,8.11
1277,2026-09-05,login,3.5
1277,2026-06-17,cancel,6.13
1277,2026-07-31,feature_use,1.21
1277,2026-10-09,feature_use,10.64
1278,2026-09-28,feature_use,22.98
1278,2026-07-16,login,6.84
1278,2026-06-17,feature_use,15.43
1278,2026-10-26,feature_use,1.67
1278,2026-10-16,upgrade,2.49
1278,2026-07-12,upgrade,10.7
1278,2026-05-24,cancel,28.23
1278,2026-11-04,login,6.19
1278,2026-07-16,upgrade,20.83
1278,2026-09-22,upgrade,24.71
1278,2026-06-29,upgrade,9.47
1279,2026-09-10,upgrade,9.03
1279,2026-09-29,login,14.67
1279,2026-11-07,upgrade,9.82
1279,2026-07-20,feature_use,1.86
1279,2026-07-09,upgrade,27.8
1279,2026-08-09,login,10.88
1279,2026-10-01,feature_use,20.56
1279,2026-09-22,login,6.38
1279,2026-09-05,feature_use,8.86
1279,2026-05-29,login,23.41
1279,2026-11-01,login,16.98
1279,2026-06-28,upgrade,1.28
1279,2026-05-29,feature_use,2.55
1279,2026-06-15,cancel,8.9
1279,2026-06-16,cancel,3.21
1280,2026-07-07,feature_use,17.83
1280,2026-09-20,upgrade,21.25
1280,2026-08-13,feature_use,18.21
1280,2026-08-12,feature_use,16.75
1280,2026-08-12,cancel,19.32
1280,2026-10-05,feature_use,15.91
1280,2026-06-11,login,23.52
1280,2026-11-02,cancel,1.88
1280,2026-08-09,feature_use,13.92
1280,2026-11-01,feature_use,9.22
1280,2026-08-01,upgrade,20.79
1280,2026-08-16,login,5.89
1280,2026-08-11,feature_use,22.71
1281,2026-09-11,login,3.15
1281,2026-06-04,login,29.65
1281,2026-07-17,upgrade,16.1
1281,2026-09-03,login,29.27
1281,2026-09-30,upgrade,10.33
1281,2026-07-23,login,28.05
1281,2026-06-10,feature_use,6.84
1281,2026-04-28,cancel,20.39
1281,2026-07-07,cancel,17.25
1281,2026-06-25,login,23.41
1281,2026-08-24,feature_use,14.65
1281,2026-09-16,login,23.48
1281,2026-07-03,feature_use,4.75
1281,2026-06-25,cancel,10.17
1281,2026-07-23,feature_use,5.76
1281,2026-08-29,feature_use,14.29
1281,2026-07-27,upgrade,19.16
1281,2026-09-12,upgrade,4.37
1281,2026-09-29,feature_use,16.21
1281,2026-08-28,feature_use,2.14
1281,2026-10-07,cancel,3.35
1281,2026-09-23,login,14.05
1281,2026-08-28,upgrade,15.02
1281,2026-10-19,feature_use,17.45
1281,2026-09-24,feature_use,6.6
1282,2026-03-29,upgrade,8.89
1282,2026-07-27,cancel,1.4
1282,2026-05-06,feature_use,16.03
1282,2026-07-11,login,23.92
1282,2026-02-22,feature_use,28.78
1282,2026-03-18,login,22.9
1282,2026-07-13,login,10.65
1282,2026-02-24,login,21.04
1282,2026-06-02,cancel,13.48
1282,2026-07-27,login,16.63
1282,2026-05-07,cancel,7.59
1282,2026-04-01,login,17.19
1282,2026-06-18,feature_use,27.06
1282,2026-02-28,login,27.01
1283,2026-11-22,cancel,29.82
1283,2026-12-03,cancel,17.26
1283,2026-12-31,login,12.92
1283,2026-11-04,feature_use,27.67
1283,2027-03-14,cancel,28.75
1283,2026-12-19,feature_use,18.98
1283,2027-02-07,login,3.55
1283,2026-11-19,cancel,11.01
1283,2026-11-26,login,17.43
1283,2026-10-16,login,8.66
1283,2027-03-15,cancel,15.9
1283,2026-11-10,feature_use,14.27
1284,2026-09-14,login,4.54
1284,2026-08-22,upgrade,4.01
1284,2026-03-29,cancel,3.52
1284,2026-09-17,upgrade,5.0
1284,2026-09-16,upgrade,1.42
1284,2026-07-23,feature_use,22.16
1284,2026-05-14,upgrade,18.11
1284,2026-09-02,login,23.93
1284,2026-05-10,login,20.71
1284,2026-06-20,feature_use,21.31
1284,2026-08-09,feature_use,5.46
1284,2026-05-25,upgrade,10.64
1284,2026-07-03,cancel,8.87
1284,2026-07-05,upgrade,4.79
1284,2026-07-10,login,16.51
1284,2026-08-03,feature_use,8.04
1284,2026-08-03,cancel,27.85
1284,2026-07-21,upgrade,14.44
1284,2026-07-11,cancel,11.21
1284,2026-04-12,feature_use,19.33
1284,2026-06-13,login,12.52
1284,2026-04-24,login,17.63
1285,2026-11-30,cancel,19.54
1285,2026-09-30,feature_use,11.43
1285,2026-08-14,upgrade,2.71
1285,2026-07-27,feature_use,27.26
1285,2026-08-06,upgrade,14.6
1285,2026-08-21,feature_use,12.69
1285,2026-12-31,cancel,22.35
1286,2026-11-23,login,10.76
1286,2027-05-05,feature_use,12.66
1286,2027-01-05,login,13.73
1286,2027-05-07,feature_use,5.59
1286,2027-03-26,feature_use,12.1
1286,2027-01-08,feature_use,5.61
1286,2027-02-09,login,18.26
1286,2026-12-07,upgrade,29.46
1287,2026-09-01,cancel,2.75
1287,2026-11-22,login,29.53
1287,2026-09-20,upgrade,23.73
1287,2026-12-09,feature_use,23.56
1287,2026-10-18,upgrade,18.54
1287,2026-10-18,login,25.49
1287,2026-10-13,feature_use,19.63
1287,2026-11-08,login,20.4
1287,2026-10-24,feature_use,26.89
1287,2026-09-11,upgrade,6.74
1287,2026-09-02,upgrade,19.66
1287,2026-12-08,cancel,21.87
1287,2026-07-16,upgrade,22.66
1287,2026-11-27,feature_use,18.73
1287,2026-09-17,upgrade,12.27
1287,2026-09-01,login,7.45
1287,2026-07-04,login,29.34
1287,2026-09-28,feature_use,27.92
1287,2026-12-03,feature_use,16.88
1287,2026-09-22,login,16.0
1287,2026-08-04,cancel,18.24
1287,2026-11-20,cancel,27.54
1287,2026-07-22,feature_use,27.26
1287,2026-11-06,upgrade,9.73
1287,2026-10-30,upgrade,22.98
1287,2026-07-11,cancel,16.5
1287,2026-10-20,cancel,4.88
1287,2026-07-06,login,28.09
1288,2026-10-23,feature_use,10.88
1288,2026-11-16,feature_use,27.92
1288,2026-11-08,cancel,22.76
1288,2026-08-24,login,17.31
1288,2026-11-16,cancel,7.73
1289,2026-12-24,login,22.32
1289,2026-11-19,login,14.99
1289,2026-12-09,cancel,15.24
1289,2026-12-22,cancel,22.9
1289,2027-02-22,upgrade,4.94
1289,2026-11-30,cancel,3.06
1289,2026-09-28,upgrade,11.95
1289,2027-01-21,cancel,17.98
1289,2027-01-10,cancel,20.35
1289,2026-09-30,upgrade,29.14
1289,2026-12-06,cancel,6.83
1289,2026-10-17,cancel,5.26
1289,2026-12-16,feature_use,8.57
1289,2026-11-24,feature_use,25.02
1289,2026-10-31,cancel,4.13
1289,2026-09-26,cancel,4.28
1289,2026-11-22,feature_use,19.73
1289,2026-11-01,upgrade,1.84
1289,2026-09-08,upgrade,16.06
1289,2027-01-23,upgrade,7.1
1289,2026-11-20,feature_use,7.78
1289,2026-12-16,upgrade,10.06
1289,2026-12-11,login,9.69
1289,2026-09-03,feature_use,4.91
1289,2026-11-29,cancel,8.34
1289,2026-10-04,login,22.31
1289,2026-10-02,upgrade,13.14
1290,2027-05-14,login,29.04
1290,2027-04-27,feature_use,29.12
1290,2027-03-09,upgrade,20.67
1290,2027-03-05,upgrade,20.23
1290,2027-04-15,cancel,25.65
1290,2027-06-17,cancel,27.59
1290,2027-05-20,login,18.85
1290,2027-05-12,cancel,23.61
1290,2027-03-29,upgrade,24.84
1290,2027-02-06,feature_use,27.66
1290,2026-12-29,feature_use,21.37
1290,2027-03-08,cancel,28.0
1290,2027-04-24,login,15.83
1290,2027-04-26,login,18.38
1290,2027-04-12,cancel,9.89
1290,2027-05-28,cancel,19.15
1290,2027-06-17,upgrade,12.85
1290,2027-04-04,cancel,28.26
1290,2027-02-11,feature_use,9.55
1290,2026-12-23,cancel,21.56
1290,2027-04-01,feature_use,17.23
1290,2027-01-08,feature_use,5.38
1290,2027-02-27,cancel,22.72
1290,2027-02-18,upgrade,28.79
1290,2027-02-02,feature_use,26.73
1290,2027-04-16,cancel,6.35
1290,2027-04-24,feature_use,8.96
1291,2026-12-02,feature_use,26.43
1291,2026-12-15,upgrade,8.2
1291,2027-03-24,upgrade,29.3
1291,2027-03-26,upgrade,14.65
1291,2027-04-09,cancel,13.18
1291,2027-02-15,upgrade,6.18
1292,2026-05-11,cancel,13.47
1292,2026-07-31,upgrade,12.3
1292,2026-10-10,upgrade,8.45
1292,2026-05-13,feature_use,16.66
1292,2026-06-25,cancel,17.07
1293,2026-07-22,feature_use,2.63
1293,2026-09-22,upgrade,6.62
1293,2026-07-08,upgrade,9.25
1293,2026-05-25,login,24.46
1293,2026-10-18,feature_use,13.2
1293,2026-10-16,login,22.89
1293,2026-07-24,login,6.46
1293,2026-07-21,feature_use,6.24
1293,2026-09-29,upgrade,20.29
1293,2026-10-02,login,29.94
1293,2026-11-13,feature_use,1.01
1293,2026-09-07,cancel,28.27
1293,2026-09-09,cancel,5.58
1293,2026-06-29,feature_use,3.63
1293,2026-11-14,feature_use,26.74
1293,2026-08-03,login,13.26
1293,2026-09-19,cancel,5.63
1293,2026-10-01,upgrade,9.62
1293,2026-11-07,upgrade,15.21
1293,2026-11-18,feature_use,2.85
1293,2026-05-31,feature_use,2.8
1293,2026-07-30,upgrade,24.57
1294,2026-09-04,feature_use,24.64
1294,2026-09-10,feature_use,24.64
1294,2026-07-18,login,9.17
1294,2026-06-10,feature_use,28.08
1294,2026-08-06,upgrade,23.28
1294,2026-07-21,upgrade,11.45
1294,2026-09-08,upgrade,22.14
1294,2026-05-26,cancel,14.25
1294,2026-04-26,upgrade,8.84
1294,2026-08-15,cancel,26.54
1294,2026-07-15,upgrade,6.21
1294,2026-04-27,feature_use,19.09
1294,2026-06-13,feature_use,15.39
1294,2026-06-03,upgrade,25.9
1295,2027-03-12,cancel,15.65
1295,2027-02-20,feature_use,28.55
1295,2027-03-26,cancel,5.04
1295,2027-02-05,feature_use,12.92
1295,2027-05-01,cancel,20.12
1295,2027-02-28,feature_use,12.48
1295,2027-02-16,upgrade,29.94
1295,2027-05-22,upgrade,5.21
1295,2027-04-04,feature_use,7.75
1295,2027-04-25,upgrade,9.32
1295,2027-01-07,login,27.1
1295,2027-04-28,upgrade,6.76
1295,2027-02-05,upgrade,25.09
1295,2027-04-26,login,6.35
1295,2026-12-19,upgrade,11.53
1295,2026-12-20,login,26.51
1295,2026-12-31,login,17.22
1295,2027-01-09,feature_use,23.16
1295,2027-04-03,login,6.41
1296,2026-06-22,upgrade,6.73
1296,2026-05-06,cancel,15.59
1296,2026-05-18,login,4.41
1296,2026-03-11,login,6.41
1296,2026-02-01,cancel,12.3
1296,2026-02-13,login,1.77
1296,2026-02-15,cancel,28.66
1296,2026-02-01,cancel,16.76
1296,2026-01-29,upgrade,21.77
1296,2026-02-23,feature_use,3.92
1296,2026-01-27,feature_use,20.18
1296,2026-06-27,login,5.69
1296,2026-03-25,feature_use,8.85
1296,2026-04-13,upgrade,11.77
1296,2026-02-09,feature_use,9.69
1296,2026-02-10,feature_use,1.19
1296,2026-04-27,upgrade,13.32
1296,2026-04-11,feature_use,21.21
1296,2026-06-27,feature_use,24.71
1296,2026-06-10,login,10.8
1296,2026-04-23,cancel,3.49
1296,2026-06-21,feature_use,11.24
1296,2026-03-21,cancel,17.35
1296,2026-05-13,feature_use,16.21
1296,2026-04-29,upgrade,14.55
1296,2026-07-07,login,1.95
1297,2026-11-20,login,5.29
1297,2026-10-30,cancel,17.7
1297,2027-01-06,cancel,2.13
1297,2026-11-19,upgrade,27.9
1297,2026-10-16,login,15.86
1297,2026-09-07,feature_use,1.21
1297,2026-09-24,cancel,4.79
1297,2026-12-10,login,28.39
1298,2027-04-30,feature_use,24.91
1298,2027-04-19,upgrade,8.29
1298,2027-05-12,upgrade,21.03
1298,2027-02-13,upgrade,25.38
1298,2027-03-19,login,26.56
1298,2027-02-04,cancel,29.14
1298,2027-01-11,upgrade,17.43
1298,2027-02-24,upgrade,8.12
1298,2027-02-26,upgrade,14.06
1298,2026-12-30,feature_use,9.95
1298,2027-05-17,login,27.44
1298,2027-04-15,upgrade,15.36
1298,2027-02-28,feature_use,12.14
1299,2026-02-04,login,4.29
1299,2026-02-27,cancel,14.63
1299,2026-06-18,feature_use,5.78
1299,2026-03-24,upgrade,28.38
1299,2026-04-27,cancel,15.12
1299,2026-04-09,upgrade,4.79
1299,2026-03-25,login,21.75
1300,2026-06-06,upgrade,1.23
1300,2026-05-09,feature_use,28.95
1300,2026-07-19,upgrade,25.28
1300,2026-04-23,login,26.79
1300,2026-04-28,upgrade,2.05
1300,2026-07-23,cancel,3.1
1300,2026-08-12,login,11.81
1300,2026-05-26,upgrade,2.66
1300,2026-06-27,cancel,14.17
1300,2026-06-16,cancel,15.11
1300,2026-04-23,upgrade,21.17
1300,2026-04-15,upgrade,1.83
1300,2026-09-28,cancel,13.6
1300,2026-09-14,cancel,7.58
1300,2026-07-15,feature_use,5.82
1300,2026-04-18,login,11.23
1300,2026-06-19,feature_use,16.32
1300,2026-05-06,feature_use,28.64
1300,2026-04-16,login,19.69
1300,2026-05-20,upgrade,18.04
1300,2026-05-05,login,23.66
1300,2026-08-15,upgrade,4.65
1300,2026-05-30,cancel,4.0
1300,2026-04-20,cancel,10.11
1300,2026-05-04,login,21.68
1300,2026-07-29,upgrade,16.9
1300,2026-05-15,upgrade,26.79
1301,2026-08-01,cancel,26.92
1301,2026-07-13,feature_use,18.25
1301,2026-08-13,cancel,22.72
1301,2026-05-17,feature_use,21.68
1301,2026-04-03,cancel,5.76
1301,2026-07-31,login,18.37
1302,2026-07-11,login,6.47
1302,2026-07-13,feature_use,24.68
1302,2026-05-01,login,13.92
1302,2026-04-14,feature_use,10.22
1302,2026-06-22,cancel,10.52
1302,2026-04-01,login,1.86
1302,2026-05-31,login,3.88
1302,2026-08-12,cancel,5.23
1302,2026-09-12,feature_use,29.52
1302,2026-04-13,feature_use,29.83
1302,2026-04-20,cancel,6.62
1302,2026-04-25,login,2.75
1303,2027-01-24,upgrade,9.51
1303,2026-09-23,upgrade,3.08
1303,2026-10-27,upgrade,12.63
1303,2027-01-26,login,11.62
1303,2026-10-19,feature_use,2.53
1303,2026-11-23,upgrade,14.26
1303,2026-12-20,upgrade,26.59
1303,2026-10-01,upgrade,21.3
1303,2026-09-08,login,9.34
1303,2026-11-06,upgrade,26.61
1303,2026-12-09,cancel,16.73
1303,2027-01-23,cancel,16.89
1303,2026-12-22,cancel,5.31
1303,2026-08-27,cancel,25.05
1303,2026-12-08,upgrade,9.52
1303,2026-09-14,login,17.28
1303,2026-10-31,cancel,29.81
1303,2027-02-02,login,21.99
1303,2026-11-06,login,26.36
1303,2026-12-10,feature_use,21.76
1303,2027-01-24,login,26.26
1303,2026-10-17,cancel,22.14
1303,2026-10-31,cancel,24.01
1303,2026-11-01,upgrade,10.74
1303,2026-09-14,upgrade,23.58
1303,2026-12-14,upgrade,16.18
1304,2026-06-29,feature_use,28.92
1304,2026-08-16,upgrade,1.04
1304,2026-07-03,upgrade,5.21
1304,2026-07-18,cancel,29.68
1304,2026-07-28,upgrade,24.32
1304,2026-07-03,cancel,27.52
1304,2026-06-07,login,2.89
1304,2026-06-29,upgrade,24.08
1304,2026-07-26,cancel,25.65
1304,2026-07-11,upgrade,7.44
1304,2026-08-10,upgrade,14.96
1304,2026-08-13,login,16.78
1304,2026-04-14,cancel,20.88
1304,2026-06-25,upgrade,20.57
1304,2026-06-05,feature_use,6.01
1304,2026-03-26,login,27.0
1304,2026-08-15,cancel,26.74
1304,2026-03-21,login,26.48
1304,2026-07-26,upgrade,19.49
1304,2026-04-03,feature_use,29.6
1304,2026-04-06,cancel,19.93
1304,2026-04-24,feature_use,9.81
1304,2026-08-22,feature_use,9.82
1304,2026-07-08,cancel,29.2
1304,2026-05-03,cancel,26.34
1304,2026-07-11,upgrade,12.79
1305,2026-06-24,feature_use,7.87
1305,2026-10-15,feature_use,3.67
1305,2026-11-03,feature_use,15.46
1305,2026-11-24,feature_use,24.42
1305,2026-09-08,cancel,27.78
1305,2026-11-19,cancel,14.17
1305,2026-08-02,cancel,17.96
1305,2026-08-18,login,11.73
1305,2026-10-10,feature_use,8.47
1305,2026-07-18,upgrade,2.1
1305,2026-12-10,cancel,11.95
1305,2026-10-20,cancel,3.89
1305,2026-11-03,login,8.0
1305,2026-11-22,feature_use,7.52
1305,2026-06-24,cancel,21.85
1305,2026-11-10,login,21.91
1305,2026-09-30,cancel,13.92
1305,2026-07-02,cancel,6.21
1305,2026-07-28,upgrade,19.1
1305,2026-11-26,feature_use,20.98
1305,2026-08-21,upgrade,15.35
1305,2026-12-07,login,12.34
1305,2026-10-18,feature_use,8.16
1305,2026-11-27,upgrade,12.05
1306,2026-08-16,feature_use,14.89
1306,2026-07-24,feature_use,8.04
1306,2026-09-09,cancel,18.76
1306,2026-07-29,login,16.88
1306,2026-09-16,feature_use,20.24
1306,2026-09-28,cancel,15.42
1306,2026-09-06,cancel,19.74
1306,2026-07-15,upgrade,6.96
1306,2026-07-11,feature_use,27.35
1306,2026-08-02,cancel,1.33
1306,2026-06-30,login,21.32
1306,2026-10-28,login,16.37
1306,2026-08-10,cancel,26.17
1306,2026-07-01,login,2.63
1306,2026-11-25,upgrade,9.33
1306,2026-09-25,feature_use,22.09
1306,2026-09-28,upgrade,4.33
1306,2026-11-23,upgrade,9.45
1306,2026-07-07,cancel,13.9
1306,2026-10-02,upgrade,29.15
1306,2026-08-02,cancel,19.2
1306,2026-08-15,cancel,7.79
1306,2026-07-04,feature_use,13.04
1306,2026-10-31,feature_use,19.98
1306,2026-09-17,login,27.43
1306,2026-07-16,login,21.17
1306,2026-06-27,upgrade,26.87
1307,2026-10-24,feature_use,2.31
1307,2026-11-04,cancel,22.26
1307,2026-07-12,login,2.01
1307,2026-06-23,feature_use,19.82
1307,2026-09-23,login,16.96
1307,2026-06-10,cancel,2.01
1307,2026-09-19,feature_use,3.29
1307,2026-10-12,login,15.47
1307,2026-07-20,cancel,18.23
1307,2026-08-15,login,10.89
1307,2026-08-10,cancel,16.85
1307,2026-06-16,feature_use,9.99
1307,2026-07-30,cancel,29.41
1307,2026-11-10,feature_use,9.21
1307,2026-11-18,login,4.65
1307,2026-06-30,feature_use,19.66
1307,2026-07-24,cancel,17.41
1307,2026-10-26,login,6.14
1308,2026-05-21,cancel,7.3
1308,2026-02-17,login,11.22
1308,2026-05-03,upgrade,5.53
1308,2026-06-04,login,21.37
1308,2026-07-26,feature_use,4.94
1308,2026-06-02,cancel,28.14
1308,2026-05-10,upgrade,13.94
1308,2026-04-29,login,25.65
1308,2026-06-23,cancel,29.9
1308,2026-06-05,login,8.58
1308,2026-05-05,upgrade,10.76
1308,2026-03-10,feature_use,20.97
1308,2026-04-01,feature_use,7.74
1308,2026-03-08,upgrade,3.56
1309,2026-08-22,login,10.62
1309,2026-08-14,login,3.97
1309,2026-09-04,upgrade,15.82
1309,2026-10-11,cancel,29.13
1309,2026-10-25,feature_use,19.67
1309,2026-06-05,cancel,17.59
1309,2026-07-27,login,6.3
1309,2026-08-18,feature_use,27.22
1309,2026-07-04,feature_use,10.17
1309,2026-07-22,login,2.77
1309,2026-10-05,upgrade,7.84
1309,2026-09-18,cancel,25.62
1309,2026-09-18,upgrade,24.25
1309,2026-09-02,upgrade,14.69
1309,2026-11-08,feature_use,27.15
1309,2026-07-02,login,8.62
1310,2027-01-02,cancel,14.57
1310,2026-08-07,feature_use,23.36
1310,2026-09-13,feature_use,10.69
1310,2026-11-05,login,29.07
1310,2026-09-19,login,15.02
1310,2026-07-19,login,11.04
1310,2026-10-26,cancel,7.64
1310,2026-08-06,login,26.35
1310,2026-08-28,upgrade,6.52
1310,2026-11-08,login,22.0
1310,2026-09-23,upgrade,28.03
1310,2026-07-10,feature_use,15.81
1310,2026-09-13,cancel,15.0
1310,2026-12-29,cancel,17.64
1310,2026-10-29,login,7.93
1310,2026-09-03,cancel,2.87
1310,2026-08-11,login,9.12
1310,2026-10-29,login,25.58
1310,2026-09-24,cancel,13.81
1310,2026-11-01,cancel,2.65
1310,2026-08-31,feature_use,3.29
1311,2027-02-04,cancel,23.1
1311,2027-02-10,feature_use,17.38
1311,2026-10-07,cancel,5.76
1311,2026-11-07,login,14.1
1311,2027-02-28,login,6.27
1311,2027-01-03,feature_use,12.04
1311,2026-12-10,feature_use,29.46
1311,2026-10-04,upgrade,17.33
1311,2026-12-30,cancel,8.47
1311,2027-02-25,cancel,3.0
1311,2026-12-07,feature_use,13.84
1311,2026-10-07,cancel,7.53
1311,2026-11-03,feature_use,6.31
1311,2026-10-09,upgrade,13.72
1311,2027-01-14,feature_use,12.59
1311,2026-10-27,feature_use,26.76
1311,2026-12-14,upgrade,21.09
1311,2027-01-18,login,18.34
1311,2026-12-20,cancel,28.95
1311,2027-01-30,cancel,17.38
1312,2026-06-25,cancel,12.74
1312,2026-07-21,upgrade,12.9
1312,2026-07-12,cancel,13.7
1312,2026-07-31,feature_use,1.41
1312,2026-06-30,feature_use,17.04
1312,2026-10-06,login,13.07
1312,2026-07-29,cancel,20.64
1312,2026-08-18,feature_use,7.05
1312,2026-06-28,upgrade,1.33
1312,2026-07-30,cancel,7.02
1312,2026-07-09,feature_use,13.32
1312,2026-09-22,upgrade,29.86
1312,2026-07-03,cancel,17.79
1312,2026-07-16,cancel,29.62
1312,2026-07-21,feature_use,26.52
1312,2026-10-11,login,28.56
1312,2026-07-22,feature_use,23.73
1312,2026-07-22,feature_use,4.62
1312,2026-07-10,login,6.9
1312,2026-07-19,feature_use,17.88
1312,2026-07-21,feature_use,3.35
1312,2026-08-30,feature_use,28.81
1312,2026-10-16,feature_use,4.63
1312,2026-05-07,cancel,29.4
1312,2026-08-01,login,1.14
1312,2026-05-17,cancel,1.64
1313,2026-06-30,cancel,17.11
1313,2026-08-23,cancel,2.44
1313,2026-04-08,upgrade,6.08
1313,2026-05-15,cancel,21.67
1313,2026-05-05,login,29.16
1313,2026-07-11,feature_use,27.39
1313,2026-07-15,login,28.28
1313,2026-04-06,login,23.14
1313,2026-08-11,feature_use,5.42
1313,2026-08-09,upgrade,16.52
1314,2027-05-06,cancel,11.64
1314,2027-03-25,feature_use,12.17
1314,2027-02-04,cancel,5.23
1314,2027-03-05,feature_use,12.39
1314,2027-03-22,upgrade,8.43
1314,2027-02-17,cancel,29.97
1314,2027-01-17,login,16.49
1314,2027-03-17,upgrade,10.07
1314,2027-03-03,feature_use,9.75
1315,2027-01-03,login,4.34
1315,2026-10-18,upgrade,11.29
1315,2026-10-23,upgrade,29.02
1315,2026-11-22,login,23.98
1315,2027-01-14,login,13.01
1315,2027-01-01,upgrade,14.49
1315,2026-09-13,login,20.84
1315,2026-09-10,login,11.51
1315,2026-10-19,feature_use,4.2
1315,2026-09-26,upgrade,29.12
1315,2026-08-20,upgrade,9.62
1315,2026-08-25,cancel,18.72
1315,2027-01-08,cancel,8.54
1315,2026-12-22,upgrade,14.17
1315,2027-01-05,cancel,19.22
1315,2027-01-05,cancel,13.24
1315,2026-07-30,cancel,14.59
1315,2026-09-07,upgrade,14.74
1315,2026-11-26,cancel,13.18
1315,2026-12-18,upgrade,4.47
1315,2026-09-02,feature_use,11.25
1315,2026-11-12,login,16.24
1315,2026-11-12,upgrade,29.96
1315,2026-11-30,upgrade,26.77
1315,2026-10-23,cancel,18.57
1315,2026-08-14,cancel,6.22
1316,2026-11-06,login,27.21
1316,2026-10-23,cancel,21.9
1316,2026-12-02,cancel,1.19
1316,2026-11-05,cancel,5.68
1316,2026-08-22,upgrade,27.49
1316,2026-09-15,upgrade,3.27
1316,2026-08-17,login,11.79
1317,2027-04-16,login,27.05
1317,2026-12-25,login,6.16
1317,2026-12-15,upgrade,24.3
1317,2027-04-06,login,29.96
1317,2027-03-31,cancel,19.78
1318,2026-09-18,login,24.43
1318,2026-10-05,upgrade,19.91
1318,2026-08-16,login,8.08
1318,2026-07-13,login,21.51
1318,2026-11-09,login,29.22
1318,2026-07-06,login,23.2
1318,2026-09-29,cancel,8.6
1318,2026-07-08,login,15.48
1318,2026-11-27,cancel,19.3
1318,2026-07-02,upgrade,12.0
1318,2026-12-14,upgrade,14.21
1318,2026-10-25,upgrade,21.32
1318,2026-08-12,upgrade,6.64
1318,2026-08-27,feature_use,4.18
1318,2026-08-07,upgrade,26.85
1318,2026-10-25,upgrade,22.36
1319,2026-04-03,upgrade,5.99
1319,2026-06-26,feature_use,21.58
1319,2026-05-31,upgrade,11.82
1319,2026-04-12,login,25.5
1319,2026-03-18,login,17.09
1319,2026-05-23,login,29.95
1319,2026-07-22,cancel,16.86
1319,2026-06-19,login,19.63
1319,2026-08-20,cancel,9.49
1319,2026-03-27,login,7.64
1319,2026-06-11,cancel,9.61
1319,2026-08-17,cancel,27.02
1319,2026-06-14,login,22.39
1319,2026-07-16,cancel,12.29
1319,2026-04-26,upgrade,27.0
1319,2026-07-25,login,26.53
1319,2026-08-07,upgrade,17.36
1319,2026-06-01,login,17.44
1319,2026-09-02,upgrade,28.74
1319,2026-05-17,cancel,1.26
1319,2026-07-28,cancel,2.22
1319,2026-08-01,login,16.96
1319,2026-07-28,cancel,17.31
1319,2026-03-17,cancel,24.68
1319,2026-08-09,cancel,20.45
1320,2026-06-23,cancel,2.62
1320,2026-07-01,upgrade,2.03
1320,2026-03-26,feature_use,25.7
1320,2026-02-24,cancel,16.4
1320,2026-02-11,feature_use,14.3
1320,2026-01-24,cancel,10.21
1320,2026-05-22,login,28.81
1320,2026-05-21,login,6.82
1320,2026-06-03,login,18.83
1320,2026-03-12,feature_use,9.68
1320,2026-03-28,cancel,21.97
1320,2026-05-26,login,2.72
1320,2026-02-02,feature_use,24.56
1320,2026-03-20,cancel,16.15
1320,2026-01-24,feature_use,15.42
1320,2026-02-06,upgrade,5.34
1321,2026-08-17,upgrade,4.86
1321,2026-09-02,login,4.48
1321,2026-03-29,feature_use,1.19
1321,2026-05-18,upgrade,8.58
1321,2026-06-24,feature_use,26.9
1321,2026-03-26,upgrade,29.69
1321,2026-06-12,cancel,21.62
1321,2026-07-03,login,27.27
1321,2026-05-13,upgrade,17.16
1321,2026-04-20,upgrade,4.26
1321,2026-05-27,feature_use,1.75
1321,2026-05-01,cancel,22.99
1321,2026-05-17,login,16.81
1321,2026-07-09,cancel,2.22
1321,2026-07-17,feature_use,1.15
1321,2026-08-16,feature_use,15.71
1321,2026-05-13,login,28.2
1321,2026-05-20,login,21.58
1321,2026-09-04,cancel,28.29
1321,2026-07-07,cancel,27.83
1321,2026-04-08,upgrade,16.94
1322,2026-08-18,upgrade,20.16
1322,2027-01-05,cancel,22.98
1322,2026-12-03,cancel,10.9
1322,2026-08-23,login,15.56
1322,2027-01-03,upgrade,23.1
1322,2027-01-07,login,3.61
1322,2026-08-04,upgrade,21.42
1322,2026-12-18,login,14.27
1322,2026-09-21,login,19.71
1322,2027-01-22,upgrade,8.67
1322,2026-11-08,feature_use,5.45
1322,2027-01-11,cancel,18.2
1322,2027-01-18,feature_use,29.0
1322,2026-08-19,upgrade,28.13
1322,2026-09-08,upgrade,24.18
1322,2026-08-04,login,8.32
1322,2026-09-10,upgrade,16.04
1323,2026-05-13,upgrade,8.12
1323,2026-06-26,cancel,2.27
1323,2026-09-23,feature_use,13.51
1323,2026-08-21,cancel,8.6
1323,2026-09-11,upgrade,23.23
1323,2026-07-19,upgrade,7.95
1323,2026-08-30,cancel,29.98
1323,2026-05-25,cancel,14.35
1323,2026-06-19,feature_use,29.31
1323,2026-04-12,upgrade,13.52
1323,2026-10-05,upgrade,27.44
1323,2026-06-14,feature_use,18.73
1324,2026-07-07,feature_use,11.02
1324,2026-03-28,login,27.93
1324,2026-04-02,login,24.83
1324,2026-07-04,login,5.52
1324,2026-06-07,feature_use,28.35
1324,2026-04-25,upgrade,14.93
1324,2026-03-18,login,14.19
1324,2026-04-10,upgrade,15.65
1324,2026-04-15,upgrade,16.44
1324,2026-06-02,cancel,12.61
1324,2026-03-30,upgrade,25.1
1324,2026-08-09,upgrade,13.87
1324,2026-04-07,feature_use,29.32
1324,2026-06-15,cancel,2.3
1324,2026-04-20,feature_use,27.65
1324,2026-03-20,cancel,24.82
1324,2026-07-05,login,8.21
1324,2026-05-06,cancel,6.11
1324,2026-06-25,cancel,29.75
1324,2026-04-29,login,29.09
1324,2026-04-28,upgrade,5.4
1324,2026-07-28,cancel,27.94
1325,2026-12-18,feature_use,14.0
1325,2026-12-29,feature_use,29.59
1325,2027-02-25,upgrade,10.14
1325,2027-04-01,login,8.19
1325,2027-04-15,feature_use,15.37
1325,2027-05-28,upgrade,2.05
1325,2026-12-11,login,8.29
1325,2027-05-23,login,28.86
1325,2026-12-15,upgrade,24.49
1325,2027-01-12,upgrade,11.85
1325,2027-03-14,login,8.09
1325,2027-05-14,login,8.07
1325,2027-02-08,upgrade,14.92
1325,2027-03-01,upgrade,16.96
1325,2027-05-02,upgrade,13.39
1325,2027-03-16,login,18.84
1325,2027-03-31,feature_use,18.16
1325,2027-02-19,upgrade,10.15
1325,2027-02-06,feature_use,16.53
1325,2027-02-28,cancel,2.81
1325,2027-05-23,cancel,4.54
1325,2027-05-04,feature_use,2.53
1325,2027-02-13,upgrade,11.74
1325,2027-05-19,feature_use,22.56
1325,2027-03-15,cancel,22.05
1325,2027-04-04,cancel,7.43
1326,2026-03-28,cancel,16.74
1326,2026-04-26,login,11.81
1326,2026-03-14,cancel,8.21
1326,2026-01-20,upgrade,23.53
1326,2026-01-24,login,7.54
1326,2026-03-05,login,4.49
1326,2026-01-10,login,15.07
1327,2026-06-07,login,4.88
1327,2026-04-10,cancel,16.66
1327,2026-05-01,cancel,10.65
1327,2026-04-17,login,1.14
1327,2026-05-13,feature_use,26.67
1327,2026-05-02,feature_use,8.79
1327,2026-04-17,feature_use,9.08
1327,2026-08-28,cancel,24.36
1328,2026-04-04,login,10.69
1328,2026-05-31,upgrade,1.78
1328,2026-09-04,cancel,28.19
1328,2026-07-26,feature_use,2.63
1328,2026-09-05,login,17.26
1328,2026-07-18,upgrade,2.27
1328,2026-08-13,upgrade,24.29
1329,2026-06-28,feature_use,21.01
1329,2026-08-06,feature_use,7.05
1329,2026-08-09,login,9.19
1329,2026-10-29,feature_use,21.35
1329,2026-10-15,login,17.08
1329,2026-08-31,feature_use,21.35
1329,2026-08-21,upgrade,21.08
1329,2026-11-21,login,11.22
1329,2026-09-08,login,1.84
1329,2026-12-13,feature_use,5.4
1329,2026-07-07,cancel,4.32
1329,2026-08-05,cancel,23.89
1329,2026-09-04,upgrade,1.97
1329,2026-07-10,upgrade,15.14
1329,2026-08-19,feature_use,18.35
1329,2026-07-05,feature_use,19.41
1329,2026-07-17,cancel,28.91
1329,2026-07-22,feature_use,15.11
1329,2026-07-05,cancel,11.68
1329,2026-10-11,cancel,29.77
1329,2026-08-26,upgrade,13.24
1329,2026-08-04,feature_use,25.17
1329,2026-08-23,cancel,29.49
1329,2026-12-14,login,23.21
1329,2026-11-13,upgrade,17.84
1330,2026-11-28,feature_use,12.25
1330,2026-07-17,upgrade,6.82
1330,2026-08-04,feature_use,4.79
1330,2026-08-29,feature_use,10.51
1330,2026-10-12,cancel,15.99
1330,2026-11-15,upgrade,10.52
1331,2027-02-17,upgrade,13.03
1331,2026-10-20,login,28.47
1331,2026-09-11,feature_use,2.51
1331,2026-09-18,upgrade,2.49
1331,2027-02-07,feature_use,13.84
1331,2026-09-07,cancel,25.19
1331,2026-09-17,upgrade,25.26
1331,2027-01-12,upgrade,11.96
1331,2026-10-06,login,25.23
1331,2026-10-27,cancel,6.32
1331,2027-01-15,upgrade,28.34
1331,2026-11-13,upgrade,7.59
1331,2026-09-02,feature_use,6.3
1331,2027-01-12,feature_use,26.46
1332,2027-03-06,login,25.88
1332,2026-12-30,cancel,28.56
1332,2026-11-16,feature_use,12.21
1332,2026-12-26,cancel,23.93
1332,2027-01-14,login,17.74
1332,2026-11-16,login,24.44
1332,2026-11-20,upgrade,9.57
1332,2027-03-05,login,27.76
1332,2027-01-03,upgrade,16.64
1332,2027-03-28,upgrade,1.5
1332,2027-03-12,cancel,17.46
1332,2026-11-18,feature_use,13.84
1332,2027-02-12,feature_use,16.57
1332,2026-11-11,feature_use,10.1
1332,2026-10-24,feature_use,14.01
1332,2026-12-20,cancel,9.77
1332,2027-01-08,login,16.01
1332,2026-12-17,cancel,7.75
1332,2026-10-26,upgrade,8.48
1332,2026-11-08,login,5.05
1332,2026-12-18,upgrade,1.43
1332,2026-10-25,cancel,22.28
1332,2026-12-30,login,16.27
1332,2026-11-06,cancel,15.02
1332,2026-12-09,feature_use,2.06
1332,2027-02-27,login,4.24
1332,2027-02-21,login,29.8
1332,2026-11-22,cancel,21.31
1332,2027-03-08,login,23.3
1333,2026-11-15,upgrade,7.21
1333,2026-07-10,upgrade,8.85
1333,2026-09-29,upgrade,26.98
1333,2026-10-08,cancel,7.08
1333,2026-09-10,upgrade,28.99
1333,2026-10-26,upgrade,7.86
1333,2026-07-13,login,23.09
1333,2026-07-12,cancel,15.17
1333,2026-07-27,cancel,3.41
1333,2026-08-21,cancel,5.55
1333,2026-11-06,cancel,25.15
1333,2026-12-01,cancel,23.54
1334,2026-07-29,upgrade,11.68
1334,2026-11-02,cancel,16.67
1334,2026-12-16,upgrade,28.65
1334,2026-07-11,upgrade,9.44
1334,2026-07-20,upgrade,27.75
1334,2026-10-31,login,22.54
1334,2026-08-16,login,18.59
1334,2026-12-28,upgrade,6.31
1334,2026-12-26,feature_use,27.81
1334,2026-08-06,cancel,2.09
1334,2026-08-21,cancel,19.39
1334,2026-09-27,upgrade,16.44
1334,2026-10-06,upgrade,2.3
1334,2026-12-29,login,22.16
1334,2026-07-31,feature_use,27.22
1334,2026-08-09,feature_use,29.16
1334,2026-12-04,login,3.71
1334,2026-11-17,feature_use,14.19
1335,2026-09-21,cancel,20.7
1335,2026-11-06,cancel,16.06
1335,2026-12-14,upgrade,14.68
1335,2026-11-22,login,27.67
1335,2026-12-01,cancel,11.43
1335,2026-07-13,cancel,28.28
1335,2026-11-05,feature_use,16.54
1335,2026-12-16,upgrade,19.1
1335,2026-09-25,upgrade,9.72
1335,2026-10-31,cancel,13.87
1335,2026-11-19,login,24.1
1335,2026-11-26,upgrade,16.45
1335,2026-08-23,feature_use,12.46
1336,2027-02-15,cancel,13.4
1336,2027-05-10,upgrade,19.87
1336,2027-01-27,upgrade,4.81
1336,2027-01-04,cancel,12.73
1336,2026-12-04,cancel,13.03
1336,2026-12-18,cancel,2.56
1336,2027-05-15,feature_use,25.13
1337,2026-03-07,cancel,5.77
1337,2026-02-27,cancel,16.76
1337,2026-05-07,feature_use,29.2
1337,2026-02-23,cancel,9.02
1337,2026-05-18,login,11.34
1338,2026-12-22,login,22.91
1338,2027-04-15,cancel,12.6
1338,2027-03-31,upgrade,14.72
1338,2027-03-10,login,2.76
1338,2026-12-24,login,21.67
1338,2027-04-02,feature_use,7.42
1338,2026-12-02,cancel,23.58
1338,2027-03-21,feature_use,27.09
1338,2027-01-19,upgrade,13.8
1338,2027-03-24,login,9.47
1338,2027-03-27,login,19.24
1338,2027-04-12,upgrade,20.3
1338,2027-01-08,cancel,23.08
1338,2027-04-01,login,25.96
1338,2027-04-13,login,22.83
1338,2027-02-16,login,8.57
1338,2027-05-10,upgrade,5.48
1338,2027-01-24,feature_use,22.76
1339,2027-02-20,cancel,7.77
1339,2026-09-09,upgrade,19.43
1339,2027-01-29,upgrade,8.94
1339,2026-09-04,login,26.67
1339,2027-01-02,cancel,26.94
1339,2026-12-24,login,18.71
1339,2026-12-15,cancel,19.79
1340,2026-03-14,feature_use,5.08
1340,2026-07-05,feature_use,3.55
1340,2026-05-15,login,6.05
1340,2026-04-13,login,15.76
1340,2026-04-14,feature_use,16.01
1340,2026-07-02,upgrade,18.22
1340,2026-05-12,feature_use,29.72
1340,2026-05-24,upgrade,28.95
1340,2026-07-17,upgrade,8.82
1340,2026-04-08,upgrade,26.19
1340,2026-06-30,login,6.49
1340,2026-02-06,upgrade,4.71
1341,2026-06-14,login,13.18
1341,2026-06-05,upgrade,18.64
1341,2026-04-27,upgrade,14.65
1341,2026-05-20,cancel,15.71
1341,2026-06-30,login,20.85
1341,2026-08-21,upgrade,1.4
1341,2026-03-06,cancel,14.73
1341,2026-05-14,upgrade,10.76
1341,2026-03-23,feature_use,10.83
1341,2026-06-22,upgrade,28.44
1341,2026-06-20,feature_use,10.48
1341,2026-04-20,upgrade,13.82
1341,2026-08-17,login,27.69
1341,2026-07-18,cancel,25.85
1341,2026-08-09,upgrade,8.07
1341,2026-04-21,cancel,14.14
1341,2026-04-27,upgrade,2.31
1341,2026-07-15,feature_use,5.13
1341,2026-08-03,upgrade,5.3
1341,2026-04-14,cancel,6.77
1341,2026-07-22,upgrade,12.77
1341,2026-08-25,cancel,17.14
1341,2026-03-20,upgrade,8.22
1341,2026-08-23,login,25.57
1341,2026-07-18,feature_use,6.74
1342,2026-09-13,cancel,16.62
1342,2026-08-11,login,22.17
1342,2026-12-29,feature_use,25.2
1342,2026-12-21,upgrade,25.78
1342,2026-10-21,upgrade,15.41
1342,2026-08-30,feature_use,9.25
1342,2026-11-25,cancel,10.8
1342,2026-10-03,login,16.85
1342,2026-10-24,cancel,8.35
1342,2026-10-22,login,21.49
1342,2027-01-18,cancel,18.43
1342,2026-12-12,cancel,13.9
1342,2026-08-25,cancel,18.05
1342,2027-01-18,login,24.17
1342,2026-12-28,upgrade,28.0
1342,2027-01-31,feature_use,6.89
1342,2027-01-07,login,3.84
1343,2027-01-19,cancel,4.46
1343,2026-10-11,upgrade,25.19
1343,2027-01-05,cancel,23.23
1343,2027-02-03,feature_use,18.38
1343,2027-01-12,upgrade,10.0
1343,2026-11-07,login,24.81
1343,2027-02-10,login,18.11
1343,2026-12-22,upgrade,24.74
1343,2026-11-20,login,24.53
1344,2026-10-13,cancel,18.87
1344,2027-01-07,feature_use,21.84
1344,2027-01-13,feature_use,4.85
1344,2026-12-05,login,20.96
1344,2026-10-13,upgrade,25.62
1344,2026-09-20,feature_use,18.36
1345,2026-02-28,upgrade,5.59
1345,2026-01-15,feature_use,16.33
1345,2026-04-22,cancel,10.73
1345,2026-01-13,upgrade,23.02
1345,2026-04-22,login,25.94
1345,2026-01-18,login,14.03
1345,2026-05-05,feature_use,3.15
1345,2026-05-16,login,22.48
1345,2026-01-18,feature_use,18.4
1345,2026-02-26,cancel,18.39
1345,2026-03-17,cancel,6.12
1345,2026-05-13,login,5.79
1345,2026-04-17,cancel,25.58
1346,2027-03-20,upgrade,1.89
1346,2027-03-03,feature_use,28.91
1346,2027-01-28,login,29.59
1346,2027-02-21,cancel,14.38
1346,2026-11-15,login,17.63
1346,2027-03-19,feature_use,12.86
1346,2026-11-27,upgrade,20.61
1346,2026-10-27,cancel,18.94
1346,2027-04-05,feature_use,8.07
1346,2027-03-10,login,9.15
1346,2027-03-24,upgrade,22.37
1346,2026-12-04,cancel,1.26
1346,2026-11-05,feature_use,14.65
1346,2027-01-31,cancel,8.67
1346,2027-03-12,cancel,9.4
1346,2026-12-06,upgrade,2.67
1346,2027-04-11,login,1.01
1346,2026-11-24,upgrade,21.4
1346,2026-11-08,feature_use,15.79
1347,2026-10-19,feature_use,12.21
1347,2026-08-31,feature_use,21.75
1347,2026-10-12,upgrade,16.21
1347,2027-01-19,feature_use,14.54
1347,2026-08-21,login,16.93
1347,2027-02-10,login,22.34
1347,2026-12-30,upgrade,26.05
1347,2026-11-23,login,6.23
1347,2027-02-05,feature_use,22.27
1347,2027-01-14,login,16.07
1347,2026-10-30,upgrade,10.94
1347,2027-01-07,upgrade,10.67
1347,2027-01-08,feature_use,12.14
1347,2026-10-27,feature_use,21.22
1347,2026-08-23,feature_use,15.71
1347,2026-09-28,login,28.93
1347,2026-09-24,feature_use,25.24
1347,2026-11-25,upgrade,28.43
1347,2026-11-25,upgrade,9.84
1347,2026-10-22,upgrade,27.02
1347,2027-02-07,cancel,25.67
1347,2026-09-29,login,26.46
1348,2026-03-10,feature_use,15.03
1348,2026-02-06,feature_use,1.52
1348,2026-01-16,upgrade,26.3
1348,2026-03-28,cancel,18.65
1348,2026-02-14,login,19.13
1348,2026-04-19,login,17.92
1348,2026-06-19,upgrade,6.8
1348,2026-03-24,feature_use,3.71
1348,2026-05-25,cancel,21.87
1348,2026-02-13,cancel,24.54
1349,2026-07-25,login,29.56
1349,2026-04-05,feature_use,20.07
1349,2026-04-20,login,4.94
1349,2026-04-05,login,1.3
1349,2026-07-26,login,16.15
1349,2026-07-07,upgrade,25.64
1349,2026-07-07,feature_use,22.36
1349,2026-03-21,upgrade,8.73
1349,2026-05-16,feature_use,28.86
1349,2026-07-23,upgrade,21.38
1349,2026-05-18,cancel,22.69
1349,2026-08-17,upgrade,26.29
1349,2026-05-02,feature_use,13.46
1349,2026-06-25,upgrade,10.43
1349,2026-07-23,feature_use,25.26
1349,2026-05-07,upgrade,19.76
1350,2026-11-27,login,1.13
1350,2027-05-04,cancel,8.54
1350,2027-03-24,upgrade,8.27
1350,2026-12-28,feature_use,19.18
1350,2027-04-27,upgrade,23.68
1350,2027-04-03,upgrade,27.65
1350,2027-04-20,login,6.97
1350,2027-04-29,cancel,8.04
1350,2027-03-05,login,5.28
1350,2026-12-06,login,23.87
1350,2027-04-17,feature_use,20.14
1350,2027-03-31,feature_use,15.88
1350,2027-03-06,feature_use,12.53
1350,2027-01-25,cancel,28.71
1350,2027-03-02,upgrade,18.85
1350,2027-02-09,login,21.6
1350,2027-04-13,login,19.57
1350,2027-05-17,upgrade,21.35
1350,2026-12-28,login,27.67
1350,2026-11-26,upgrade,3.45
1351,2026-07-23,cancel,18.69
1351,2026-06-13,feature_use,29.66
1351,2026-03-14,upgrade,22.47
1351,2026-03-02,login,25.14
1351,2026-05-13,cancel,24.38
1351,2026-07-01,feature_use,25.52
1351,2026-03-16,upgrade,20.06
1351,2026-02-24,feature_use,29.08
1351,2026-08-04,cancel,15.41
1352,2026-07-30,feature_use,27.2
1352,2026-03-28,upgrade,4.55
1352,2026-06-09,upgrade,12.61
1352,2026-05-29,login,4.39
1352,2026-07-24,cancel,27.83
1353,2026-10-12,upgrade,20.19
1353,2026-08-26,cancel,28.02
1353,2026-07-27,feature_use,7.57
1353,2026-08-09,login,25.96
1353,2026-10-11,cancel,29.65
1353,2026-05-13,cancel,21.94
1353,2026-07-13,upgrade,29.25
1353,2026-05-17,login,28.98
1353,2026-08-05,cancel,1.71
1353,2026-07-24,feature_use,18.93
1354,2026-06-30,feature_use,27.23
1354,2026-09-17,login,15.83
1354,2026-09-29,login,2.0
1354,2026-09-20,cancel,18.7
1354,2026-10-23,upgrade,6.62
1354,2026-09-27,login,29.43
1354,2026-08-28,feature_use,16.35
1354,2026-10-05,feature_use,22.25
1355,2026-10-11,login,20.81
1355,2027-02-12,upgrade,17.53
1355,2026-11-03,login,20.29
1355,2027-02-25,upgrade,14.83
1355,2026-12-05,upgrade,15.19
1355,2026-10-28,login,12.64
1355,2027-02-02,feature_use,2.44
1355,2027-02-28,feature_use,14.88
1355,2027-03-03,login,27.86
1355,2026-09-18,upgrade,25.2
1355,2026-12-12,login,25.96
1355,2027-02-06,feature_use,19.41
1355,2026-10-11,upgrade,5.46
1355,2027-01-08,upgrade,2.75
1355,2027-02-22,upgrade,3.14
1355,2027-01-31,cancel,24.73
1355,2026-10-27,upgrade,6.32
1355,2027-02-11,feature_use,25.93
1355,2026-12-29,upgrade,29.41
1355,2026-12-29,login,13.28
1355,2027-01-29,upgrade,27.82
1355,2027-02-27,login,11.73
1355,2026-11-15,feature_use,10.41
1355,2026-12-29,upgrade,26.13
1355,2027-03-02,cancel,29.77
1355,2027-02-08,upgrade,21.0
1355,2027-01-25,cancel,14.25
1355,2026-11-18,login,21.9
1355,2027-01-29,cancel,13.42
1356,2026-09-14,upgrade,28.51
1356,2026-08-21,upgrade,29.3
1356,2026-11-03,cancel,24.7
1356,2026-08-06,upgrade,28.78
1356,2026-10-04,feature_use,15.55
1356,2026-10-27,login,6.91
1356,2027-01-05,feature_use,12.04
1356,2026-09-11,feature_use,4.27
1356,2026-10-04,feature_use,14.36
1356,2027-01-19,cancel,7.67
1356,2026-10-02,feature_use,5.05
1356,2026-10-30,login,23.53
1356,2026-12-11,login,6.05
1356,2026-08-12,login,9.99
1356,2027-01-12,cancel,25.45
1356,2027-01-03,feature_use,19.28
1356,2026-09-12,cancel,18.62
1356,2026-11-26,cancel,3.51
1356,2027-01-23,login,19.07
1356,2026-10-15,cancel,14.75
1356,2026-09-04,login,10.46
1356,2026-11-21,login,18.94
1357,2027-02-11,login,15.99
1357,2027-01-08,cancel,10.19
1357,2026-12-26,upgrade,22.98
1357,2026-11-02,upgrade,15.15
1357,2026-12-27,login,24.6
1357,2027-01-25,login,21.36
1357,2026-10-30,feature_use,13.47
1357,2027-01-20,upgrade,14.1
1357,2027-01-01,login,16.75
1357,2026-11-14,feature_use,7.4
1357,2026-10-25,login,12.01
1357,2026-10-20,cancel,12.99
1357,2026-10-02,login,7.26
1357,2027-01-07,upgrade,18.82
1357,2026-10-07,upgrade,10.93
1357,2026-10-13,upgrade,5.83
1358,2026-11-01,cancel,29.95
1358,2026-10-31,cancel,18.69
1358,2027-02-10,feature_use,27.76
1358,2026-09-08,login,18.71
1358,2026-10-22,upgrade,3.01
1358,2026-10-27,upgrade,6.19
1358,2026-09-18,feature_use,16.73
1358,2026-11-11,login,8.03
1358,2026-09-15,upgrade,14.04
1358,2026-12-04,login,4.97
1358,2027-02-04,cancel,2.8
1358,2026-10-25,login,10.69
1358,2027-01-08,feature_use,15.8
1358,2027-02-12,feature_use,19.1
1358,2027-01-03,cancel,24.53
1358,2027-02-11,upgrade,12.78
1358,2026-09-13,login,12.06
1358,2027-02-25,cancel,25.33
1359,2026-10-23,login,28.53
1359,2026-06-28,login,26.66
1359,2026-07-30,login,29.14
1359,2026-10-12,feature_use,20.97
1359,2026-10-30,cancel,24.3
1359,2026-05-17,feature_use,22.03
1359,2026-10-20,cancel,2.89
1359,2026-06-29,upgrade,19.31
1359,2026-05-23,feature_use,9.46
1359,2026-10-26,login,6.97
1359,2026-09-11,upgrade,14.67
1359,2026-07-18,cancel,21.84
1359,2026-09-27,feature_use,9.52
1359,2026-08-01,cancel,5.77
1359,2026-09-09,login,7.5
1359,2026-07-18,cancel,21.73
1359,2026-07-22,login,5.62
1359,2026-07-05,login,18.28
1359,2026-11-06,login,21.74
1359,2026-10-12,feature_use,29.31
1359,2026-09-16,login,17.84
1359,2026-09-25,cancel,4.52
1359,2026-10-28,cancel,1.18
1359,2026-07-12,login,20.06
1359,2026-07-25,cancel,6.25
1360,2026-05-17,login,25.7
1360,2026-03-11,upgrade,8.48
1360,2026-05-10,upgrade,28.66
1360,2026-06-26,feature_use,12.13
1360,2026-02-10,login,25.96
1360,2026-03-11,feature_use,16.13
1360,2026-06-04,feature_use,18.23
1360,2026-03-15,feature_use,10.76
1360,2026-04-28,feature_use,1.74
1360,2026-03-08,feature_use,16.23
1360,2026-04-03,cancel,15.67
1360,2026-07-04,feature_use,24.28
1360,2026-06-02,login,5.57
1360,2026-07-12,upgrade,15.01
1360,2026-04-03,login,21.71
1360,2026-07-16,login,18.19
1360,2026-07-11,upgrade,13.34
1360,2026-02-25,feature_use,2.08
1360,2026-06-15,feature_use,2.71
1360,2026-07-09,cancel,13.84
1360,2026-04-11,login,24.7
1360,2026-04-28,feature_use,18.23
1360,2026-05-17,cancel,1.64
1360,2026-06-18,cancel,18.23
1360,2026-04-19,cancel,18.53
1361,2026-07-31,cancel,29.61
1361,2026-04-07,feature_use,26.65
1361,2026-04-02,login,15.95
1361,2026-03-23,cancel,17.51
1361,2026-04-19,feature_use,13.03
1361,2026-08-03,login,17.53
1361,2026-05-17,feature_use,3.24
1361,2026-07-16,feature_use,29.4
1361,2026-06-08,upgrade,28.98
1361,2026-06-25,cancel,6.39
1361,2026-07-14,feature_use,12.23
1361,2026-08-01,feature_use,22.79
1361,2026-06-28,feature_use,9.76
1361,2026-05-09,upgrade,1.26
1361,2026-05-13,feature_use,18.18
1361,2026-03-16,upgrade,10.77
1361,2026-04-06,login,28.43
1361,2026-08-29,login,23.7
1361,2026-05-07,login,29.69
1361,2026-07-09,login,16.31
1361,2026-03-16,cancel,29.79
1361,2026-08-04,login,22.72
1361,2026-04-02,feature_use,13.9
1361,2026-06-18,login,23.4
1361,2026-06-06,login,24.42
1361,2026-04-19,upgrade,12.23
1361,2026-03-30,login,14.83
1362,2026-11-30,feature_use,12.8
1362,2027-04-14,login,23.4
1362,2027-03-22,upgrade,21.22
1362,2027-02-22,cancel,17.98
1362,2026-11-29,feature_use,14.56
1362,2027-01-10,feature_use,11.92
1362,2027-01-06,upgrade,25.24
1363,2026-09-28,login,17.89
1363,2026-05-06,cancel,24.88
1363,2026-08-16,upgrade,1.82
1363,2026-05-17,login,17.34
1363,2026-08-22,cancel,28.07
1363,2026-08-18,feature_use,3.25
1363,2026-07-03,cancel,6.66
1363,2026-07-29,upgrade,11.21
1363,2026-06-11,feature_use,26.78
1363,2026-04-13,cancel,5.03
1363,2026-06-28,cancel,11.34
1363,2026-05-05,login,8.85
1363,2026-09-29,login,28.38
1363,2026-08-02,cancel,16.73
1363,2026-04-17,feature_use,20.25
1363,2026-08-17,upgrade,14.68
1363,2026-07-06,upgrade,27.88
1363,2026-07-26,login,5.83
1363,2026-05-29,feature_use,25.13
1363,2026-06-09,cancel,22.59
1363,2026-08-19,upgrade,7.1
1363,2026-09-23,login,2.57
1363,2026-07-10,login,11.67
1363,2026-07-13,login,14.92
1363,2026-07-06,login,5.88
1363,2026-10-09,feature_use,23.88
1364,2026-06-15,cancel,11.53
1364,2026-04-29,feature_use,13.76
1364,2026-04-01,cancel,4.44
1364,2026-06-01,cancel,10.36
1364,2026-06-23,upgrade,8.11
1364,2026-05-19,upgrade,7.44
1364,2026-04-05,login,5.66
1364,2026-06-19,upgrade,16.96
1364,2026-03-03,feature_use,21.24
1364,2026-06-22,upgrade,24.98
1364,2026-07-11,cancel,29.94
1364,2026-06-21,feature_use,15.69
1364,2026-06-01,login,18.07
1364,2026-04-09,upgrade,18.42
1364,2026-07-05,cancel,9.69
1364,2026-04-21,upgrade,2.33
1364,2026-08-11,cancel,7.06
1364,2026-03-04,cancel,20.33
1364,2026-04-10,login,26.09
1364,2026-05-14,feature_use,13.78
1365,2026-05-18,upgrade,25.04
1365,2026-09-23,upgrade,2.61
1365,2026-08-24,upgrade,25.94
1365,2026-05-17,feature_use,15.92
1365,2026-09-09,cancel,23.08
1365,2026-09-19,upgrade,21.0
1365,2026-08-20,feature_use,16.61
1365,2026-05-01,login,20.2
1365,2026-05-08,upgrade,12.7
1365,2026-05-31,upgrade,9.57
1365,2026-09-04,feature_use,9.43
1365,2026-09-27,login,28.71
1365,2026-07-01,upgrade,24.9
1365,2026-08-08,upgrade,1.24
1365,2026-07-09,upgrade,9.14
1365,2026-06-07,feature_use,10.15
1365,2026-08-21,cancel,1.42
1365,2026-04-27,login,29.03
1365,2026-05-31,upgrade,10.98
1365,2026-07-09,cancel,28.79
1365,2026-05-04,feature_use,23.47
1365,2026-09-18,upgrade,14.95
1365,2026-08-31,upgrade,17.19
1365,2026-07-03,upgrade,14.55
1365,2026-07-08,cancel,20.4
1365,2026-07-31,feature_use,22.91
1365,2026-08-22,feature_use,8.76
1365,2026-07-11,cancel,15.19
1366,2026-11-10,feature_use,12.51
1366,2026-08-08,feature_use,6.77
1366,2026-10-15,cancel,21.22
1366,2026-08-25,upgrade,10.8
1366,2026-10-22,feature_use,21.97
1366,2026-11-30,login,12.57
1366,2026-10-06,cancel,8.59
1366,2026-11-12,upgrade,3.9
1366,2026-07-13,cancel,3.64
1366,2026-07-29,upgrade,27.94
1366,2026-10-16,cancel,14.45
1366,2026-07-16,login,10.12
1366,2026-11-23,login,17.54
1366,2026-10-31,login,16.09
1366,2026-07-30,upgrade,9.94
1366,2026-08-15,feature_use,21.61
1366,2026-08-31,login,13.5
1366,2026-09-28,upgrade,9.65
1366,2026-11-17,feature_use,14.52
1366,2026-12-07,feature_use,14.14
1366,2026-10-13,login,20.95
1367,2026-04-23,upgrade,17.6
1367,2026-01-24,feature_use,3.58
1367,2026-03-19,cancel,21.31
1367,2026-02-21,feature_use,25.6
1367,2026-02-08,upgrade,11.72
1367,2026-05-21,cancel,22.51
1367,2026-03-21,upgrade,3.94
1367,2026-05-13,cancel,4.19
1367,2026-05-08,feature_use,5.13
1367,2026-07-06,feature_use,4.23
1367,2026-02-08,login,19.26
1367,2026-05-05,feature_use,7.0
1367,2026-03-29,upgrade,10.49
1367,2026-02-06,login,22.78
1367,2026-05-01,cancel,25.75
1367,2026-06-23,feature_use,15.98
1367,2026-07-15,login,9.7
1367,2026-07-16,login,17.64
1367,2026-02-01,upgrade,18.26
1367,2026-04-08,login,15.33
1367,2026-04-16,login,24.97
1367,2026-06-13,feature_use,1.71
1367,2026-07-14,upgrade,13.61
1367,2026-03-14,login,20.09
1368,2026-04-26,upgrade,12.98
1368,2026-04-08,login,20.37
1368,2026-02-07,cancel,25.91
1368,2026-06-25,login,25.11
1368,2026-01-26,upgrade,10.61
1368,2026-05-06,upgrade,17.61
1368,2026-04-24,upgrade,26.42
1368,2026-07-07,feature_use,14.6
1368,2026-04-16,upgrade,2.76
1368,2026-07-16,upgrade,7.8
1368,2026-04-02,cancel,28.57
1368,2026-06-23,feature_use,19.21
1368,2026-05-06,feature_use,10.62
1368,2026-04-28,feature_use,12.79
1368,2026-03-11,login,14.64
1368,2026-03-10,cancel,22.45
1368,2026-05-20,login,22.36
1368,2026-05-22,feature_use,9.59
1368,2026-07-20,login,21.01
1368,2026-05-27,cancel,29.98
1368,2026-02-17,upgrade,1.23
1368,2026-05-24,feature_use,22.48
1368,2026-04-28,feature_use,8.84
1368,2026-07-01,upgrade,15.9
1368,2026-03-26,upgrade,14.36
1368,2026-07-03,feature_use,3.21
1369,2026-10-18,upgrade,16.86
1369,2026-10-18,feature_use,21.11
1369,2026-12-14,upgrade,22.81
1369,2026-11-19,cancel,15.93
1369,2026-09-03,feature_use,23.76
1369,2026-09-16,upgrade,17.04
1369,2026-08-26,login,5.62
1369,2026-10-18,login,2.59
1369,2026-11-20,cancel,11.05
1369,2026-08-19,feature_use,2.45
1369,2026-07-28,cancel,24.26
1369,2026-12-01,feature_use,15.26
1369,2026-11-07,login,18.1
1369,2026-12-02,login,11.19
1369,2026-10-02,upgrade,16.31
1369,2026-11-16,cancel,24.08
1369,2026-10-02,feature_use,2.64
1369,2026-11-26,login,10.29
1369,2026-07-21,cancel,17.14
1369,2026-09-02,feature_use,11.4
1369,2026-08-29,feature_use,15.02
1369,2026-07-10,upgrade,22.59
1369,2026-07-08,login,29.76
1370,2026-07-06,feature_use,5.99
1370,2026-03-13,login,17.44
1370,2026-05-11,cancel,27.48
1370,2026-07-31,login,16.56
1370,2026-08-22,feature_use,6.43
1370,2026-06-05,feature_use,12.79
1370,2026-04-17,cancel,12.14
1370,2026-05-05,login,11.08
1370,2026-07-08,feature_use,12.64
1370,2026-07-05,upgrade,2.95
1370,2026-03-23,cancel,14.44
1370,2026-06-12,cancel,12.88
1370,2026-04-21,login,10.26
1370,2026-04-24,cancel,8.33
1370,2026-08-16,login,11.22
1370,2026-04-24,cancel,20.68
1371,2026-04-18,feature_use,1.58
1371,2026-06-11,cancel,10.06
1371,2026-09-24,upgrade,26.86
1371,2026-08-02,login,28.14
1371,2026-08-26,cancel,9.05
1371,2026-05-25,login,19.05
1371,2026-09-19,upgrade,4.08
1371,2026-09-08,cancel,23.45
1371,2026-08-23,feature_use,24.31
1372,2026-05-01,feature_use,13.58
1372,2026-07-08,login,11.62
1372,2026-03-13,feature_use,20.45
1372,2026-03-17,cancel,18.94
1372,2026-04-06,cancel,27.45
1372,2026-01-17,login,3.67
1372,2026-03-04,cancel,5.52
1372,2026-04-08,login,8.87
1373,2026-06-19,feature_use,17.69
1373,2026-06-08,cancel,21.23
1373,2026-04-21,feature_use,25.71
1373,2026-07-29,cancel,28.75
1373,2026-05-19,upgrade,18.98
1373,2026-05-30,login,21.05
1373,2026-02-27,upgrade,29.12
1373,2026-07-08,cancel,1.71
1373,2026-04-21,login,16.59
1373,2026-08-18,upgrade,8.08
1373,2026-03-26,feature_use,9.84
1373,2026-04-17,feature_use,27.91
1373,2026-08-21,feature_use,10.75
1373,2026-08-17,upgrade,20.14
1373,2026-07-14,cancel,24.4
1373,2026-05-01,upgrade,19.37
1373,2026-06-12,upgrade,2.22
1373,2026-03-14,feature_use,21.69
1373,2026-05-31,cancel,25.14
1373,2026-04-22,upgrade,24.79
1373,2026-04-23,feature_use,24.01
1373,2026-04-24,login,21.75
1373,2026-06-02,login,12.84
1374,2026-12-19,upgrade,16.16
1374,2026-08-17,cancel,29.12
1374,2026-12-26,cancel,13.41
1374,2026-10-24,feature_use,6.41
1374,2026-12-31,upgrade,26.48
1374,2026-12-29,feature_use,16.42
1374,2027-01-27,upgrade,27.29
1374,2027-01-09,cancel,11.14
1374,2026-10-02,feature_use,27.57
1374,2026-09-30,cancel,25.3
1374,2026-10-15,upgrade,11.1
1374,2026-10-20,upgrade,17.41
1375,2026-12-29,feature_use,1.82
1375,2026-11-08,upgrade,29.6
1375,2026-12-10,cancel,12.61
1375,2026-09-15,cancel,26.8
1375,2026-08-13,cancel,10.46
1375,2026-08-24,login,1.22
1375,2026-08-04,cancel,1.1
1375,2026-09-03,upgrade,23.36
1375,2026-10-09,cancel,15.13
1375,2026-12-30,upgrade,17.11
1375,2026-09-02,upgrade,17.66
1375,2026-11-21,feature_use,28.62
1375,2026-08-30,upgrade,21.35
1375,2026-11-15,cancel,17.55
1375,2026-11-05,cancel,14.84
1375,2026-08-10,feature_use,22.36
1375,2026-10-15,feature_use,8.61
1375,2026-10-31,upgrade,3.73
1375,2027-01-19,login,9.53
1375,2026-12-28,cancel,14.31
1375,2026-10-11,upgrade,28.88
1375,2026-11-24,feature_use,13.92
1376,2026-05-31,feature_use,19.72
1376,2026-07-26,feature_use,29.03
1376,2026-08-14,upgrade,1.49
1376,2026-07-24,login,29.6
1376,2026-10-19,feature_use,11.66
1376,2026-06-20,cancel,2.56
1376,2026-07-24,feature_use,24.82
1376,2026-10-16,cancel,4.19
1376,2026-10-26,upgrade,13.42
1376,2026-05-15,login,14.33
1376,2026-06-08,feature_use,29.79
1376,2026-09-14,login,9.18
1376,2026-08-10,feature_use,24.22
1376,2026-07-17,feature_use,6.88
1376,2026-10-15,upgrade,8.84
1376,2026-07-06,cancel,7.51
1376,2026-09-16,upgrade,22.46
1376,2026-08-07,upgrade,25.68
1377,2027-04-23,feature_use,27.48
1377,2027-01-01,upgrade,16.3
1377,2027-04-19,feature_use,25.95
1377,2027-02-22,upgrade,2.59
1377,2026-12-24,login,6.73
1377,2027-03-13,login,22.22
1377,2027-02-19,feature_use,23.64
1377,2027-02-09,upgrade,28.45
1377,2027-02-21,cancel,27.03
1377,2027-05-01,upgrade,28.46
1377,2027-01-04,cancel,22.97
1377,2027-04-10,feature_use,3.22
1377,2027-02-02,cancel,6.14
1377,2027-04-06,feature_use,10.79
1377,2027-04-16,login,19.39
1377,2027-01-30,login,5.48
1377,2027-03-09,cancel,20.96
1377,2027-03-11,login,23.69
1377,2027-01-29,cancel,2.53
1377,2027-01-22,cancel,23.37
1377,2027-01-11,cancel,3.8
1377,2027-03-05,cancel,11.32
1377,2027-04-22,feature_use,26.93
1377,2027-03-15,feature_use,23.25
1377,2027-02-05,upgrade,5.55
1377,2027-03-12,cancel,13.56
1377,2027-02-13,cancel,12.61
1377,2027-01-22,feature_use,1.88
1378,2026-09-03,cancel,1.86
1378,2026-07-04,upgrade,7.92
1378,2026-04-13,feature_use,15.23
1378,2026-09-28,login,28.68
1378,2026-05-02,upgrade,25.6
1379,2027-03-16,login,28.69
1379,2027-02-13,login,5.48
1379,2026-12-16,feature_use,3.92
1379,2027-01-10,feature_use,28.23
1379,2027-01-15,feature_use,1.59
1379,2027-01-19,login,10.64
1379,2027-01-10,feature_use,3.9
1379,2027-04-24,feature_use,14.09
1379,2027-04-26,upgrade,25.05
1379,2027-01-14,cancel,2.78
1379,2026-11-29,upgrade,6.85
1379,2026-11-25,feature_use,10.96
1379,2026-11-15,upgrade,7.32
1379,2027-03-02,feature_use,5.59
1379,2026-12-11,feature_use,5.64
1379,2027-04-07,login,8.64
1379,2026-12-08,cancel,19.14
1379,2027-04-23,upgrade,16.47
1380,2026-06-24,feature_use,19.68
1380,2026-06-21,upgrade,2.01
1380,2026-05-20,cancel,10.21
1380,2026-06-18,upgrade,5.84
1380,2026-04-24,upgrade,11.54
1380,2026-03-25,upgrade,21.73
1380,2026-05-21,login,10.04
1380,2026-03-11,cancel,12.03
1380,2026-08-05,feature_use,16.31
1380,2026-06-15,feature_use,8.15
1380,2026-04-26,login,15.57
1380,2026-06-30,feature_use,2.45
1380,2026-05-05,login,25.07
1380,2026-05-03,login,23.18
1380,2026-08-10,cancel,19.12
1380,2026-06-26,upgrade,12.22
1380,2026-04-09,cancel,27.85
1380,2026-04-19,feature_use,20.93
1380,2026-07-09,cancel,24.72
1380,2026-04-29,upgrade,18.85
1380,2026-05-15,upgrade,10.12
1380,2026-06-25,feature_use,28.54
1380,2026-03-13,cancel,6.64
1380,2026-05-05,cancel,8.42
1380,2026-02-26,cancel,21.91
1380,2026-07-28,cancel,25.15
1380,2026-05-18,cancel,15.9
1380,2026-02-25,cancel,1.23
1381,2026-07-23,login,5.35
1381,2026-12-25,login,23.76
1381,2026-10-01,login,18.12
1381,2026-09-22,feature_use,20.83
1381,2026-09-26,upgrade,20.69
1381,2026-10-24,login,11.94
1381,2026-10-18,feature_use,15.86
1381,2026-07-20,upgrade,20.05
1381,2026-08-11,cancel,14.04
1381,2026-10-28,upgrade,21.5
1381,2026-09-14,login,22.46
1381,2026-08-27,upgrade,4.03
1381,2026-10-27,upgrade,16.92
1381,2026-07-28,upgrade,28.54
1381,2026-12-16,feature_use,14.16
1381,2026-08-19,cancel,22.51
1382,2026-12-17,login,26.47
1382,2026-11-11,login,17.25
1382,2026-11-12,login,10.62
1382,2026-11-20,cancel,17.39
1382,2027-04-17,upgrade,3.73
1382,2027-02-11,login,28.89
1382,2027-01-23,upgrade,4.53
1382,2027-03-21,cancel,26.13
1382,2027-04-05,upgrade,5.86
1382,2026-12-23,cancel,26.43
1382,2027-03-06,login,24.83
1382,2026-12-03,login,11.82
1382,2027-03-04,cancel,22.83
1382,2027-01-08,cancel,18.43
1383,2026-10-06,login,15.29
1383,2026-07-24,cancel,4.96
1383,2026-10-10,login,23.39
1383,2026-10-17,cancel,6.94
1383,2026-08-11,feature_use,13.4
1383,2026-06-06,upgrade,6.27
1383,2026-06-13,cancel,14.15
1383,2026-06-28,feature_use,19.62
1383,2026-10-19,upgrade,26.05
1383,2026-10-10,cancel,20.42
1383,2026-07-30,cancel,6.03
1383,2026-11-13,login,6.19
1383,2026-10-21,upgrade,14.21
1383,2026-10-27,cancel,20.44
1383,2026-08-11,cancel,2.69
1383,2026-10-04,login,20.47
1383,2026-10-10,login,18.01
1383,2026-07-14,upgrade,26.92
1383,2026-09-14,upgrade,6.36
1383,2026-10-03,cancel,15.03
1383,2026-07-24,upgrade,15.34
1384,2026-10-13,upgrade,8.53
1384,2026-06-09,upgrade,22.88
1384,2026-11-17,upgrade,17.85
1384,2026-05-31,login,24.66
1384,2026-09-08,upgrade,17.44
1384,2026-06-11,cancel,5.01
1384,2026-11-10,cancel,17.99
1384,2026-06-12,login,5.23
1384,2026-08-26,login,24.76
1384,2026-07-07,cancel,29.84
1385,2026-06-22,cancel,29.58
1385,2026-09-18,upgrade,12.41
1385,2026-10-06,upgrade,14.12
1385,2026-06-18,login,24.99
1385,2026-07-07,login,14.92
1385,2026-06-27,cancel,5.66
1385,2026-07-25,feature_use,10.71
1385,2026-07-26,login,15.26
1385,2026-07-17,login,10.42
1385,2026-06-16,login,15.46
1385,2026-08-29,upgrade,13.46
1385,2026-07-26,login,4.25
1385,2026-10-08,upgrade,27.42
1385,2026-07-18,login,16.7
1385,2026-06-20,cancel,10.82
1385,2026-11-29,upgrade,13.97
1385,2026-10-24,cancel,18.99
1385,2026-07-30,feature_use,25.35
1385,2026-09-04,login,23.99
1385,2026-11-02,feature_use,6.92
1385,2026-07-07,feature_use,10.56
1385,2026-06-30,upgrade,8.19
1385,2026-08-18,upgrade,12.35
1386,2026-11-28,feature_use,13.6
1386,2026-08-12,upgrade,22.64
1386,2026-11-04,feature_use,15.88
1386,2026-09-03,login,26.74
1386,2026-09-05,feature_use,21.97
1386,2026-09-05,cancel,12.28
1386,2026-08-15,cancel,16.88
1386,2026-08-04,login,4.7
1386,2026-07-19,upgrade,15.34
1386,2026-09-15,upgrade,6.13
1386,2026-06-23,login,28.67
1386,2026-11-16,feature_use,6.65
1386,2026-08-12,upgrade,12.56
1386,2026-10-18,login,26.35
1386,2026-08-21,upgrade,11.28
1386,2026-06-27,upgrade,4.91
1386,2026-07-22,login,7.44
1386,2026-08-02,cancel,24.17
1386,2026-12-03,feature_use,14.2
1386,2026-11-29,login,22.77
1386,2026-09-25,login,10.69
1387,2026-09-15,cancel,5.31
1387,2026-07-01,upgrade,20.3
1387,2026-09-29,cancel,21.26
1387,2026-07-22,cancel,29.12
1387,2026-11-20,login,19.58
1387,2026-10-29,feature_use,15.8
1387,2026-08-04,login,22.04
1387,2026-11-26,upgrade,19.1
1387,2026-11-07,feature_use,29.59
1387,2026-08-26,upgrade,25.38
1387,2026-07-25,upgrade,5.87
1387,2026-10-08,login,18.15
1387,2026-09-16,login,9.48
1387,2026-09-01,login,22.5
1387,2026-07-14,cancel,26.69
1387,2026-09-25,feature_use,4.07
1387,2026-07-31,cancel,10.62
1387,2026-11-05,login,4.15
1387,2026-08-19,feature_use,28.05
1387,2026-06-28,feature_use,19.25
1387,2026-08-18,upgrade,26.97
1388,2026-09-12,cancel,28.96
1388,2026-12-22,feature_use,3.67
1388,2026-12-26,upgrade,10.5
1388,2026-08-30,cancel,17.89
1388,2026-09-12,cancel,11.72
1388,2026-12-13,cancel,3.52
1388,2027-01-18,cancel,25.74
1388,2026-11-10,upgrade,8.17
1388,2026-10-12,upgrade,3.16
1388,2026-12-19,upgrade,4.83
1388,2026-10-18,feature_use,23.09
1388,2026-12-24,upgrade,22.07
1388,2026-12-01,login,5.12
1388,2026-11-01,cancel,15.15
1388,2026-09-07,login,6.67
1389,2026-08-09,cancel,1.3
1389,2026-05-16,cancel,4.92
1389,2026-09-10,login,2.81
1389,2026-06-25,cancel,4.72
1389,2026-05-10,feature_use,24.69
1389,2026-06-26,feature_use,5.41
1389,2026-08-10,upgrade,21.68
1389,2026-04-22,cancel,27.53
1389,2026-08-18,login,20.54
1389,2026-07-24,feature_use,21.18
1389,2026-05-05,cancel,5.58
1389,2026-05-27,upgrade,5.87
1389,2026-07-20,feature_use,21.26
1389,2026-07-03,login,21.86
1389,2026-05-04,upgrade,2.5
1389,2026-09-17,login,8.3
1389,2026-04-13,cancel,23.45
1389,2026-05-24,cancel,20.73
1389,2026-05-07,upgrade,7.54
1389,2026-05-17,login,9.46
1389,2026-05-26,feature_use,6.79
1389,2026-07-15,upgrade,10.16
1389,2026-09-14,feature_use,16.16
1389,2026-06-16,upgrade,7.3
1389,2026-09-19,feature_use,1.03
1389,2026-06-02,feature_use,22.6
1389,2026-06-21,upgrade,8.24
1390,2026-09-07,upgrade,10.43
1390,2026-09-06,login,23.43
1390,2026-06-20,cancel,29.68
1390,2026-09-14,cancel,16.18
1390,2026-04-16,login,11.27
1390,2026-08-10,upgrade,1.98
1390,2026-07-24,cancel,22.38
1390,2026-07-15,upgrade,20.93
1390,2026-07-10,login,14.08
1390,2026-09-17,cancel,28.38
1390,2026-04-22,cancel,6.71
1390,2026-09-23,cancel,13.28
1390,2026-07-28,feature_use,17.0
1390,2026-06-14,login,18.58
1390,2026-09-26,upgrade,10.57
1390,2026-07-15,cancel,28.76
1390,2026-04-08,cancel,14.52
1390,2026-07-16,feature_use,24.95
1390,2026-09-11,cancel,12.2
1390,2026-09-14,login,27.98
1390,2026-05-17,login,5.41
1390,2026-09-18,feature_use,22.58
1390,2026-09-02,cancel,1.22
1390,2026-05-09,cancel,6.57
1391,2026-12-01,upgrade,20.91
1391,2026-08-13,login,2.04
1391,2026-12-04,feature_use,2.07
1391,2026-08-13,cancel,13.71
1391,2026-09-07,feature_use,18.11
1391,2026-08-30,login,1.42
1391,2026-08-07,feature_use,12.68
1391,2026-11-16,feature_use,12.81
1391,2026-12-25,upgrade,19.85
1392,2026-06-11,cancel,3.72
1392,2026-06-09,feature_use,23.44
1392,2026-08-25,upgrade,16.75
1392,2026-05-22,feature_use,12.58
1392,2026-06-24,upgrade,16.63
1392,2026-09-12,feature_use,16.25
1392,2026-10-01,upgrade,22.5
1392,2026-09-30,feature_use,22.89
1392,2026-09-26,login,6.66
1392,2026-08-02,login,2.22
1392,2026-07-24,upgrade,15.97
1392,2026-07-16,cancel,19.93
1392,2026-10-23,upgrade,7.23
1392,2026-05-03,upgrade,7.26
1392,2026-05-02,cancel,1.2
1392,2026-05-26,cancel,25.6
1392,2026-05-27,cancel,19.27
1392,2026-07-01,upgrade,13.83
1392,2026-05-31,cancel,1.19
1392,2026-06-15,upgrade,1.91
1392,2026-09-20,cancel,4.6
1392,2026-08-03,cancel,5.61
1392,2026-08-12,login,11.59
1392,2026-09-03,feature_use,15.89
1393,2026-11-06,feature_use,6.8
1393,2027-01-26,cancel,6.32
1393,2026-08-29,feature_use,19.43
1393,2026-12-23,login,9.77
1393,2026-12-03,login,7.99
1393,2026-08-30,feature_use,18.3
1393,2026-10-14,feature_use,16.6
1393,2026-12-05,upgrade,16.42
1393,2026-12-13,feature_use,17.43
1393,2026-09-26,cancel,19.57
1393,2027-01-24,feature_use,16.9
1393,2026-11-17,upgrade,16.1
1393,2026-10-01,upgrade,9.33
1393,2026-12-06,upgrade,15.35
1393,2027-02-07,login,21.49
1393,2026-10-30,login,11.15
1393,2026-09-29,feature_use,15.35
1393,2027-01-29,cancel,1.82
1393,2027-01-14,upgrade,10.01
1393,2026-09-16,cancel,28.17
1394,2026-10-22,upgrade,19.09
1394,2026-09-30,feature_use,27.42
1394,2026-11-23,cancel,9.78
1394,2026-10-27,login,3.9
1394,2026-09-04,cancel,23.78
1394,2026-11-10,upgrade,15.27
1394,2027-01-26,login,2.4
1394,2027-02-28,feature_use,4.89
1394,2027-02-19,feature_use,10.08
1394,2026-11-23,feature_use,9.86
1394,2026-09-06,upgrade,13.66
1394,2026-11-27,login,24.36
1394,2027-02-04,cancel,21.38
1394,2026-11-17,cancel,10.67
1394,2026-09-27,feature_use,20.86
1394,2027-02-10,login,25.09
1395,2026-06-18,login,28.68
1395,2026-10-11,upgrade,26.38
1395,2026-07-23,cancel,11.33
1395,2026-08-15,upgrade,2.39
1395,2026-08-01,feature_use,21.85
1395,2026-05-20,cancel,13.69
1396,2026-05-13,upgrade,20.11
1396,2026-05-11,feature_use,23.76
1396,2026-08-29,feature_use,10.35
1396,2026-07-12,cancel,2.54
1396,2026-08-09,login,22.22
1396,2026-06-24,cancel,15.1
1396,2026-06-18,login,20.26
1397,2027-02-14,feature_use,14.13
1397,2027-01-21,cancel,29.6
1397,2027-02-28,upgrade,6.39
1397,2027-05-10,upgrade,27.67
1397,2027-05-10,upgrade,9.54
1397,2027-01-27,feature_use,24.65
1397,2027-01-16,cancel,28.18
1397,2026-12-31,cancel,11.01
1397,2026-12-16,upgrade,8.82
1397,2027-03-28,login,2.85
1397,2027-01-10,feature_use,12.77
1398,2026-11-16,upgrade,24.92
1398,2026-11-23,login,8.57
1398,2026-10-23,feature_use,17.22
1398,2027-02-14,cancel,19.21
1398,2026-10-27,login,4.18
1398,2027-02-12,login,23.03
1398,2026-10-31,upgrade,1.41
1398,2027-02-15,cancel,17.35
1398,2026-09-20,cancel,18.57
1398,2026-09-17,feature_use,9.68
1398,2026-12-08,login,17.58
1398,2027-02-16,cancel,21.46
1398,2027-02-16,login,16.76
1399,2026-10-10,upgrade,2.43
1399,2026-06-12,login,23.0
1399,2026-07-11,cancel,16.71
1399,2026-07-20,login,21.47
1399,2026-07-31,feature_use,14.43
1399,2026-09-03,feature_use,19.26
1399,2026-08-05,cancel,17.55
1399,2026-06-14,cancel,13.53
1399,2026-09-05,login,4.89
1400,2026-11-30,feature_use,18.42
1400,2027-03-22,cancel,14.15
1400,2027-02-17,cancel,16.7
1400,2027-02-26,cancel,26.57
1400,2026-12-01,feature_use,1.36
1400,2027-01-21,login,13.12
1400,2027-02-24,upgrade,27.54
1400,2027-04-30,upgrade,28.38
1400,2027-03-21,upgrade,2.07
1400,2027-02-23,feature_use,15.01
1400,2027-01-15,login,4.11
1400,2027-04-03,cancel,4.27
1400,2027-01-31,feature_use,19.14
1400,2027-04-22,login,19.85
1400,2026-12-20,cancel,19.36
1400,2026-12-12,login,7.21
1400,2027-01-03,cancel,9.7
1400,2027-04-03,login,12.23
1400,2027-03-29,feature_use,16.46
1400,2027-01-11,upgrade,19.61
1400,2027-03-24,upgrade,13.97
1400,2027-01-08,upgrade,29.9
1400,2026-12-03,login,10.31
1400,2026-12-31,cancel,4.46
1400,2027-04-03,login,28.3
1400,2026-12-16,feature_use,21.08
1400,2027-03-13,login,19.78
1400,2027-02-27,feature_use,8.42
1401,2026-05-14,feature_use,18.25
1401,2026-05-10,cancel,27.09
1401,2026-04-14,cancel,25.87
1401,2026-07-24,upgrade,29.44
1401,2026-02-14,cancel,1.52
1401,2026-05-08,cancel,16.6
1401,2026-06-28,login,15.01
1401,2026-05-13,login,22.58
1401,2026-06-25,feature_use,28.83
1401,2026-03-11,upgrade,6.62
1401,2026-04-03,login,28.13
1401,2026-05-04,login,8.18
1401,2026-05-27,login,13.59
1401,2026-04-13,upgrade,8.83
1402,2026-07-03,login,17.51
1402,2026-06-19,cancel,5.32
1402,2026-09-20,cancel,21.52
1402,2026-06-08,upgrade,26.06
1402,2026-09-08,upgrade,7.48
1402,2026-08-14,upgrade,2.92
1402,2026-06-20,feature_use,11.09
1402,2026-09-09,cancel,13.32
1402,2026-05-27,upgrade,19.08
1402,2026-07-03,login,5.34
1402,2026-07-28,feature_use,25.06
1402,2026-08-21,upgrade,5.57
1402,2026-09-08,upgrade,22.95
1402,2026-08-03,upgrade,28.67
1402,2026-05-21,upgrade,12.44
1403,2027-02-22,login,6.39
1403,2027-01-15,upgrade,2.46
1403,2026-11-12,login,25.53
1403,2027-02-23,upgrade,21.32
1403,2027-02-10,login,19.05
1403,2026-12-28,feature_use,4.33
1403,2026-12-06,upgrade,5.72
1403,2026-12-08,login,11.36
1403,2027-01-25,feature_use,13.75
1403,2026-11-26,upgrade,23.32
1403,2026-12-24,feature_use,22.21
1403,2026-11-07,upgrade,2.32
1403,2027-02-25,cancel,29.02
1403,2026-10-15,cancel,12.47
1403,2026-12-14,feature_use,21.51
1403,2027-01-26,login,2.03
1403,2027-01-10,upgrade,15.58
1403,2027-02-04,feature_use,5.42
1403,2026-11-03,cancel,12.1
1403,2026-09-25,cancel,1.17
1404,2026-07-17,cancel,14.93
1404,2026-06-23,cancel,21.67
1404,2026-09-14,login,29.0
1404,2026-09-22,cancel,2.65
1404,2026-05-15,login,28.46
1404,2026-06-11,upgrade,17.56
1404,2026-05-23,cancel,25.09
1404,2026-07-09,login,26.53
1404,2026-08-10,cancel,3.62
1404,2026-09-13,feature_use,4.53
1404,2026-06-03,cancel,19.96
1404,2026-09-28,login,2.41
1404,2026-06-13,cancel,22.95
1404,2026-09-15,cancel,19.93
1404,2026-06-01,cancel,27.37
1404,2026-08-08,feature_use,14.93
1404,2026-07-23,login,28.79
1404,2026-10-05,cancel,6.13
1404,2026-06-04,cancel,23.9
1404,2026-08-28,feature_use,13.16
1404,2026-06-18,login,8.71
1404,2026-08-10,cancel,29.71
1404,2026-06-22,cancel,19.9
1404,2026-07-17,cancel,2.3
1404,2026-06-24,login,22.51
1405,2026-12-05,upgrade,6.29
1405,2026-11-19,login,28.83
1405,2027-02-13,feature_use,23.87
1405,2026-12-12,upgrade,9.46
1405,2027-02-07,cancel,6.8
1405,2026-09-15,cancel,20.48
1405,2027-01-18,login,19.32
1405,2026-11-02,login,9.56
1405,2026-12-30,cancel,20.41
1405,2026-12-11,cancel,25.32
1405,2026-10-27,feature_use,27.48
1405,2027-02-06,login,19.41
1405,2027-01-26,upgrade,22.91
1405,2026-11-28,feature_use,4.13
1405,2027-01-28,feature_use,18.85
1405,2027-01-22,upgrade,17.05
1405,2026-10-04,upgrade,14.64
1405,2027-01-24,login,18.74
1405,2026-12-31,login,12.47
1405,2026-10-14,cancel,28.14
1405,2026-12-21,login,22.11
1405,2026-12-14,login,17.0
1405,2026-10-06,upgrade,22.11
1405,2026-10-21,upgrade,10.79
1405,2027-01-23,cancel,28.78
1405,2027-01-18,cancel,26.82
1405,2026-11-14,feature_use,4.36
1405,2026-12-24,cancel,20.23
1406,2026-12-29,feature_use,22.91
1406,2026-09-26,login,26.89
1406,2026-12-23,cancel,13.06
1406,2026-09-30,feature_use,5.6
1406,2027-01-19,feature_use,20.94
1406,2026-09-16,upgrade,1.57
1406,2026-09-06,upgrade,19.79
1406,2026-07-30,upgrade,19.51
1406,2026-08-22,upgrade,9.01
1406,2026-12-30,cancel,2.4
1406,2026-11-28,cancel,27.85
1406,2026-08-01,upgrade,1.4
1406,2026-09-05,cancel,5.69
1406,2026-08-05,upgrade,3.98
1406,2026-08-25,login,2.03
1406,2026-12-23,feature_use,6.37
1406,2026-12-04,cancel,18.78
1406,2026-12-16,login,22.06
1407,2026-05-23,login,26.13
1407,2026-07-12,login,12.03
1407,2026-04-25,upgrade,16.99
1407,2026-03-30,upgrade,17.66
1407,2026-03-26,upgrade,15.03
1407,2026-07-03,upgrade,28.15
1407,2026-04-04,cancel,7.07
1407,2026-08-02,feature_use,27.19
1407,2026-08-02,cancel,26.62
1407,2026-04-11,cancel,25.09
1407,2026-03-22,upgrade,20.32
1407,2026-04-18,login,22.65
1407,2026-05-23,upgrade,17.14
1407,2026-08-02,upgrade,29.1
1407,2026-06-10,feature_use,23.28
1407,2026-05-07,feature_use,3.54
1407,2026-06-27,feature_use,13.5
1407,2026-09-02,login,29.85
1407,2026-07-11,cancel,11.94
1407,2026-07-31,feature_use,1.09
1407,2026-04-02,upgrade,14.23
1408,2026-09-11,upgrade,15.89
1408,2026-06-08,login,29.78
1408,2026-10-03,login,20.0
1408,2026-09-06,upgrade,27.8
1408,2026-06-18,upgrade,13.03
1408,2026-07-11,feature_use,10.43
1408,2026-05-27,feature_use,16.09
1408,2026-08-22,feature_use,27.94
1408,2026-05-10,upgrade,18.73
1408,2026-09-29,upgrade,4.65
1408,2026-05-24,cancel,12.02
1408,2026-08-25,upgrade,14.7
1408,2026-07-25,feature_use,13.6
1408,2026-06-10,login,9.24
1408,2026-05-11,login,11.44
1408,2026-06-03,login,23.18
1408,2026-07-05,cancel,7.43
1408,2026-05-27,login,26.3
1408,2026-09-02,login,7.84
1408,2026-08-23,upgrade,16.87
1408,2026-09-29,cancel,17.13
1408,2026-05-25,cancel,14.95
1408,2026-04-29,feature_use,22.96
1409,2026-07-23,login,29.64
1409,2026-10-21,upgrade,5.95
1409,2026-12-21,upgrade,15.02
1409,2026-09-23,login,5.7
1409,2026-08-15,login,3.07
1409,2026-09-19,login,13.05
1409,2026-08-30,upgrade,24.08
1409,2026-07-08,login,3.19
1409,2026-08-30,upgrade,21.06
1409,2026-09-08,upgrade,20.25
1409,2026-07-19,upgrade,21.43
1409,2026-09-06,cancel,20.32
1409,2026-10-26,upgrade,12.65
1409,2026-10-27,login,17.1
1409,2026-12-18,feature_use,20.5
1409,2026-07-27,feature_use,11.01
1409,2026-08-14,login,25.97
1409,2026-07-12,cancel,27.5
1409,2026-08-06,upgrade,5.11
1409,2026-12-17,cancel,21.68
1409,2026-08-31,cancel,28.8
1409,2026-09-28,feature_use,6.74
1409,2026-12-04,login,24.09
1409,2026-12-03,upgrade,29.17
1410,2026-10-24,upgrade,20.18
1410,2026-10-26,feature_use,4.72
1410,2026-06-17,cancel,4.02
1410,2026-06-26,cancel,3.87
1410,2026-09-19,upgrade,22.65
1410,2026-09-16,upgrade,13.65
1410,2026-11-21,feature_use,16.86
1410,2026-08-17,login,2.53
1411,2026-09-23,cancel,3.19
1411,2026-09-22,feature_use,11.25
1411,2026-07-19,upgrade,14.6
1411,2026-10-20,feature_use,18.49
1411,2026-09-05,feature_use,1.33
1411,2026-08-24,feature_use,13.34
1411,2026-07-26,login,17.0
1411,2026-06-10,feature_use,28.67
1411,2026-06-20,upgrade,19.97
1411,2026-07-12,feature_use,14.06
1412,2026-12-18,upgrade,29.55
1412,2026-08-28,cancel,27.64
1412,2026-09-06,cancel,29.23
1412,2027-01-09,login,15.06
1412,2026-12-03,upgrade,14.78
1412,2026-12-31,upgrade,21.17
1412,2026-12-18,cancel,12.22
1412,2026-12-29,feature_use,20.23
1412,2027-01-13,cancel,13.72
1412,2026-12-19,feature_use,23.3
1412,2026-11-28,cancel,10.22
1412,2026-10-12,login,12.35
1412,2026-11-26,login,4.15
1412,2026-08-15,login,2.24
1412,2026-10-21,login,4.65
1412,2026-09-20,upgrade,10.04
1412,2026-10-13,feature_use,15.1
1412,2026-08-09,upgrade,17.3
1413,2026-10-01,feature_use,27.05
1413,2026-08-10,feature_use,3.44
1413,2026-05-09,login,8.84
1413,2026-04-29,cancel,16.5
1413,2026-09-22,login,15.37
1413,2026-08-30,cancel,23.54
1413,2026-06-03,login,19.95
1413,2026-09-20,login,28.24
1413,2026-09-25,feature_use,14.68
1413,2026-05-10,feature_use,1.38
1413,2026-05-17,feature_use,17.62
1413,2026-04-12,cancel,22.41
1413,2026-07-20,login,1.66
1413,2026-07-31,upgrade,24.54
1413,2026-09-04,feature_use,13.83
1413,2026-05-24,feature_use,8.61
1413,2026-06-29,upgrade,13.62
1413,2026-09-16,login,22.69
1413,2026-04-09,login,25.77
1413,2026-08-22,upgrade,15.51
1413,2026-08-01,cancel,14.17
1413,2026-05-24,cancel,21.03
1413,2026-05-30,upgrade,21.2
1413,2026-06-16,cancel,4.89
1413,2026-07-13,login,3.88
1414,2026-07-30,login,18.89
1414,2026-07-27,feature_use,9.82
1414,2026-07-19,login,20.19
1414,2026-07-16,feature_use,23.15
1414,2026-05-24,cancel,7.95
1414,2026-06-21,upgrade,14.39
1414,2026-06-07,feature_use,13.01
1414,2026-06-16,login,11.74
1414,2026-09-14,login,6.08
1414,2026-07-01,login,12.05
1414,2026-08-12,feature_use,23.21
1414,2026-06-03,login,15.04
1414,2026-10-08,login,27.68
1414,2026-10-20,cancel,25.55
1414,2026-06-28,feature_use,22.73
1414,2026-06-26,cancel,7.41
1415,2026-12-01,feature_use,11.39
1415,2026-08-16,upgrade,8.72
1415,2026-11-21,feature_use,12.72
1415,2026-10-25,upgrade,17.44
1415,2026-12-17,feature_use,26.15
1415,2026-12-13,login,26.14
1415,2026-10-08,login,3.77
1415,2026-11-07,login,11.5
1415,2026-12-20,feature_use,21.56
1415,2026-09-09,login,14.92
1415,2026-12-08,upgrade,25.93
1415,2026-10-20,feature_use,15.73
1415,2026-12-09,upgrade,19.45
1415,2026-11-13,upgrade,2.57
1415,2026-08-15,feature_use,8.95
1415,2026-08-25,upgrade,23.37
1415,2026-09-17,upgrade,11.32
1415,2026-09-09,upgrade,18.3
1415,2026-12-31,login,20.37
1415,2026-12-28,upgrade,15.99
1415,2026-11-22,upgrade,17.79
1415,2026-08-18,cancel,22.48
1415,2026-08-10,upgrade,28.43
1415,2026-09-06,cancel,22.24
1415,2026-10-28,cancel,17.83
1415,2026-11-23,cancel,11.27
1415,2026-09-01,upgrade,17.4
1415,2026-11-30,login,20.98
1415,2026-10-31,cancel,2.92
1416,2026-07-10,cancel,28.51
1416,2026-06-05,feature_use,23.42
1416,2026-04-30,upgrade,24.02
1416,2026-09-13,upgrade,18.52
1416,2026-06-26,cancel,24.59
1416,2026-09-09,cancel,26.72
1416,2026-06-25,feature_use,3.41
1416,2026-09-04,login,5.47
1416,2026-08-19,login,22.17
1416,2026-08-21,feature_use,11.48
1416,2026-09-01,cancel,3.59
1416,2026-09-04,feature_use,13.4
1416,2026-08-04,upgrade,29.7
1416,2026-05-25,login,13.81
1416,2026-04-29,cancel,26.31
1416,2026-08-13,cancel,26.52
1416,2026-09-26,upgrade,27.98
1416,2026-05-16,login,29.89
1416,2026-07-17,cancel,18.33
1416,2026-07-31,upgrade,24.93
1416,2026-08-11,cancel,7.1
1416,2026-09-01,upgrade,19.12
1416,2026-08-20,upgrade,24.55
1416,2026-05-31,login,5.65
1416,2026-07-09,cancel,15.54
1417,2026-05-17,login,21.89
1417,2026-05-18,login,10.32
1417,2026-04-27,upgrade,24.62
1417,2026-04-23,cancel,2.09
1417,2026-07-25,cancel,27.59
1417,2026-06-21,feature_use,7.32
1417,2026-04-05,login,6.59
1417,2026-03-10,upgrade,23.45
1417,2026-06-08,feature_use,8.82
1417,2026-07-20,feature_use,29.39
1417,2026-04-06,cancel,6.21
1417,2026-06-08,feature_use,11.79
1417,2026-04-26,feature_use,5.0
1417,2026-03-15,upgrade,27.37
1417,2026-07-11,cancel,19.09
1417,2026-07-24,cancel,24.49
1417,2026-05-13,upgrade,10.03
1417,2026-01-28,cancel,17.14
1417,2026-02-14,login,25.34
1417,2026-02-01,cancel,8.13
1417,2026-05-14,feature_use,4.42
1417,2026-03-25,login,7.66
1418,2027-01-26,cancel,23.37
1418,2027-02-19,cancel,1.08
1418,2026-12-25,login,26.97
1418,2027-01-22,feature_use,16.09
1418,2026-11-26,upgrade,11.63
1418,2027-01-27,upgrade,3.68
1418,2027-01-10,login,2.79
1418,2026-11-09,feature_use,1.92
1418,2027-01-21,feature_use,4.61
1418,2026-12-11,login,23.09
1418,2026-09-15,cancel,28.88
1418,2026-12-22,login,29.87
1418,2026-11-12,login,16.96
1418,2026-09-24,login,29.68
1418,2026-11-07,feature_use,10.02
1418,2026-11-11,feature_use,7.79
1418,2026-11-05,feature_use,5.35
1419,2026-08-24,login,24.84
1419,2027-01-19,cancel,6.81
1419,2027-01-13,upgrade,2.68
1419,2027-01-19,cancel,25.99
1419,2026-07-31,login,2.68
1419,2026-11-20,upgrade,15.0
1419,2026-08-24,login,21.37
1419,2026-11-06,upgrade,11.54
1419,2026-07-30,login,16.08
1419,2026-12-14,cancel,10.56
1419,2026-08-01,upgrade,22.91
1419,2026-09-01,upgrade,21.8
1419,2026-11-16,upgrade,2.89
1419,2026-09-18,login,20.77
1419,2026-10-21,feature_use,29.89
1419,2026-08-05,feature_use,5.73
1419,2026-10-26,upgrade,23.51
1419,2026-09-11,login,14.93
1419,2026-11-12,feature_use,9.83
1419,2026-07-28,cancel,26.22
1419,2027-01-11,feature_use,1.46
1419,2026-12-02,login,2.51
1420,2026-02-24,login,18.27
1420,2026-04-27,upgrade,11.49
1420,2026-02-23,login,19.41
1420,2026-04-04,cancel,26.9
1420,2026-03-27,upgrade,20.23
1420,2026-06-19,upgrade,8.02
1420,2026-05-04,upgrade,29.09
1420,2026-03-04,cancel,8.22
1420,2026-05-26,upgrade,20.61
1421,2026-07-04,login,14.11
1421,2026-08-17,upgrade,3.01
1421,2026-08-13,login,13.26
1421,2026-11-15,upgrade,22.94
1421,2026-06-21,upgrade,15.47
1421,2026-11-13,cancel,3.9
1421,2026-08-21,cancel,29.18
1421,2026-11-26,cancel,19.17
1421,2026-08-19,cancel,28.66
1421,2026-07-23,upgrade,7.71
1421,2026-10-22,upgrade,14.63
1421,2026-06-22,upgrade,6.56
1421,2026-08-05,upgrade,8.67
1421,2026-11-17,login,15.35
1421,2026-12-13,feature_use,7.23
1421,2026-07-12,cancel,11.54
1421,2026-09-15,login,3.88
1421,2026-09-23,login,5.72
1421,2026-07-02,upgrade,7.41
1421,2026-11-30,cancel,13.84
1422,2026-06-01,cancel,5.07
1422,2026-06-27,cancel,6.89
1422,2026-07-06,cancel,21.63
1422,2026-05-17,cancel,18.56
1422,2026-04-24,cancel,26.94
1422,2026-04-20,login,23.71
1422,2026-07-17,upgrade,2.71
1422,2026-03-15,cancel,2.72
1422,2026-04-14,feature_use,21.11
1422,2026-04-25,login,2.25
1422,2026-07-29,feature_use,2.09
1422,2026-04-11,cancel,14.13
1422,2026-06-22,login,22.99
1422,2026-07-03,upgrade,2.44
1422,2026-05-06,cancel,10.5
1422,2026-06-25,feature_use,19.19
1422,2026-08-01,login,17.05
1422,2026-04-22,feature_use,16.48
1422,2026-03-22,upgrade,17.34
1422,2026-03-21,login,5.72
1422,2026-03-11,cancel,23.3
1422,2026-08-04,cancel,6.33
1422,2026-05-01,cancel,4.39
1422,2026-08-14,feature_use,21.71
1422,2026-04-15,upgrade,17.97
1423,2026-11-20,cancel,14.38
1423,2027-03-04,feature_use,16.41
1423,2026-10-14,login,20.5
1423,2026-10-16,login,9.31
1423,2027-01-23,login,18.92
1423,2026-11-21,feature_use,6.3
1423,2026-11-04,upgrade,4.87
1423,2027-03-26,upgrade,22.26
1423,2026-11-10,upgrade,5.76
1423,2026-10-24,login,26.44
1423,2026-11-06,login,29.61
1423,2027-03-27,feature_use,12.03
1423,2027-02-05,upgrade,4.76
1423,2026-11-30,cancel,17.01
1423,2026-10-27,upgrade,22.34
1423,2027-02-27,login,21.37
1424,2026-06-22,feature_use,9.21
1424,2026-05-06,upgrade,24.05
1424,2026-07-16,cancel,9.96
1424,2026-05-04,login,14.17
1424,2026-07-26,cancel,17.68
1424,2026-07-07,cancel,2.81
1424,2026-04-23,cancel,20.67
1424,2026-04-19,upgrade,20.89
1424,2026-04-05,cancel,15.17
1424,2026-04-02,upgrade,10.15
1424,2026-08-18,feature_use,22.95
1424,2026-07-18,cancel,22.07
1424,2026-04-06,cancel,7.21
1425,2026-09-06,feature_use,13.18
1425,2027-01-14,upgrade,8.24
1425,2026-11-05,feature_use,28.66
1425,2026-12-14,cancel,20.01
1425,2027-02-02,upgrade,17.28
1425,2026-12-09,feature_use,5.09
1425,2026-11-08,login,4.86
1425,2027-01-18,cancel,11.99
1426,2026-07-30,cancel,21.16
1426,2026-09-20,upgrade,15.06
1426,2027-01-10,feature_use,3.73
1426,2026-10-29,feature_use,20.53
1426,2027-01-12,cancel,8.22
1427,2027-01-29,cancel,21.14
1427,2027-02-25,upgrade,25.78
1427,2027-05-05,feature_use,27.17
1427,2027-04-11,cancel,22.23
1427,2026-12-28,cancel,2.01
1427,2027-04-01,upgrade,21.14
1427,2027-04-02,login,22.21
1427,2027-03-30,cancel,8.66
1427,2027-01-29,cancel,6.29
1427,2026-12-12,cancel,5.41
1427,2027-06-02,cancel,8.23
1427,2027-01-19,feature_use,13.16
1427,2027-01-16,cancel,5.13
1427,2027-03-14,login,7.36
1427,2026-12-27,cancel,9.3
1427,2027-04-15,feature_use,23.33
1427,2027-01-04,feature_use,1.67
1427,2027-03-15,login,25.86
1428,2026-05-28,login,25.05
1428,2026-06-20,login,12.28
1428,2026-05-27,login,21.69
1428,2026-07-12,login,26.04
1428,2026-10-09,feature_use,23.47
1428,2026-05-20,upgrade,12.73
1428,2026-08-04,cancel,28.54
1428,2026-09-06,upgrade,19.11
1428,2026-07-28,feature_use,2.06
1428,2026-09-11,feature_use,1.81
1428,2026-09-12,upgrade,8.37
1428,2026-05-29,login,29.77
1428,2026-07-29,login,27.38
1428,2026-09-07,feature_use,25.38
1428,2026-09-05,upgrade,9.18
1428,2026-05-04,cancel,13.67
1428,2026-07-01,feature_use,16.92
1428,2026-05-21,upgrade,1.91
1428,2026-06-01,upgrade,20.47
1428,2026-08-20,feature_use,1.01
1428,2026-07-19,login,21.12
1428,2026-07-06,feature_use,2.69
1428,2026-05-11,cancel,10.66
1429,2026-05-09,login,3.98
1429,2026-06-24,cancel,17.1
1429,2026-03-26,login,2.04
1429,2026-02-28,upgrade,2.58
1429,2026-04-28,login,19.19
1430,2026-09-03,cancel,14.17
1430,2026-04-20,cancel,21.27
1430,2026-03-25,upgrade,4.15
1430,2026-04-04,feature_use,17.54
1430,2026-07-21,cancel,2.48
1430,2026-05-15,upgrade,5.6
1430,2026-07-09,cancel,12.58
1430,2026-06-02,cancel,21.69
1430,2026-06-08,upgrade,15.68
1430,2026-04-24,cancel,28.95
1430,2026-09-03,login,3.39
1430,2026-09-16,upgrade,20.41
1430,2026-08-27,upgrade,29.14
1430,2026-06-30,feature_use,5.59
1430,2026-09-15,cancel,12.65
1430,2026-08-23,feature_use,28.91
1430,2026-04-08,feature_use,8.94
1430,2026-06-10,upgrade,10.67
1430,2026-05-30,feature_use,20.5
1430,2026-08-03,feature_use,26.33
1430,2026-08-29,upgrade,5.89
1430,2026-04-17,login,13.11
1430,2026-04-07,cancel,22.73
1430,2026-06-07,login,23.65
1431,2026-06-29,login,17.9
1431,2026-09-18,login,24.7
1431,2026-07-18,cancel,5.85
1431,2026-06-08,login,14.82
1431,2026-07-28,upgrade,6.22
1431,2026-07-29,feature_use,10.26
1431,2026-07-18,cancel,22.51
1431,2026-05-12,login,19.69
1431,2026-09-30,feature_use,26.3
1431,2026-10-02,login,7.11
1431,2026-08-12,cancel,4.05
1431,2026-10-20,login,8.69
1431,2026-06-10,feature_use,8.94
1431,2026-08-15,upgrade,27.44
1431,2026-07-28,upgrade,21.53
1431,2026-08-07,feature_use,1.31
1431,2026-07-25,upgrade,2.05
1431,2026-08-17,upgrade,28.85
1431,2026-06-27,feature_use,1.45
1431,2026-05-03,upgrade,23.21
1431,2026-09-02,login,8.47
1431,2026-07-23,feature_use,8.76
1432,2027-03-25,upgrade,3.22
1432,2026-12-13,feature_use,5.36
1432,2027-03-24,feature_use,17.01
1432,2027-03-18,upgrade,12.22
1432,2027-01-27,cancel,25.04
1432,2027-02-18,cancel,17.63
1432,2027-05-03,login,17.69
1432,2027-03-14,upgrade,3.19
1432,2027-01-12,upgrade,16.17
1432,2027-05-26,feature_use,11.09
1432,2027-02-09,login,18.4
1432,2027-05-05,upgrade,21.49
1432,2027-05-27,cancel,6.22
1432,2027-04-15,cancel,22.31
1432,2027-03-04,feature_use,4.12
1432,2027-05-29,cancel,3.92
1432,2027-01-21,login,14.73
1432,2027-05-20,cancel,5.7
1433,2026-07-17,cancel,16.94
1433,2026-11-15,login,5.75
1433,2026-10-15,cancel,24.7
1433,2026-07-12,login,11.34
1433,2026-08-21,login,25.42
1433,2026-07-19,login,16.92
1433,2026-10-09,feature_use,6.97
1433,2026-10-26,login,28.38
1433,2026-07-26,login,23.01
1433,2026-11-11,login,5.99
1434,2026-06-13,login,11.36
1434,2026-05-03,cancel,4.81
1434,2026-06-27,login,6.41
1434,2026-03-19,upgrade,20.12
1434,2026-02-23,cancel,20.53
1435,2026-11-21,cancel,3.03
1435,2026-11-21,upgrade,12.84
1435,2026-07-30,feature_use,25.98
1435,2026-08-01,feature_use,28.52
1435,2026-11-07,upgrade,25.41
1435,2026-12-17,cancel,29.65
1435,2026-09-08,upgrade,2.42
1435,2026-09-22,feature_use,22.21
1435,2026-12-21,feature_use,1.33
1435,2026-08-06,login,13.61
1435,2026-08-26,feature_use,10.18
1435,2026-09-24,feature_use,19.64
1435,2026-07-23,login,1.69
1435,2026-12-05,upgrade,22.06
1436,2026-11-07,upgrade,5.94
1436,2027-04-01,feature_use,14.71
1436,2026-11-24,login,28.2
1436,2027-02-06,feature_use,13.03
1436,2027-04-22,login,18.85
1436,2026-11-22,login,1.43
1436,2027-01-27,feature_use,19.3
1436,2026-11-26,upgrade,6.32
1436,2027-01-20,feature_use,18.39
1436,2026-12-18,login,22.9
1436,2027-03-14,cancel,19.16
1436,2026-12-15,upgrade,29.99
1436,2026-11-06,cancel,16.52
1436,2027-03-04,feature_use,24.46
1436,2027-02-28,upgrade,12.55
1436,2027-03-11,feature_use,14.85
1436,2026-11-21,feature_use,10.36
1436,2026-11-30,login,19.54
1436,2027-02-15,feature_use,19.31
1436,2027-04-30,feature_use,1.43
1436,2027-03-15,upgrade,23.68
1436,2027-03-20,upgrade,28.88
1436,2027-03-29,login,16.4
1437,2027-01-11,upgrade,13.92
1437,2026-12-01,cancel,24.88
1437,2026-08-20,cancel,11.1
1437,2026-11-17,feature_use,15.74
1437,2026-10-18,feature_use,15.83
1437,2026-10-11,upgrade,1.21
1437,2026-08-06,login,12.03
1437,2026-11-15,cancel,18.94
1437,2026-08-27,cancel,14.12
1437,2026-12-29,login,27.59
1437,2027-01-16,upgrade,18.4
1437,2026-09-02,cancel,22.66
1437,2026-09-20,feature_use,29.01
1437,2026-09-09,cancel,21.84
1437,2027-01-02,feature_use,28.33
1437,2027-01-07,feature_use,8.48
1437,2026-09-09,login,1.85
1437,2026-08-09,upgrade,26.67
1437,2026-12-12,cancel,27.58
1437,2026-12-25,upgrade,24.15
1437,2026-12-08,cancel,19.24
1437,2026-09-11,feature_use,17.93
1437,2026-08-27,upgrade,12.45
1437,2026-09-09,feature_use,19.87
1437,2026-12-20,cancel,20.58
1437,2026-08-13,login,26.73
1437,2026-09-23,upgrade,2.05
1437,2026-10-04,login,11.91
1437,2026-08-02,upgrade,23.6
1438,2026-11-17,cancel,27.6
1438,2027-03-02,login,17.8
1438,2027-04-09,cancel,26.91
1438,2027-02-22,upgrade,25.16
1438,2026-10-29,feature_use,23.55
1438,2026-10-26,feature_use,16.02
1438,2026-12-06,cancel,25.4
1438,2026-11-25,cancel,14.82
1438,2027-01-27,feature_use,29.49
1438,2027-02-01,login,22.37
1438,2026-12-19,feature_use,14.73
1438,2027-01-03,cancel,11.27
1438,2027-02-04,cancel,28.03
1438,2027-04-09,login,9.35
1438,2027-01-17,upgrade,28.66
1439,2027-01-20,upgrade,9.64
1439,2026-11-25,cancel,5.88
1439,2027-02-08,feature_use,22.65
1439,2027-03-25,login,11.54
1439,2026-11-28,upgrade,28.79
1440,2026-07-20,cancel,28.6
1440,2026-05-18,cancel,20.51
1440,2026-03-08,cancel,19.27
1440,2026-07-16,cancel,18.49
1440,2026-07-18,login,28.91
1440,2026-04-08,feature_use,27.96
1440,2026-06-24,cancel,15.34
1440,2026-04-19,feature_use,29.18
1440,2026-06-17,cancel,13.28
1440,2026-05-23,feature_use,20.65
1440,2026-05-09,login,1.05
1440,2026-04-01,feature_use,27.59
1440,2026-06-02,feature_use,21.02
1440,2026-07-04,login,6.15
1440,2026-05-20,login,7.87
1440,2026-06-29,upgrade,15.4
1440,2026-03-31,login,24.64
1440,2026-08-14,login,14.31
1440,2026-03-05,upgrade,14.08
1440,2026-04-19,upgrade,25.32
1440,2026-05-25,login,15.11
1440,2026-05-20,cancel,10.98
1440,2026-07-25,login,22.21
1441,2027-04-27,cancel,15.41
1441,2027-01-09,login,9.35
1441,2026-12-03,feature_use,10.72
1441,2027-05-28,feature_use,5.45
1441,2027-04-13,login,23.27
1441,2027-01-07,upgrade,21.38
1441,2027-04-03,login,18.5
1441,2027-03-22,cancel,23.6
1441,2026-12-13,feature_use,25.49
1441,2026-12-03,cancel,5.5
1441,2027-02-27,feature_use,28.75
1441,2027-01-29,upgrade,24.84
1441,2026-12-27,cancel,1.43
1441,2026-12-19,upgrade,28.35
1441,2027-05-17,cancel,9.6
1441,2027-01-20,login,19.74
1441,2027-01-24,cancel,17.96
1441,2027-02-10,feature_use,13.48
1441,2027-02-25,upgrade,2.27
1441,2026-12-22,upgrade,21.6
1441,2027-03-07,cancel,9.85
1441,2026-12-19,feature_use,11.23
1441,2027-01-17,feature_use,29.2
1442,2026-10-19,login,14.89
1442,2026-08-06,feature_use,29.41
1442,2026-09-19,feature_use,18.18
1442,2026-09-03,feature_use,27.24
1442,2026-10-24,cancel,2.01
1442,2026-09-03,cancel,10.83
1442,2026-07-07,login,18.25
1442,2026-08-23,login,29.1
1442,2026-08-06,cancel,7.5
1442,2026-06-17,cancel,25.66
1442,2026-06-13,cancel,23.21
1442,2026-12-05,login,26.56
1442,2026-09-16,login,12.62
1443,2026-04-21,upgrade,18.59
1443,2026-04-16,feature_use,25.99
1443,2026-06-08,feature_use,7.24
1443,2026-07-28,cancel,13.2
1443,2026-09-05,upgrade,4.84
1443,2026-06-19,upgrade,27.4
1443,2026-04-24,cancel,13.2
1443,2026-07-12,login,25.43
1443,2026-10-02,cancel,17.3
1443,2026-08-28,feature_use,4.65
1443,2026-05-18,login,12.21
1443,2026-09-19,upgrade,11.29
1443,2026-05-14,login,13.13
1443,2026-08-22,feature_use,20.07
1443,2026-07-09,login,4.56
1443,2026-08-01,cancel,28.91
1443,2026-05-06,cancel,13.0
1443,2026-08-15,login,11.02
1443,2026-10-05,cancel,8.87
1443,2026-04-22,feature_use,13.46
1443,2026-08-15,upgrade,21.27
1443,2026-07-03,feature_use,16.25
1444,2027-05-02,upgrade,27.84
1444,2027-03-03,login,2.06
1444,2027-04-17,login,1.14
1444,2027-03-12,feature_use,9.1
1444,2027-02-16,cancel,26.54
1444,2027-02-24,feature_use,23.24
1444,2027-01-30,feature_use,24.12
1444,2027-01-23,cancel,13.65
1444,2027-01-14,upgrade,23.39
1444,2027-05-11,feature_use,4.72
1444,2027-03-25,login,14.66
1444,2027-04-02,login,23.17
1444,2027-03-25,upgrade,1.97
1444,2027-06-02,login,29.61
1444,2027-03-01,login,9.22
1444,2027-04-13,upgrade,2.08
1444,2027-05-14,cancel,6.72
1445,2027-01-02,feature_use,22.87
1445,2026-08-05,feature_use,26.5
1445,2026-11-26,login,23.67
1445,2027-01-20,upgrade,10.54
1445,2027-01-31,cancel,16.78
1445,2026-09-15,cancel,18.76
1445,2027-01-16,feature_use,16.57
1445,2026-09-20,cancel,23.08
1445,2026-12-12,cancel,14.76
1445,2026-10-13,cancel,17.53
1445,2026-09-11,login,23.32
1445,2026-10-23,upgrade,11.45
1445,2027-01-25,cancel,28.12
1445,2026-09-27,cancel,27.83
1445,2026-09-11,cancel,10.83
1445,2026-11-05,upgrade,21.72
1445,2026-08-13,login,11.9
1445,2026-08-09,feature_use,4.33
1445,2027-01-14,login,13.82
1445,2026-08-26,login,5.32
1445,2026-09-19,login,9.95
1445,2027-01-12,cancel,16.08
1445,2026-08-14,login,4.67
1445,2026-10-20,login,1.36
1445,2026-11-09,cancel,23.57
1445,2026-11-18,cancel,2.41
1445,2026-12-27,cancel,28.33
1445,2026-12-02,feature_use,1.29
1445,2026-09-29,login,4.67
1446,2026-04-11,upgrade,22.62
1446,2026-05-20,feature_use,13.37
1446,2026-07-22,login,18.81
1446,2026-03-22,upgrade,3.43
1446,2026-03-25,login,18.53
1446,2026-07-02,cancel,21.51
1446,2026-04-25,upgrade,15.03
1446,2026-06-19,login,27.37
1446,2026-07-09,login,22.49
1446,2026-03-14,upgrade,17.33
1446,2026-05-25,upgrade,15.85
1446,2026-04-22,login,13.87
1446,2026-07-27,cancel,21.02
1446,2026-02-24,login,7.03
1446,2026-07-23,upgrade,22.74
1446,2026-06-13,cancel,17.69
1446,2026-08-03,cancel,3.95
1447,2026-11-19,cancel,10.38
1447,2026-12-02,upgrade,6.59
1447,2026-10-02,feature_use,4.03
1447,2026-09-08,cancel,4.11
1447,2026-11-22,feature_use,6.85
1447,2026-10-07,cancel,21.87
1447,2026-10-26,feature_use,10.82
1447,2027-01-21,cancel,17.37
1447,2026-10-07,login,12.74
1447,2026-11-27,upgrade,18.98
1447,2027-02-16,cancel,6.17
1447,2026-10-13,upgrade,13.23
1447,2026-11-16,login,26.46
1447,2027-02-18,login,3.96
1447,2026-12-29,login,4.42
1448,2026-11-22,login,9.99
1448,2026-06-18,login,7.89
1448,2026-08-27,upgrade,12.25
1448,2026-09-11,login,8.22
1448,2026-09-24,login,24.82
1448,2026-06-17,cancel,6.64
1448,2026-09-04,login,23.61
1448,2026-11-26,login,24.88
1448,2026-06-21,login,17.84
1448,2026-10-18,feature_use,26.44
1448,2026-06-13,cancel,29.42
1448,2026-08-09,upgrade,9.24
1448,2026-07-21,feature_use,21.99
1448,2026-06-26,cancel,28.49
1448,2026-06-03,upgrade,26.87
1449,2026-07-24,upgrade,14.38
1449,2026-06-05,feature_use,6.07
1449,2026-08-11,login,17.95
1449,2026-10-03,upgrade,23.08
1449,2026-10-04,login,8.61
1449,2026-10-28,cancel,24.77
1449,2026-08-02,upgrade,16.81
1449,2026-08-02,feature_use,20.66
1449,2026-08-05,upgrade,27.38
1449,2026-05-23,feature_use,1.72
1449,2026-08-29,upgrade,23.62
1450,2026-09-20,cancel,6.53
1450,2026-10-04,upgrade,26.0
1450,2026-12-19,login,22.13
1450,2027-03-10,feature_use,8.14
1450,2026-10-11,login,16.38
1450,2026-10-23,upgrade,27.38
1450,2027-01-12,login,18.93
1450,2027-01-18,cancel,6.89
1450,2027-03-06,cancel,12.34
1450,2026-10-05,upgrade,28.66
1450,2026-11-20,feature_use,29.4
1450,2026-11-10,login,20.56
1450,2026-10-17,upgrade,6.57
1450,2026-10-29,login,10.37
1450,2027-03-01,upgrade,15.77
1450,2026-12-28,upgrade,24.62
1450,2027-01-11,login,10.01
1450,2026-10-25,cancel,10.71
1451,2026-08-27,upgrade,26.31
1451,2026-09-24,upgrade,10.21
1451,2027-01-09,cancel,16.79
1451,2026-12-01,feature_use,25.1
1451,2026-08-15,cancel,15.55
1451,2026-12-18,feature_use,15.12
1451,2026-12-04,cancel,7.08
1451,2026-09-23,feature_use,3.45
1451,2026-12-13,upgrade,2.06
1451,2026-10-13,feature_use,23.76
1451,2026-10-24,cancel,10.38
1451,2026-12-26,cancel,19.2
1451,2027-01-03,cancel,9.01
1451,2026-12-13,upgrade,5.8
1451,2026-11-25,upgrade,28.11
1451,2026-11-15,login,20.3
1451,2026-11-20,upgrade,12.65
1451,2026-12-05,feature_use,15.21
1452,2027-03-14,login,2.84
1452,2027-03-27,cancel,14.91
1452,2027-02-09,cancel,28.79
1452,2027-01-06,cancel,26.4
1452,2027-03-15,upgrade,4.85
1452,2027-04-21,login,18.87
1452,2027-05-09,cancel,1.13
1452,2027-02-14,cancel,28.35
1452,2027-03-06,upgrade,12.41
1452,2026-12-18,feature_use,24.31
1452,2027-04-14,login,9.81
1452,2027-04-18,cancel,15.0
1452,2026-12-08,feature_use,15.78
1452,2027-01-17,upgrade,14.2
1452,2027-01-31,feature_use,10.96
1452,2027-04-24,feature_use,29.22
1452,2027-05-11,login,16.27
1452,2027-01-10,cancel,17.3
1452,2027-04-01,login,6.09
1452,2027-03-16,login,9.37
1452,2026-12-30,feature_use,12.28
1452,2027-03-23,cancel,15.22
1452,2027-04-11,feature_use,11.61
1452,2027-01-13,cancel,10.17
1452,2027-01-08,upgrade,29.38
1453,2026-10-28,upgrade,21.33
1453,2026-09-15,upgrade,27.09
1453,2026-11-19,upgrade,16.42
1453,2026-11-20,upgrade,8.5
1453,2026-10-11,upgrade,6.82
1453,2026-11-19,feature_use,8.16
1453,2026-10-11,login,20.01
1453,2027-01-30,cancel,10.22
1453,2026-12-19,upgrade,13.13
1453,2026-08-25,upgrade,14.5
1453,2026-10-12,login,10.51
1453,2026-10-21,feature_use,4.26
1453,2026-10-26,feature_use,15.12
1453,2026-12-28,login,21.35
1454,2026-06-21,login,22.47
1454,2026-09-05,upgrade,18.87
1454,2026-08-30,feature_use,6.7
1454,2026-06-12,upgrade,11.52
1454,2026-08-02,feature_use,13.38
1454,2026-08-10,upgrade,28.0
1454,2026-10-16,feature_use,19.69
1454,2026-08-02,feature_use,29.48
1454,2026-11-20,cancel,8.48
1454,2026-08-10,upgrade,28.27
1454,2026-07-24,login,24.48
1454,2026-08-23,login,15.76
1454,2026-06-30,feature_use,5.01
1454,2026-07-30,upgrade,25.27
1454,2026-11-03,feature_use,18.41
1454,2026-11-20,login,14.0
1454,2026-09-08,login,4.97
1454,2026-07-25,upgrade,21.88
1454,2026-09-26,upgrade,19.07
1454,2026-07-23,login,5.49
1454,2026-08-24,upgrade,28.13
1454,2026-08-02,upgrade,1.62
1454,2026-11-08,upgrade,25.51
1455,2027-02-02,cancel,24.67
1455,2027-03-23,cancel,3.27
1455,2026-12-09,login,25.64
1455,2027-01-07,upgrade,20.57
1455,2026-11-24,upgrade,18.91
1455,2027-05-06,login,27.98
1455,2026-12-24,upgrade,12.1
1455,2026-12-27,upgrade,15.64
1455,2027-05-05,cancel,2.53
1455,2027-03-22,login,25.55
1455,2027-04-05,cancel,20.3
1455,2026-12-22,login,5.88
1455,2026-12-06,login,22.67
1455,2027-01-14,cancel,2.84
1455,2026-12-26,feature_use,5.01
1455,2026-12-24,feature_use,6.74
1455,2027-02-08,login,15.97
1455,2027-04-02,upgrade,23.35
1455,2027-03-14,cancel,4.85
1455,2027-02-27,login,3.25
1455,2027-01-05,login,26.29
1455,2026-12-26,feature_use,28.81
1455,2027-03-30,upgrade,5.33
1455,2027-03-15,login,28.04
1455,2027-04-16,upgrade,28.72
1455,2027-04-08,login,6.58
1456,2026-06-03,feature_use,29.4
1456,2026-07-30,upgrade,19.08
1456,2026-03-13,feature_use,23.79
1456,2026-04-26,cancel,21.22
1456,2026-03-26,feature_use,29.13
1456,2026-04-16,cancel,18.88
1456,2026-05-04,feature_use,14.85
1456,2026-07-15,cancel,6.77
1456,2026-07-24,login,20.38
1456,2026-05-03,cancel,29.49
1456,2026-06-10,upgrade,9.74
1457,2026-11-22,cancel,20.63
1457,2026-12-08,login,5.98
1457,2026-11-23,feature_use,23.41
1457,2027-03-07,cancel,20.38
1457,2027-05-06,login,18.79
1457,2027-01-30,feature_use,19.95
1457,2026-12-12,login,7.47
1457,2026-11-16,login,17.42
1457,2027-04-06,feature_use,25.48
1457,2027-05-02,feature_use,2.1
1457,2027-04-04,upgrade,18.11
1457,2027-01-24,feature_use,16.14
1457,2027-04-22,feature_use,24.72
1457,2026-12-07,login,22.01
1457,2026-11-12,cancel,10.02
1457,2027-01-07,login,18.97
1457,2027-03-26,cancel,18.92
1457,2027-03-11,feature_use,13.85
1457,2027-04-12,cancel,26.1
1457,2026-12-06,login,29.45
1458,2026-11-24,cancel,20.0
1458,2027-03-30,cancel,28.45
1458,2027-01-26,upgrade,5.19
1458,2027-03-12,feature_use,20.71
1458,2027-03-11,login,26.76
1458,2026-12-08,feature_use,27.06
1458,2027-02-06,cancel,7.6
1458,2027-03-19,login,7.92
1458,2026-12-18,cancel,27.52
1458,2026-12-12,upgrade,4.13
1458,2027-05-08,login,10.78
1458,2027-04-10,cancel,21.18
1458,2027-04-30,feature_use,14.42
1458,2027-04-19,login,29.77
1458,2027-02-26,upgrade,15.34
1458,2027-01-05,login,25.01
1458,2026-12-11,cancel,26.41
1458,2027-04-04,feature_use,23.83
1458,2026-11-16,cancel,22.7
1458,2027-01-09,upgrade,5.02
1459,2026-06-08,login,4.18
1459,2026-06-09,upgrade,29.61
1459,2026-07-10,cancel,21.22
1459,2026-08-24,login,21.84
1459,2026-03-07,login,13.05
1459,2026-05-04,feature_use,26.67
1459,2026-08-24,cancel,2.39
1459,2026-03-08,login,2.87
1459,2026-04-15,feature_use,4.54
1459,2026-06-29,feature_use,28.08
1459,2026-05-01,feature_use,2.81
1459,2026-08-24,feature_use,16.2
1459,2026-04-09,login,4.62
1459,2026-07-18,cancel,23.18
1459,2026-05-27,upgrade,5.8
1459,2026-07-23,cancel,16.63
1459,2026-07-25,login,21.22
1459,2026-03-02,feature_use,17.91
1459,2026-05-01,login,29.89
1459,2026-07-01,cancel,12.08
1459,2026-08-17,login,16.84
1460,2026-07-07,cancel,25.9
1460,2026-07-03,upgrade,7.78
1460,2026-03-22,cancel,18.72
1460,2026-06-14,feature_use,6.74
1460,2026-03-22,feature_use,7.62
1460,2026-02-22,feature_use,1.37
1460,2026-03-11,upgrade,25.56
1460,2026-04-18,upgrade,1.32
1460,2026-02-04,feature_use,16.88
1460,2026-05-17,login,23.19
1460,2026-01-30,upgrade,5.15
1460,2026-06-23,upgrade,25.09
1460,2026-05-04,feature_use,3.69
1461,2027-01-28,cancel,24.15
1461,2026-10-16,cancel,19.84
1461,2026-10-17,feature_use,28.53
1461,2026-09-30,feature_use,22.88
1461,2026-11-01,cancel,12.66
1461,2026-11-12,feature_use,12.26
1461,2027-02-03,upgrade,5.51
1461,2027-03-11,upgrade,16.75
1461,2026-11-25,upgrade,10.4
1461,2027-02-02,upgrade,8.89
1461,2027-03-07,login,16.77
1461,2027-02-27,feature_use,3.31
1461,2027-03-07,feature_use,4.23
1461,2027-01-24,cancel,28.04
1461,2026-11-26,upgrade,3.0
1461,2027-02-09,cancel,25.16
1461,2026-11-21,upgrade,19.07
1461,2027-01-22,login,25.96
1461,2026-12-27,login,6.63
1461,2027-01-27,upgrade,7.46
1461,2026-10-21,login,5.23
1461,2026-12-26,login,5.92
1461,2026-11-05,feature_use,28.09
1461,2027-02-17,cancel,9.88
1461,2026-11-30,cancel,19.78
1462,2026-12-08,feature_use,7.9
1462,2026-11-01,feature_use,17.67
1462,2027-01-07,upgrade,2.68
1462,2026-12-28,cancel,9.67
1462,2026-09-19,feature_use,14.61
1462,2026-11-23,login,21.82
1462,2027-01-20,feature_use,27.52
1462,2026-09-01,upgrade,29.11
1462,2026-08-31,login,3.27
1462,2026-09-27,upgrade,13.89
1462,2026-10-24,login,10.37
1462,2026-12-26,upgrade,21.05
1462,2026-10-07,feature_use,15.15
1462,2026-09-13,upgrade,1.54
1462,2026-08-28,upgrade,10.27
1462,2026-10-13,login,21.0
1462,2026-10-08,cancel,15.57
1462,2026-12-24,cancel,7.18
1462,2026-08-16,upgrade,22.09
1462,2026-12-21,login,15.64
1462,2027-01-13,cancel,22.28
1462,2026-12-16,upgrade,26.67
1462,2026-11-10,upgrade,10.18
1462,2027-01-23,upgrade,13.13
1462,2026-08-08,feature_use,9.32
1463,2026-10-11,cancel,12.7
1463,2027-01-03,cancel,8.24
1463,2026-08-12,cancel,3.54
1463,2026-09-13,upgrade,23.14
1463,2026-10-12,upgrade,10.12
1463,2027-01-11,feature_use,4.94
1463,2026-12-23,upgrade,2.37
1463,2026-10-08,login,5.61
1463,2026-09-23,feature_use,25.1
1463,2026-08-09,feature_use,19.66
1463,2026-08-14,upgrade,22.43
1463,2026-09-13,upgrade,21.3
1463,2026-08-26,feature_use,23.92
1463,2026-12-06,login,13.36
1463,2026-08-15,cancel,25.37
1464,2026-05-21,login,4.01
1464,2026-08-26,upgrade,29.0
1464,2026-10-02,upgrade,15.13
1464,2026-05-10,login,19.65
1464,2026-04-30,cancel,5.94
1464,2026-08-13,feature_use,4.89
1464,2026-05-08,cancel,4.89
1464,2026-09-03,cancel,14.12
1464,2026-09-14,cancel,12.93
1464,2026-09-18,feature_use,15.04
1464,2026-08-29,cancel,15.63
1464,2026-06-15,feature_use,22.32
1465,2026-06-03,cancel,14.48
1465,2026-10-28,feature_use,12.13
1465,2026-09-18,login,4.45
1465,2026-05-23,cancel,26.36
1465,2026-05-21,feature_use,11.24
1465,2026-08-04,feature_use,8.56
1465,2026-08-08,feature_use,25.72
1465,2026-10-08,upgrade,10.49
1465,2026-09-08,upgrade,10.39
1465,2026-08-11,feature_use,29.93
1465,2026-07-27,feature_use,20.78
1465,2026-08-16,login,11.75
1465,2026-09-20,login,17.15
1465,2026-09-14,cancel,13.65
1465,2026-10-12,upgrade,17.77
1465,2026-06-15,cancel,16.16
1465,2026-09-24,feature_use,9.03
1465,2026-07-26,cancel,28.48
1465,2026-08-18,feature_use,23.22
1465,2026-09-07,feature_use,16.94
1466,2026-09-27,feature_use,27.69
1466,2026-07-21,upgrade,17.13
1466,2026-09-25,upgrade,26.02
1466,2026-10-04,feature_use,10.65
1466,2026-06-15,cancel,8.34
1466,2026-05-05,cancel,22.28
1466,2026-06-14,feature_use,26.12
1466,2026-07-09,feature_use,26.31
1466,2026-10-27,login,25.6
1466,2026-08-06,cancel,22.94
1466,2026-08-13,feature_use,20.26
1466,2026-05-03,login,7.95
1466,2026-07-26,login,27.36
1466,2026-05-24,cancel,8.54
1466,2026-09-07,upgrade,6.59
1466,2026-08-10,feature_use,15.88
1466,2026-08-08,cancel,19.3
1466,2026-06-26,cancel,16.78
1467,2026-09-28,upgrade,4.07
1467,2026-08-30,upgrade,26.99
1467,2027-01-22,feature_use,5.65
1467,2026-10-27,cancel,12.21
1467,2026-10-03,upgrade,8.71
1467,2026-10-04,cancel,10.99
1467,2026-11-05,feature_use,19.22
1467,2026-11-26,feature_use,1.5
1467,2026-08-25,upgrade,21.02
1467,2027-02-15,upgrade,24.11
1467,2026-11-25,upgrade,4.58
1467,2026-12-13,login,12.35
1467,2026-09-01,login,20.91
1467,2027-02-07,upgrade,6.93
1467,2026-09-19,feature_use,14.03
1467,2027-02-11,login,8.15
1467,2026-11-04,cancel,27.81
1467,2026-11-24,login,14.7
1467,2026-11-20,feature_use,15.01
1467,2026-09-28,feature_use,29.21
1468,2026-11-08,cancel,17.89
1468,2026-09-04,login,24.76
1468,2026-09-02,upgrade,12.27
1468,2026-11-19,upgrade,23.38
1468,2026-08-29,upgrade,20.79
1468,2026-07-02,login,27.71
1468,2026-06-08,feature_use,5.05
1469,2027-01-08,cancel,16.61
1469,2026-08-10,cancel,7.65
1469,2026-09-06,cancel,9.19
1469,2026-11-07,login,13.25
1469,2026-12-06,login,1.29
1469,2026-08-19,login,8.19
1469,2026-11-09,upgrade,2.2
1469,2026-08-12,cancel,7.04
1469,2027-01-18,cancel,12.31
1469,2026-09-06,feature_use,26.09
1469,2026-11-07,login,20.27
1469,2026-12-15,upgrade,9.05
1469,2027-01-19,upgrade,9.54
1469,2026-08-20,cancel,9.61
1469,2026-09-08,cancel,19.58
1469,2026-10-16,cancel,20.92
1470,2027-03-07,feature_use,1.59
1470,2026-12-20,login,17.86
1470,2027-04-29,login,14.89
1470,2026-12-06,upgrade,17.46
1470,2027-02-22,login,19.31
1470,2027-03-31,upgrade,7.71
1470,2027-02-08,upgrade,21.24
1470,2027-02-26,upgrade,28.5
1471,2026-05-22,login,18.61
1471,2026-09-22,upgrade,7.69
1471,2026-05-02,login,1.82
1471,2026-04-20,cancel,25.57
1471,2026-10-11,feature_use,17.21
1471,2026-06-06,cancel,14.15
1471,2026-08-26,cancel,14.78
1471,2026-07-20,cancel,16.21
1471,2026-09-11,cancel,8.53
1472,2026-06-16,cancel,25.56
1472,2026-03-30,feature_use,23.74
1472,2026-02-18,login,4.36
1472,2026-04-21,cancel,26.73
1472,2026-05-16,login,15.79
1472,2026-06-22,upgrade,2.35
1472,2026-01-28,feature_use,20.1
1472,2026-04-09,feature_use,3.9
1472,2026-05-06,cancel,26.36
1472,2026-04-11,login,28.97
1472,2026-06-29,upgrade,10.37
1472,2026-07-01,feature_use,19.34
1472,2026-02-07,login,4.42
1472,2026-01-30,cancel,2.79
1472,2026-05-15,login,15.79
1472,2026-04-09,login,18.31
1472,2026-02-01,login,6.29
1472,2026-05-12,cancel,1.45
1473,2026-09-06,feature_use,3.23
1473,2026-12-25,cancel,11.14
1473,2026-09-21,upgrade,22.09
1473,2027-01-18,login,28.4
1473,2027-02-06,feature_use,28.34
1473,2026-10-15,feature_use,27.78
1473,2026-11-11,feature_use,16.86
1473,2026-11-27,login,9.8
1473,2027-02-15,cancel,8.75
1473,2026-09-23,feature_use,18.93
1473,2027-01-06,cancel,28.59
1473,2026-10-16,login,18.93
1473,2027-02-21,login,1.91
1473,2026-09-11,feature_use,25.95
1473,2027-01-28,feature_use,6.31
1473,2026-11-01,feature_use,29.18
1473,2026-10-27,upgrade,13.43
1473,2026-10-18,cancel,15.59
1473,2027-01-23,upgrade,25.22
1473,2026-12-28,feature_use,14.95
1474,2026-05-22,login,12.74
1474,2026-05-26,cancel,22.07
1474,2026-06-25,login,7.56
1474,2026-09-13,feature_use,27.68
1474,2026-07-24,login,1.91
1474,2026-05-30,upgrade,11.11
1474,2026-09-20,upgrade,23.46
1474,2026-07-13,cancel,18.88
1474,2026-07-12,upgrade,28.19
1474,2026-06-24,login,24.48
1474,2026-09-14,login,14.3
1474,2026-06-30,login,7.18
1474,2026-07-02,cancel,24.83
1474,2026-05-08,cancel,7.46
1475,2027-03-23,upgrade,21.44
1475,2027-01-12,feature_use,29.55
1475,2026-12-24,login,27.41
1475,2026-12-19,login,22.22
1475,2027-01-09,login,17.74
1475,2026-12-10,cancel,16.56
1475,2027-02-28,upgrade,14.8
1475,2026-11-15,upgrade,22.07
1475,2026-11-06,cancel,25.57
1475,2027-01-13,feature_use,4.46
1475,2027-03-28,feature_use,14.03
1475,2027-01-12,feature_use,23.96
1475,2026-12-06,upgrade,6.24
1475,2026-11-10,login,9.53
1475,2026-12-31,upgrade,21.57
1475,2027-02-07,upgrade,3.65
1475,2027-03-24,login,4.4
1475,2027-01-15,feature_use,13.71
1475,2026-11-25,feature_use,12.96
1475,2027-04-07,feature_use,6.66
1475,2027-04-07,feature_use,4.4
1475,2027-04-21,login,14.98
1475,2026-12-19,cancel,1.49
1476,2027-03-11,login,12.57
1476,2027-01-10,upgrade,27.55
1476,2027-02-17,feature_use,8.36
1476,2026-12-13,feature_use,22.23
1476,2027-01-17,login,29.96
1476,2026-12-08,login,10.02
1476,2026-12-29,feature_use,19.17
1476,2027-01-13,upgrade,3.64
1476,2026-10-24,upgrade,3.57
1476,2027-01-21,upgrade,1.27
1476,2027-03-05,login,8.47
1476,2027-04-06,login,4.5
1476,2026-12-25,cancel,26.69
1476,2026-12-16,upgrade,9.8
1477,2026-05-16,feature_use,15.24
1477,2026-02-21,login,11.95
1477,2026-04-27,login,26.17
1477,2026-04-20,cancel,23.83
1477,2026-02-13,login,17.81
1477,2026-05-13,login,17.17
1477,2026-03-13,cancel,27.11
1477,2026-01-10,upgrade,3.57
1477,2026-01-11,cancel,13.41
1477,2026-02-06,cancel,5.34
1477,2026-02-04,login,24.81
1477,2026-07-01,upgrade,22.75
1477,2026-05-19,upgrade,27.77
1477,2026-05-19,login,19.72
1477,2026-03-16,cancel,21.49
1478,2027-02-13,feature_use,22.62
1478,2027-02-04,upgrade,16.9
1478,2027-02-26,cancel,5.85
1478,2026-10-09,login,27.78
1478,2026-10-10,feature_use,22.29
1478,2027-01-21,login,6.8
1478,2027-03-17,cancel,4.91
1478,2027-02-20,upgrade,14.24
1478,2027-03-13,upgrade,11.4
1478,2026-10-16,cancel,23.5
1478,2027-01-11,feature_use,4.53
1478,2027-01-19,login,29.11
1478,2026-12-06,feature_use,21.89
1478,2026-11-17,feature_use,9.69
1478,2026-09-30,login,12.39
1478,2027-01-12,feature_use,27.21
1478,2026-11-14,feature_use,21.01
1478,2027-02-15,feature_use,10.2
1478,2027-03-03,feature_use,9.4
1478,2027-02-28,feature_use,4.74
1478,2027-03-01,feature_use,3.07
1478,2026-12-03,upgrade,1.7
1478,2026-09-30,feature_use,2.56
1478,2026-10-11,login,1.2
1479,2026-07-16,login,29.52
1479,2026-09-19,feature_use,21.26
1479,2026-05-11,feature_use,9.92
1479,2026-07-14,login,13.93
1479,2026-08-04,cancel,24.4
1479,2026-10-21,cancel,4.32
1479,2026-09-05,cancel,25.92
1479,2026-08-29,feature_use,3.61
1479,2026-06-09,login,4.95
1479,2026-09-16,cancel,10.12
1479,2026-06-17,feature_use,23.32
1479,2026-08-01,feature_use,28.95
1479,2026-06-08,cancel,7.63
1479,2026-08-09,login,29.02
1479,2026-10-04,upgrade,1.0
1479,2026-08-10,login,25.74
1479,2026-10-16,feature_use,18.47
1479,2026-08-04,cancel,3.14
1479,2026-06-12,cancel,2.2
1479,2026-07-05,cancel,4.9
1479,2026-05-07,login,6.07
1479,2026-10-04,upgrade,24.65
1479,2026-09-26,login,16.34
1479,2026-08-03,cancel,17.24
1479,2026-09-07,cancel,14.69
1479,2026-10-18,cancel,20.68
1479,2026-05-11,feature_use,21.12
1479,2026-08-24,upgrade,18.25
1480,2026-11-06,login,29.84
1480,2026-09-19,login,26.43
1480,2027-01-02,cancel,26.27
1480,2026-09-21,upgrade,27.6
1480,2027-02-08,login,8.31
1480,2026-10-10,upgrade,15.48
1480,2027-01-02,upgrade,5.87
1480,2027-02-09,login,23.71
1480,2026-10-13,feature_use,3.16
1480,2026-09-24,login,25.82
1480,2026-09-11,cancel,9.79
1480,2026-11-28,feature_use,28.69
1480,2026-11-16,feature_use,10.9
1480,2026-11-25,feature_use,4.67
1480,2026-12-29,feature_use,25.8
1480,2026-10-21,cancel,27.64
1480,2026-09-05,cancel,17.18
1480,2027-01-06,upgrade,19.74
1480,2027-01-18,cancel,10.59
1480,2026-10-10,cancel,28.25
1480,2026-11-02,upgrade,2.4
1481,2026-06-30,upgrade,19.51
1481,2026-08-26,login,20.12
1481,2026-08-17,login,17.24
1481,2026-08-22,upgrade,27.35
1481,2026-07-13,login,13.31
1481,2026-09-14,upgrade,23.46
1481,2026-09-10,login,1.99
1481,2026-12-01,feature_use,11.06
1481,2026-08-30,feature_use,12.32
1481,2026-10-20,login,23.14
1481,2026-09-18,login,3.93
1481,2026-09-22,cancel,2.21
1481,2026-10-10,feature_use,9.88
1481,2026-10-10,login,7.68
1481,2026-06-15,cancel,2.57
1481,2026-08-15,feature_use,22.63
1481,2026-06-16,feature_use,9.64
1481,2026-07-24,feature_use,26.3
1481,2026-08-26,feature_use,11.4
1481,2026-06-13,feature_use,12.98
1482,2026-10-07,feature_use,18.56
1482,2027-01-12,feature_use,13.58
1482,2026-11-23,upgrade,22.9
1482,2026-11-21,feature_use,14.09
1482,2027-01-25,login,16.36
1482,2026-12-20,upgrade,22.78
1482,2027-01-08,feature_use,20.98
1482,2026-09-27,upgrade,21.09
1482,2027-01-25,login,18.93
1482,2026-09-26,cancel,11.68
1482,2027-01-03,login,14.08
1482,2026-12-20,upgrade,12.52
1482,2026-10-15,feature_use,16.58
1482,2026-09-23,feature_use,18.38
1482,2026-11-21,login,12.99
1482,2027-01-01,login,13.97
1483,2027-01-26,feature_use,1.89
1483,2027-03-05,cancel,4.29
1483,2026-12-06,login,1.58
1483,2027-03-27,login,29.19
1483,2026-12-11,cancel,23.38
1483,2026-12-31,cancel,20.64
1483,2026-12-04,feature_use,7.61
1483,2026-10-20,feature_use,13.2
1483,2026-11-12,feature_use,14.89
1483,2027-02-07,cancel,5.24
1483,2026-12-06,login,22.36
1483,2026-12-02,cancel,25.91
1483,2027-01-25,upgrade,27.48
1483,2026-12-09,upgrade,9.79
1483,2027-01-10,login,5.8
1483,2027-01-09,cancel,5.71
1483,2027-01-23,login,7.39
1483,2026-10-24,login,1.14
1483,2027-03-29,upgrade,10.06
1483,2027-03-02,upgrade,24.42
1483,2026-10-08,login,14.75
1483,2026-10-29,login,8.27
1483,2027-01-30,feature_use,18.8
1483,2027-01-19,upgrade,8.41
1484,2026-08-17,login,4.05
1484,2026-08-09,login,15.65
1484,2026-04-03,login,6.48
1484,2026-08-01,cancel,15.41
1484,2026-06-17,login,28.59
1484,2026-09-05,feature_use,22.58
1484,2026-06-18,login,16.77
1484,2026-07-21,feature_use,29.22
1484,2026-04-01,upgrade,5.03
1484,2026-08-25,upgrade,22.76
1484,2026-03-26,login,25.2
1484,2026-07-23,feature_use,14.4
1484,2026-04-22,login,2.85
1484,2026-06-19,upgrade,18.01
1484,2026-06-22,cancel,10.31
1484,2026-08-30,cancel,17.61
1484,2026-09-07,feature_use,25.58
1484,2026-05-03,login,25.43
1484,2026-09-10,upgrade,20.8
1484,2026-08-24,feature_use,5.96
1484,2026-06-03,cancel,11.48
1484,2026-04-10,cancel,24.61
1484,2026-04-07,feature_use,5.08
1485,2026-10-14,upgrade,4.38
1485,2026-11-11,upgrade,2.52
1485,2027-01-29,login,3.07
1485,2027-02-06,feature_use,21.5
1485,2027-02-14,login,25.08
1485,2027-01-31,upgrade,23.16
1485,2026-09-17,feature_use,16.25
1485,2026-11-16,upgrade,14.22
1485,2026-12-21,login,24.12
1485,2026-11-26,cancel,28.83
1485,2026-12-14,login,1.85
1485,2026-12-09,feature_use,2.46
1485,2026-12-20,cancel,18.06
1485,2026-10-16,upgrade,23.22
1485,2026-08-30,feature_use,14.73
1485,2027-01-11,login,2.78
1485,2027-01-09,feature_use,11.14
1485,2026-11-25,upgrade,11.86
1485,2026-10-27,upgrade,10.08
1485,2026-09-24,login,5.41
1485,2026-08-22,feature_use,18.44
1485,2026-08-23,cancel,18.77
1485,2026-09-02,feature_use,6.51
1485,2027-01-02,feature_use,28.22
1485,2026-12-02,feature_use,7.72
1485,2026-10-23,upgrade,19.58
1486,2026-12-02,feature_use,21.44
1486,2026-11-15,cancel,4.94
1486,2027-01-16,cancel,4.66
1486,2026-09-18,feature_use,26.54
1486,2026-12-02,login,4.48
1486,2026-11-23,upgrade,18.36
1486,2026-10-16,cancel,26.47
1486,2026-12-02,upgrade,16.26
1486,2026-12-12,upgrade,16.79
1486,2027-01-03,login,14.76
1486,2026-08-07,login,7.59
1486,2027-01-04,feature_use,21.53
1486,2026-10-30,cancel,5.74
1486,2026-12-18,feature_use,24.11
1486,2026-09-04,feature_use,14.09
1486,2026-12-25,feature_use,29.66
1486,2026-08-19,upgrade,18.32
1487,2027-04-19,login,16.38
1487,2027-05-26,cancel,12.69
1487,2027-05-27,upgrade,23.73
1487,2027-01-17,cancel,6.62
1487,2027-01-30,login,21.49
1487,2027-03-16,feature_use,7.11
1487,2027-06-08,login,24.13
1487,2027-03-06,login,27.74
1487,2027-01-13,cancel,15.8
1487,2026-12-29,feature_use,13.7
1487,2027-02-28,login,2.33
1487,2027-02-12,login,16.42
1487,2027-05-15,upgrade,10.85
1487,2027-04-20,feature_use,10.69
1487,2027-05-30,upgrade,22.66
1487,2027-02-20,login,1.85
1487,2027-02-05,feature_use,20.9
1487,2027-03-29,feature_use,4.46
1487,2027-05-04,feature_use,2.2
1487,2027-03-08,feature_use,9.87
1487,2027-05-16,cancel,13.05
1487,2027-01-22,upgrade,29.96
1487,2027-03-10,login,29.34
1487,2027-06-03,feature_use,8.13
1487,2027-02-27,feature_use,27.07
1487,2027-02-09,upgrade,21.48
1487,2027-03-30,cancel,27.18
1488,2026-12-03,login,2.26
1488,2026-10-17,login,20.03
1488,2026-11-14,feature_use,17.22
1488,2026-08-23,upgrade,17.23
1488,2026-11-03,cancel,21.27
1488,2026-09-27,login,1.09
1488,2026-10-06,upgrade,12.9
1488,2026-07-17,upgrade,27.64
1488,2026-09-22,cancel,18.92
1488,2026-08-02,feature_use,19.31
1488,2026-07-28,upgrade,8.82
1488,2026-10-27,upgrade,10.75
1488,2026-09-21,login,7.6
1489,2026-08-26,upgrade,25.77
1489,2026-07-13,login,7.88
1489,2026-09-20,upgrade,20.61
1489,2026-10-20,login,6.46
1489,2026-09-01,cancel,11.48
1489,2026-06-18,upgrade,9.71
1489,2026-06-17,feature_use,14.95
1489,2026-11-10,upgrade,29.59
1489,2026-07-06,feature_use,7.66
1489,2026-11-28,login,15.97
1489,2026-09-28,upgrade,21.02
1489,2026-11-06,feature_use,5.19
1489,2026-11-02,cancel,16.01
1489,2026-08-07,cancel,21.02
1489,2026-09-29,upgrade,5.02
1489,2026-10-14,upgrade,18.44
1489,2026-10-19,upgrade,28.01
1489,2026-07-19,upgrade,10.29
1489,2026-09-02,upgrade,23.36
1489,2026-12-07,upgrade,7.13
1489,2026-11-22,login,11.03
1489,2026-12-10,upgrade,19.44
1489,2026-09-06,feature_use,5.54
1489,2026-07-07,feature_use,17.07
1489,2026-11-27,login,23.12
1489,2026-09-20,feature_use,13.29
1489,2026-08-14,upgrade,6.02
1489,2026-07-23,cancel,15.3
1489,2026-07-05,cancel,11.9
1490,2027-02-19,upgrade,24.19
1490,2027-01-02,feature_use,23.76
1490,2027-01-10,cancel,11.93
1490,2027-01-13,upgrade,4.28
1490,2027-01-26,upgrade,17.61
1490,2027-04-30,login,15.32
1490,2027-05-12,login,8.06
1490,2027-04-18,login,29.93
1490,2027-03-16,feature_use,26.31
1490,2027-06-26,login,29.3
1490,2027-01-30,upgrade,11.57
1490,2027-05-03,feature_use,4.96
1490,2027-03-15,cancel,12.64
1490,2027-02-19,feature_use,25.06
1490,2027-06-20,cancel,18.37
1490,2027-06-13,login,22.0
1490,2026-12-31,cancel,6.19
1490,2027-06-06,cancel,25.6
1490,2027-03-27,login,18.21
1490,2027-03-11,login,4.53
1490,2027-05-07,login,11.52
1490,2027-05-16,feature_use,13.89
1491,2027-02-11,upgrade,27.23
1491,2026-12-26,upgrade,23.43
1491,2027-01-17,cancel,29.59
1491,2026-11-25,upgrade,4.35
1491,2026-11-29,login,29.37
1491,2026-12-31,upgrade,28.81
1491,2026-10-15,cancel,14.48
1492,2026-09-20,feature_use,16.56
1492,2026-05-10,cancel,12.53
1492,2026-07-16,login,13.05
1492,2026-09-07,upgrade,28.16
1492,2026-07-16,cancel,14.87
1492,2026-07-09,feature_use,19.37
1492,2026-07-31,upgrade,16.23
1492,2026-06-28,upgrade,27.94
1492,2026-07-10,feature_use,25.45
1492,2026-10-26,upgrade,13.04
1492,2026-06-15,feature_use,11.09
1492,2026-07-29,feature_use,10.28
1492,2026-09-05,feature_use,3.23
1492,2026-05-16,upgrade,7.23
1492,2026-06-02,feature_use,23.45
1492,2026-06-03,feature_use,1.05
1492,2026-05-15,login,20.88
1492,2026-08-16,cancel,4.69
1492,2026-08-15,cancel,10.78
1492,2026-08-03,cancel,7.53
1492,2026-08-08,upgrade,27.06
1492,2026-11-02,upgrade,28.14
1492,2026-06-01,upgrade,26.4
1492,2026-09-24,login,17.12
1493,2027-03-24,cancel,12.75
1493,2027-04-16,cancel,15.28
1493,2027-02-03,cancel,4.95
1493,2027-03-06,cancel,7.18
1493,2027-02-19,login,27.24
1493,2026-12-19,upgrade,20.1
1493,2027-04-07,upgrade,15.97
1493,2027-01-24,cancel,3.71
1493,2027-05-13,feature_use,10.41
1493,2027-04-04,login,13.45
1493,2027-05-17,cancel,22.3
1493,2026-12-24,feature_use,28.62
1493,2027-02-07,feature_use,18.31
1493,2027-01-19,cancel,20.35
1494,2026-07-31,upgrade,13.72
1494,2026-07-12,cancel,26.14
1494,2026-10-01,cancel,1.41
1494,2026-06-07,upgrade,3.3
1494,2026-06-13,feature_use,27.06
1494,2026-08-10,upgrade,12.68
1494,2026-09-19,login,8.66
1494,2026-09-08,feature_use,4.34
1494,2026-09-21,feature_use,26.54
1495,2027-02-02,cancel,6.83
1495,2027-02-02,cancel,10.58
1495,2026-11-16,upgrade,10.38
1495,2027-01-19,upgrade,25.64
1495,2026-11-02,feature_use,13.46
1495,2027-01-01,login,14.46
1495,2027-01-10,cancel,16.29
1495,2026-12-16,cancel,8.08
1495,2026-09-25,cancel,10.58
1495,2026-08-12,login,18.33
1496,2026-08-05,login,13.55
1496,2026-11-07,upgrade,7.83
1496,2026-09-01,login,11.98
1496,2026-06-03,feature_use,1.81
1496,2026-10-21,cancel,22.65
1496,2026-09-30,cancel,25.4
1496,2026-11-06,login,9.61
1496,2026-10-08,feature_use,22.35
1496,2026-05-23,upgrade,9.8
1496,2026-07-27,feature_use,12.46
1496,2026-08-24,login,11.44
1496,2026-07-12,feature_use,17.22
1496,2026-09-29,feature_use,6.47
1496,2026-06-08,cancel,16.9
1496,2026-05-24,login,24.69
1496,2026-05-18,feature_use,20.88
1496,2026-09-04,login,5.49
1496,2026-06-14,upgrade,13.93
1496,2026-06-10,login,4.2
1496,2026-06-01,cancel,23.39
1496,2026-05-14,upgrade,4.32
1496,2026-09-22,upgrade,2.52
1496,2026-05-16,cancel,2.75
1496,2026-08-27,feature_use,22.16
1496,2026-08-23,feature_use,24.32
1496,2026-08-31,feature_use,5.44
1496,2026-10-29,login,26.52
1496,2026-08-29,upgrade,27.63
1497,2026-10-25,upgrade,5.76
1497,2026-11-16,login,6.46
1497,2026-10-30,feature_use,5.32
1497,2026-12-09,login,23.58
1497,2027-01-11,cancel,29.73
1497,2026-11-22,login,1.56
1497,2026-11-02,cancel,14.8
1497,2026-12-03,cancel,6.54
1497,2027-02-08,feature_use,15.08
1497,2026-12-06,login,18.6
1497,2026-10-10,login,4.24
1497,2026-12-21,login,15.51
1498,2027-01-08,upgrade,15.7
1498,2027-01-11,upgrade,13.73
1498,2027-03-23,upgrade,2.43
1498,2027-02-23,upgrade,22.35
1498,2027-06-22,cancel,19.14
1498,2027-05-19,feature_use,11.22
1498,2027-05-02,cancel,5.24
1498,2027-04-07,login,1.5
1498,2027-03-27,feature_use,21.22
1498,2027-02-13,upgrade,19.89
1498,2027-04-05,login,23.73
1498,2027-03-13,login,12.29
1498,2027-05-05,login,16.38
1498,2027-06-02,cancel,14.25
1498,2027-01-18,login,7.89
1498,2027-01-03,login,27.4
1498,2027-01-24,feature_use,17.25
1498,2027-06-07,feature_use,24.85
1498,2027-03-18,upgrade,17.3
1498,2027-03-17,feature_use,20.58
1498,2027-03-08,cancel,19.36
1498,2027-03-11,login,26.32
1498,2027-05-11,feature_use,3.48
1498,2027-06-02,cancel,14.42
1499,2026-11-15,feature_use,14.3
1499,2027-02-26,feature_use,29.97
1499,2027-02-02,cancel,29.09
1499,2026-10-02,login,18.65
1499,2026-10-31,login,8.2
1499,2027-01-07,upgrade,22.22
1499,2027-02-09,login,3.7
1499,2027-01-21,cancel,22.76
1499,2026-11-06,cancel,11.63
1499,2026-10-04,upgrade,4.45
1499,2027-01-21,cancel,7.67
1500,2026-06-07,feature_use,4.21
1500,2026-10-12,feature_use,23.85
1500,2026-10-28,login,12.67
1500,2026-11-12,upgrade,26.65
1500,2026-11-23,feature_use,13.15
1500,2026-10-23,upgrade,10.15
1501,2027-03-06,upgrade,28.75
1501,2027-02-12,login,8.05
1501,2027-04-20,upgrade,15.84
1501,2027-01-19,upgrade,18.56
1501,2026-12-05,feature_use,20.96
1501,2027-04-23,cancel,14.44
1501,2027-02-11,login,21.1
1501,2027-05-26,feature_use,14.32
1501,2027-03-22,cancel,26.5
1501,2027-05-07,feature_use,23.11
1501,2026-12-26,feature_use,20.94
1501,2026-12-10,login,24.42
1501,2027-02-04,feature_use,27.38
1501,2027-05-16,cancel,19.56
1501,2027-04-26,feature_use,18.43
1501,2026-12-03,upgrade,21.42
1501,2027-04-05,login,11.9
1501,2027-03-08,cancel,2.99
1501,2027-01-29,cancel,17.95
1501,2027-05-11,upgrade,24.57
1501,2027-03-05,upgrade,14.8
1502,2026-10-24,feature_use,10.69
1502,2026-09-28,feature_use,14.64
1502,2026-09-08,upgrade,13.88
1502,2026-08-04,login,18.15
1502,2026-08-02,upgrade,21.48
1502,2026-08-29,cancel,6.36
1502,2026-08-28,feature_use,7.65
1502,2026-10-17,login,28.02
1502,2026-10-12,upgrade,18.62
1502,2026-05-04,cancel,1.44
1502,2026-05-27,login,4.09
1502,2026-09-08,upgrade,10.87
1502,2026-07-06,upgrade,25.76
1502,2026-08-31,login,16.73
1502,2026-09-19,feature_use,18.51
1502,2026-09-11,login,2.57
1502,2026-07-11,feature_use,15.59
1502,2026-10-22,cancel,10.39
1502,2026-10-08,upgrade,17.61
1502,2026-09-16,feature_use,4.16
1502,2026-05-17,upgrade,15.75
1502,2026-05-23,upgrade,14.5
1502,2026-06-02,login,23.18
1502,2026-08-20,upgrade,29.01
1502,2026-09-15,cancel,2.23
1502,2026-05-26,feature_use,6.37
1502,2026-08-26,cancel,1.05
1502,2026-09-28,cancel,19.85
1502,2026-09-26,upgrade,13.56
1503,2026-12-17,upgrade,4.84
1503,2026-07-06,feature_use,25.74
1503,2026-12-06,login,16.11
1503,2026-08-31,upgrade,6.76
1503,2026-12-03,login,19.71
1503,2026-12-05,login,7.07
1503,2026-09-30,login,6.35
1503,2026-07-31,login,7.81
1503,2026-10-24,login,16.06
1503,2026-09-03,login,21.96
1503,2026-10-29,feature_use,7.12
1503,2026-11-03,login,23.23
1503,2026-11-18,login,12.24
1503,2026-09-06,login,14.5
1503,2026-12-06,login,1.97
1504,2026-09-08,feature_use,11.09
1504,2026-07-10,feature_use,25.07
1504,2026-05-11,login,29.08
1504,2026-06-29,upgrade,28.13
1504,2026-06-02,feature_use,15.38
1504,2026-09-01,feature_use,29.31
1504,2026-09-25,upgrade,20.57
1504,2026-07-09,feature_use,9.21
1504,2026-05-17,cancel,26.96
1504,2026-09-14,cancel,25.47
1504,2026-05-30,feature_use,22.6
1504,2026-05-26,login,27.5
1504,2026-09-29,cancel,15.62
1504,2026-07-13,login,18.19
1504,2026-09-12,feature_use,4.52
1504,2026-07-08,login,26.12
1504,2026-07-18,cancel,28.72
1504,2026-10-18,login,21.32
1504,2026-05-14,feature_use,21.21
1504,2026-05-09,upgrade,25.26
1504,2026-09-25,feature_use,16.54
1505,2026-09-04,login,29.38
1505,2026-12-17,feature_use,14.64
1505,2026-12-11,upgrade,6.84
1505,2026-09-16,feature_use,12.56
1505,2026-12-28,feature_use,12.82
1505,2026-11-19,login,11.21
1505,2026-12-11,login,27.52
1505,2026-12-22,upgrade,7.59
1505,2027-01-25,upgrade,18.41
1505,2026-12-26,feature_use,28.09
1505,2026-11-13,login,24.41
1505,2026-08-19,cancel,28.63
1505,2026-12-17,login,9.6
1505,2026-12-15,login,22.45
1505,2026-12-04,cancel,18.71
1505,2027-01-14,login,3.43
1505,2026-10-12,feature_use,22.78
1505,2026-12-17,upgrade,28.91
1505,2026-11-08,cancel,19.51
1505,2026-10-22,feature_use,13.46
1505,2026-09-12,feature_use,19.25
1505,2026-08-23,login,12.9
1505,2026-12-06,login,4.58
1505,2026-12-29,upgrade,10.08
1505,2027-01-22,upgrade,18.63
1505,2026-12-10,upgrade,5.03
1506,2026-12-03,cancel,19.68
1506,2026-09-26,upgrade,2.23
1506,2026-10-20,cancel,9.68
1506,2026-10-05,cancel,22.02
1506,2026-09-29,upgrade,19.46
1506,2026-09-14,login,21.7
1506,2026-10-14,cancel,28.99
1506,2026-11-19,login,4.6
1506,2026-09-03,login,22.62
1506,2026-10-18,cancel,20.26
1506,2026-08-12,login,14.75
1506,2026-09-03,login,3.29
1507,2026-08-20,cancel,10.33
1507,2026-08-09,feature_use,14.48
1507,2026-07-22,upgrade,19.57
1507,2026-05-04,cancel,21.24
1507,2026-09-14,login,1.29
1507,2026-10-03,cancel,11.69
1507,2026-09-14,feature_use,27.94
1507,2026-07-24,cancel,18.21
1507,2026-10-18,upgrade,12.25
1507,2026-08-17,cancel,25.04
1507,2026-08-06,cancel,11.59
1507,2026-05-17,cancel,9.95
1507,2026-05-17,upgrade,1.48
1507,2026-10-15,upgrade,8.38
1507,2026-06-27,login,1.29
1507,2026-08-26,upgrade,20.07
1507,2026-07-10,feature_use,20.81
1507,2026-05-06,login,17.0
1507,2026-05-10,cancel,20.95
1507,2026-06-17,login,28.23
1507,2026-07-20,feature_use,21.01
1507,2026-06-05,feature_use,26.54
1507,2026-09-21,login,22.77
1507,2026-05-06,cancel,13.39
1507,2026-08-04,feature_use,20.74
1507,2026-09-27,login,29.66
1507,2026-05-26,upgrade,15.05
1507,2026-07-27,upgrade,5.31
1508,2027-01-06,login,15.47
1508,2026-10-25,feature_use,23.27
1508,2026-12-20,feature_use,11.15
1508,2026-08-27,upgrade,16.56
1508,2026-10-19,login,4.53
1508,2026-12-07,feature_use,9.98
1508,2026-07-31,cancel,14.86
1508,2026-10-17,upgrade,3.55
1508,2026-07-23,cancel,4.37
1508,2026-12-22,login,21.83
1508,2026-08-03,feature_use,29.44
1508,2026-12-10,upgrade,14.05
1508,2026-07-26,feature_use,3.77
1508,2026-12-16,login,10.61
1508,2026-10-06,feature_use,5.01
1508,2026-08-25,login,1.66
1509,2026-06-07,cancel,7.46
1509,2026-03-01,feature_use,1.33
1509,2026-06-07,login,17.01
1509,2026-03-13,upgrade,13.78
1509,2026-06-16,cancel,3.37
1509,2026-02-20,feature_use,2.32
1509,2026-05-29,login,12.51
1509,2026-04-22,login,7.21
1509,2026-06-29,upgrade,22.3
1509,2026-01-10,feature_use,4.18
1509,2026-02-21,login,23.5
1509,2026-07-02,cancel,18.3
1509,2026-02-01,feature_use,7.27
1509,2026-05-12,cancel,13.14
1509,2026-06-13,login,22.46
1509,2026-05-21,cancel,21.35
1509,2026-06-11,cancel,27.78
1509,2026-01-11,feature_use,25.61
1509,2026-05-31,cancel,16.49
1510,2027-03-25,login,1.06
1510,2027-04-11,login,14.88
1510,2027-03-05,feature_use,19.21
1510,2027-01-20,cancel,25.54
1510,2026-12-27,upgrade,6.34
1510,2027-04-04,cancel,2.08
1511,2026-04-18,upgrade,9.21
1511,2026-05-27,feature_use,8.74
1511,2026-02-23,cancel,19.08
1511,2026-06-23,login,4.52
1511,2026-02-23,upgrade,13.84
1511,2026-01-29,feature_use,6.91
1511,2026-07-19,login,8.04
1511,2026-02-09,cancel,3.74
1511,2026-06-21,feature_use,6.27
1511,2026-07-17,feature_use,14.24
1511,2026-02-07,cancel,4.94
1511,2026-04-08,upgrade,5.01
1511,2026-06-12,login,14.16
1512,2026-12-16,upgrade,13.62
1512,2026-11-29,upgrade,19.59
1512,2026-12-29,upgrade,3.52
1512,2026-11-21,upgrade,4.07
1512,2026-10-20,login,16.7
1512,2026-11-03,cancel,18.45
1512,2026-10-24,login,15.84
1512,2026-11-18,feature_use,14.25
1512,2026-09-13,cancel,11.4
1512,2026-11-13,login,9.19
1512,2026-12-14,cancel,18.5
1512,2027-01-03,cancel,3.59
1512,2027-01-09,feature_use,3.74
1512,2026-11-24,feature_use,6.82
1512,2027-01-08,feature_use,11.2
1512,2026-08-19,upgrade,25.51
1512,2026-12-01,feature_use,4.26
1512,2026-12-27,feature_use,28.63
1512,2027-01-07,login,21.75
1512,2026-09-21,upgrade,12.76
1512,2027-01-07,feature_use,19.94
1512,2026-11-25,feature_use,15.1
1512,2026-11-28,upgrade,11.97
1512,2026-10-16,upgrade,14.07
1513,2027-01-31,cancel,18.06
1513,2026-10-26,cancel,8.04
1513,2026-12-21,feature_use,20.76
1513,2026-11-07,login,12.17
1513,2027-01-21,upgrade,8.34
1513,2026-12-11,cancel,10.54
1513,2027-01-16,upgrade,13.66
1513,2026-10-23,cancel,23.69
1513,2026-12-08,login,29.2
1513,2026-10-18,upgrade,7.77
1513,2026-11-30,upgrade,20.98
1513,2026-11-23,login,20.98
1513,2027-01-28,upgrade,27.94
1513,2026-09-03,cancel,17.94
1513,2026-12-20,feature_use,24.09
1513,2026-09-20,upgrade,22.78
1513,2026-08-22,login,13.74
1513,2027-01-18,cancel,8.5
1513,2027-01-02,upgrade,5.28
1513,2027-01-25,cancel,28.28
1513,2026-11-25,feature_use,6.54
1513,2026-11-28,feature_use,26.21
1513,2026-09-23,login,26.93
1513,2027-02-01,upgrade,19.03
1513,2026-08-16,login,4.85
1513,2026-08-12,feature_use,21.11
1513,2026-09-08,login,27.69
1513,2026-12-16,login,19.61
1513,2026-09-29,upgrade,3.23
1514,2026-10-09,feature_use,17.85
1514,2027-01-12,feature_use,1.45
1514,2026-12-27,login,15.17
1514,2026-08-28,cancel,6.51
1514,2026-09-30,upgrade,27.52
1514,2026-12-17,feature_use,15.38
1514,2027-01-06,login,24.63
1514,2026-08-29,feature_use,13.8
1514,2026-10-14,cancel,18.62
1514,2026-12-05,feature_use,9.12
1514,2026-11-22,feature_use,9.76
1514,2026-11-24,login,16.73
1514,2026-12-20,feature_use,17.09
1514,2026-08-24,upgrade,9.48
1514,2026-09-15,cancel,16.84
1514,2026-11-14,login,29.72
1514,2026-08-10,upgrade,2.87
1514,2026-12-17,login,11.56
1515,2027-02-09,feature_use,13.04
1515,2027-02-17,feature_use,23.46
1515,2027-03-24,login,3.64
1515,2027-02-19,feature_use,7.39
1515,2027-01-01,login,7.56
1515,2027-01-24,upgrade,23.09
1515,2027-04-28,login,17.74
1515,2027-01-03,login,14.7
1515,2027-01-23,cancel,16.41
1515,2027-06-24,login,26.7
1515,2027-05-22,feature_use,3.69
1515,2027-02-07,upgrade,9.39
1515,2027-02-04,login,5.95
1516,2026-05-12,login,4.4
1516,2026-08-26,cancel,8.3
1516,2026-09-30,feature_use,23.77
1516,2026-08-24,login,24.21
1516,2026-08-24,login,7.85
1516,2026-05-18,cancel,27.64
1516,2026-07-15,upgrade,2.61
1517,2026-07-30,feature_use,3.99
1517,2026-05-06,login,4.41
1517,2026-03-24,upgrade,16.71
1517,2026-04-25,feature_use,5.15
1517,2026-04-22,feature_use,27.51
1517,2026-05-12,login,23.84
1517,2026-06-13,cancel,3.48
1517,2026-05-22,cancel,11.04
1517,2026-07-03,login,10.99
1517,2026-03-04,login,25.85
1517,2026-03-08,cancel,15.65
1517,2026-05-21,login,23.08
1517,2026-02-18,login,10.35
1518,2026-09-11,upgrade,19.65
1518,2026-10-06,feature_use,19.81
1518,2026-10-11,upgrade,18.86
1518,2026-09-09,cancel,7.65
1518,2026-05-19,cancel,16.97
1518,2026-08-20,login,6.13
1518,2026-07-02,login,27.56
1518,2026-06-20,cancel,12.93
1518,2026-05-17,login,13.96
1518,2026-05-15,login,10.42
1518,2026-09-27,cancel,7.26
1518,2026-05-20,cancel,6.69
1519,2026-11-19,upgrade,4.91
1519,2026-11-25,upgrade,6.62
1519,2026-12-12,login,3.94
1519,2026-12-10,upgrade,25.4
1519,2026-11-28,upgrade,10.45
1519,2026-08-06,cancel,21.44
1519,2026-07-29,upgrade,1.5
1519,2026-07-02,feature_use,28.75
1519,2026-09-26,feature_use,29.39
1519,2026-09-09,cancel,8.03
1519,2026-11-04,upgrade,12.81
1519,2026-11-28,cancel,23.14
1519,2026-07-07,feature_use,22.8
1519,2026-08-08,login,4.05
1519,2026-12-05,upgrade,14.45
1519,2026-11-05,upgrade,6.9
1519,2026-11-02,cancel,8.93
1519,2026-10-20,feature_use,1.19
1519,2026-12-12,login,13.36
1519,2026-12-12,login,5.21
1519,2026-08-30,cancel,15.26
1519,2026-10-10,upgrade,15.88
1519,2026-09-20,upgrade,2.84
1519,2026-10-17,cancel,6.89
1519,2026-07-21,login,6.47
1520,2026-11-18,cancel,10.15
1520,2027-04-24,feature_use,9.41
1520,2027-01-25,cancel,21.09
1520,2027-03-28,login,14.11
1520,2027-03-27,cancel,27.57
1520,2027-03-10,upgrade,26.2
1520,2027-03-05,cancel,12.91
1520,2027-05-01,cancel,1.55
1521,2026-09-25,upgrade,3.01
1521,2026-09-03,upgrade,18.82
1521,2026-05-24,login,5.14
1521,2026-07-12,upgrade,27.54
1521,2026-06-28,login,2.3
1521,2026-09-25,login,7.68
1521,2026-07-30,upgrade,23.94
1521,2026-06-07,feature_use,3.49
1522,2026-03-30,cancel,4.64
1522,2026-05-08,login,6.94
1522,2026-04-27,upgrade,7.07
1522,2026-03-03,feature_use,21.99
1522,2026-04-07,feature_use,26.58
1522,2026-06-16,feature_use,28.85
1522,2026-04-04,login,22.94
1522,2026-06-27,feature_use,23.2
1522,2026-04-28,login,15.14
1522,2026-06-26,cancel,7.6
1522,2026-05-04,upgrade,25.91
1522,2026-05-28,login,28.08
1522,2026-02-14,cancel,22.34
1522,2026-02-13,cancel,26.34
1522,2026-04-26,upgrade,17.0
1522,2026-07-16,upgrade,6.77
1522,2026-06-13,upgrade,13.72
1522,2026-04-26,cancel,12.4
1522,2026-03-19,cancel,15.93
1522,2026-03-27,cancel,14.43
1522,2026-02-09,upgrade,6.31
1522,2026-03-31,cancel,27.0
1522,2026-07-29,feature_use,23.78
1523,2027-01-24,feature_use,13.1
1523,2026-12-10,login,28.44
1523,2027-04-20,login,9.43
1523,2026-11-21,login,27.76
1523,2027-03-11,login,3.22
1523,2027-03-09,cancel,1.17
1523,2026-12-05,feature_use,14.78
1523,2027-02-09,upgrade,15.18
1523,2027-02-26,upgrade,11.56
1523,2027-02-21,login,26.87
1523,2027-01-08,login,7.87
1523,2027-01-21,upgrade,4.09
1523,2027-03-25,login,5.84
1523,2026-11-07,login,3.34
1523,2027-02-13,login,8.95
1523,2027-02-07,feature_use,2.37
1523,2027-02-14,login,17.4
1523,2027-04-03,cancel,28.83
1523,2027-02-28,feature_use,4.01
1523,2027-04-30,login,26.09
1523,2027-01-15,upgrade,29.12
1523,2027-01-04,cancel,17.65
1523,2027-03-07,login,22.28
1523,2026-11-27,feature_use,4.6
1523,2026-12-18,cancel,29.96
1523,2027-02-22,upgrade,11.27
1523,2027-04-01,feature_use,27.49
1523,2026-11-24,feature_use,6.14
1524,2026-05-06,cancel,22.82
1524,2026-07-17,cancel,4.21
1524,2026-03-11,upgrade,20.62
1524,2026-07-29,cancel,4.39
1524,2026-06-05,cancel,18.02
1524,2026-08-20,login,22.13
1524,2026-06-21,login,7.4
1525,2026-03-28,cancel,12.63
1525,2026-04-18,login,11.76
1525,2026-03-27,login,10.72
1525,2026-04-10,login,24.54
1525,2026-02-12,feature_use,14.99
1525,2026-05-07,upgrade,10.97
1525,2026-05-10,upgrade,24.92
1525,2026-04-24,feature_use,3.29
1525,2026-04-02,upgrade,10.27
1525,2026-04-02,login,17.8
1525,2026-03-08,feature_use,19.11
1525,2026-01-29,upgrade,16.76
1525,2026-05-07,login,2.02
1526,2027-01-19,cancel,9.41
1526,2026-10-02,cancel,28.61
1526,2027-01-25,login,18.82
1526,2027-01-21,upgrade,20.91
1526,2027-01-22,cancel,18.23
1526,2026-09-27,upgrade,3.9
1526,2027-01-05,login,24.72
1526,2026-10-17,upgrade,15.62
1526,2026-12-31,feature_use,24.23
1526,2027-01-26,cancel,29.83
1526,2026-09-21,upgrade,4.72
1526,2026-09-29,feature_use,8.11
1526,2026-12-15,login,13.9
1526,2027-02-14,cancel,26.32
1526,2027-02-01,cancel,7.17
1526,2026-09-02,feature_use,14.12
1526,2026-10-25,cancel,8.12
1526,2026-11-17,feature_use,12.13
1526,2026-12-25,cancel,21.88
1526,2026-08-28,cancel,22.35
1526,2027-02-05,feature_use,2.15
1526,2026-09-28,cancel,13.0
1526,2027-01-03,upgrade,21.72
1526,2026-10-24,cancel,10.38
1526,2026-12-09,login,2.01
1526,2026-10-12,upgrade,4.61
1526,2026-10-23,upgrade,12.36
1526,2027-01-20,login,19.37
1527,2026-09-19,cancel,13.48
1527,2026-06-10,upgrade,14.85
1527,2026-08-14,cancel,14.2
1527,2026-05-05,cancel,22.67
1527,2026-10-06,feature_use,11.66
1527,2026-05-22,login,11.29
1528,2026-05-08,upgrade,24.2
1528,2026-03-04,feature_use,14.39
1528,2026-01-24,login,1.23
1528,2026-03-28,login,25.76
1528,2026-04-04,feature_use,3.66
1528,2026-04-14,cancel,28.39
1528,2026-04-24,upgrade,27.28
1528,2026-04-12,cancel,7.06
1528,2026-05-23,login,2.7
1528,2026-07-03,cancel,27.01
1528,2026-06-01,upgrade,3.91
1528,2026-04-26,feature_use,14.61
1528,2026-04-07,login,12.84
1529,2026-12-07,feature_use,20.72
1529,2026-12-20,cancel,29.45
1529,2026-08-24,login,26.46
1529,2027-01-14,login,29.15
1529,2026-10-05,upgrade,15.46
1529,2026-08-10,cancel,22.68
1529,2026-12-11,cancel,11.78
1529,2026-08-02,upgrade,26.93
1529,2026-11-20,login,24.6
1529,2026-08-06,feature_use,18.75
1529,2026-10-11,cancel,3.75
1529,2026-08-27,upgrade,16.48
1529,2026-10-20,cancel,5.33
1529,2027-01-10,login,13.29
1529,2026-09-28,feature_use,28.13
1529,2026-08-02,feature_use,21.32
1529,2027-01-06,feature_use,2.11
1529,2026-10-29,feature_use,19.73
1529,2026-12-22,upgrade,20.67
1529,2027-01-16,feature_use,5.16
1529,2026-11-10,login,18.19
1529,2026-12-17,cancel,10.55
1529,2026-11-07,feature_use,13.34
1529,2026-08-11,upgrade,27.22
1529,2026-08-08,login,18.3
1530,2026-10-15,cancel,13.49
1530,2026-08-10,cancel,9.19
1530,2026-06-20,feature_use,15.94
1530,2026-07-29,upgrade,3.48
1530,2026-08-04,cancel,21.69
1530,2026-09-17,feature_use,25.29
1530,2026-06-05,login,25.55
1530,2026-08-15,upgrade,16.93
1530,2026-07-05,cancel,20.51
1530,2026-09-04,cancel,6.32
1530,2026-10-18,feature_use,14.17
1530,2026-11-24,upgrade,27.38
1530,2026-08-17,cancel,24.01
1530,2026-08-27,cancel,10.99
1530,2026-08-09,login,1.26
1530,2026-08-08,feature_use,2.79
1530,2026-08-28,login,17.26
1530,2026-09-24,login,2.17
1530,2026-07-19,cancel,3.21
1530,2026-09-03,upgrade,11.81
1531,2027-05-30,feature_use,24.91
1531,2027-01-14,upgrade,20.59
1531,2027-01-20,login,12.12
1531,2027-03-17,feature_use,17.61
1531,2027-03-05,upgrade,19.08
1531,2027-02-16,cancel,26.75
1531,2027-03-04,upgrade,2.95
1531,2027-04-12,login,25.49
1531,2026-12-13,login,17.72
1531,2027-04-08,cancel,20.32
1531,2027-05-26,upgrade,10.38
1531,2027-02-19,feature_use,9.88
1531,2027-04-20,upgrade,26.34
1531,2027-03-25,cancel,3.38
1531,2026-12-31,login,22.83
1531,2027-02-22,feature_use,13.08
1531,2027-05-05,cancel,9.21
1531,2027-03-09,feature_use,1.09
1531,2027-05-15,feature_use,23.1
1532,2027-06-03,login,21.2
1532,2027-02-16,upgrade,9.57
1532,2027-03-01,login,26.5
1532,2027-04-20,login,9.59
1532,2027-06-23,cancel,22.05
1532,2027-02-17,feature_use,6.76
1532,2027-06-21,feature_use,20.41
1532,2027-01-02,feature_use,17.14
1532,2027-06-24,cancel,15.59
1532,2027-06-18,cancel,4.64
1532,2027-05-28,login,13.61
1532,2027-03-26,feature_use,26.56
1532,2027-06-17,cancel,17.89
1532,2027-03-24,login,21.33
1532,2027-03-16,login,24.71
1532,2027-02-16,upgrade,10.92
1533,2026-11-18,cancel,11.31
1533,2026-06-19,feature_use,7.49
1533,2026-11-11,cancel,11.47
1533,2026-10-30,upgrade,10.35
1533,2026-06-13,upgrade,7.39
1534,2027-03-02,feature_use,3.58
1534,2027-01-02,login,17.47
1534,2027-01-17,feature_use,27.17
1534,2027-04-21,feature_use,11.45
1534,2027-04-14,feature_use,7.2
1534,2027-04-18,login,20.29
1535,2026-07-04,login,18.32
1535,2026-06-03,upgrade,23.16
1535,2026-04-27,feature_use,27.3
1535,2026-02-22,login,29.38
1535,2026-02-25,feature_use,17.22
1535,2026-03-30,login,5.35
1535,2026-02-17,feature_use,14.86
1535,2026-06-16,cancel,9.4
1535,2026-07-04,feature_use,20.72
1535,2026-05-22,login,19.4
1535,2026-03-18,login,24.6
1535,2026-04-24,feature_use,21.8
1535,2026-04-28,login,14.21
1535,2026-04-26,feature_use,9.12
1535,2026-04-19,upgrade,23.54
1536,2027-04-28,login,9.68
1536,2026-12-28,cancel,6.97
1536,2027-01-29,upgrade,19.21
1536,2027-01-23,cancel,29.1
1536,2027-01-02,upgrade,13.45
1536,2027-01-25,login,27.78
1536,2027-05-16,cancel,18.02
1536,2027-02-11,upgrade,25.87
1536,2026-12-09,feature_use,16.96
1536,2027-02-02,upgrade,13.79
1536,2027-02-21,feature_use,8.09
1536,2027-03-18,login,28.52
1536,2027-02-14,upgrade,3.49
1536,2026-12-05,login,9.26
1537,2027-03-04,cancel,15.51
1537,2026-10-08,upgrade,26.19
1537,2026-10-22,feature_use,6.79
1537,2026-11-20,login,15.44
1537,2026-12-09,upgrade,19.81
1537,2026-10-19,login,6.98
1537,2027-01-09,feature_use,21.47
1537,2026-11-28,feature_use,6.13
1537,2026-11-24,login,22.38
1537,2026-09-19,cancel,21.13
1537,2027-03-10,cancel,26.45
1537,2027-01-07,upgrade,21.0
1537,2026-11-02,cancel,10.55
1538,2026-08-11,upgrade,12.02
1538,2026-12-06,feature_use,27.56
1538,2026-10-09,login,13.37
1538,2027-01-13,upgrade,11.63
1538,2026-10-18,feature_use,22.24
1538,2026-09-26,feature_use,17.69
1538,2026-09-14,feature_use,21.28
1538,2027-01-13,feature_use,23.78
1538,2026-09-22,login,18.67
1538,2026-12-16,cancel,8.19
1538,2026-10-02,login,9.12
1538,2026-12-03,feature_use,28.92
1538,2026-10-22,upgrade,3.57
1538,2026-12-15,login,10.78
1538,2026-11-27,feature_use,6.87
1538,2026-08-18,upgrade,19.43
1538,2026-11-30,feature_use,4.95
1538,2026-07-25,upgrade,14.65
1538,2026-11-13,cancel,21.93
1538,2026-07-31,cancel,9.29
1539,2026-05-05,feature_use,20.93
1539,2026-08-28,cancel,3.81
1539,2026-04-27,upgrade,3.58
1539,2026-08-07,upgrade,13.16
1539,2026-09-07,cancel,7.89
1539,2026-05-23,login,11.48
1539,2026-08-24,feature_use,8.61
1539,2026-08-28,upgrade,26.21
1539,2026-05-11,upgrade,8.64
1539,2026-07-26,upgrade,14.59
1539,2026-07-01,upgrade,28.78
1539,2026-06-30,login,8.26
1539,2026-09-19,feature_use,5.06
1539,2026-05-29,cancel,6.42
1540,2026-08-29,feature_use,11.7
1540,2026-11-19,upgrade,3.2
1540,2026-12-06,login,24.64
1540,2026-11-24,cancel,9.29
1540,2026-08-19,cancel,11.74
1540,2026-11-01,login,15.86
1540,2026-07-24,feature_use,7.28
1540,2026-11-29,login,28.32
1540,2026-06-13,upgrade,7.12
1540,2026-06-30,cancel,8.34
1540,2026-10-09,upgrade,20.58
1540,2026-11-14,login,15.19
1540,2026-10-21,feature_use,9.56
1540,2026-06-29,login,11.7
1540,2026-10-13,upgrade,14.35
1540,2026-12-01,cancel,26.01
1540,2026-07-19,cancel,1.77
1540,2026-07-25,feature_use,22.62
1540,2026-11-06,feature_use,8.25
1540,2026-06-19,upgrade,26.97
1540,2026-10-26,cancel,20.12
1540,2026-11-13,cancel,7.45
1540,2026-07-01,feature_use,25.59
1540,2026-08-07,login,2.08
1540,2026-09-10,upgrade,5.61
1540,2026-09-08,login,23.71
1541,2026-12-18,upgrade,22.08
1541,2027-02-07,cancel,1.15
1541,2026-10-22,feature_use,25.77
1541,2026-12-24,login,4.84
1541,2027-02-19,upgrade,2.43
1541,2027-03-04,upgrade,6.55
1541,2026-12-16,feature_use,21.89
1541,2026-11-05,upgrade,16.72
1541,2027-04-12,feature_use,25.5
1541,2026-11-09,login,11.48
1541,2027-02-01,feature_use,18.83
1541,2027-02-10,login,7.67
1541,2026-12-13,feature_use,25.82
1541,2027-04-11,upgrade,22.96
1541,2027-01-08,upgrade,25.25
1541,2026-12-23,upgrade,6.82
1541,2027-03-17,upgrade,15.19
1541,2026-11-13,login,27.27
1541,2026-12-17,feature_use,23.16
1541,2027-01-22,feature_use,6.0
1541,2026-12-04,cancel,13.88
1541,2027-02-07,feature_use,16.95
1541,2026-12-05,feature_use,29.97
1541,2027-04-13,cancel,25.76
1541,2027-01-08,feature_use,12.68
1542,2026-09-12,cancel,21.79
1542,2026-09-17,cancel,6.34
1542,2026-08-11,upgrade,14.65
1542,2026-06-22,cancel,21.99
1542,2026-07-13,upgrade,12.76
1543,2027-03-13,upgrade,20.92
1543,2026-12-03,login,20.62
1543,2027-01-24,cancel,6.83
1543,2026-11-29,cancel,1.73
1543,2027-02-06,feature_use,21.46
1543,2026-12-29,login,15.87
1543,2026-11-24,upgrade,2.01
1543,2026-11-11,cancel,4.8
1543,2026-11-18,upgrade,25.67
1543,2027-03-10,login,17.04
1543,2027-03-09,feature_use,13.89
1543,2026-11-10,feature_use,4.58
1543,2027-03-17,login,3.32
1543,2027-01-18,cancel,29.09
1543,2026-10-20,login,14.98
1543,2027-01-13,feature_use,18.17
1543,2027-03-15,upgrade,13.43
1543,2027-03-05,feature_use,6.26
1543,2027-01-29,upgrade,3.94
1543,2026-12-22,upgrade,20.71
1544,2026-11-24,feature_use,20.48
1544,2026-12-19,feature_use,4.59
1544,2026-07-31,feature_use,16.91
1544,2026-10-07,cancel,22.88
1544,2026-10-26,cancel,6.85
1544,2026-12-14,login,28.36
1544,2026-12-10,upgrade,10.41
1544,2026-11-07,upgrade,9.29
1544,2026-09-02,feature_use,4.47
1544,2026-09-21,login,4.58
1544,2026-12-07,cancel,23.8
1544,2026-09-06,feature_use,23.95
1544,2026-10-16,upgrade,19.44
1544,2026-12-31,feature_use,25.84
1544,2026-09-03,cancel,25.93
1545,2026-12-30,cancel,22.99
1545,2026-09-08,cancel,8.34
1545,2026-09-21,upgrade,12.82
1545,2026-09-05,login,2.08
1545,2027-01-15,cancel,26.21
1545,2026-11-14,login,27.9
1545,2027-02-05,feature_use,21.85
1545,2027-02-28,cancel,6.55
1545,2026-10-30,upgrade,25.78
1545,2027-01-06,upgrade,7.8
1545,2026-12-25,feature_use,8.7
1545,2026-12-30,cancel,18.17
1545,2026-09-19,cancel,14.07
1545,2026-12-08,feature_use,16.3
1545,2026-11-30,cancel,21.25
1545,2026-12-16,feature_use,15.73
1545,2026-12-06,login,24.14
1545,2026-10-21,login,20.36
1545,2026-10-15,cancel,4.79
1545,2026-09-20,upgrade,23.72
1545,2027-02-19,login,14.82
1545,2027-01-31,cancel,28.88
1545,2027-02-06,upgrade,24.16
1546,2026-09-07,login,28.97
1546,2026-09-10,feature_use,14.47
1546,2027-01-14,feature_use,12.83
1546,2026-12-05,feature_use,15.86
1546,2026-11-28,login,25.82
1547,2026-11-22,login,26.73
1547,2027-03-13,feature_use,7.97
1547,2026-11-29,cancel,15.49
1547,2026-11-03,feature_use,26.42
1547,2027-01-28,login,2.67
1547,2027-02-14,cancel,1.04
1548,2027-02-21,login,14.58
1548,2027-05-17,feature_use,26.55
1548,2027-04-03,login,12.15
1548,2027-05-04,feature_use,3.93
1548,2027-02-12,cancel,24.65
1548,2026-12-24,cancel,1.57
1548,2027-04-03,upgrade,2.29
1548,2027-05-14,cancel,21.77
1548,2027-04-05,feature_use,12.61
1548,2027-01-18,feature_use,3.54
1548,2027-05-01,upgrade,14.93
1548,2027-04-26,cancel,15.78
1548,2027-02-11,cancel,22.77
1548,2027-03-09,login,9.81
1548,2027-05-02,feature_use,19.85
1548,2027-06-04,login,22.17
1548,2027-05-16,cancel,28.4
1548,2027-05-13,feature_use,11.75
1548,2027-03-22,login,23.69
1548,2027-01-13,upgrade,11.58
1548,2027-03-11,cancel,14.1
1548,2027-02-15,cancel,5.85
1548,2027-06-04,login,12.28
1548,2027-01-05,upgrade,17.19
1548,2027-06-10,cancel,17.21
1549,2027-03-16,feature_use,1.42
1549,2027-01-21,login,25.13
1549,2026-12-20,cancel,10.8
1549,2026-12-12,cancel,28.83
1549,2026-12-28,login,12.91
1549,2027-03-26,upgrade,21.87
1549,2027-01-09,cancel,16.51
1549,2026-11-13,cancel,12.32
1549,2026-12-04,feature_use,27.44
1549,2027-02-28,feature_use,20.2
1549,2027-01-14,feature_use,21.22
1549,2027-01-03,login,7.03
1550,2026-04-25,cancel,7.62
1550,2026-08-13,feature_use,22.71
1550,2026-06-12,cancel,28.84
1550,2026-05-30,login,11.49
1550,2026-04-23,feature_use,21.3
1550,2026-05-09,feature_use,2.27
1550,2026-06-13,upgrade,17.26
1550,2026-07-07,feature_use,23.97
1550,2026-05-08,feature_use,20.26
1550,2026-07-26,login,3.65
1551,2027-04-11,feature_use,29.05
1551,2027-03-13,feature_use,10.28
1551,2027-01-03,cancel,28.01
1551,2027-01-16,cancel,26.63
1551,2027-02-16,cancel,9.98
1551,2026-12-24,cancel,16.64
1551,2027-01-01,login,23.15
1551,2026-11-20,upgrade,22.05
1551,2027-04-12,upgrade,16.75
1551,2026-12-08,cancel,8.22
1551,2027-02-08,upgrade,12.53
1551,2026-11-13,feature_use,27.89
1551,2027-03-20,feature_use,18.9
1551,2027-04-16,cancel,28.75
1551,2026-12-28,upgrade,19.15
1551,2026-11-09,cancel,18.01
1551,2027-03-12,login,17.31
1552,2026-07-04,login,29.7
1552,2026-03-19,feature_use,8.95
1552,2026-06-21,feature_use,19.02
1552,2026-01-13,login,23.55
1552,2026-06-13,cancel,20.74
1552,2026-05-23,upgrade,2.59
1552,2026-07-08,feature_use,13.34
1552,2026-05-07,login,21.13
1552,2026-06-03,login,7.98
1552,2026-03-13,upgrade,29.9
1552,2026-04-17,login,14.02
1552,2026-02-17,feature_use,22.71
1552,2026-04-23,feature_use,27.95
1552,2026-04-19,feature_use,14.11
1552,2026-02-19,upgrade,1.71
1552,2026-05-29,upgrade,5.99
1552,2026-05-14,login,3.2
1553,2026-04-06,upgrade,18.58
1553,2026-08-07,feature_use,19.9
1553,2026-08-03,upgrade,12.64
1553,2026-03-21,login,16.06
1553,2026-07-30,cancel,2.73
1553,2026-05-12,upgrade,7.87
1553,2026-06-19,upgrade,16.0
1553,2026-08-19,feature_use,23.36
1553,2026-07-08,feature_use,22.64
1553,2026-05-04,cancel,4.19
1553,2026-04-07,upgrade,21.88
1553,2026-06-08,upgrade,15.0
1553,2026-06-18,upgrade,29.15
1553,2026-08-26,login,5.11
1553,2026-06-28,upgrade,9.45
1553,2026-08-13,login,8.76
1553,2026-03-26,feature_use,10.45
1553,2026-06-03,feature_use,4.93
1553,2026-04-21,feature_use,2.15
1553,2026-03-14,login,10.3
1553,2026-07-24,cancel,13.98
1554,2027-01-16,upgrade,27.64
1554,2027-04-28,feature_use,23.12
1554,2027-04-06,feature_use,2.97
1554,2027-01-03,feature_use,5.49
1554,2027-01-31,login,14.54
1554,2026-11-08,login,11.71
1554,2027-03-28,login,11.04
1554,2027-01-28,cancel,16.58
1554,2026-12-17,upgrade,22.73
1554,2026-12-21,login,11.0
1554,2027-02-27,cancel,14.54
1554,2027-04-22,cancel,27.48
1554,2026-12-07,login,29.85
1554,2027-02-09,upgrade,3.4
1554,2027-03-07,cancel,9.44
1554,2026-12-11,cancel,2.98
1554,2027-04-05,cancel,19.47
1554,2027-04-06,cancel,22.93
1554,2027-01-23,login,25.01
1554,2027-03-11,login,17.99
1554,2027-04-03,login,22.47
1554,2027-02-17,upgrade,13.87
1554,2026-11-02,login,11.05
1554,2027-01-05,feature_use,16.62
1554,2026-11-02,login,26.47
1554,2027-02-17,feature_use,1.39
1554,2027-01-30,login,22.76
1554,2027-02-09,login,4.33
1554,2027-03-19,login,3.75
1555,2026-04-20,feature_use,21.23
1555,2026-07-14,feature_use,7.99
1555,2026-06-22,cancel,27.8
1555,2026-05-07,login,6.8
1555,2026-07-12,upgrade,22.23
1555,2026-06-01,feature_use,6.8
1555,2026-03-13,feature_use,25.32
1555,2026-07-18,cancel,22.25
1555,2026-08-30,upgrade,11.14
1555,2026-08-22,login,25.93
1555,2026-07-14,login,18.74
1555,2026-06-05,upgrade,8.03
1555,2026-03-27,cancel,15.78
1555,2026-05-19,login,15.57
1555,2026-05-24,login,3.28
1555,2026-05-27,upgrade,6.82
1555,2026-08-04,login,27.9
1555,2026-08-10,login,20.83
1555,2026-07-25,cancel,15.48
1555,2026-03-25,upgrade,4.5
1555,2026-04-02,upgrade,3.88
1555,2026-06-11,feature_use,22.87
1555,2026-08-28,upgrade,17.24
1555,2026-08-24,login,20.67
1556,2026-06-13,cancel,10.29
1556,2026-04-17,login,12.17
1556,2026-02-21,upgrade,6.13
1556,2026-04-11,upgrade,27.68
1556,2026-04-04,feature_use,6.33
1556,2026-03-17,feature_use,6.04
1556,2026-07-13,upgrade,7.49
1556,2026-08-04,feature_use,7.65
1556,2026-07-26,login,24.26
1556,2026-04-16,upgrade,20.24
1556,2026-05-18,login,2.36
1556,2026-04-21,upgrade,15.11
1556,2026-04-08,feature_use,7.08
1556,2026-06-17,feature_use,20.51
1556,2026-02-19,cancel,19.34
1556,2026-03-11,cancel,4.33
1556,2026-08-13,cancel,1.48
1556,2026-07-05,cancel,6.46
1556,2026-07-02,upgrade,5.26
1556,2026-03-19,login,5.01
1556,2026-07-10,cancel,27.91
1556,2026-07-03,login,9.12
1556,2026-07-28,upgrade,24.56
1556,2026-05-10,feature_use,15.55
1556,2026-08-06,login,15.6
1556,2026-06-13,login,23.54
1556,2026-07-15,upgrade,8.52
1556,2026-04-19,login,19.24
1557,2026-08-04,feature_use,23.43
1557,2026-08-27,feature_use,16.09
1557,2026-07-03,login,7.31
1557,2026-07-19,cancel,4.89
1557,2026-06-13,cancel,10.19
1557,2026-04-21,upgrade,7.56
1557,2026-04-05,upgrade,22.64
1557,2026-08-15,login,17.92
1557,2026-08-18,login,16.23
1558,2026-07-03,cancel,1.71
1558,2026-03-20,login,14.41
1558,2026-04-06,feature_use,27.71
1558,2026-03-15,upgrade,10.97
1558,2026-05-13,upgrade,10.06
1558,2026-05-21,upgrade,26.26
1558,2026-05-23,cancel,7.27
1558,2026-07-18,cancel,17.77
1558,2026-08-21,login,1.42
1558,2026-06-23,upgrade,12.29
1558,2026-08-02,feature_use,4.06
1558,2026-07-04,cancel,26.84
1558,2026-06-02,feature_use,23.2
1558,2026-08-22,login,28.44
1559,2026-07-21,login,10.4
1559,2026-10-03,upgrade,20.23
1559,2026-09-11,login,26.38
1559,2026-08-23,upgrade,21.31
1559,2026-10-13,login,26.05
1559,2026-10-09,upgrade,8.43
1559,2026-06-10,feature_use,25.05
1559,2026-05-02,upgrade,23.27
1559,2026-05-26,feature_use,14.0
1559,2026-05-08,upgrade,27.41
1559,2026-05-22,cancel,26.3
1559,2026-09-29,upgrade,22.7
1559,2026-10-25,upgrade,8.4
1559,2026-06-17,login,20.28
1559,2026-10-23,cancel,23.66
1559,2026-05-13,upgrade,6.4
1559,2026-09-13,feature_use,12.24
1559,2026-10-10,feature_use,23.2
1559,2026-05-16,login,20.24
1559,2026-05-22,feature_use,17.52
1560,2026-08-18,feature_use,9.7
1560,2026-10-09,feature_use,18.31
1560,2026-09-25,feature_use,29.41
1560,2026-10-31,upgrade,3.14
1560,2026-09-02,cancel,25.89
1560,2026-11-07,cancel,2.2
1560,2027-01-11,upgrade,24.21
1560,2026-12-06,upgrade,27.96
1560,2026-11-11,upgrade,10.86
1560,2026-08-26,login,17.16
1560,2026-11-20,cancel,23.61
1560,2026-11-11,cancel,14.63
1560,2026-10-13,login,26.43
1560,2026-11-18,upgrade,29.29
1560,2027-01-06,login,25.65
1560,2026-12-06,upgrade,20.6
1560,2026-10-19,login,29.44
1560,2026-09-23,upgrade,12.33
1560,2026-09-04,login,1.62
1560,2026-09-24,feature_use,7.59
1560,2026-10-14,login,17.63
1560,2026-09-02,cancel,7.78
1560,2026-09-17,feature_use,12.26
1560,2027-01-12,upgrade,19.28
1560,2026-09-02,cancel,20.42
1560,2026-10-29,feature_use,4.21
1560,2026-11-11,feature_use,26.52
1560,2026-07-20,feature_use,7.34
1561,2026-11-18,feature_use,25.37
1561,2027-02-24,login,8.65
1561,2026-11-15,cancel,5.74
1561,2027-03-26,cancel,25.91
1561,2026-11-14,upgrade,21.37
1561,2026-12-09,upgrade,3.5
1561,2027-01-10,feature_use,18.09
1561,2027-03-30,cancel,26.93
1561,2027-03-10,feature_use,17.33
1561,2027-04-27,login,8.52
1561,2027-03-23,cancel,12.85
1561,2026-12-27,cancel,12.04
1561,2027-02-20,login,27.69
1561,2027-01-23,cancel,6.62
1561,2027-03-01,feature_use,23.64
1561,2027-02-20,feature_use,13.45
1561,2027-01-20,feature_use,24.49
1561,2026-12-30,feature_use,20.92
1561,2027-01-24,login,11.28
1561,2026-11-27,cancel,13.14
1561,2026-11-17,upgrade,10.37
1561,2027-04-22,cancel,16.09
1561,2027-01-25,feature_use,19.55
1561,2026-12-23,cancel,4.28
1561,2027-03-29,upgrade,2.37
1561,2027-03-24,feature_use,9.49
1562,2026-02-27,feature_use,7.81
1562,2026-06-05,feature_use,23.14
1562,2026-04-17,login,19.84
1562,2026-07-22,login,4.62
1562,2026-07-25,feature_use,28.55
1562,2026-05-03,login,10.15
1562,2026-05-03,upgrade,16.16
1562,2026-07-25,upgrade,19.44
1562,2026-06-25,upgrade,8.02
1562,2026-02-05,login,28.4
1562,2026-06-26,cancel,22.34
1562,2026-02-16,feature_use,25.66
1562,2026-06-11,login,13.14
1562,2026-04-16,cancel,10.39
1562,2026-03-10,cancel,14.71
1562,2026-07-17,upgrade,15.82
1562,2026-02-24,upgrade,13.9
1562,2026-02-06,upgrade,22.88
1562,2026-04-17,login,10.8
1562,2026-04-01,login,15.22
1562,2026-04-27,upgrade,8.85
1562,2026-07-05,cancel,16.0
1562,2026-06-20,upgrade,18.74
1562,2026-04-30,upgrade,6.2
1562,2026-04-18,feature_use,12.42
1562,2026-04-21,cancel,9.22
1562,2026-07-09,upgrade,12.83
1562,2026-04-29,login,29.92
1562,2026-05-25,cancel,28.42
1563,2026-05-02,upgrade,8.22
1563,2026-07-02,cancel,10.96
1563,2026-03-05,upgrade,24.87
1563,2026-02-22,feature_use,11.0
1563,2026-04-14,login,14.87
1563,2026-04-30,cancel,15.15
1563,2026-04-28,feature_use,7.95
1563,2026-04-23,feature_use,8.16
1563,2026-04-02,login,1.56
1563,2026-05-18,feature_use,4.83
1563,2026-01-21,cancel,29.37
1563,2026-03-31,cancel,18.27
1563,2026-02-22,feature_use,5.91
1564,2026-10-01,cancel,18.81
1564,2026-11-25,feature_use,25.87
1564,2027-02-08,upgrade,5.7
1564,2026-11-03,feature_use,27.19
1564,2026-09-26,feature_use,6.35
1564,2027-02-22,login,9.29
1564,2026-11-29,login,23.46
1564,2027-02-24,login,23.23
1564,2026-11-26,upgrade,1.7
1564,2027-02-02,cancel,14.88
1564,2026-11-16,login,3.32
1564,2026-10-16,upgrade,25.06
1564,2027-02-09,feature_use,27.52
1564,2026-12-04,login,24.42
1564,2027-03-01,cancel,15.18
1564,2026-10-17,feature_use,2.38
1564,2026-12-07,login,6.05
1564,2026-12-24,feature_use,9.58
1565,2027-04-14,login,24.34
1565,2027-04-19,cancel,27.09
1565,2027-01-19,cancel,8.03
1565,2027-05-03,feature_use,19.93
1565,2027-01-31,feature_use,3.06
1565,2026-12-21,login,20.35
1565,2027-01-21,cancel,20.79
1566,2027-03-02,feature_use,5.06
1566,2026-10-22,upgrade,17.19
1566,2027-02-22,cancel,5.81
1566,2026-12-23,login,14.3
1566,2026-10-08,feature_use,23.66
1566,2026-11-04,upgrade,25.61
1566,2026-12-24,cancel,9.97
1566,2026-10-29,login,1.71
1566,2026-09-26,upgrade,10.68
1566,2027-01-18,cancel,1.65
1566,2026-10-29,upgrade,7.94
1567,2026-05-22,feature_use,3.92
1567,2026-07-10,feature_use,27.09
1567,2026-07-31,login,20.56
1567,2026-05-05,login,27.85
1567,2026-09-09,login,5.62
1568,2026-11-18,feature_use,4.41
1568,2026-06-23,login,28.37
1568,2026-07-12,upgrade,14.08
1568,2026-07-24,login,26.75
1568,2026-11-18,login,16.24
1568,2026-12-05,login,29.79
1568,2026-10-07,upgrade,10.84
1568,2026-10-28,login,29.79
1568,2026-07-15,feature_use,9.39
1568,2026-11-08,login,10.71
1568,2026-10-25,feature_use,11.13
1568,2026-09-25,upgrade,3.57
1568,2026-10-24,login,21.52
1569,2026-09-13,upgrade,29.04
1569,2026-12-12,feature_use,12.43
1569,2026-08-17,upgrade,9.45
1569,2026-07-29,upgrade,6.59
1569,2026-11-25,feature_use,21.74
1569,2026-08-14,login,13.67
1569,2026-08-28,cancel,8.99
1569,2026-11-15,login,25.38
1569,2026-09-25,feature_use,26.79
1569,2026-09-19,feature_use,24.74
1569,2026-12-29,feature_use,12.78
1569,2026-09-10,login,23.47
1569,2026-11-13,cancel,29.21
1569,2026-09-21,login,4.92
1569,2026-08-27,feature_use,11.05
1569,2026-09-17,cancel,19.66
1570,2026-11-10,login,25.55
1570,2026-09-23,cancel,2.82
1570,2026-09-19,feature_use,6.43
1570,2026-11-22,cancel,28.21
1570,2026-08-06,cancel,25.89
1570,2026-07-28,upgrade,12.09
1570,2026-06-21,cancel,25.63
1570,2026-07-06,cancel,21.4
1570,2026-12-03,login,3.89
1570,2026-08-25,feature_use,25.56
1570,2026-07-20,upgrade,29.92
1570,2026-07-20,login,8.16
1570,2026-09-04,login,12.02
1570,2026-11-11,upgrade,22.11
1570,2026-08-05,upgrade,15.64
1570,2026-11-11,feature_use,16.28
1570,2026-08-30,cancel,13.06
1570,2026-08-06,cancel,7.42
1570,2026-11-12,login,2.35
1570,2026-10-03,feature_use,14.72
1570,2026-07-04,upgrade,16.1
1570,2026-09-15,cancel,15.92
1571,2026-04-04,upgrade,11.15
1571,2026-03-25,login,28.88
1571,2026-01-20,login,8.72
1571,2026-03-09,feature_use,3.13
1571,2026-06-08,feature_use,23.92
1571,2026-01-20,feature_use,6.9
1571,2026-06-15,upgrade,6.28
1571,2026-03-22,login,27.6
1571,2026-03-10,login,28.48
1571,2026-05-06,feature_use,8.26
1571,2026-06-28,upgrade,16.95
1571,2026-04-03,cancel,24.17
1571,2026-03-28,upgrade,28.66
1571,2026-06-13,feature_use,12.1
1571,2026-05-13,cancel,10.62
1571,2026-06-09,login,18.38
1571,2026-01-30,feature_use,9.42
1571,2026-06-10,cancel,18.31
1571,2026-02-08,cancel,24.17
1571,2026-04-12,upgrade,12.99
1571,2026-02-27,upgrade,12.71
1571,2026-01-19,feature_use,26.43
1571,2026-02-26,login,8.31
1572,2026-12-31,cancel,8.62
1572,2026-08-10,login,17.04
1572,2026-08-10,cancel,30.0
1572,2026-11-01,cancel,28.29
1572,2027-01-08,cancel,29.15
1572,2026-12-07,upgrade,5.09
1572,2026-12-26,upgrade,29.41
1572,2026-09-22,feature_use,23.59
1572,2026-12-24,cancel,8.11
1572,2026-09-07,feature_use,4.15
1572,2026-10-28,login,9.17
1572,2026-09-13,feature_use,18.93
1572,2027-01-01,feature_use,10.54
1572,2026-11-25,feature_use,6.84
1572,2026-10-30,upgrade,22.73
1572,2026-11-17,feature_use,10.6
1572,2026-10-21,login,24.53
1572,2026-10-30,cancel,4.32
1572,2026-10-04,feature_use,3.56
1572,2026-10-11,upgrade,13.97
1572,2026-09-21,feature_use,25.36
1572,2026-09-01,feature_use,23.94
1572,2027-01-29,upgrade,12.95
1572,2026-10-09,cancel,10.95
1572,2026-08-20,feature_use,3.41
1572,2026-09-08,login,12.0
1572,2027-01-19,feature_use,27.13
1572,2026-10-21,feature_use,17.94
1573,2026-11-28,login,17.4
1573,2027-01-26,upgrade,23.01
1573,2027-03-29,cancel,8.22
1573,2027-04-04,upgrade,12.26
1573,2027-01-02,upgrade,1.75
1573,2027-01-22,login,21.33
1573,2027-03-08,login,27.39
1573,2027-02-19,feature_use,21.25
1573,2027-04-19,upgrade,11.67
1573,2026-11-05,cancel,21.18
1573,2027-02-04,upgrade,18.52
1573,2027-03-11,cancel,28.32
1573,2026-12-11,cancel,20.25
1573,2027-01-11,cancel,25.63
1573,2027-01-25,feature_use,1.12
1573,2026-11-25,login,11.07
1574,2026-09-07,login,17.81
1574,2027-01-12,feature_use,25.18
1574,2026-11-12,login,14.2
1574,2026-09-10,upgrade,3.2
1574,2026-09-26,cancel,3.3
1574,2027-01-15,cancel,26.26
1574,2026-10-16,cancel,9.69
1574,2027-02-19,cancel,22.42
1574,2027-01-02,upgrade,2.28
1574,2027-01-04,cancel,2.79
1574,2026-09-30,login,13.73
1575,2026-04-21,upgrade,15.45
1575,2026-04-09,upgrade,8.11
1575,2026-05-03,login,17.16
1575,2026-03-25,feature_use,4.69
1575,2026-03-20,login,21.79
1575,2026-02-18,feature_use,21.69
1575,2026-04-04,feature_use,15.91
1575,2026-01-20,upgrade,18.02
1575,2026-07-12,cancel,4.89
1576,2027-02-08,feature_use,28.08
1576,2026-08-22,upgrade,28.43
1576,2026-12-02,login,5.68
1576,2026-10-14,cancel,29.06
1576,2026-09-03,cancel,10.58
1576,2026-11-22,cancel,17.36
1576,2027-01-16,feature_use,17.14
1577,2026-08-19,login,25.59
1577,2026-12-20,cancel,9.74
1577,2026-09-09,cancel,16.8
1577,2026-11-14,feature_use,16.62
1577,2026-12-13,feature_use,24.48
1577,2026-12-27,cancel,12.01
1577,2026-11-22,upgrade,23.24
1577,2026-10-01,feature_use,26.69
1577,2026-07-06,upgrade,18.59
1577,2026-09-19,cancel,23.46
1577,2026-12-20,cancel,18.97
1577,2026-09-14,upgrade,8.6
1577,2026-08-19,upgrade,15.8
1577,2026-08-20,login,14.08
1578,2026-12-04,login,13.02
1578,2026-09-06,upgrade,4.6
1578,2026-09-06,feature_use,24.21
1578,2026-12-04,feature_use,14.27
1578,2026-11-02,cancel,16.65
1578,2027-01-10,upgrade,30.0
1578,2027-01-07,upgrade,5.33
1578,2026-10-09,upgrade,11.79
1578,2026-10-07,login,26.72
1578,2026-12-17,login,13.2
1578,2026-09-24,cancel,9.54
1578,2026-09-08,upgrade,20.47
1578,2026-11-27,upgrade,7.94
1578,2027-01-20,login,16.96
1578,2026-09-19,login,13.44
1578,2026-11-17,upgrade,13.72
1578,2027-02-13,cancel,2.37
1578,2026-11-22,cancel,12.85
1578,2027-01-23,upgrade,26.58
1578,2027-01-18,feature_use,17.37
1578,2026-10-03,feature_use,28.01
1578,2027-01-14,feature_use,20.74
1578,2026-11-13,login,15.16
1578,2026-10-15,feature_use,14.55
1578,2026-09-14,feature_use,21.36
1578,2026-10-03,upgrade,10.12
1578,2027-01-04,feature_use,20.44
1579,2026-05-17,cancel,18.97
1579,2026-07-15,upgrade,6.35
1579,2026-05-19,cancel,22.34
1579,2026-10-19,upgrade,4.48
1579,2026-07-15,cancel,27.79
1579,2026-09-06,feature_use,1.25
1579,2026-10-10,feature_use,19.8
1579,2026-06-28,cancel,20.21
1579,2026-10-21,feature_use,16.07
1579,2026-05-26,feature_use,26.22
1579,2026-10-29,login,7.29
1579,2026-10-12,login,3.62
1579,2026-07-26,upgrade,19.72
1579,2026-08-21,upgrade,26.06
1579,2026-06-07,feature_use,24.85
1579,2026-07-18,cancel,21.83
1579,2026-05-23,upgrade,17.8
1579,2026-09-27,login,14.97
1579,2026-11-01,feature_use,2.2
1579,2026-06-08,upgrade,14.8
1579,2026-10-06,cancel,16.83
1579,2026-05-17,cancel,1.65
1579,2026-07-31,cancel,2.84
1579,2026-08-11,feature_use,7.36
1579,2026-07-22,cancel,8.67
1579,2026-05-22,login,7.13
1579,2026-07-27,login,9.17
1579,2026-06-23,cancel,22.97
1580,2026-08-10,cancel,4.46
1580,2026-08-25,feature_use,8.54
1580,2026-11-01,cancel,17.55
1580,2026-10-04,feature_use,7.38
1580,2026-10-04,upgrade,8.66
1580,2026-11-14,cancel,20.32
1580,2026-08-14,feature_use,11.27
1580,2027-01-16,login,18.34
1580,2027-01-13,upgrade,16.42
1580,2026-11-06,cancel,18.13
1580,2026-11-02,feature_use,9.5
1581,2026-09-14,login,22.79
1581,2026-08-22,cancel,19.38
1581,2026-05-08,feature_use,27.58
1581,2026-10-26,feature_use,20.13
1581,2026-05-17,upgrade,29.94
1581,2026-09-16,feature_use,7.35
1581,2026-08-21,upgrade,12.5
1581,2026-07-05,upgrade,7.66
1581,2026-10-11,feature_use,24.2
1581,2026-09-14,feature_use,15.38
1581,2026-09-22,cancel,17.7
1581,2026-06-17,cancel,19.4
1581,2026-07-05,upgrade,26.32
1581,2026-06-24,cancel,5.21
1581,2026-06-01,login,8.42
1581,2026-09-15,feature_use,9.65
1581,2026-09-09,upgrade,26.88
1582,2026-08-20,cancel,20.03
1582,2026-06-22,feature_use,1.48
1582,2026-09-08,feature_use,11.12
1582,2026-12-03,upgrade,12.18
1582,2026-11-07,feature_use,16.91
1582,2026-08-21,login,26.68
1582,2026-06-15,login,28.1
1582,2026-09-14,feature_use,28.33
1582,2026-10-20,cancel,15.75
1582,2026-06-27,login,15.25
1582,2026-09-18,cancel,28.06
1582,2026-11-05,upgrade,7.46
1582,2026-08-12,login,26.98
1582,2026-08-23,upgrade,27.3
1582,2026-07-26,cancel,22.45
1582,2026-06-08,login,5.11
1582,2026-10-03,cancel,15.58
1582,2026-06-19,upgrade,9.07
1582,2026-09-19,login,8.53
1582,2026-07-23,cancel,10.88
1582,2026-07-14,upgrade,13.88
1582,2026-10-03,feature_use,21.23
1582,2026-11-26,feature_use,20.58
1582,2026-11-18,login,20.47
1583,2026-10-28,login,28.47
1583,2026-09-30,cancel,24.3
1583,2026-06-28,cancel,18.42
1583,2026-08-15,upgrade,25.18
1583,2026-10-11,feature_use,5.01
1583,2026-09-19,upgrade,28.67
1584,2027-02-01,login,21.18
1584,2027-05-14,upgrade,18.05
1584,2027-03-08,login,3.0
1584,2026-12-02,upgrade,1.84
1584,2026-12-22,upgrade,23.8
1584,2027-03-03,login,24.33
1584,2026-12-14,upgrade,29.58
1584,2026-12-15,cancel,4.16
1584,2027-01-11,upgrade,27.61
1584,2027-02-22,feature_use,13.68
1584,2027-03-13,cancel,7.67
1584,2027-02-28,upgrade,8.3
1584,2027-01-13,feature_use,6.83
1584,2027-04-28,cancel,9.95
1584,2026-12-29,upgrade,10.0
1584,2027-04-30,cancel,17.3
1584,2027-04-16,upgrade,6.49
1584,2027-04-29,cancel,18.79
1584,2027-03-17,feature_use,14.33
1584,2026-12-03,feature_use,24.26
1584,2027-01-17,feature_use,7.19
1585,2026-08-19,upgrade,21.52
1585,2026-12-03,upgrade,18.85
1585,2026-12-21,login,15.94
1585,2026-11-01,cancel,26.51
1585,2026-10-30,upgrade,3.19
1585,2026-10-30,login,5.46
1585,2027-01-24,login,28.94
1585,2026-12-07,upgrade,18.36
1585,2026-11-30,login,17.69
1585,2026-12-27,upgrade,21.23
1585,2027-01-14,login,15.27
1585,2026-12-09,login,12.07
1586,2026-09-24,login,13.17
1586,2026-11-05,upgrade,12.61
1586,2026-11-13,login,1.42
1586,2026-07-16,cancel,25.08
1586,2026-06-19,cancel,3.07
1586,2026-08-11,upgrade,21.96
1586,2026-08-31,login,25.45
1586,2026-06-27,login,2.52
1586,2026-08-19,upgrade,26.1
1586,2026-09-23,login,7.36
1586,2026-10-26,login,4.96
1586,2026-06-03,login,26.99
1586,2026-07-08,login,2.18
1586,2026-06-20,feature_use,12.68
1586,2026-07-07,login,9.59
1586,2026-10-02,upgrade,25.88
1586,2026-11-04,cancel,13.82
1586,2026-08-01,upgrade,17.18
1586,2026-07-06,upgrade,20.14
1586,2026-09-09,feature_use,19.07
1586,2026-10-13,upgrade,20.93
1586,2026-09-28,feature_use,26.32
1586,2026-07-23,cancel,29.19
1586,2026-09-12,login,26.14
1586,2026-08-08,login,13.0
1586,2026-11-11,cancel,5.72
1586,2026-06-15,upgrade,18.9
1586,2026-10-21,upgrade,28.32
1587,2027-01-22,login,27.24
1587,2027-06-01,cancel,3.51
1587,2027-04-22,upgrade,15.75
1587,2027-04-15,upgrade,21.88
1587,2027-02-16,feature_use,9.26
1587,2027-06-08,upgrade,10.44
1588,2026-12-26,upgrade,22.47
1588,2026-10-16,login,6.43
1588,2026-12-31,feature_use,16.93
1588,2026-12-16,feature_use,26.53
1588,2026-09-03,feature_use,18.15
1588,2026-10-30,cancel,4.41
1588,2026-09-07,feature_use,8.4
1588,2026-11-23,feature_use,25.58
1588,2026-09-29,login,2.7
1588,2026-12-24,cancel,25.85
1588,2026-11-08,login,26.19
1588,2026-10-30,upgrade,11.81
1588,2027-02-02,login,13.47
1588,2026-10-02,upgrade,18.16
1588,2026-12-06,login,20.75
1588,2026-11-24,upgrade,15.64
1588,2026-12-06,feature_use,20.0
1588,2026-10-19,cancel,9.28
1588,2027-02-01,cancel,7.81
1588,2027-01-12,feature_use,8.2
1588,2026-11-08,login,3.56
1588,2026-10-01,cancel,16.96
1588,2026-11-28,upgrade,29.81
1588,2026-12-09,cancel,3.64
1588,2027-01-01,feature_use,9.83
1588,2027-01-30,upgrade,7.45
1589,2026-10-15,feature_use,7.01
1589,2026-08-08,feature_use,2.26
1589,2026-10-13,login,28.24
1589,2026-11-02,feature_use,10.76
1589,2026-10-08,upgrade,26.99
1589,2026-06-29,feature_use,23.79
1589,2026-10-23,upgrade,20.82
1589,2026-09-29,login,27.86
1589,2026-08-02,login,21.98
1589,2026-10-28,upgrade,10.59
1589,2026-07-27,cancel,2.69
1590,2027-04-08,cancel,21.56
1590,2027-03-04,cancel,19.33
1590,2027-04-20,login,3.89
1590,2027-04-03,login,20.35
1590,2027-01-01,feature_use,29.8
1590,2027-03-12,feature_use,20.06
1590,2027-04-24,cancel,26.36
1590,2027-03-01,upgrade,20.41
1590,2026-12-04,login,1.95
1590,2027-01-13,feature_use,11.09
1590,2027-02-15,upgrade,7.98
1590,2027-04-09,upgrade,26.35
1590,2027-05-07,upgrade,11.54
1590,2027-01-30,feature_use,15.69
1590,2027-03-01,cancel,14.95
1590,2027-04-22,login,25.42
1590,2027-02-20,upgrade,14.08
1590,2027-03-09,feature_use,21.56
1590,2027-05-02,login,13.64
1590,2027-04-30,feature_use,10.54
1590,2026-12-08,upgrade,9.64
1590,2027-05-15,feature_use,13.49
1590,2027-04-26,feature_use,10.34
1590,2027-01-04,login,5.93
1590,2027-02-03,login,21.82
1590,2027-01-30,upgrade,1.6
1590,2027-01-28,upgrade,1.59
1591,2027-03-06,upgrade,10.71
1591,2027-05-18,upgrade,9.43
1591,2027-03-26,cancel,7.56
1591,2027-06-19,cancel,19.45
1591,2027-01-15,login,14.35
1591,2027-03-09,feature_use,27.62
1591,2027-03-22,feature_use,1.0
1591,2027-03-30,login,3.19
1591,2027-06-21,feature_use,5.55
1591,2027-06-17,login,3.37
1591,2027-05-20,cancel,1.24
1591,2027-03-08,upgrade,22.92
1591,2027-06-14,upgrade,17.74
1591,2027-03-27,upgrade,23.21
1591,2027-05-08,login,11.72
1591,2027-06-08,upgrade,13.49
1591,2027-02-03,feature_use,11.79
1591,2027-04-06,upgrade,18.46
1591,2027-04-08,cancel,26.45
1591,2027-05-12,feature_use,11.73
1591,2027-06-20,feature_use,5.36
1591,2027-01-22,feature_use,5.84
1591,2027-05-13,feature_use,27.72
1592,2026-07-13,feature_use,26.44
1592,2026-04-23,feature_use,8.48
1592,2026-05-26,login,29.08
1592,2026-03-18,login,15.77
1592,2026-04-04,login,9.35
1592,2026-05-17,feature_use,29.04
1592,2026-06-11,cancel,16.59
1592,2026-04-16,feature_use,15.94
1592,2026-05-07,feature_use,21.62
1592,2026-04-01,feature_use,28.6
1592,2026-03-28,login,8.73
1592,2026-03-01,cancel,29.8
1592,2026-05-19,login,2.11
1592,2026-02-20,upgrade,24.32
1592,2026-05-26,upgrade,20.37
1592,2026-04-10,feature_use,1.28
1592,2026-03-01,feature_use,2.93
1592,2026-02-22,login,11.87
1592,2026-04-01,login,18.01
1592,2026-07-14,cancel,23.41
1592,2026-05-23,upgrade,25.81
1592,2026-04-11,cancel,25.78
1592,2026-03-19,login,17.38
1592,2026-03-02,feature_use,27.04
1592,2026-03-11,feature_use,12.53
1593,2027-02-09,upgrade,5.57
1593,2027-03-08,upgrade,21.3
1593,2026-11-28,login,15.69
1593,2027-04-14,login,21.3
1593,2027-03-21,cancel,9.81
1593,2026-11-14,cancel,12.11
1593,2026-10-23,feature_use,14.93
1593,2026-12-30,upgrade,16.26
1593,2026-12-08,cancel,10.61
1594,2026-10-01,login,8.04
1594,2026-05-18,login,3.44
1594,2026-07-17,feature_use,19.92
1594,2026-10-03,login,6.66
1594,2026-06-19,feature_use,8.5
1594,2026-10-01,cancel,25.18
1594,2026-07-06,upgrade,7.49
1594,2026-06-21,upgrade,9.53
1594,2026-04-30,upgrade,12.92
1594,2026-06-30,login,26.26
1594,2026-08-14,feature_use,1.25
1594,2026-06-19,cancel,9.27
1594,2026-10-15,feature_use,3.72
1594,2026-06-18,cancel,12.7
1594,2026-07-26,upgrade,17.07
1594,2026-08-02,feature_use,5.94
1594,2026-09-11,feature_use,9.93
1594,2026-10-18,cancel,8.92
1594,2026-07-01,cancel,27.36
1594,2026-07-15,upgrade,5.82
1594,2026-07-25,cancel,16.88
1594,2026-05-21,upgrade,19.22
1595,2027-02-26,upgrade,15.67
1595,2027-01-16,upgrade,5.18
1595,2026-12-12,feature_use,14.46
1595,2027-01-17,cancel,8.31
1595,2026-11-29,cancel,23.27
1595,2026-12-12,login,3.0
1595,2026-11-28,cancel,14.65
1595,2027-01-06,upgrade,20.24
1595,2026-11-12,feature_use,25.51
1595,2027-01-24,login,5.51
1595,2027-01-20,upgrade,23.48
1595,2026-09-27,feature_use,24.62
1595,2027-01-20,feature_use,24.93
1595,2026-10-05,feature_use,15.93
1595,2026-11-13,feature_use,19.27
1595,2026-09-19,upgrade,6.97
1595,2026-10-30,feature_use,22.13
1595,2027-01-08,upgrade,20.95
1595,2027-01-09,cancel,12.86
1596,2027-01-30,feature_use,6.27
1596,2027-02-02,upgrade,6.03
1596,2026-11-06,feature_use,2.19
1596,2027-03-02,feature_use,20.24
1596,2026-10-12,login,19.61
1597,2026-12-11,cancel,2.11
1597,2027-03-26,login,21.39
1597,2027-01-14,login,15.52
1597,2027-04-02,upgrade,10.34
1597,2027-01-12,feature_use,7.77
1597,2026-11-19,login,9.01
1597,2026-12-10,login,26.22
1597,2027-04-21,upgrade,26.0
1597,2027-02-13,upgrade,6.32
1597,2027-04-11,feature_use,28.23
1597,2027-04-29,login,8.74
1597,2027-01-02,upgrade,26.22
1597,2027-02-27,login,3.47
1597,2027-04-20,upgrade,22.79
1597,2027-02-01,upgrade,23.24
1598,2026-12-03,upgrade,3.34
1598,2027-02-18,cancel,7.02
1598,2027-02-15,upgrade,10.46
1598,2026-11-13,feature_use,27.25
1598,2027-01-11,login,3.36
1598,2027-02-03,upgrade,4.28
1598,2026-10-10,upgrade,27.42
1598,2026-10-01,upgrade,23.85
1598,2026-12-01,feature_use,18.51
1598,2026-10-12,feature_use,5.08
1598,2027-02-19,feature_use,26.92
1598,2026-12-31,feature_use,16.39
1598,2026-12-10,feature_use,2.31
1598,2027-02-02,upgrade,29.74
1598,2027-03-20,cancel,26.37
1599,2026-08-04,feature_use,2.25
1599,2026-05-19,feature_use,7.08
1599,2026-03-18,cancel,13.17
1599,2026-08-04,login,10.84
1599,2026-08-11,cancel,13.97
1599,2026-03-17,cancel,5.52
1599,2026-07-31,feature_use,28.26
1599,2026-05-29,login,24.44
1599,2026-06-12,upgrade,14.69
1600,2026-12-07,cancel,12.39
1600,2026-10-18,upgrade,12.71
1600,2026-10-25,upgrade,9.46
1600,2026-11-02,cancel,5.07
1600,2026-09-10,cancel,27.88
1600,2026-08-09,cancel,17.89
1600,2026-12-12,login,15.97
1600,2026-09-27,feature_use,17.8
1600,2026-10-13,upgrade,10.41
1600,2027-01-06,upgrade,25.23
1601,2027-02-23,upgrade,20.69
1601,2027-02-13,feature_use,1.45
1601,2027-04-03,cancel,11.36
1601,2027-04-07,cancel,26.58
1601,2027-01-16,cancel,28.93
1601,2026-11-30,login,12.62
1601,2026-12-20,upgrade,9.65
1601,2027-02-21,login,24.91
1601,2026-12-31,login,20.07
1601,2027-01-17,login,9.47
1601,2027-04-02,login,23.31
1601,2026-12-04,login,17.69
1601,2026-12-17,upgrade,12.62
1601,2027-01-27,login,3.03
1601,2026-12-14,login,6.64
1601,2026-12-09,upgrade,25.65
1601,2027-02-04,upgrade,6.64
1601,2027-04-09,login,14.08
1601,2027-02-26,cancel,10.81
1601,2026-10-22,feature_use,28.2
1602,2027-03-22,cancel,22.08
1602,2027-01-03,login,29.61
1602,2027-01-05,cancel,22.7
1602,2027-02-20,cancel,23.92
1602,2027-04-04,login,17.83
1603,2027-04-26,login,2.55
1603,2027-04-29,cancel,3.28
1603,2027-03-31,cancel,19.81
1603,2027-04-08,cancel,8.55
1603,2027-05-24,login,18.0
1603,2027-04-06,cancel,24.06
1604,2026-09-04,upgrade,3.28
1604,2027-01-17,upgrade,10.05
1604,2026-11-08,login,5.09
1604,2026-11-29,upgrade,8.74
1604,2026-09-26,login,7.64
1604,2026-10-01,upgrade,24.79
1604,2027-01-12,cancel,24.94
1604,2027-02-09,upgrade,12.03
1604,2026-11-12,feature_use,1.62
1604,2027-02-12,login,2.43
1604,2027-01-31,login,14.42
1604,2026-11-13,upgrade,29.28
1604,2026-09-30,login,25.44
1604,2027-01-04,cancel,7.72
1605,2026-10-25,feature_use,27.82
1605,2027-01-14,feature_use,28.64
1605,2027-02-22,upgrade,3.44
1605,2027-01-27,cancel,5.07
1605,2026-11-12,feature_use,27.22
1605,2027-01-09,login,3.09
1605,2026-10-21,upgrade,16.65
1605,2026-11-12,feature_use,20.5
1605,2027-01-12,cancel,27.97
1605,2026-12-28,login,1.18
1605,2026-09-29,upgrade,19.29
1605,2027-03-08,upgrade,5.24
1605,2026-10-14,login,18.87
1605,2026-11-10,feature_use,2.25
1605,2026-10-22,upgrade,26.06
1605,2027-02-19,login,10.42
1605,2026-12-30,upgrade,8.2
1605,2027-03-05,login,6.86
1605,2027-03-07,cancel,28.27
1605,2026-10-25,feature_use,18.57
1605,2026-11-16,cancel,22.9
1605,2026-12-08,feature_use,19.16
1605,2026-12-05,feature_use,28.5
1606,2027-04-26,feature_use,14.1
1606,2027-06-08,upgrade,28.21
1606,2027-04-08,login,16.04
1606,2027-05-05,cancel,2.46
1606,2027-05-25,login,3.86
1606,2027-04-22,login,22.87
1606,2027-02-03,cancel,23.58
1606,2027-03-04,upgrade,22.13
1606,2027-01-10,feature_use,24.64
1606,2027-06-17,login,3.46
1606,2027-04-08,upgrade,12.36
1606,2027-03-05,upgrade,26.4
1606,2027-05-20,feature_use,6.99
1606,2027-01-05,login,26.01
1606,2027-05-28,upgrade,5.99
1606,2027-01-21,login,8.99
1606,2027-05-28,feature_use,28.13
1606,2027-02-15,cancel,5.7
1606,2027-02-12,cancel,18.27
1606,2027-05-30,feature_use,28.84
1607,2026-06-24,feature_use,5.57
1607,2026-02-20,feature_use,26.39
1607,2026-03-27,cancel,22.75
1607,2026-04-25,cancel,6.86
1607,2026-04-15,cancel,11.37
1607,2026-07-09,feature_use,10.88
1607,2026-04-13,feature_use,2.32
1607,2026-04-14,cancel,9.44
1607,2026-02-16,login,25.63
1607,2026-06-17,feature_use,15.48
1607,2026-05-02,cancel,19.88
1607,2026-07-21,login,23.61
1607,2026-04-19,feature_use,8.68
1607,2026-07-15,login,27.83
1607,2026-06-28,feature_use,18.31
1607,2026-06-05,upgrade,25.53
1607,2026-02-23,cancel,23.38
1608,2027-02-17,login,16.43
1608,2026-10-13,cancel,16.05
1608,2026-12-11,upgrade,4.05
1608,2026-11-30,cancel,1.02
1608,2026-09-24,cancel,24.44
1608,2027-01-12,login,4.63
1608,2027-02-26,login,4.22
1608,2026-09-19,feature_use,2.36
1608,2026-12-15,cancel,10.02
1609,2027-01-12,cancel,12.71
1609,2027-03-16,login,18.29
1609,2027-03-06,login,5.38
1609,2027-04-25,cancel,23.18
1609,2027-03-27,cancel,24.69
1609,2027-01-18,login,8.9
1609,2027-04-01,login,9.52
1609,2027-01-26,feature_use,24.62
1609,2027-03-13,cancel,8.28
1609,2026-12-22,cancel,3.25
1609,2027-03-21,feature_use,7.77
1609,2026-12-07,upgrade,5.12
1609,2027-05-15,upgrade,21.8
1609,2026-12-09,upgrade,21.75
1609,2027-01-19,cancel,28.33
1609,2027-04-21,feature_use,11.25
1609,2027-01-18,feature_use,27.01
1609,2027-04-22,feature_use,1.51
1609,2027-03-10,feature_use,29.27
1609,2027-05-12,login,11.37
1609,2026-12-27,upgrade,1.55
1609,2027-02-22,upgrade,28.9
1609,2027-03-05,cancel,14.03
1609,2027-05-08,login,24.18
1609,2027-04-01,login,13.06
1609,2027-01-26,upgrade,7.92
1609,2027-04-06,feature_use,4.03
1609,2027-02-22,cancel,15.97
1610,2026-07-31,feature_use,13.12
1610,2026-11-14,feature_use,10.22
1610,2026-08-19,upgrade,12.63
1610,2026-10-03,login,1.92
1610,2026-06-09,cancel,3.84
1610,2026-10-09,cancel,5.35
1610,2026-07-19,feature_use,4.67
1610,2026-08-14,cancel,23.14
1610,2026-06-08,feature_use,1.7
1610,2026-07-10,upgrade,5.73
1610,2026-07-17,login,19.14
1610,2026-09-24,upgrade,18.41
1610,2026-09-05,login,29.24
1610,2026-10-18,login,19.78
1611,2026-06-19,cancel,9.76
1611,2026-03-28,feature_use,2.49
1611,2026-05-29,cancel,21.25
1611,2026-02-05,upgrade,23.63
1611,2026-04-27,login,3.13
1611,2026-05-17,feature_use,5.41
1611,2026-04-13,login,27.44
1611,2026-05-11,login,17.83
1611,2026-02-21,upgrade,25.69
1611,2026-05-14,upgrade,26.6
1611,2026-04-12,upgrade,23.23
1611,2026-06-20,upgrade,9.4
1611,2026-02-11,feature_use,13.29
1611,2026-03-20,feature_use,27.28
1611,2026-01-24,upgrade,9.26
1611,2026-03-15,upgrade,16.71
1611,2026-07-17,feature_use,17.54
1611,2026-03-27,feature_use,6.6
1611,2026-03-28,login,25.14
1611,2026-04-17,feature_use,25.19
1611,2026-05-11,cancel,27.47
1612,2026-12-11,feature_use,9.06
1612,2027-01-25,login,14.95
1612,2027-05-11,upgrade,1.98
1612,2027-01-03,upgrade,15.62
1612,2027-05-26,feature_use,2.24
1612,2027-03-01,feature_use,26.24
1612,2027-03-21,upgrade,5.7
1612,2027-03-16,feature_use,12.88
1612,2027-02-03,cancel,8.12
1612,2027-03-10,cancel,3.43
1612,2027-01-03,feature_use,9.5
1612,2027-05-22,upgrade,15.81
1613,2026-06-24,upgrade,12.43
1613,2026-05-02,login,17.71
1613,2026-08-28,upgrade,5.84
1613,2026-04-06,upgrade,7.8
1613,2026-03-21,upgrade,13.91
1613,2026-07-24,upgrade,20.22
1613,2026-06-29,feature_use,7.67
1613,2026-07-02,upgrade,16.55
1613,2026-06-20,cancel,2.17
1613,2026-04-04,cancel,14.52
1613,2026-05-09,cancel,8.83
1613,2026-07-27,cancel,16.32
1613,2026-05-09,login,16.46
1613,2026-06-09,login,8.43
1613,2026-05-26,login,3.12
1613,2026-03-15,login,24.63
1613,2026-05-21,upgrade,14.52
1613,2026-03-15,upgrade,19.94
1613,2026-08-21,feature_use,29.73
1613,2026-08-01,upgrade,11.9
1613,2026-07-24,cancel,27.79
1613,2026-05-18,feature_use,22.61
1613,2026-03-23,cancel,7.75
1613,2026-03-09,cancel,14.12
1613,2026-05-31,login,24.86
1613,2026-05-28,feature_use,8.81
1613,2026-08-21,login,28.23
1614,2026-07-09,upgrade,26.07
1614,2026-06-19,feature_use,5.91
1614,2026-09-16,upgrade,6.2
1614,2026-05-11,cancel,13.43
1614,2026-10-25,login,12.6
1614,2026-10-09,upgrade,5.53
1614,2026-09-04,cancel,7.38
1614,2026-07-03,login,27.58
1614,2026-09-05,login,16.06
1614,2026-06-09,upgrade,4.99
1614,2026-10-11,upgrade,27.4
1614,2026-10-10,cancel,7.45
1614,2026-06-09,upgrade,2.69
1614,2026-07-05,upgrade,8.18
1614,2026-10-20,upgrade,27.25
1614,2026-06-22,upgrade,25.58
1614,2026-06-12,upgrade,6.48
1614,2026-09-24,upgrade,17.11
1614,2026-05-24,feature_use,3.5
1614,2026-09-07,feature_use,9.17
1614,2026-06-09,login,9.94
1614,2026-06-14,feature_use,26.66
1614,2026-08-31,upgrade,6.47
1615,2027-02-02,cancel,6.06
1615,2026-12-27,feature_use,2.13
1615,2027-01-01,upgrade,8.82
1615,2027-04-07,cancel,23.27
1615,2027-04-30,upgrade,3.59
1615,2027-02-03,feature_use,7.4
1615,2027-06-18,upgrade,9.88
1615,2027-01-06,feature_use,13.62
1615,2027-06-17,feature_use,15.45
1615,2027-03-17,feature_use,3.79
1615,2027-06-06,cancel,11.18
1615,2027-03-26,upgrade,5.65
1615,2026-12-30,cancel,13.44
1615,2027-03-18,upgrade,2.86
1615,2027-01-09,upgrade,2.17
1615,2027-02-06,login,17.55
1615,2027-04-20,cancel,19.45
1616,2026-08-07,cancel,22.9
1616,2026-05-06,login,16.56
1616,2026-05-16,upgrade,25.37
1616,2026-05-01,cancel,5.01
1616,2026-06-01,upgrade,18.53
1616,2026-05-28,feature_use,17.4
1616,2026-07-17,feature_use,6.54
1616,2026-04-25,feature_use,5.33
1616,2026-07-31,upgrade,10.32
1616,2026-06-13,upgrade,1.17
1616,2026-06-19,login,24.02
1616,2026-06-26,upgrade,14.14
1616,2026-08-18,feature_use,6.99
1616,2026-05-16,login,10.09
1616,2026-04-06,feature_use,19.56
1616,2026-06-17,upgrade,24.89
1616,2026-08-10,cancel,3.24
1616,2026-04-15,login,1.97
1616,2026-06-04,login,11.36
1616,2026-07-07,login,2.45
1616,2026-06-10,login,28.84
1616,2026-05-24,login,17.44
1616,2026-07-14,login,7.04
1616,2026-04-08,upgrade,8.6
1616,2026-08-06,upgrade,18.6
1617,2026-12-30,cancel,19.36
1617,2026-12-11,login,9.98
1617,2026-07-21,cancel,25.59
1617,2026-12-21,feature_use,1.58
1617,2026-12-18,cancel,3.88
1617,2026-08-23,feature_use,3.17
1617,2026-10-09,feature_use,28.78
1617,2026-12-19,cancel,25.43
1617,2026-07-24,feature_use,2.84
1617,2026-07-28,upgrade,5.08
1617,2026-11-02,feature_use,22.04
1617,2026-10-28,feature_use,16.12
1617,2026-08-03,login,6.48
1617,2026-10-13,cancel,3.6
1617,2026-10-27,upgrade,7.19
1617,2026-08-18,feature_use,17.45
1617,2026-08-31,upgrade,25.88
1617,2026-11-22,upgrade,11.84
1617,2026-08-30,feature_use,20.56
1617,2026-10-21,cancel,8.46
1617,2026-10-28,feature_use,7.61
1617,2026-07-25,feature_use,12.85
1617,2026-07-21,feature_use,18.5
1617,2026-09-07,cancel,19.03
1617,2026-10-29,feature_use,11.69
1617,2026-12-11,feature_use,15.57
1617,2026-12-25,cancel,5.24
1617,2026-12-22,upgrade,4.46
1618,2027-04-21,feature_use,6.02
1618,2027-04-20,cancel,25.84
1618,2026-12-31,login,26.45
1618,2026-12-17,feature_use,19.9
1618,2026-12-25,feature_use,26.97
1618,2026-11-21,cancel,2.94
1618,2027-03-15,cancel,27.32
1618,2027-01-10,feature_use,16.94
1618,2026-12-01,login,24.07
1618,2027-05-18,cancel,10.77
1618,2027-01-29,upgrade,25.24
1618,2027-01-07,upgrade,16.34
1618,2027-03-18,feature_use,29.93
1618,2027-05-06,cancel,13.9
1618,2027-05-13,cancel,25.38
1618,2027-02-03,feature_use,29.01
1619,2026-12-18,cancel,28.89
1619,2026-08-19,cancel,7.39
1619,2026-11-10,login,9.82
1619,2026-10-15,cancel,11.6
1619,2026-08-22,cancel,7.58
1619,2026-12-13,cancel,23.84
1619,2026-07-18,login,6.09
1619,2026-07-23,upgrade,26.11
1619,2026-07-10,login,9.97
1619,2026-09-04,login,6.39
1619,2026-07-29,feature_use,26.23
1619,2026-10-20,login,24.61
1619,2026-09-03,upgrade,12.47
1619,2026-11-10,login,25.92
1619,2026-07-10,feature_use,11.09
1619,2026-08-27,cancel,18.55
1619,2026-07-16,login,14.98
1620,2026-10-25,upgrade,16.46
1620,2026-11-05,login,10.28
1620,2026-10-19,upgrade,29.27
1620,2026-12-17,login,23.93
1620,2026-09-11,feature_use,9.19
1620,2026-10-08,upgrade,1.9
1620,2026-12-16,feature_use,5.78
1620,2026-10-27,upgrade,13.88
1620,2026-09-11,cancel,21.69
1620,2026-08-29,login,16.32
1620,2026-11-24,upgrade,21.71
1620,2026-11-27,feature_use,19.67
1620,2026-10-10,login,4.03
1620,2027-01-31,upgrade,26.31
1620,2026-12-19,feature_use,18.15
1620,2026-11-16,upgrade,7.02
1620,2027-01-13,feature_use,24.02
1620,2026-09-03,feature_use,12.63
1620,2027-01-30,login,10.17
1620,2026-09-14,login,29.5
1620,2026-10-21,upgrade,28.83
1620,2026-12-03,feature_use,17.46
1621,2027-04-21,login,11.13
1621,2027-03-07,cancel,17.32
1621,2026-12-11,upgrade,28.9
1621,2027-04-24,login,17.02
1621,2027-04-16,cancel,29.63
1621,2026-12-12,feature_use,14.34
1621,2027-02-05,feature_use,4.41
1621,2026-12-03,upgrade,28.99
1622,2026-07-04,login,17.55
1622,2026-05-21,cancel,20.74
1622,2026-08-14,login,11.34
1622,2026-08-06,login,9.43
1622,2026-05-12,feature_use,10.32
1622,2026-05-11,cancel,10.67
1622,2026-05-01,feature_use,10.22
1622,2026-08-07,cancel,19.81
1622,2026-08-20,login,11.79
1622,2026-05-20,feature_use,28.03
1622,2026-08-06,feature_use,24.34
1622,2026-06-22,cancel,28.94
1622,2026-09-10,cancel,5.15
1622,2026-06-12,login,1.49
1622,2026-09-21,upgrade,8.92
1623,2026-09-15,upgrade,10.72
1623,2026-05-27,cancel,20.01
1623,2026-10-19,cancel,5.6
1623,2026-08-07,cancel,25.68
1623,2026-07-06,cancel,11.02
1623,2026-09-26,feature_use,4.59
1623,2026-05-20,upgrade,19.41
1623,2026-08-22,cancel,29.29
1623,2026-06-08,upgrade,25.18
1623,2026-10-29,feature_use,12.58
1623,2026-11-13,cancel,9.71
1623,2026-08-16,upgrade,11.96
1623,2026-10-03,cancel,8.74
1623,2026-09-02,login,6.86
1623,2026-10-11,feature_use,25.61
1623,2026-08-25,login,19.08
1623,2026-05-22,login,13.13
1623,2026-07-26,cancel,3.53
1623,2026-07-14,cancel,4.92
1623,2026-11-11,feature_use,13.52
1623,2026-07-21,cancel,29.26
1623,2026-07-22,feature_use,11.08
1623,2026-08-13,upgrade,25.25
1623,2026-07-10,upgrade,12.97
1624,2026-05-08,login,16.18
1624,2026-05-30,upgrade,25.12
1624,2026-05-24,feature_use,7.35
1624,2026-03-29,upgrade,21.94
1624,2026-03-12,login,27.83
1624,2026-02-25,upgrade,9.13
1624,2026-04-26,upgrade,4.52
1624,2026-04-03,cancel,17.93
1624,2026-06-27,login,3.74
1625,2026-12-06,cancel,20.94
1625,2026-07-11,upgrade,15.76
1625,2026-07-18,feature_use,4.79
1625,2026-07-18,upgrade,27.89
1625,2026-12-08,feature_use,17.04
1625,2026-09-09,feature_use,22.98
1625,2026-07-07,feature_use,23.36
1625,2026-10-02,login,13.08
1625,2026-10-24,upgrade,13.1
1625,2026-10-14,login,15.55
1625,2026-12-02,feature_use,24.19
1625,2026-07-13,login,12.74
1625,2026-09-03,cancel,26.59
1626,2026-08-13,login,20.37
1626,2026-09-23,upgrade,19.17
1626,2026-12-22,feature_use,27.34
1626,2026-09-21,upgrade,11.95
1626,2027-01-06,upgrade,23.87
1626,2026-12-27,upgrade,23.91
1626,2027-01-13,feature_use,20.99
1626,2026-10-02,cancel,10.99
1626,2026-11-27,login,21.73
1626,2026-11-16,upgrade,11.68
1626,2026-09-15,feature_use,19.18
1626,2026-09-05,login,22.96
1626,2026-10-22,feature_use,10.32
1626,2026-09-03,upgrade,18.37
1626,2026-11-26,cancel,17.96
1626,2026-12-29,upgrade,19.41
1626,2026-11-03,feature_use,18.45
1626,2026-09-26,cancel,5.21
1626,2026-09-30,cancel,6.95
1626,2026-12-25,login,15.88
1626,2026-09-28,login,11.36
1626,2026-09-21,cancel,19.45
1626,2026-11-17,feature_use,3.53
1626,2026-11-17,cancel,9.34
1626,2026-08-13,login,15.34
1627,2026-08-12,upgrade,23.78
1627,2026-03-30,cancel,26.77
1627,2026-08-04,upgrade,18.83
1627,2026-03-25,upgrade,4.14
1627,2026-07-01,upgrade,2.04
1627,2026-03-11,login,28.83
1627,2026-05-25,upgrade,15.78
1627,2026-07-02,cancel,14.26
1627,2026-07-05,cancel,18.32
1627,2026-04-16,cancel,13.64
1627,2026-06-25,login,5.57
1627,2026-06-07,upgrade,8.05
1627,2026-06-08,cancel,13.56
1627,2026-07-10,feature_use,19.93
1627,2026-05-13,cancel,6.39
1627,2026-03-11,upgrade,23.77
1627,2026-06-22,upgrade,6.2
1627,2026-07-22,feature_use,18.8
1627,2026-08-06,cancel,9.17
1627,2026-07-12,cancel,4.21
1628,2027-03-02,cancel,27.67
1628,2026-11-04,feature_use,20.21
1628,2026-12-10,upgrade,12.73
1628,2027-03-29,feature_use,18.89
1628,2027-02-12,upgrade,2.7
1628,2026-11-17,login,29.6
1628,2027-04-08,feature_use,12.21
1628,2027-02-21,cancel,14.95
1628,2027-03-19,cancel,21.0
1628,2027-03-25,upgrade,10.05
1628,2027-01-17,login,9.24
1628,2026-11-06,upgrade,6.97
1628,2027-04-09,login,29.76
1628,2027-01-31,feature_use,1.44
1628,2026-12-11,cancel,7.4
1628,2026-12-30,cancel,26.15
1628,2027-02-14,login,17.15
1628,2027-03-04,feature_use,16.31
1628,2027-04-08,login,28.57
1628,2026-12-22,login,2.1
1628,2026-11-23,upgrade,19.61
1628,2027-01-24,cancel,20.97
1628,2026-12-29,feature_use,22.14
1629,2026-11-20,cancel,5.66
1629,2027-02-25,cancel,4.61
1629,2026-09-08,feature_use,29.0
1629,2026-11-27,upgrade,9.74
1629,2027-01-05,login,29.46
1629,2027-02-07,upgrade,14.73
1629,2027-02-08,login,6.81
1629,2026-09-05,feature_use,13.44
1629,2026-10-04,cancel,6.52
1629,2026-11-07,upgrade,9.8
1629,2027-02-28,cancel,26.84
1629,2027-02-21,feature_use,2.71
1629,2026-12-29,cancel,9.61
1629,2027-02-07,upgrade,20.79
1629,2026-10-30,upgrade,15.5
1629,2026-09-24,cancel,23.94
1629,2027-02-15,cancel,19.34
1629,2026-10-03,feature_use,16.37
1629,2026-10-03,cancel,9.85
1629,2026-09-17,cancel,15.63
1629,2026-12-03,upgrade,14.81
1629,2026-11-07,feature_use,28.05
1629,2026-10-22,feature_use,11.49
1629,2027-01-18,feature_use,8.13
1629,2026-10-10,login,28.65
1629,2027-02-11,cancel,26.61
1629,2027-03-01,upgrade,12.0
1630,2026-05-12,cancel,17.66
1630,2026-05-16,upgrade,10.55
1630,2026-09-01,cancel,1.61
1630,2026-10-21,login,24.74
1630,2026-07-02,feature_use,9.8
1630,2026-07-20,upgrade,7.59
1630,2026-09-07,upgrade,24.56
1630,2026-05-30,feature_use,9.2
1630,2026-06-10,upgrade,25.95
1630,2026-05-04,login,15.15
1630,2026-05-03,upgrade,11.44
1630,2026-08-26,cancel,20.03
1630,2026-04-26,upgrade,26.7
1631,2026-05-25,feature_use,15.9
1631,2026-06-25,login,15.99
1631,2026-08-20,upgrade,27.71
1631,2026-06-27,login,14.96
1631,2026-09-16,feature_use,22.37
1631,2026-04-20,feature_use,6.34
1632,2026-07-14,login,12.21
1632,2026-06-28,login,2.73
1632,2026-03-25,feature_use,6.49
1632,2026-07-01,upgrade,20.22
1632,2026-04-08,upgrade,29.45
1632,2026-07-17,upgrade,20.91
1633,2026-12-03,login,3.18
1633,2027-01-03,feature_use,13.35
1633,2027-01-12,upgrade,16.68
1633,2026-10-11,login,11.02
1633,2027-01-14,login,9.71
1633,2026-09-10,upgrade,17.23
1633,2026-12-27,upgrade,17.09
1633,2026-09-30,feature_use,9.35
1633,2027-01-20,login,26.25
1633,2026-12-05,feature_use,12.95
1633,2026-09-04,cancel,3.31
1633,2026-09-12,login,8.5
1633,2026-12-12,cancel,6.91
1633,2026-11-27,login,9.98
1633,2026-10-01,cancel,19.35
1633,2026-12-03,login,6.02
1633,2026-09-26,login,4.41
1633,2026-12-17,feature_use,4.91
1633,2026-12-31,cancel,26.44
1633,2026-10-10,cancel,17.02
1633,2026-11-01,cancel,6.58
1633,2026-12-03,login,19.53
1633,2026-12-12,cancel,29.41
1633,2026-11-08,feature_use,23.14
1634,2026-08-12,cancel,8.11
1634,2026-08-10,login,6.49
1634,2026-07-12,feature_use,12.98
1634,2026-09-24,login,15.38
1634,2026-07-08,login,20.48
1634,2026-10-07,feature_use,12.88
1634,2026-07-11,login,29.71
1634,2026-08-20,cancel,2.91
1634,2026-09-10,feature_use,1.84
1634,2026-11-03,feature_use,2.37
1634,2026-06-18,login,12.9
1634,2026-10-27,login,13.42
1634,2026-09-08,login,1.67
1634,2026-09-14,feature_use,4.49
1634,2026-06-25,cancel,22.16
1634,2026-11-16,cancel,7.78
1634,2026-10-18,cancel,16.54
1634,2026-07-28,cancel,15.2
1634,2026-09-18,feature_use,14.67
1634,2026-11-27,cancel,18.05
1635,2026-05-02,upgrade,27.79
1635,2026-08-13,feature_use,21.88
1635,2026-08-03,feature_use,5.94
1635,2026-04-02,feature_use,1.15
1635,2026-06-20,login,22.01
1635,2026-04-07,cancel,28.6
1635,2026-05-19,login,24.29
1636,2026-11-16,cancel,19.33
1636,2026-09-30,upgrade,2.57
1636,2027-01-21,feature_use,25.3
1636,2026-11-23,cancel,1.75
1636,2027-01-28,feature_use,11.54
1636,2027-03-07,feature_use,3.65
1636,2027-01-02,upgrade,6.51
1636,2027-01-05,login,28.9
1636,2026-10-02,cancel,1.08
1636,2026-11-25,cancel,24.72
1636,2026-12-20,upgrade,14.33
1636,2026-10-18,login,17.62
1636,2026-10-21,feature_use,20.13
1636,2027-01-26,upgrade,28.6
1636,2027-02-27,upgrade,21.27
1636,2027-01-31,login,13.12
1636,2026-11-03,cancel,6.33
1636,2026-11-11,upgrade,18.77
1636,2027-01-03,cancel,14.13
1637,2026-03-05,feature_use,25.0
1637,2026-03-02,cancel,7.52
1637,2026-06-11,login,22.0
1637,2026-08-10,cancel,11.94
1637,2026-05-02,feature_use,24.52
1637,2026-08-02,upgrade,23.64
1637,2026-05-03,cancel,3.05
1637,2026-04-06,feature_use,16.7
1637,2026-04-25,cancel,6.07
1637,2026-03-17,feature_use,16.57
1637,2026-08-12,upgrade,21.62
1637,2026-07-28,upgrade,29.98
1638,2026-08-04,login,1.78
1638,2026-12-01,upgrade,28.09
1638,2026-09-22,upgrade,18.77
1638,2026-08-15,cancel,15.13
1638,2026-08-25,upgrade,18.5
1638,2026-09-02,upgrade,25.99
1638,2026-08-11,login,20.36
1638,2026-09-29,login,7.17
1638,2026-10-25,upgrade,16.42
1638,2026-10-17,upgrade,19.15
1638,2026-07-02,feature_use,10.43
1638,2026-11-20,login,16.74
1638,2026-09-15,upgrade,1.2
1638,2026-10-06,upgrade,10.56
1638,2026-08-25,feature_use,14.72
1638,2026-08-11,login,27.97
1638,2026-06-18,feature_use,29.0
1638,2026-11-13,cancel,19.34
1638,2026-11-25,upgrade,7.56
1638,2026-12-07,login,15.97
1639,2026-05-24,feature_use,22.26
1639,2026-05-23,upgrade,6.57
1639,2026-03-07,cancel,14.8
1639,2026-07-11,feature_use,24.23
1639,2026-03-04,upgrade,16.52
1639,2026-07-13,login,29.89
1639,2026-04-08,cancel,5.57
1639,2026-05-02,cancel,19.24
1639,2026-05-21,feature_use,28.37
1639,2026-03-22,login,5.92
1639,2026-05-12,upgrade,21.77
1639,2026-05-04,login,11.28
1639,2026-04-13,cancel,26.14
1639,2026-06-26,cancel,18.97
1639,2026-06-15,cancel,1.13
1639,2026-04-17,upgrade,24.65
1639,2026-07-23,upgrade,24.17
1639,2026-03-07,login,14.96
1639,2026-07-06,upgrade,20.53
1639,2026-03-06,cancel,25.24
1639,2026-06-13,upgrade,26.97
1639,2026-05-24,upgrade,8.83
1640,2026-10-15,cancel,23.16
1640,2026-08-03,upgrade,15.17
1640,2027-01-23,upgrade,27.55
1640,2026-10-07,feature_use,2.87
1640,2026-09-13,upgrade,7.16
1640,2027-01-13,login,4.28
1640,2026-10-20,login,15.98
1641,2026-12-30,feature_use,24.06
1641,2027-03-22,upgrade,10.47
1641,2026-11-09,feature_use,11.35
1641,2026-11-12,feature_use,20.61
1641,2026-11-08,feature_use,25.85
1641,2027-02-04,cancel,24.26
1641,2026-10-20,upgrade,13.38
1641,2027-01-29,feature_use,16.59
1641,2027-01-28,feature_use,16.66
1641,2027-02-01,login,23.13
1641,2027-03-20,upgrade,1.14
1641,2027-01-31,feature_use,25.89
1641,2027-02-17,feature_use,7.75
1641,2027-03-07,upgrade,6.58
1641,2026-12-23,feature_use,13.3
1641,2027-03-14,login,17.77
1642,2026-05-03,cancel,28.24
1642,2026-05-28,feature_use,1.26
1642,2026-06-24,login,23.78
1642,2026-08-04,upgrade,13.09
1642,2026-07-10,upgrade,19.14
1642,2026-04-02,login,2.6
1642,2026-07-26,login,27.32
1642,2026-04-30,feature_use,27.97
1642,2026-04-28,cancel,3.24
1642,2026-08-05,feature_use,3.87
1642,2026-04-29,cancel,11.33
1642,2026-08-17,upgrade,19.11
1642,2026-05-08,upgrade,12.07
1642,2026-05-21,login,24.57
1642,2026-06-26,feature_use,3.31
1642,2026-04-27,feature_use,19.1
1642,2026-04-25,upgrade,15.24
1642,2026-07-01,login,16.9
1642,2026-09-06,upgrade,4.94
1642,2026-09-15,login,11.8
1642,2026-06-13,feature_use,16.28
1642,2026-07-11,login,21.79
1642,2026-05-27,upgrade,3.31
1642,2026-07-15,feature_use,23.43
1642,2026-05-06,feature_use,12.58
1642,2026-06-27,upgrade,13.08
1642,2026-08-20,login,13.99
1642,2026-07-04,feature_use,11.82
1643,2026-06-30,cancel,18.63
1643,2026-07-09,feature_use,29.26
1643,2026-09-17,feature_use,3.51
1643,2026-05-06,upgrade,26.83
1643,2026-08-26,login,12.5
1643,2026-05-15,login,28.44
1643,2026-08-19,upgrade,28.96
1643,2026-09-24,feature_use,17.79
1643,2026-05-16,upgrade,7.5
1643,2026-08-03,upgrade,19.56
1643,2026-07-02,feature_use,4.48
1643,2026-04-26,cancel,21.18
1643,2026-10-19,cancel,29.39
1643,2026-08-07,login,19.16
1643,2026-06-20,cancel,23.89
1643,2026-06-03,login,20.22
1644,2026-06-21,login,28.63
1644,2026-03-17,upgrade,20.75
1644,2026-08-27,feature_use,2.29
1644,2026-08-24,upgrade,18.99
1644,2026-06-02,cancel,18.79
1644,2026-05-06,cancel,4.06
1644,2026-05-01,login,29.89
1644,2026-06-16,upgrade,12.88
1644,2026-06-02,login,20.03
1644,2026-05-26,upgrade,20.81
1644,2026-04-04,cancel,28.16
1644,2026-03-17,upgrade,17.09
1644,2026-07-23,feature_use,14.02
1644,2026-04-10,feature_use,9.71
1644,2026-08-11,upgrade,5.85
1644,2026-03-24,cancel,9.93
1645,2026-10-14,cancel,5.56
1645,2026-10-08,upgrade,21.0
1645,2026-07-11,upgrade,21.18
1645,2026-07-18,cancel,13.0
1645,2026-12-02,feature_use,8.95
1645,2026-08-26,cancel,16.91
1645,2026-09-03,upgrade,11.39
1645,2026-09-23,upgrade,18.77
1645,2026-10-30,cancel,8.91
1645,2026-11-19,upgrade,19.22
1645,2026-10-28,login,3.17
1645,2026-10-28,cancel,19.26
1646,2027-03-10,cancel,8.22
1646,2026-12-09,feature_use,17.44
1646,2026-11-28,cancel,3.6
1646,2027-02-28,upgrade,24.61
1646,2027-03-19,upgrade,3.5
1646,2027-01-24,feature_use,26.84
1646,2027-03-09,upgrade,21.5
1646,2027-05-07,feature_use,22.89
1646,2027-05-02,feature_use,14.14
1646,2027-03-18,upgrade,6.38
1646,2027-03-17,cancel,14.47
1646,2026-11-23,cancel,2.35
1646,2027-04-18,upgrade,12.77
1646,2026-12-27,cancel,3.83
1646,2027-04-24,upgrade,27.12
1646,2026-12-15,feature_use,4.95
1646,2026-12-04,login,1.69
1646,2027-02-04,login,23.63
1646,2027-01-23,upgrade,3.56
1646,2027-03-02,feature_use,19.0
1646,2027-01-03,cancel,21.41
1646,2027-02-03,cancel,10.25
1646,2027-02-15,login,18.39
1646,2027-01-12,cancel,21.47
1647,2026-07-06,feature_use,16.69
1647,2026-10-12,login,25.99
1647,2026-10-06,login,24.27
1647,2026-10-19,upgrade,20.38
1647,2026-04-23,cancel,4.67
1647,2026-10-15,login,23.36
1647,2026-10-13,feature_use,11.52
1647,2026-05-22,feature_use,7.39
1647,2026-07-05,login,26.58
1647,2026-07-23,feature_use,11.14
1647,2026-06-13,upgrade,23.84
1647,2026-09-18,feature_use,14.31
1647,2026-08-28,feature_use,8.24
1647,2026-08-02,login,11.33
1647,2026-10-02,cancel,27.72
1647,2026-04-26,feature_use,15.87
1647,2026-06-27,cancel,20.33
1648,2026-11-05,upgrade,6.28
1648,2027-01-11,login,2.31
1648,2026-10-04,cancel,22.36
1648,2027-01-05,cancel,2.46
1648,2027-01-28,upgrade,11.02
1648,2026-12-20,upgrade,8.13
1648,2026-10-21,cancel,27.79
1648,2026-10-09,feature_use,9.71
1648,2026-09-22,upgrade,15.18
1648,2027-01-06,cancel,4.28
1648,2026-11-08,feature_use,24.09
1648,2026-09-30,cancel,15.33
1648,2027-01-15,upgrade,17.97
1648,2026-11-11,upgrade,25.79
1648,2027-01-16,feature_use,7.59
1648,2026-10-10,upgrade,12.39
1648,2026-12-14,login,4.75
1648,2027-01-16,cancel,29.11
1648,2026-12-23,login,26.48
1648,2026-10-11,feature_use,2.54
1648,2026-09-19,feature_use,5.65
1648,2026-11-28,login,6.81
1649,2027-03-03,cancel,20.89
1649,2027-03-30,feature_use,28.13
1649,2026-12-09,upgrade,11.17
1649,2027-01-19,feature_use,5.04
1649,2027-01-29,login,5.84
1649,2027-01-11,upgrade,25.31
1649,2027-02-26,login,21.04
1649,2027-01-20,upgrade,16.7
1649,2027-03-31,upgrade,3.4
1649,2026-12-12,login,8.1
1649,2027-02-15,login,4.98
1649,2027-03-10,cancel,3.66
1649,2027-02-16,cancel,9.41
1650,2026-11-08,cancel,10.45
1650,2026-09-21,cancel,20.44
1650,2026-10-25,login,28.04
1650,2026-08-06,login,13.81
1650,2026-11-04,feature_use,14.69
1650,2026-11-01,feature_use,16.85
1650,2026-12-04,upgrade,20.94
1650,2026-12-10,cancel,13.71
1650,2026-07-22,cancel,21.82
1650,2026-09-19,cancel,23.94
1650,2026-10-31,upgrade,24.59
1651,2026-05-26,feature_use,25.54
1651,2026-02-23,feature_use,24.97
1651,2026-03-05,cancel,29.69
1651,2026-08-02,login,4.24
1651,2026-07-29,feature_use,20.15
1651,2026-04-07,upgrade,4.27
1651,2026-03-09,feature_use,2.69
1651,2026-06-28,feature_use,21.02
1652,2026-11-13,login,22.28
1652,2026-07-20,cancel,9.43
1652,2026-08-27,cancel,2.63
1652,2026-12-06,feature_use,3.51
1652,2026-08-12,cancel,14.78
1652,2026-09-11,login,8.83
1652,2026-11-25,login,1.24
1652,2026-08-23,cancel,8.82
1652,2026-10-29,login,28.03
1652,2026-09-02,cancel,17.44
1652,2026-09-17,login,9.92
1652,2026-08-01,feature_use,28.18
1652,2026-11-30,cancel,28.12
1652,2026-12-27,feature_use,4.26
1652,2026-12-17,upgrade,23.74
1652,2026-08-20,feature_use,18.75
1653,2026-03-20,feature_use,17.24
1653,2026-04-20,feature_use,15.61
1653,2026-07-01,upgrade,14.58
1653,2026-06-08,login,6.02
1653,2026-07-28,feature_use,4.98
1653,2026-03-09,login,3.25
1653,2026-02-27,login,4.98
1653,2026-08-10,login,26.04
1653,2026-05-05,cancel,21.94
1653,2026-06-13,cancel,18.44
1653,2026-03-23,cancel,13.91
1653,2026-02-26,login,5.4
1653,2026-07-15,upgrade,9.74
1653,2026-08-03,login,4.5
1653,2026-07-01,cancel,21.45
1653,2026-05-29,upgrade,22.25
1653,2026-08-04,feature_use,3.39
1653,2026-08-04,login,11.24
1653,2026-04-17,login,28.2
1653,2026-07-26,feature_use,13.63
1653,2026-06-06,login,9.23
1653,2026-05-09,login,27.97
1653,2026-07-11,upgrade,4.09
1653,2026-07-29,feature_use,13.37
1654,2026-11-19,cancel,29.8
1654,2026-11-14,login,2.24
1654,2027-03-14,feature_use,25.13
1654,2027-01-25,cancel,16.31
1654,2027-02-02,upgrade,25.16
1654,2027-01-06,cancel,8.4
1654,2027-04-27,login,21.6
1654,2026-11-30,feature_use,21.39
1654,2027-05-01,cancel,20.28
1654,2026-11-26,upgrade,18.03
1654,2027-01-23,cancel,19.79
1654,2027-04-11,feature_use,6.03
1654,2026-11-21,login,4.78
1654,2026-12-29,feature_use,24.53
1655,2027-03-19,upgrade,23.63
1655,2027-02-16,cancel,28.29
1655,2027-01-09,feature_use,7.12
1655,2027-01-23,upgrade,14.41
1655,2027-04-25,upgrade,23.89
1655,2027-02-14,upgrade,12.72
1655,2027-03-03,login,28.5
1655,2027-03-06,upgrade,25.43
1655,2027-01-21,upgrade,19.97
1655,2027-03-06,feature_use,24.5
1655,2027-04-04,feature_use,11.45
1656,2026-08-18,feature_use,27.48
1656,2026-09-07,login,13.35
1656,2026-07-21,cancel,13.39
1656,2026-09-23,login,1.17
1656,2026-07-31,login,5.06
1656,2026-09-30,feature_use,20.92
1657,2027-04-28,upgrade,13.6
1657,2027-04-28,login,24.6
1657,2027-04-25,cancel,23.47
1657,2027-05-31,upgrade,27.71
1657,2027-05-22,feature_use,27.46
1657,2026-12-26,feature_use,20.05
1657,2027-02-28,upgrade,19.52
1657,2027-04-26,feature_use,27.1
1657,2027-04-02,upgrade,24.72
1657,2027-01-22,login,15.53
1657,2027-03-04,feature_use,22.93
1657,2027-05-12,upgrade,1.02
1657,2027-05-02,feature_use,16.73
1657,2027-01-08,upgrade,14.65
1657,2027-04-15,feature_use,1.55
1658,2027-01-08,feature_use,12.56
1658,2027-03-30,feature_use,15.62
1658,2027-05-07,feature_use,13.41
1658,2026-12-19,cancel,23.76
1658,2027-02-02,cancel,29.49
1659,2026-03-11,cancel,16.74
1659,2026-01-31,feature_use,17.08
1659,2026-04-06,cancel,6.25
1659,2026-03-15,login,5.73
1659,2026-03-26,feature_use,27.12
1659,2026-02-22,cancel,28.99
1659,2026-02-26,upgrade,18.75
1659,2026-07-20,upgrade,17.45
1659,2026-03-01,cancel,14.99
1659,2026-06-20,feature_use,13.96
1659,2026-06-24,feature_use,2.21
1659,2026-02-26,upgrade,3.29
1659,2026-02-11,cancel,10.56
1659,2026-07-29,cancel,10.38
1659,2026-03-25,upgrade,27.0
1659,2026-07-23,login,9.61
1659,2026-04-23,feature_use,11.59
1659,2026-04-30,feature_use,28.45
1659,2026-07-20,upgrade,2.69
1659,2026-03-31,feature_use,4.64
1659,2026-05-13,upgrade,2.54
1659,2026-06-06,upgrade,23.27
1659,2026-05-17,login,16.75
1659,2026-03-29,login,14.94
1659,2026-07-27,upgrade,10.31
1659,2026-05-20,upgrade,20.43
1659,2026-04-21,feature_use,22.13
1659,2026-04-21,feature_use,27.77
1659,2026-03-21,cancel,27.7
1660,2026-08-11,login,4.12
1660,2026-09-30,feature_use,16.32
1660,2026-10-08,upgrade,1.93
1660,2026-09-23,cancel,24.66
1660,2026-11-20,login,23.92
1660,2026-09-11,upgrade,12.65
1660,2026-08-18,feature_use,26.53
1660,2026-08-11,login,17.08
1660,2026-09-13,feature_use,2.73
1660,2026-07-28,feature_use,29.99
1660,2026-08-03,feature_use,21.35
1660,2026-07-19,cancel,6.92
1660,2026-09-25,login,24.37
1660,2026-09-09,login,7.05
1660,2026-09-28,cancel,20.51
1660,2026-09-30,cancel,27.27
1660,2026-06-04,feature_use,16.94
1660,2026-08-05,feature_use,2.17
1660,2026-09-25,cancel,8.85
1660,2026-11-03,cancel,12.35
1660,2026-07-27,cancel,18.48
1660,2026-07-17,upgrade,1.65
1660,2026-11-20,login,21.41
1660,2026-09-26,cancel,4.97
1660,2026-11-13,cancel,1.38
1660,2026-09-05,cancel,3.8
1660,2026-07-23,upgrade,6.24
1661,2027-04-25,login,12.38
1661,2027-01-09,feature_use,4.07
1661,2027-04-23,upgrade,17.21
1661,2027-01-25,upgrade,24.06
1661,2027-01-28,cancel,11.55
1661,2027-03-08,login,19.99
1661,2026-12-27,login,15.91
1661,2027-04-30,feature_use,10.88
1661,2027-03-08,upgrade,5.18
1661,2027-04-04,login,11.92
1661,2026-12-27,login,9.17
1661,2027-05-09,login,12.89
1661,2027-05-25,cancel,20.5
1661,2027-03-15,cancel,22.98
1661,2027-06-07,upgrade,3.8
1661,2027-01-06,upgrade,21.63
1661,2027-03-10,upgrade,6.31
1661,2027-04-15,cancel,22.33
1661,2027-06-01,feature_use,18.97
1661,2026-12-20,login,4.58
1661,2027-04-12,login,5.32
1661,2027-01-25,feature_use,18.99
1662,2027-02-02,upgrade,17.5
1662,2026-10-24,upgrade,11.69
1662,2027-04-05,feature_use,12.76
1662,2026-11-01,feature_use,14.09
1662,2026-12-21,feature_use,3.5
1662,2027-02-19,cancel,17.57
1662,2026-12-18,upgrade,25.73
1662,2027-03-25,upgrade,11.56
1662,2027-03-09,cancel,27.89
1662,2027-01-31,login,15.6
1662,2026-12-10,login,19.45
1662,2027-03-25,upgrade,10.91
1662,2026-11-28,feature_use,13.53
1662,2026-12-22,cancel,15.69
1662,2027-01-21,login,17.14
1662,2026-11-25,upgrade,12.29
1662,2026-10-14,feature_use,8.98
1662,2027-02-04,cancel,4.09
1662,2027-02-04,login,10.6
1663,2026-10-01,feature_use,23.6
1663,2026-07-03,upgrade,8.56
1663,2026-09-26,cancel,27.35
1663,2026-11-28,login,8.96
1663,2026-08-14,feature_use,17.39
1663,2026-08-24,login,2.35
1663,2026-08-01,login,3.4
1663,2026-07-10,cancel,7.19
1663,2026-07-13,login,20.91
1663,2026-06-16,upgrade,15.47
1663,2026-07-14,upgrade,17.43
1663,2026-10-27,feature_use,9.93
1663,2026-07-01,upgrade,7.85
1663,2026-07-16,upgrade,10.4
1663,2026-09-20,upgrade,3.84
1663,2026-08-12,cancel,7.93
1663,2026-08-24,cancel,19.48
1663,2026-09-26,feature_use,25.45
1663,2026-08-24,login,10.38
1663,2026-06-24,feature_use,6.14
1663,2026-07-09,cancel,21.55
1664,2026-12-01,cancel,6.08
1664,2027-01-12,cancel,5.34
1664,2026-11-27,upgrade,13.41
1664,2026-09-17,upgrade,19.52
1664,2027-01-25,cancel,16.21
1664,2026-11-15,login,23.42
1664,2027-01-29,feature_use,13.64
1664,2026-12-08,login,23.12
1664,2027-01-10,cancel,19.12
1664,2026-11-15,feature_use,10.62
1664,2026-10-02,cancel,26.55
1664,2026-09-10,login,25.44
1664,2026-11-25,feature_use,29.32
1664,2027-02-28,feature_use,2.86
1664,2026-11-03,login,22.33
1664,2027-01-14,upgrade,29.04
1664,2026-12-11,upgrade,1.8
1664,2026-12-02,login,19.26
1664,2026-10-19,feature_use,17.85
1664,2026-09-24,cancel,15.42
1664,2027-02-08,cancel,21.69
1665,2027-02-21,cancel,18.15
1665,2027-01-23,feature_use,15.52
1665,2027-01-15,feature_use,3.7
1665,2027-03-23,upgrade,26.44
1665,2027-03-06,upgrade,17.35
1665,2027-04-07,cancel,21.09
1665,2027-02-17,feature_use,5.63
1665,2026-11-03,feature_use,26.21
1665,2027-03-14,cancel,28.34
1665,2026-11-05,cancel,21.92
1665,2027-01-15,feature_use,26.73
1665,2027-02-17,cancel,8.36
1665,2026-12-24,cancel,26.6
1665,2027-01-29,upgrade,7.68
1666,2026-02-20,login,24.53
1666,2026-05-17,cancel,24.73
1666,2026-01-20,cancel,28.03
1666,2026-03-19,login,18.74
1666,2026-06-28,feature_use,27.14
1666,2026-02-16,login,19.48
1666,2026-04-04,feature_use,2.29
1666,2026-05-05,feature_use,25.36
1666,2026-06-18,cancel,28.96
1666,2026-06-19,upgrade,5.22
1666,2026-06-12,upgrade,19.72
1666,2026-03-20,upgrade,28.85
1666,2026-06-29,feature_use,2.85
1666,2026-03-31,upgrade,7.55
1667,2026-06-06,cancel,11.59
1667,2026-10-01,cancel,12.16
1667,2026-10-31,upgrade,17.84
1667,2026-05-20,login,4.01
1667,2026-07-30,feature_use,23.17
1667,2026-10-16,upgrade,26.79
1667,2026-05-19,upgrade,9.98
1667,2026-08-17,upgrade,10.9
1667,2026-05-21,cancel,4.42
1667,2026-11-02,cancel,19.1
1667,2026-06-09,upgrade,20.71
1667,2026-06-23,cancel,1.01
1667,2026-08-20,login,12.92
1667,2026-10-31,upgrade,20.49
1667,2026-09-24,upgrade,5.24
1667,2026-09-22,cancel,15.61
1667,2026-10-15,cancel,5.37
1668,2026-01-29,cancel,23.84
1668,2026-06-30,login,7.31
1668,2026-04-07,cancel,14.56
1668,2026-03-27,feature_use,13.34
1668,2026-06-17,login,26.01
1668,2026-06-13,feature_use,21.14
1668,2026-04-07,cancel,10.02
1668,2026-06-22,login,1.72
1668,2026-01-10,upgrade,23.64
1668,2026-03-08,login,20.4
1668,2026-05-29,login,19.05
1668,2026-03-24,login,28.18
1668,2026-02-01,feature_use,17.79
1668,2026-05-13,feature_use,20.09
1668,2026-01-24,login,18.42
1668,2026-03-12,feature_use,28.23
1668,2026-05-18,feature_use,29.2
1668,2026-01-15,upgrade,10.86
1668,2026-06-08,upgrade,6.07
1668,2026-04-07,upgrade,19.41
1668,2026-02-02,cancel,29.48
1668,2026-04-17,cancel,28.95
1668,2026-05-23,login,14.76
1668,2026-03-20,feature_use,28.89
1668,2026-02-28,login,25.87
1668,2026-03-01,cancel,9.03
1668,2026-06-20,login,8.75
1668,2026-06-11,cancel,6.09
1669,2026-05-19,login,5.38
1669,2026-08-28,feature_use,22.45
1669,2026-08-30,feature_use,16.23
1669,2026-05-11,upgrade,28.05
1669,2026-04-24,cancel,16.38
1669,2026-09-24,upgrade,28.09
1669,2026-05-04,login,11.96
1669,2026-07-15,cancel,14.61
1669,2026-05-28,cancel,28.55
1669,2026-04-28,upgrade,15.22
1669,2026-10-01,upgrade,9.14
1669,2026-08-26,cancel,7.56
1669,2026-07-01,login,9.0
1669,2026-06-19,upgrade,24.58
1669,2026-09-20,upgrade,24.52
1669,2026-08-01,login,16.49
1669,2026-07-19,upgrade,28.76
1669,2026-06-15,cancel,8.86
1669,2026-06-12,upgrade,14.41
1669,2026-10-06,upgrade,14.79
1669,2026-05-09,feature_use,18.14
1669,2026-06-07,cancel,27.24
1669,2026-06-02,feature_use,21.89
1669,2026-04-13,login,11.87
1669,2026-06-30,cancel,18.87
1669,2026-08-27,upgrade,9.42
1669,2026-09-05,upgrade,21.51
1669,2026-09-21,cancel,18.53
1670,2027-01-13,cancel,9.58
1670,2026-12-11,login,20.6
1670,2026-12-20,upgrade,7.32
1670,2027-01-30,cancel,15.23
1670,2026-11-18,cancel,3.43
1671,2026-09-20,feature_use,23.54
1671,2026-08-24,cancel,14.1
1671,2026-07-07,cancel,3.58
1671,2026-06-15,login,1.92
1671,2026-06-02,upgrade,16.49
1672,2027-02-02,cancel,17.97
1672,2027-05-08,cancel,16.01
1672,2027-04-20,upgrade,17.12
1672,2027-03-04,feature_use,15.25
1672,2026-11-22,upgrade,17.87
1672,2027-02-15,login,10.33
1672,2026-12-31,feature_use,14.17
1673,2026-03-23,upgrade,1.35
1673,2026-03-16,login,12.11
1673,2026-06-17,feature_use,2.54
1673,2026-03-25,feature_use,20.74
1673,2026-05-02,login,3.25
1673,2026-04-22,upgrade,25.61
1673,2026-04-01,feature_use,25.66
1673,2026-07-06,upgrade,23.32
1674,2026-08-21,cancel,5.35
1674,2026-09-05,feature_use,26.02
1674,2026-09-14,cancel,1.28
1674,2026-09-19,login,19.53
1674,2026-11-02,cancel,16.39
1674,2026-07-28,feature_use,12.5
1675,2026-06-25,feature_use,19.61
1675,2026-07-13,upgrade,20.53
1675,2026-11-04,cancel,16.06
1675,2026-10-08,upgrade,5.43
1675,2026-08-06,feature_use,3.54
1675,2026-10-14,login,27.45
1675,2026-09-16,feature_use,2.56
1675,2026-05-15,upgrade,13.64
1675,2026-07-24,cancel,10.26
1675,2026-10-18,login,6.15
1675,2026-05-17,upgrade,29.44
1675,2026-08-26,upgrade,28.91
1675,2026-05-20,upgrade,13.5
1675,2026-05-29,feature_use,23.74
1675,2026-10-13,feature_use,10.84
1675,2026-10-31,cancel,16.2
1675,2026-06-25,login,6.15
1675,2026-07-01,feature_use,9.65
1675,2026-09-27,feature_use,9.64
1675,2026-08-28,upgrade,20.09
1676,2026-03-24,upgrade,13.53
1676,2026-05-05,login,19.59
1676,2026-08-17,login,6.9
1676,2026-04-16,upgrade,23.63
1676,2026-07-19,login,25.39
1676,2026-07-23,cancel,15.92
1676,2026-07-20,cancel,11.44
1676,2026-05-25,login,27.44
1676,2026-04-14,login,5.19
1676,2026-05-28,upgrade,12.16
1676,2026-07-05,upgrade,15.37
1676,2026-04-02,feature_use,27.35
1676,2026-06-11,cancel,19.89
1677,2026-07-11,cancel,27.73
1677,2026-11-20,cancel,14.25
1677,2026-10-17,login,13.94
1677,2026-10-19,feature_use,12.25
1677,2026-09-09,cancel,1.04
1677,2026-06-18,feature_use,19.06
1677,2026-08-30,login,4.93
1677,2026-11-21,upgrade,25.81
1677,2026-11-29,login,22.5
1677,2026-10-18,cancel,27.66
1677,2026-08-21,upgrade,13.04
1677,2026-10-11,cancel,6.95
1677,2026-07-02,cancel,13.16
1677,2026-09-28,upgrade,23.81
1677,2026-08-15,login,21.72
1677,2026-09-21,upgrade,27.36
1677,2026-09-01,feature_use,26.91
1677,2026-06-20,upgrade,1.39
1677,2026-08-15,cancel,19.23
1677,2026-11-12,upgrade,17.72
1677,2026-08-26,feature_use,3.17
1677,2026-11-07,feature_use,18.06
1677,2026-11-10,feature_use,13.26
1678,2026-07-27,login,29.52
1678,2026-09-18,login,8.5
1678,2026-12-05,cancel,23.86
1678,2026-09-05,feature_use,29.28
1678,2026-10-08,cancel,1.3
1678,2026-09-18,cancel,17.79
1678,2026-12-11,cancel,29.73
1678,2027-01-01,upgrade,12.24
1678,2026-08-13,login,26.82
1678,2026-09-05,cancel,23.1
1678,2026-10-04,login,23.41
1678,2026-12-18,upgrade,20.0
1678,2026-09-03,feature_use,15.37
1678,2026-11-08,feature_use,27.7
1678,2026-08-27,cancel,6.84
1678,2026-11-19,login,19.05
1678,2026-09-23,login,1.37
1678,2026-07-29,cancel,13.41
1678,2026-08-12,cancel,18.88
1678,2026-09-07,cancel,21.72
1678,2026-12-15,upgrade,23.12
1678,2026-08-05,upgrade,3.03
1678,2026-11-17,login,10.89
1678,2026-10-28,upgrade,2.27
1678,2026-09-14,login,16.53
1678,2026-09-29,feature_use,22.93
1679,2026-12-09,login,10.3
1679,2026-10-11,login,20.25
1679,2026-12-23,feature_use,17.54
1679,2027-01-24,upgrade,21.04
1679,2027-02-16,cancel,11.17
1679,2026-10-05,login,13.27
1679,2026-12-23,upgrade,19.6
1679,2026-12-31,login,19.43
1679,2026-12-13,feature_use,23.37
1680,2026-05-24,cancel,19.64
1680,2026-08-12,cancel,7.62
1680,2026-05-12,upgrade,17.97
1680,2026-06-24,login,8.49
1680,2026-04-11,cancel,24.73
1680,2026-08-01,cancel,6.33
1680,2026-06-07,cancel,12.61
1680,2026-06-11,upgrade,25.4
1680,2026-09-12,upgrade,28.72
1680,2026-07-10,login,2.26
1680,2026-08-04,upgrade,8.2
1680,2026-06-10,login,2.89
1680,2026-05-15,feature_use,16.82
1680,2026-08-07,login,1.38
1680,2026-08-03,feature_use,13.02
1680,2026-04-27,feature_use,29.67
1680,2026-06-06,feature_use,25.03
1680,2026-05-18,upgrade,27.93
1680,2026-04-28,feature_use,18.83
1680,2026-05-30,cancel,26.93
1680,2026-05-20,cancel,4.15
1680,2026-08-08,login,10.0
1680,2026-06-07,cancel,8.62
1681,2027-03-23,feature_use,11.85
1681,2027-05-01,upgrade,5.86
1681,2026-11-25,cancel,26.51
1681,2027-03-24,upgrade,22.42
1681,2027-03-12,feature_use,20.89
1681,2026-12-10,cancel,7.44
1681,2027-05-05,cancel,13.04
1681,2027-03-04,login,19.05
1681,2027-03-18,login,5.74
1681,2026-12-04,cancel,4.28
1681,2027-01-31,upgrade,5.14
1681,2027-01-06,upgrade,13.28
1681,2027-05-05,cancel,8.56
1681,2026-12-11,feature_use,6.1
1681,2027-03-21,login,19.42
1681,2027-01-20,feature_use,17.53
1682,2027-04-05,feature_use,15.33
1682,2027-03-20,cancel,28.01
1682,2027-02-18,cancel,6.57
1682,2027-01-31,feature_use,22.11
1682,2027-02-06,upgrade,26.32
1682,2027-05-04,feature_use,23.85
1682,2027-06-03,login,29.55
1682,2027-04-11,login,17.63
1682,2027-03-11,cancel,10.78
1682,2027-05-06,login,17.72
1682,2027-02-12,feature_use,19.39
1682,2027-02-02,upgrade,24.74
1683,2027-01-09,feature_use,27.6
1683,2027-03-09,feature_use,9.11
1683,2026-10-20,cancel,25.96
1683,2026-09-29,login,6.91
1683,2026-11-02,feature_use,20.42
1683,2027-01-21,feature_use,11.28
1683,2026-12-14,cancel,26.54
1683,2026-10-20,login,8.81
1683,2027-03-13,feature_use,2.16
1683,2027-02-10,cancel,10.71
1683,2026-12-13,feature_use,20.22
1683,2026-10-14,login,13.85
1683,2027-01-11,cancel,29.34
1683,2027-03-10,upgrade,2.41
1683,2027-01-24,feature_use,13.36
1683,2026-10-03,feature_use,22.98
1683,2027-01-31,cancel,27.52
1683,2026-11-07,feature_use,28.7
1684,2026-07-19,feature_use,15.47
1684,2026-07-15,login,25.36
1684,2026-05-23,cancel,2.27
1684,2026-03-20,cancel,28.32
1684,2026-04-18,feature_use,28.0
1684,2026-06-07,feature_use,15.01
1684,2026-07-16,login,4.33
1684,2026-04-25,login,28.13
1684,2026-02-09,feature_use,24.31
1684,2026-02-11,feature_use,10.65
1684,2026-04-11,login,3.84
1684,2026-04-24,cancel,21.5
1684,2026-02-25,upgrade,17.64
1685,2026-06-19,upgrade,3.62
1685,2026-09-11,upgrade,10.04
1685,2026-04-20,feature_use,26.78
1685,2026-08-04,feature_use,21.15
1685,2026-08-23,login,17.46
1685,2026-05-16,login,29.3
1685,2026-10-11,login,19.49
1685,2026-09-12,cancel,19.52
1685,2026-06-25,upgrade,2.38
1685,2026-08-17,cancel,28.02
1685,2026-06-30,feature_use,20.4
1685,2026-09-23,upgrade,10.68
1686,2026-06-12,cancel,2.67
1686,2026-03-22,upgrade,25.14
1686,2026-07-17,feature_use,9.67
1686,2026-05-22,feature_use,24.88
1686,2026-06-24,cancel,26.88
1686,2026-04-10,login,21.47
1687,2026-09-11,cancel,12.06
1687,2026-08-28,feature_use,26.33
1687,2026-08-01,login,5.43
1687,2026-07-26,upgrade,12.5
1687,2026-07-01,cancel,26.69
1687,2026-11-04,upgrade,25.6
1687,2026-07-07,cancel,3.43
1687,2026-10-01,upgrade,4.04
1687,2026-07-30,login,19.6
1687,2026-09-16,login,20.62
1687,2026-10-28,cancel,14.07
1687,2026-06-17,upgrade,20.93
1687,2026-07-25,feature_use,12.52
1687,2026-05-14,login,25.23
1687,2026-06-29,feature_use,10.16
1687,2026-07-15,cancel,17.62
1688,2027-02-13,upgrade,1.93
1688,2027-01-16,upgrade,17.22
1688,2026-12-01,feature_use,28.91
1688,2026-12-31,cancel,8.4
1688,2027-04-07,cancel,2.83
1688,2026-12-01,cancel,8.44
1688,2027-01-18,login,3.87
1688,2027-02-27,login,1.13
1688,2027-01-13,feature_use,7.01
1688,2027-01-13,upgrade,13.44
1688,2027-02-08,login,26.86
1688,2027-02-19,cancel,5.8
1688,2027-01-13,upgrade,17.82
1688,2027-02-21,login,29.13
1689,2026-04-30,cancel,15.54
1689,2026-05-20,cancel,27.74
1689,2026-05-10,cancel,11.92
1689,2026-06-19,upgrade,28.75
1689,2026-06-10,login,10.33
1689,2026-04-08,feature_use,16.44
1689,2026-04-04,upgrade,20.54
1689,2026-06-07,login,5.11
1689,2026-02-07,cancel,26.43
1689,2026-02-27,upgrade,13.72
1689,2026-05-30,feature_use,25.41
1689,2026-04-16,login,27.38
1689,2026-05-31,feature_use,22.05
1689,2026-07-05,login,18.16
1689,2026-02-21,feature_use,18.9
1690,2026-04-22,cancel,6.04
1690,2026-02-15,upgrade,22.88
1690,2026-03-21,cancel,1.29
1690,2026-03-10,feature_use,12.12
1690,2026-02-15,cancel,9.95
1690,2026-03-19,feature_use,24.6
1690,2026-03-01,upgrade,25.15
1690,2026-02-26,login,25.9
1690,2026-01-26,login,13.32
1691,2026-10-08,login,7.98
1691,2027-02-04,feature_use,18.29
1691,2027-02-01,cancel,21.23
1691,2026-10-28,feature_use,1.75
1691,2027-02-17,feature_use,15.2
1691,2026-10-26,upgrade,2.65
1691,2026-12-13,login,17.74
1691,2026-09-08,upgrade,13.51
1691,2026-11-23,upgrade,3.5
1691,2026-10-04,cancel,8.94
1691,2027-01-13,upgrade,26.24
1691,2026-09-10,upgrade,10.56
1691,2027-02-16,feature_use,28.87
1691,2027-01-31,cancel,25.74
1691,2026-09-14,upgrade,13.29
1691,2027-02-23,upgrade,22.37
1691,2026-09-13,feature_use,27.63
1691,2026-09-14,upgrade,14.32
1691,2026-09-09,login,8.34
1691,2026-09-15,cancel,17.29
1691,2027-02-12,upgrade,9.15
1691,2027-01-14,login,17.37
1691,2026-09-22,upgrade,6.39
1691,2026-12-22,cancel,27.89
1691,2026-10-25,cancel,26.83
1691,2027-02-27,upgrade,10.74
1692,2026-10-20,login,24.66
1692,2026-11-08,upgrade,13.07
1692,2026-05-28,feature_use,7.53
1692,2026-08-18,upgrade,8.99
1692,2026-08-21,feature_use,6.49
1692,2026-09-15,upgrade,8.52
1692,2026-09-10,login,12.74
1692,2026-09-22,cancel,26.65
1692,2026-06-08,upgrade,8.83
1693,2026-02-27,cancel,16.93
1693,2026-05-25,cancel,8.79
1693,2026-01-21,feature_use,22.16
1693,2026-04-02,cancel,11.18
1693,2026-04-03,cancel,8.39
1693,2026-03-11,feature_use,23.66
1693,2026-03-26,feature_use,14.6
1693,2026-05-31,feature_use,20.14
1693,2026-03-26,upgrade,1.46
1693,2026-04-16,cancel,4.71
1693,2026-06-15,cancel,1.22
1693,2026-02-06,feature_use,11.87
1693,2026-01-30,login,17.88
1693,2026-03-01,upgrade,27.91
1693,2026-06-02,login,7.26
1693,2026-06-24,upgrade,3.83
1693,2026-03-24,cancel,7.66
1693,2026-06-16,upgrade,26.62
1693,2026-05-12,upgrade,27.21
1693,2026-03-31,upgrade,9.86
1693,2026-05-14,login,20.05
1694,2026-09-23,cancel,18.46
1694,2026-08-25,login,2.56
1694,2026-11-03,login,9.75
1694,2027-01-01,upgrade,27.45
1694,2026-11-30,upgrade,12.63
1694,2026-10-12,cancel,2.36
1694,2026-09-05,feature_use,18.85
1694,2027-01-20,cancel,10.48
1694,2026-12-30,login,11.13
1694,2027-01-13,cancel,5.3
1694,2026-09-30,feature_use,6.9
1694,2026-11-18,login,6.29
1694,2027-01-17,feature_use,26.28
1694,2026-08-21,login,11.08
1694,2026-08-15,feature_use,28.64
1694,2026-08-20,cancel,17.51
1694,2026-10-28,login,19.42
1695,2026-12-14,upgrade,23.17
1695,2026-12-15,feature_use,27.47
1695,2026-10-27,feature_use,8.82
1695,2027-03-02,cancel,24.48
1695,2026-12-12,feature_use,3.41
1696,2026-08-06,upgrade,25.97
1696,2026-04-28,login,16.87
1696,2026-06-01,feature_use,13.99
1696,2026-05-27,upgrade,19.29
1696,2026-05-30,login,26.97
1696,2026-08-03,cancel,19.59
1696,2026-10-06,upgrade,13.3
1696,2026-06-23,feature_use,1.03
1696,2026-05-05,upgrade,10.65
1696,2026-05-09,feature_use,11.47
1696,2026-07-27,cancel,16.32
1696,2026-09-27,cancel,28.79
1697,2027-02-11,cancel,13.61
1697,2026-10-17,upgrade,24.99
1697,2026-10-24,cancel,13.68
1697,2027-02-18,upgrade,13.35
1697,2026-11-13,login,8.85
1697,2026-12-29,cancel,5.74
1697,2026-12-10,upgrade,8.36
1697,2027-02-19,upgrade,10.12
1697,2027-03-18,login,10.69
1697,2026-10-25,feature_use,11.73
1697,2026-12-12,login,6.8
1697,2026-12-04,cancel,6.54
1697,2026-11-05,upgrade,23.21
1697,2027-01-20,feature_use,20.0
1697,2027-01-18,feature_use,17.42
1697,2026-10-03,login,1.07
1697,2026-10-21,upgrade,22.71
1697,2026-10-23,feature_use,29.44
1697,2027-01-24,login,15.84
1697,2027-01-14,upgrade,14.75
1697,2026-12-24,login,29.73
1697,2026-10-16,cancel,9.18
1698,2026-05-17,cancel,19.72
1698,2026-06-11,feature_use,1.39
1698,2026-03-22,feature_use,22.0
1698,2026-04-23,login,1.66
1698,2026-04-16,cancel,2.3
1698,2026-03-31,cancel,29.23
1698,2026-08-01,upgrade,6.05
1698,2026-07-11,upgrade,24.47
1698,2026-07-03,login,24.4
1698,2026-03-30,feature_use,19.97
1698,2026-07-01,cancel,18.24
1698,2026-07-06,upgrade,21.52
1698,2026-06-24,login,22.14
1698,2026-07-08,cancel,7.83
1698,2026-05-10,login,28.96
1698,2026-04-24,login,23.54
1698,2026-02-25,cancel,16.38
1698,2026-05-19,cancel,3.87
1698,2026-06-04,login,25.79
1698,2026-05-14,cancel,23.92
1698,2026-06-20,upgrade,28.37
1698,2026-04-24,cancel,2.6
1698,2026-07-17,cancel,3.62
1698,2026-05-07,login,1.45
1699,2026-11-12,login,10.88
1699,2026-08-29,upgrade,2.23
1699,2027-02-09,cancel,28.84
1699,2026-09-28,login,8.39
1699,2026-10-09,upgrade,12.14
1699,2027-01-26,login,23.38
1699,2026-10-09,feature_use,5.47
1699,2026-11-10,feature_use,20.43
1699,2026-11-03,cancel,20.91
1699,2027-02-02,upgrade,5.11
1699,2026-11-25,upgrade,25.89
1699,2026-12-18,cancel,22.22
1699,2027-01-19,cancel,29.64
1699,2027-02-19,login,10.42
1699,2027-01-22,feature_use,10.95
1699,2026-09-15,cancel,24.71
1699,2026-09-02,upgrade,20.02
1699,2027-01-31,cancel,10.37
1699,2027-01-26,cancel,10.01
1700,2026-07-21,upgrade,23.91
1700,2026-11-24,upgrade,7.07
1700,2026-09-25,upgrade,2.71
1700,2026-10-12,feature_use,1.44
1700,2026-09-21,login,29.83
1700,2026-07-18,login,1.07
1700,2026-09-18,login,17.5
1700,2026-10-06,feature_use,6.35
1700,2026-10-01,cancel,21.04
1700,2026-09-18,login,26.36
1700,2026-08-10,login,13.99
1700,2026-11-10,login,6.87
1700,2026-09-05,cancel,16.14
1700,2026-09-17,upgrade,29.14
1700,2026-08-18,upgrade,15.93
1700,2026-10-04,upgrade,28.42
1700,2026-09-22,upgrade,15.29
1701,2026-03-23,feature_use,22.64
1701,2026-08-25,feature_use,7.62
1701,2026-06-17,feature_use,17.36
1701,2026-03-12,upgrade,2.2
1701,2026-03-11,feature_use,20.37
1701,2026-08-18,upgrade,16.89
1701,2026-04-27,login,7.0
1701,2026-06-30,feature_use,17.08
1701,2026-03-22,login,21.78
1702,2026-09-25,upgrade,22.55
1702,2026-07-27,feature_use,2.09
1702,2026-09-19,feature_use,29.77
1702,2026-08-02,feature_use,28.39
1702,2026-11-11,login,6.99
1702,2026-08-13,login,9.54
1702,2026-10-24,cancel,13.22
1702,2026-10-12,upgrade,6.84
1702,2026-07-27,feature_use,17.38
1702,2026-08-01,login,26.49
1702,2026-09-10,login,16.69
1702,2026-09-29,cancel,25.99
1702,2026-10-05,login,4.09
1702,2026-12-21,login,21.25
1702,2026-07-18,login,9.57
1702,2026-11-20,cancel,18.45
1702,2026-11-22,login,7.65
1702,2026-10-17,cancel,8.88
1702,2026-07-07,login,10.38
1702,2026-11-22,upgrade,10.34
1702,2026-10-27,cancel,14.16
1702,2026-09-30,cancel,2.66
1702,2026-09-19,feature_use,15.45
1702,2026-07-21,feature_use,23.22
1702,2026-11-27,upgrade,8.72
1703,2026-05-04,cancel,8.51
1703,2026-04-25,upgrade,4.72
1703,2026-07-03,login,15.52
1703,2026-06-20,upgrade,21.22
1703,2026-06-06,login,22.07
1703,2026-04-08,upgrade,9.36
1703,2026-04-08,upgrade,4.6
1704,2026-12-21,cancel,11.71
1704,2027-01-16,cancel,18.18
1704,2026-12-11,feature_use,11.62
1704,2027-03-28,login,14.51
1704,2026-12-05,feature_use,1.08
1704,2027-02-23,upgrade,7.85
1704,2026-12-08,login,22.79
1704,2027-03-13,login,22.38
1705,2026-05-14,feature_use,2.5
1705,2026-07-18,upgrade,27.83
1705,2026-03-27,login,17.56
1705,2026-06-28,upgrade,17.93
1705,2026-06-14,login,15.26
1705,2026-04-19,login,3.64
1706,2026-06-02,cancel,10.57
1706,2026-08-19,login,7.08
1706,2026-05-19,upgrade,21.62
1706,2026-06-10,login,23.89
1706,2026-06-12,login,22.49
1706,2026-06-03,upgrade,18.24
1706,2026-08-05,upgrade,7.55
1706,2026-03-21,upgrade,1.67
1706,2026-08-02,upgrade,25.07
1706,2026-07-04,feature_use,9.42
1706,2026-06-23,login,8.23
1706,2026-03-28,login,19.58
1706,2026-08-02,feature_use,28.29
1706,2026-03-16,cancel,2.14
1706,2026-03-18,login,20.05
1707,2026-02-26,upgrade,21.82
1707,2026-05-23,upgrade,29.36
1707,2026-01-26,login,21.05
1707,2026-05-22,feature_use,16.84
1707,2026-01-31,login,11.79
1707,2026-03-07,cancel,16.88
1707,2026-03-17,cancel,21.34
1707,2026-04-30,upgrade,17.24
1707,2026-01-18,upgrade,23.12
1707,2026-02-10,cancel,23.57
1707,2026-05-09,feature_use,10.66
1707,2026-04-09,upgrade,16.26
1707,2026-03-24,feature_use,15.29
1707,2026-04-08,login,19.7
1707,2026-04-27,feature_use,8.82
1707,2026-06-24,upgrade,16.16
1707,2026-04-03,upgrade,20.41
1708,2026-04-05,login,7.5
1708,2026-03-21,login,21.73
1708,2026-02-04,upgrade,6.46
1708,2026-06-27,upgrade,13.55
1708,2026-07-02,upgrade,15.67
1708,2026-04-26,login,19.4
1708,2026-06-14,cancel,7.92
1708,2026-07-04,feature_use,4.37
1708,2026-05-18,upgrade,13.91
1708,2026-04-05,feature_use,9.83
1708,2026-07-02,upgrade,8.44
1708,2026-06-22,upgrade,5.92
1708,2026-06-06,cancel,20.19
1708,2026-05-23,feature_use,17.75
1708,2026-02-03,login,25.09
1708,2026-05-02,login,8.75
1708,2026-05-07,login,12.49
1708,2026-02-18,upgrade,22.34
1708,2026-06-11,login,17.29
1708,2026-07-15,login,15.35
1708,2026-07-02,upgrade,15.95
1709,2027-02-14,feature_use,5.19
1709,2026-12-04,upgrade,22.05
1709,2026-12-11,upgrade,17.89
1709,2027-01-24,cancel,12.01
1709,2027-02-12,feature_use,5.38
1709,2027-02-16,cancel,19.45
1709,2027-02-20,feature_use,26.72
1709,2026-12-05,upgrade,22.59
1709,2027-01-09,cancel,8.31
1709,2026-11-19,cancel,18.92
1709,2026-11-13,login,27.17
1709,2027-01-15,upgrade,7.51
1709,2026-09-23,cancel,16.6
1709,2026-09-23,upgrade,21.0
1709,2027-01-18,cancel,11.96
1709,2026-12-28,login,12.03
1709,2026-12-23,upgrade,25.62
1710,2026-05-14,cancel,8.92
1710,2026-06-29,login,22.87
1710,2026-09-27,cancel,3.86
1710,2026-08-20,cancel,17.4
1710,2026-05-16,feature_use,12.85
1710,2026-09-05,upgrade,20.37
1710,2026-08-06,login,26.76
1710,2026-08-03,feature_use,22.22
1710,2026-06-12,feature_use,1.56
1710,2026-09-01,cancel,23.48
1710,2026-04-22,upgrade,23.39
1710,2026-06-11,cancel,14.45
1711,2027-02-17,login,15.84
1711,2027-02-23,feature_use,29.97
1711,2027-05-24,cancel,6.58
1711,2027-01-16,feature_use,20.96
1711,2027-01-11,upgrade,6.94
1711,2027-02-05,upgrade,22.75
1711,2027-06-13,feature_use,26.65
1711,2027-06-25,cancel,13.0
1711,2027-01-06,upgrade,15.06
1711,2027-04-08,cancel,14.52
1711,2027-05-19,feature_use,29.42
1711,2027-01-01,feature_use,3.06
1711,2027-03-08,upgrade,9.33
1711,2027-03-09,upgrade,27.63
1711,2027-04-11,feature_use,11.94
1711,2027-04-10,upgrade,18.93
1711,2027-03-31,upgrade,9.78
1711,2027-02-22,upgrade,20.94
1711,2027-03-08,upgrade,7.54
1711,2027-01-01,feature_use,18.48
1711,2027-06-05,login,22.9
1711,2027-02-17,cancel,3.98
1712,2026-09-09,login,3.44
1712,2026-07-28,cancel,12.92
1712,2026-12-13,login,28.19
1712,2026-12-26,login,2.15
1712,2026-09-08,feature_use,11.14
1712,2026-12-23,upgrade,16.63
1712,2026-12-12,cancel,27.71
1712,2026-11-23,login,11.16
1712,2026-08-03,cancel,21.14
1712,2026-07-09,feature_use,12.83
1712,2026-11-15,login,17.11
1712,2026-11-05,login,9.8
1712,2026-09-28,feature_use,4.12
1713,2026-10-16,cancel,16.57
1713,2026-08-29,upgrade,27.01
1713,2026-10-05,cancel,16.64
1713,2026-07-25,feature_use,28.39
1713,2026-06-28,feature_use,1.28
1713,2026-10-30,login,21.62
1713,2026-08-14,cancel,6.16
1714,2026-06-11,upgrade,22.55
1714,2026-05-03,cancel,9.34
1714,2026-05-15,login,6.24
1714,2026-03-25,upgrade,18.33
1714,2026-02-28,feature_use,21.26
1714,2026-06-01,cancel,15.11
1714,2026-04-03,upgrade,20.55
1714,2026-05-06,login,24.02
1714,2026-03-21,feature_use,22.65
1714,2026-02-21,login,21.2
1714,2026-03-13,cancel,14.77
1714,2026-02-21,login,15.23
1714,2026-07-03,cancel,24.86
1714,2026-03-29,upgrade,9.71
1714,2026-05-13,cancel,29.01
1714,2026-02-16,cancel,22.02
1714,2026-07-17,feature_use,18.16
1714,2026-06-02,cancel,7.81
1714,2026-06-13,upgrade,10.92
1714,2026-02-20,feature_use,7.33
1714,2026-07-09,upgrade,4.2
1714,2026-04-12,cancel,5.89
1714,2026-04-19,cancel,7.97
1714,2026-06-27,cancel,7.61
1714,2026-01-31,upgrade,26.64
1715,2026-11-09,cancel,22.26
1715,2026-08-28,upgrade,1.69
1715,2026-11-20,cancel,1.69
1715,2027-01-26,feature_use,4.59
1715,2026-09-28,feature_use,3.6
1715,2027-01-11,upgrade,8.74
1715,2026-10-20,cancel,18.17
1715,2026-12-21,feature_use,19.78
1715,2026-09-04,upgrade,25.94
1715,2027-02-03,upgrade,13.33
1715,2026-09-16,upgrade,26.08
1715,2026-08-24,upgrade,7.25
1715,2026-09-08,cancel,12.28
1715,2026-12-13,feature_use,17.34
1715,2026-08-30,cancel,3.04
1715,2026-10-31,feature_use,29.81
1715,2026-10-14,login,28.58
1715,2026-12-11,login,26.19
1715,2026-12-16,login,18.02
1715,2026-12-10,login,20.88
1715,2026-10-12,feature_use,22.53
1715,2026-10-03,login,6.34
1715,2027-01-11,feature_use,29.97
1715,2026-09-22,cancel,17.44
1715,2026-12-24,feature_use,18.23
1715,2026-09-09,login,10.24
1715,2026-12-02,feature_use,9.53
1715,2026-10-18,cancel,15.11
1715,2026-09-22,cancel,17.65
1716,2026-05-12,cancel,6.07
1716,2026-05-01,upgrade,29.02
1716,2026-05-02,feature_use,4.62
1716,2026-04-16,cancel,19.24
1716,2026-07-14,upgrade,13.65
1716,2026-06-13,cancel,11.16
1716,2026-08-19,upgrade,27.52
1716,2026-08-21,feature_use,2.8
1716,2026-06-05,feature_use,22.08
1716,2026-06-10,cancel,23.66
1717,2027-01-07,cancel,2.33
1717,2027-04-24,upgrade,11.04
1717,2027-01-03,feature_use,13.4
1717,2027-03-13,login,23.62
1717,2026-12-08,login,29.4
1717,2027-02-04,login,6.79
1717,2027-02-18,login,14.95
1717,2027-01-26,upgrade,6.38
1717,2027-05-07,login,23.87
1717,2027-01-28,upgrade,13.44
1717,2027-04-06,upgrade,27.36
1717,2026-12-06,login,24.9
1717,2027-04-06,cancel,5.75
1718,2027-01-25,upgrade,16.29
1718,2027-03-21,login,15.05
1718,2027-03-22,cancel,6.55
1718,2027-04-04,login,19.75
1718,2027-01-09,feature_use,6.88
1718,2026-12-31,upgrade,19.82
1718,2027-01-02,upgrade,1.76
1718,2027-05-16,login,14.84
1718,2027-02-17,feature_use,3.12
1718,2027-01-06,cancel,8.22
1718,2027-02-18,upgrade,15.81
1718,2027-02-20,feature_use,13.86
1718,2027-01-20,upgrade,26.27
1718,2026-12-14,feature_use,25.28
1718,2027-03-29,feature_use,27.05
1718,2027-03-04,login,8.04
1718,2027-05-29,upgrade,12.68
1718,2027-02-24,upgrade,27.27
1718,2027-01-05,cancel,7.63
1718,2026-12-17,feature_use,21.18
1718,2027-04-22,login,15.57
1718,2026-12-11,login,13.81
1718,2027-05-14,login,13.76
1718,2027-03-14,login,29.74
1718,2027-05-23,feature_use,14.84
1718,2027-05-14,login,6.2
1718,2027-01-05,login,20.82
1718,2027-02-14,login,25.41
1718,2027-01-31,cancel,27.6
1719,2026-05-19,feature_use,12.08
1719,2026-02-24,cancel,14.44
1719,2026-07-12,login,23.94
1719,2026-07-04,upgrade,26.25
1719,2026-07-22,login,16.95
1719,2026-02-13,feature_use,21.57
1719,2026-07-15,upgrade,7.93
1719,2026-08-05,login,28.14
1719,2026-03-01,cancel,2.48
1719,2026-07-22,feature_use,13.66
1719,2026-04-08,upgrade,21.22
1719,2026-03-25,cancel,27.1
1719,2026-07-02,feature_use,14.04
1719,2026-04-23,upgrade,13.18
1719,2026-03-23,upgrade,14.85
1719,2026-02-21,login,13.23
1719,2026-08-04,upgrade,19.22
1719,2026-03-05,feature_use,19.84
1719,2026-06-04,upgrade,21.76
1719,2026-07-22,cancel,16.21
1719,2026-03-23,feature_use,27.17
1719,2026-05-21,cancel,25.11
1719,2026-07-01,login,29.36
1719,2026-03-04,feature_use,3.89
1720,2026-09-06,cancel,20.32
1720,2026-10-17,login,28.04
1720,2026-12-14,upgrade,26.98
1720,2026-11-05,feature_use,14.75
1720,2026-11-21,cancel,29.82
1720,2026-07-18,upgrade,12.92
1720,2026-07-18,feature_use,13.81
1720,2026-11-27,upgrade,13.55
1720,2026-08-15,login,7.07
1720,2026-10-27,feature_use,13.51
1720,2026-11-23,upgrade,15.82
1720,2026-11-27,feature_use,3.67
1720,2026-08-05,cancel,1.17
1720,2026-07-15,upgrade,3.01
1721,2026-11-02,cancel,21.64
1721,2026-12-05,upgrade,11.99
1721,2026-12-10,cancel,23.45
1721,2026-08-17,upgrade,1.64
1721,2026-11-11,feature_use,14.53
1721,2026-11-21,feature_use,10.72
1721,2026-07-22,upgrade,28.28
1721,2026-09-13,login,13.49
1721,2026-08-27,feature_use,28.76
1721,2026-08-24,feature_use,22.12
1721,2026-08-05,upgrade,10.61
1721,2026-08-26,feature_use,23.19
1721,2026-11-29,login,25.3
1721,2026-08-10,feature_use,22.65
1721,2026-08-05,feature_use,13.87
1721,2026-09-09,upgrade,2.14
1722,2027-03-15,upgrade,20.59
1722,2027-04-14,feature_use,12.88
1722,2027-01-12,upgrade,11.49
1722,2027-01-21,cancel,20.72
1722,2027-02-03,feature_use,6.02
1722,2027-02-01,upgrade,12.85
1722,2027-02-18,upgrade,17.94
1722,2027-04-18,cancel,2.92
1722,2027-03-07,cancel,1.35
1722,2027-01-16,upgrade,7.68
1722,2026-11-30,feature_use,1.42
1722,2027-01-15,cancel,12.23
1722,2027-04-05,feature_use,28.38
1722,2027-02-19,login,1.98
1722,2027-04-23,login,15.28
1722,2027-03-22,feature_use,5.65
1722,2026-12-28,login,20.91
1723,2026-07-16,login,10.22
1723,2026-07-04,cancel,11.24
1723,2026-08-12,cancel,19.44
1723,2026-11-12,upgrade,3.58
1723,2026-11-22,login,16.69
1723,2026-10-14,upgrade,19.21
1723,2026-06-07,upgrade,25.65
1723,2026-06-14,feature_use,9.99
1723,2026-11-04,feature_use,20.48
1723,2026-08-05,cancel,22.77
1723,2026-10-24,upgrade,2.35
1723,2026-08-24,feature_use,27.67
1723,2026-07-28,login,28.43
1723,2026-11-23,cancel,23.96
1723,2026-08-06,login,22.36
1723,2026-11-22,login,6.2
1723,2026-08-15,feature_use,21.38
1723,2026-07-10,cancel,2.55
1723,2026-10-12,upgrade,3.8
1723,2026-06-12,login,26.21
1723,2026-11-08,upgrade,23.61
1724,2026-07-30,feature_use,7.28
1724,2026-09-04,upgrade,17.46
1724,2026-10-31,upgrade,7.82
1724,2026-10-26,cancel,20.4
1724,2026-07-23,login,25.41
1724,2026-12-13,upgrade,6.69
1724,2026-11-08,feature_use,6.04
1724,2026-11-25,feature_use,19.98
1725,2026-12-18,login,25.8
1725,2027-02-05,feature_use,4.69
1725,2027-01-03,upgrade,13.57
1725,2027-01-06,login,21.96
1725,2027-03-12,feature_use,3.28
1725,2026-12-06,cancel,7.13
1725,2026-10-24,feature_use,17.0
1725,2026-11-11,login,18.27
1725,2027-02-22,upgrade,2.78
1725,2026-10-17,cancel,12.26
1725,2026-12-11,feature_use,20.86
1725,2026-10-17,cancel,9.52
1725,2026-11-06,feature_use,23.85
1725,2027-03-15,feature_use,8.89
1725,2026-12-03,login,11.08
1725,2027-03-26,upgrade,29.13
1725,2027-01-30,feature_use,15.22
1725,2027-03-10,login,23.73
1725,2026-10-23,login,27.2
1726,2026-03-05,feature_use,27.24
1726,2026-05-25,feature_use,18.14
1726,2026-03-16,login,12.98
1726,2026-04-29,cancel,13.25
1726,2026-05-12,feature_use,17.66
1726,2026-07-01,upgrade,9.87
1726,2026-06-24,login,19.12
1726,2026-03-30,cancel,4.24
1726,2026-07-16,feature_use,27.89
1726,2026-05-01,login,29.27
1726,2026-03-22,login,8.04
1726,2026-05-20,cancel,13.53
1726,2026-08-22,upgrade,6.0
1726,2026-08-06,upgrade,2.21
1726,2026-05-28,cancel,27.76
1726,2026-08-03,cancel,9.16
1726,2026-05-23,login,20.13
1726,2026-08-18,login,17.24
1727,2027-03-29,login,14.74
1727,2027-01-19,feature_use,16.76
1727,2027-02-16,cancel,18.7
1727,2027-06-16,upgrade,28.44
1727,2027-03-27,cancel,10.12
1727,2027-06-14,feature_use,20.51
1727,2027-01-27,upgrade,14.52
1727,2027-03-10,cancel,16.97
1727,2027-04-07,login,8.42
1727,2027-02-16,upgrade,9.8
1727,2027-04-24,feature_use,3.03
1727,2027-01-03,login,26.01
1727,2026-12-24,upgrade,10.94
1727,2027-05-19,cancel,9.52
1727,2027-01-15,feature_use,25.82
1727,2027-02-27,upgrade,16.45
1727,2027-02-23,feature_use,3.71
1727,2027-02-24,login,23.24
1727,2027-05-11,login,7.86
1727,2027-03-18,cancel,9.43
1727,2027-01-27,login,27.53
1727,2027-01-04,cancel,9.95
1727,2027-01-19,upgrade,8.92
1727,2027-02-02,feature_use,12.32
1727,2027-04-27,cancel,6.28
1727,2027-03-02,cancel,7.3
1727,2026-12-26,cancel,26.93
1728,2026-10-06,login,11.34
1728,2026-11-08,login,12.99
1728,2026-07-27,feature_use,5.38
1728,2026-09-26,feature_use,18.28
1728,2026-11-10,login,29.46
1728,2027-01-02,feature_use,23.69
1728,2026-10-13,upgrade,11.81
1728,2026-08-16,upgrade,17.44
1728,2026-11-21,feature_use,2.48
1728,2026-08-30,login,15.69
1728,2026-11-18,login,16.29
1728,2027-01-18,login,19.8
1728,2027-01-20,login,29.8
1728,2026-12-05,upgrade,23.96
1728,2026-11-17,login,16.63
1728,2026-09-17,feature_use,7.94
1728,2026-11-02,upgrade,11.32
1728,2026-08-18,login,7.24
1728,2027-01-03,upgrade,23.96
1728,2027-01-20,upgrade,26.63
1728,2026-09-10,feature_use,26.4
1728,2026-10-08,cancel,16.04
1728,2026-12-14,login,8.03
1728,2027-01-02,feature_use,17.55
1728,2026-08-09,feature_use,5.33
1728,2026-08-08,upgrade,14.29
1728,2026-11-02,feature_use,11.92
1728,2026-11-28,feature_use,19.25
1729,2026-06-25,login,11.26
1729,2026-05-13,upgrade,11.6
1729,2026-07-12,cancel,2.51
1729,2026-05-30,feature_use,6.19
1729,2026-07-13,login,28.2
1729,2026-04-07,cancel,18.64
1729,2026-05-03,upgrade,20.52
1729,2026-07-30,upgrade,11.86
1729,2026-06-27,upgrade,17.71
1729,2026-07-15,feature_use,3.11
1729,2026-05-10,upgrade,3.17
1729,2026-03-06,feature_use,24.29
1729,2026-02-18,cancel,14.36
1729,2026-04-24,upgrade,4.72
1729,2026-07-01,cancel,25.51
1729,2026-06-02,cancel,20.75
1729,2026-07-28,cancel,23.25
1730,2026-07-27,upgrade,18.59
1730,2026-06-10,cancel,14.62
1730,2026-05-22,feature_use,22.61
1730,2026-08-29,upgrade,2.98
1730,2026-08-02,cancel,11.32
1730,2026-07-12,feature_use,10.59
1730,2026-08-11,login,16.55
1730,2026-08-04,upgrade,25.16
1730,2026-05-21,cancel,26.75
1730,2026-07-01,cancel,23.44
1730,2026-09-27,feature_use,26.26
1730,2026-05-28,login,1.7
1730,2026-09-25,feature_use,26.13
1730,2026-06-09,cancel,20.96
1730,2026-10-09,login,24.59
1730,2026-09-06,feature_use,7.24
1730,2026-09-18,cancel,23.24
1730,2026-06-22,feature_use,25.66
1730,2026-04-14,login,3.6
1730,2026-05-16,cancel,16.49
1730,2026-08-03,cancel,17.52
1730,2026-04-27,feature_use,1.47
1730,2026-05-31,upgrade,18.46
1730,2026-05-25,feature_use,24.29
1730,2026-06-25,upgrade,22.53
1731,2026-05-26,login,22.59
1731,2026-08-18,upgrade,12.72
1731,2026-04-21,upgrade,29.34
1731,2026-09-13,upgrade,22.22
1731,2026-09-04,upgrade,23.73
1731,2026-04-09,login,29.73
1731,2026-05-30,cancel,15.08
1731,2026-07-20,login,22.83
1731,2026-07-04,feature_use,2.18
1731,2026-03-23,cancel,19.04
1732,2027-03-16,upgrade,6.83
1732,2027-03-22,upgrade,25.27
1732,2027-03-27,feature_use,15.94
1732,2027-04-25,login,8.86
1732,2027-01-26,login,27.73
1732,2026-11-18,cancel,4.45
1732,2027-01-07,login,7.2
1732,2026-12-19,upgrade,16.26
1732,2026-12-19,login,6.41
1732,2027-01-12,cancel,28.53
1732,2027-02-04,upgrade,28.62
1732,2026-12-18,upgrade,7.41
1732,2027-03-11,feature_use,16.32
1732,2027-03-01,login,17.76
1732,2026-12-09,feature_use,6.61
1732,2027-02-01,feature_use,20.47
1732,2026-11-22,upgrade,17.53
1732,2027-04-28,upgrade,14.38
1732,2027-04-12,login,14.8
1732,2027-03-17,cancel,12.66
1732,2027-01-20,login,24.37
1732,2027-01-15,feature_use,27.02
1732,2027-03-10,upgrade,19.07
1732,2026-12-14,login,25.98
1732,2027-01-28,cancel,19.89
1732,2026-12-02,feature_use,25.19
1733,2026-06-27,upgrade,3.09
1733,2026-07-09,login,1.83
1733,2026-08-31,cancel,18.14
1733,2026-04-04,login,29.44
1733,2026-07-08,upgrade,23.66
1733,2026-05-16,login,4.8
1733,2026-03-22,feature_use,13.27
1733,2026-07-04,upgrade,30.0
1733,2026-06-01,feature_use,22.19
1733,2026-04-11,login,6.39
1734,2027-03-10,upgrade,25.85
1734,2027-04-17,upgrade,8.45
1734,2027-02-17,upgrade,17.68
1734,2027-04-15,feature_use,3.08
1734,2027-01-16,upgrade,22.97
1734,2026-12-11,login,4.22
1734,2027-03-17,feature_use,22.63
1734,2027-03-27,feature_use,17.84
1734,2027-02-16,upgrade,26.73
1734,2026-12-19,cancel,19.46
1734,2027-03-13,cancel,8.78
1734,2026-12-02,cancel,15.47
1734,2027-02-21,login,17.82
1734,2026-12-02,login,25.39
1734,2027-01-21,upgrade,4.39
1734,2027-02-06,upgrade,12.54
1734,2026-11-12,feature_use,4.68
1734,2027-03-16,login,25.42
1734,2026-11-24,upgrade,7.28
1734,2027-03-05,feature_use,27.43
1734,2027-05-02,cancel,3.3
1734,2027-05-04,cancel,21.82
1734,2026-12-18,upgrade,7.25
1734,2026-11-26,login,2.95
1734,2026-12-24,cancel,4.14
1734,2027-03-28,upgrade,28.71
1734,2027-05-03,feature_use,17.01
1734,2027-02-21,cancel,26.75
1735,2027-04-15,cancel,8.73
1735,2027-04-23,feature_use,25.19
1735,2027-02-17,feature_use,3.89
1735,2027-03-16,cancel,21.08
1735,2027-02-28,login,28.66
1735,2027-03-14,login,2.2
1735,2027-03-15,upgrade,28.54
1735,2027-01-01,feature_use,15.29
1735,2027-04-29,login,23.41
1736,2026-11-26,cancel,17.9
1736,2026-12-26,login,14.26
1736,2026-10-12,feature_use,2.06
1736,2026-09-06,cancel,25.02
1736,2026-11-22,feature_use,14.38
1737,2026-12-19,login,15.16
1737,2027-06-02,upgrade,26.44
1737,2027-02-22,cancel,8.98
1737,2026-12-26,cancel,12.27
1737,2027-02-05,login,24.09
1737,2027-06-10,login,25.91
1737,2027-05-21,cancel,25.84
1737,2027-03-21,upgrade,21.37
1737,2027-01-19,cancel,15.23
1737,2027-04-12,feature_use,18.46
1738,2027-02-11,feature_use,21.49
1738,2027-04-20,feature_use,21.69
1738,2027-02-22,upgrade,27.12
1738,2027-02-09,feature_use,26.17
1738,2027-03-16,cancel,21.08
1738,2027-01-26,upgrade,28.51
1738,2027-02-07,upgrade,13.52
1738,2027-03-12,cancel,24.48
1738,2027-01-29,upgrade,15.16
1738,2027-03-27,login,13.06
1738,2027-05-28,login,23.52
1738,2027-03-05,cancel,14.62
1738,2027-04-27,upgrade,17.5
1738,2027-05-16,feature_use,24.01
1738,2027-03-11,upgrade,12.15
1738,2027-06-02,login,28.61
1738,2027-03-31,feature_use,12.47
1739,2026-10-28,upgrade,9.24
1739,2026-07-04,login,23.48
1739,2026-09-10,upgrade,10.87
1739,2026-10-14,cancel,22.56
1739,2026-08-06,feature_use,11.53
1739,2026-08-18,cancel,24.45
1740,2027-02-24,feature_use,3.27
1740,2027-02-01,feature_use,7.89
1740,2027-03-11,cancel,7.96
1740,2026-12-16,upgrade,29.47
1740,2026-11-21,upgrade,4.02
1740,2027-03-16,login,8.83
1740,2026-11-07,cancel,19.17
1740,2027-03-18,feature_use,21.71
1740,2027-03-10,feature_use,9.61
1740,2027-03-04,cancel,18.63
1740,2026-12-05,upgrade,19.15
1740,2027-04-06,feature_use,20.95
1740,2026-11-19,login,8.64
1740,2026-11-01,cancel,27.73
1740,2026-12-15,upgrade,25.64
1740,2026-11-10,upgrade,16.08
1740,2027-03-05,login,29.93
1740,2027-03-08,cancel,20.48
1740,2027-01-03,feature_use,29.98
1741,2026-04-19,upgrade,9.71
1741,2026-04-20,cancel,23.56
1741,2026-04-16,login,19.71
1741,2026-08-26,feature_use,9.15
1741,2026-06-09,login,18.89
1741,2026-07-22,feature_use,16.77
1741,2026-06-27,login,25.95
1741,2026-08-23,upgrade,20.84
1741,2026-07-13,feature_use,8.92
1741,2026-05-09,feature_use,19.93
1741,2026-10-08,feature_use,22.22
1741,2026-09-26,upgrade,20.14
1741,2026-07-18,login,9.49
1741,2026-08-11,upgrade,14.5
1741,2026-08-07,login,14.58
1741,2026-08-02,feature_use,21.0
1741,2026-09-22,feature_use,26.38
1741,2026-07-26,upgrade,17.83
1741,2026-04-23,feature_use,23.25
1742,2026-04-04,login,8.53
1742,2026-09-24,cancel,9.28
1742,2026-07-21,login,24.87
1742,2026-09-21,login,24.6
1742,2026-09-01,feature_use,7.15
1742,2026-05-28,cancel,11.33
1743,2027-04-14,cancel,27.0
1743,2026-12-02,feature_use,21.93
1743,2026-11-25,login,14.52
1743,2027-01-27,login,23.35
1743,2027-05-01,upgrade,6.17
1743,2027-03-23,upgrade,20.59
1743,2027-01-06,login,18.99
1743,2027-03-02,feature_use,26.0
1743,2027-04-08,upgrade,18.77
1743,2026-12-24,feature_use,27.95
1743,2027-02-24,feature_use,14.87
1743,2026-12-15,cancel,5.54
1744,2026-11-12,upgrade,29.97
1744,2027-01-27,login,25.27
1744,2026-12-04,upgrade,13.86
1744,2026-10-29,upgrade,25.68
1744,2026-12-18,cancel,8.22
1744,2026-12-07,feature_use,28.08
1744,2027-01-24,feature_use,23.44
1744,2027-03-21,feature_use,10.51
1744,2026-10-30,login,24.42
1744,2027-02-06,login,10.72
1744,2027-01-09,cancel,8.28
1744,2027-03-20,upgrade,20.31
1744,2026-12-08,login,18.63
1744,2027-03-03,cancel,29.32
1745,2026-12-12,login,26.64
1745,2026-08-29,login,16.72
1745,2026-10-14,upgrade,28.21
1745,2026-09-13,upgrade,20.26
1745,2027-01-18,cancel,6.89
1745,2026-11-27,feature_use,11.35
1745,2027-01-20,feature_use,3.2
1745,2026-11-02,feature_use,9.75
1745,2026-10-03,cancel,19.12
1745,2026-09-01,feature_use,13.71
1745,2026-12-23,cancel,16.91
1745,2026-11-21,feature_use,22.6
1745,2026-08-06,feature_use,23.43
1745,2026-10-02,upgrade,21.42
1746,2027-01-11,feature_use,18.23
1746,2027-02-16,login,14.94
1746,2027-05-26,feature_use,19.28
1746,2027-05-27,login,19.94
1746,2027-01-17,feature_use,2.32
1746,2027-05-04,login,8.73
1746,2027-02-12,feature_use,8.51
1746,2027-01-03,feature_use,13.44
1746,2027-04-27,login,8.49
1746,2027-02-17,login,3.54
1746,2027-05-22,login,18.56
1746,2027-04-26,feature_use,12.37
1746,2026-12-25,feature_use,5.44
1746,2026-12-18,feature_use,16.43
1746,2027-01-05,upgrade,6.88
1746,2026-12-12,feature_use,2.22
1746,2027-01-04,login,21.0
1746,2027-04-16,login,5.51
1746,2027-01-19,upgrade,21.63
1746,2027-03-14,cancel,3.65
1746,2027-02-22,login,21.15
1746,2027-03-08,login,27.91
1746,2027-04-08,login,22.58
1747,2027-02-24,upgrade,8.45
1747,2027-04-22,cancel,15.96
1747,2027-05-04,cancel,13.7
1747,2027-02-15,cancel,19.8
1747,2027-05-23,feature_use,27.7
1747,2027-05-22,login,17.18
1747,2027-01-10,login,22.97
1747,2027-02-19,feature_use,3.55
1747,2027-04-24,login,16.04
1748,2026-08-14,cancel,20.87
1748,2026-07-31,cancel,1.27
1748,2026-10-26,cancel,5.23
1748,2026-09-25,upgrade,16.23
1748,2026-10-15,login,13.33
1748,2026-10-12,login,21.67
1748,2026-11-10,cancel,12.31
1748,2026-09-02,cancel,4.16
1749,2026-07-25,feature_use,26.6
1749,2026-09-30,feature_use,26.73
1749,2026-11-25,login,10.94
1749,2026-09-27,login,11.34
1749,2026-11-13,feature_use,16.59
1749,2026-08-24,feature_use,16.81
1749,2026-12-17,cancel,24.98
1749,2026-10-18,cancel,14.35
1749,2026-08-04,upgrade,6.5
1749,2026-10-22,cancel,13.3
1749,2026-10-28,cancel,22.53
1749,2026-08-29,feature_use,22.32
1749,2026-10-22,upgrade,25.57
1749,2026-10-17,cancel,4.91
1749,2026-10-30,cancel,12.81
1749,2026-08-02,feature_use,29.55
1749,2026-09-02,cancel,6.21
1749,2026-07-20,login,15.98
1749,2026-07-24,cancel,8.78
1749,2026-08-15,feature_use,28.48
1749,2026-09-23,login,24.91
1749,2026-10-23,feature_use,21.06
1749,2026-08-16,upgrade,21.76
1749,2026-08-11,upgrade,2.98
1749,2026-08-25,upgrade,28.7
1749,2026-09-15,feature_use,27.45
1749,2026-09-26,cancel,8.76
1749,2026-12-18,login,11.53
1750,2026-09-18,cancel,21.52
1750,2026-09-09,login,14.4
1750,2026-05-14,upgrade,3.1
1750,2026-08-01,login,27.82
1750,2026-05-07,feature_use,4.94
1751,2027-01-24,login,9.56
1751,2027-05-04,login,2.77
1751,2027-04-15,feature_use,24.4
1751,2027-01-05,feature_use,4.76
1751,2027-03-27,cancel,29.53
1751,2027-03-29,login,18.3
1751,2027-01-09,login,21.11
1751,2026-11-23,feature_use,18.77
1751,2027-04-29,feature_use,20.2
1751,2027-02-18,feature_use,13.63
1751,2027-04-11,feature_use,18.63
1751,2026-12-17,login,20.9
1751,2026-12-29,login,26.81
1751,2027-05-07,login,29.29
1751,2026-12-14,login,28.12
1751,2026-12-05,login,13.92
1751,2027-05-08,login,9.77
1751,2027-03-11,upgrade,26.24
1751,2027-02-15,feature_use,27.62
1751,2027-01-02,upgrade,29.65
1751,2027-01-14,login,21.47
1751,2027-04-23,cancel,28.41
1751,2027-01-18,upgrade,1.89
1752,2026-12-01,cancel,8.49
1752,2026-09-17,feature_use,17.24
1752,2026-12-10,cancel,3.91
1752,2026-11-19,cancel,11.0
1752,2027-02-01,login,9.66
1752,2026-09-08,feature_use,24.49
1752,2026-12-05,feature_use,25.37
1752,2026-09-01,upgrade,6.96
1752,2026-10-25,upgrade,29.85
1752,2026-12-05,login,27.01
1752,2026-12-06,login,23.72
1752,2026-09-06,upgrade,23.9
1752,2027-01-27,login,25.04
1752,2026-11-08,feature_use,7.08
1752,2026-09-03,cancel,6.07
1752,2026-12-17,login,17.48
1752,2026-12-23,feature_use,15.29
1752,2026-09-26,cancel,24.71
1752,2026-11-21,upgrade,16.88
1752,2026-09-23,feature_use,17.05
1752,2027-02-01,feature_use,20.67
1752,2026-10-31,upgrade,24.59
1753,2026-10-22,cancel,28.39
1753,2026-10-08,feature_use,7.72
1753,2026-08-13,login,29.84
1753,2026-10-24,upgrade,13.11
1753,2026-07-06,cancel,20.59
1753,2026-07-28,cancel,22.87
1753,2026-10-19,login,29.58
1753,2026-09-09,login,10.6
1753,2026-10-04,cancel,25.93
1753,2026-09-19,feature_use,29.6
1753,2026-09-01,upgrade,28.68
1753,2026-10-16,feature_use,12.7
1754,2026-11-10,feature_use,3.18
1754,2026-11-18,upgrade,11.67
1754,2026-06-15,feature_use,7.72
1754,2026-10-09,login,20.89
1754,2026-10-27,feature_use,4.25
1754,2026-06-14,feature_use,14.08
1755,2027-04-19,feature_use,21.16
1755,2027-03-09,feature_use,27.07
1755,2027-03-25,cancel,27.47
1755,2027-06-01,upgrade,5.2
1755,2027-05-19,feature_use,28.58
1755,2026-12-22,cancel,16.94
1755,2027-03-20,login,19.36
1755,2027-05-03,login,26.63
1755,2026-12-20,upgrade,25.58
1755,2027-02-05,login,7.74
1755,2027-03-03,login,26.45
1755,2027-03-17,login,18.06
1755,2027-01-25,feature_use,5.44
1755,2027-02-26,upgrade,9.1
1755,2027-05-22,upgrade,2.41
1755,2027-04-22,upgrade,9.65
1755,2026-12-17,login,5.06
1755,2027-03-26,login,22.52
1755,2027-05-20,login,6.47
1755,2027-03-02,feature_use,12.58
1755,2027-03-05,login,25.09
1755,2027-04-18,feature_use,14.32
1755,2027-01-09,login,29.19
1755,2026-12-13,upgrade,12.35
1755,2026-12-10,upgrade,10.97
1755,2027-03-27,login,7.63
1755,2027-01-25,login,5.4
1755,2027-04-26,login,1.41
1756,2026-09-16,login,8.53
1756,2027-02-11,feature_use,27.82
1756,2027-03-05,feature_use,16.33
1756,2026-09-12,upgrade,13.21
1756,2026-11-07,cancel,9.52
1756,2026-12-14,login,8.97
1756,2026-10-11,upgrade,10.14
1756,2026-09-21,cancel,17.21
1756,2027-02-17,upgrade,1.22
1756,2027-01-11,login,15.47
1756,2026-11-07,feature_use,29.39
1756,2026-11-11,feature_use,10.41
1756,2026-12-29,feature_use,28.47
1756,2026-10-05,upgrade,17.23
1756,2027-02-17,cancel,13.99
1756,2026-09-22,cancel,14.4
1756,2026-11-16,upgrade,3.7
1756,2027-01-02,login,22.37
1757,2026-07-15,login,26.72
1757,2026-07-01,feature_use,15.78
1757,2026-09-13,cancel,14.13
1757,2026-07-07,upgrade,14.19
1757,2026-04-12,feature_use,4.21
1757,2026-09-08,feature_use,13.68
1757,2026-06-28,feature_use,21.18
1757,2026-08-31,cancel,26.52
1757,2026-07-28,login,15.83
1757,2026-07-26,login,14.1
1757,2026-07-03,upgrade,25.0
1757,2026-09-29,feature_use,3.47
1757,2026-09-28,cancel,12.56
1757,2026-09-26,cancel,11.89
1757,2026-08-26,feature_use,28.04
1757,2026-08-01,cancel,29.34
1757,2026-04-27,cancel,5.1
1757,2026-05-28,cancel,5.75
1757,2026-05-05,upgrade,13.06
1757,2026-07-03,feature_use,11.88
1757,2026-07-17,upgrade,29.95
1757,2026-09-15,feature_use,11.77
1757,2026-09-04,login,14.16
1757,2026-07-27,cancel,16.9
1757,2026-09-24,cancel,15.11
1757,2026-07-10,login,17.79
1757,2026-08-01,upgrade,19.05
1758,2027-03-07,login,1.67
1758,2027-04-25,upgrade,19.64
1758,2026-12-12,login,7.6
1758,2026-11-28,cancel,27.04
1758,2027-04-29,feature_use,15.0
1758,2027-01-20,feature_use,3.31
1758,2027-02-17,cancel,29.22
1758,2027-04-15,upgrade,14.51
1758,2027-01-13,cancel,4.79
1758,2026-12-18,upgrade,13.52
1758,2026-12-24,feature_use,19.48
1758,2027-02-13,login,16.38
1758,2027-03-03,feature_use,14.1
1758,2027-04-26,login,8.9
1758,2027-01-30,cancel,7.0
1758,2027-01-21,feature_use,29.02
1758,2027-02-24,login,17.42
1758,2027-04-06,login,11.25
1758,2027-05-01,upgrade,13.79
1758,2026-12-06,login,18.66
1758,2026-12-09,login,17.94
1758,2027-02-26,feature_use,1.37
1758,2027-03-17,login,28.23
1758,2026-12-08,feature_use,25.47
1758,2026-12-04,feature_use,12.07
1758,2026-12-25,login,5.79
1758,2027-02-09,cancel,11.65
1758,2027-01-09,upgrade,1.51
1758,2027-05-08,feature_use,3.09
1759,2027-05-02,feature_use,18.73
1759,2027-05-29,login,12.16
1759,2027-02-05,login,9.01
1759,2027-04-30,upgrade,26.37
1759,2027-03-19,upgrade,18.42
1759,2027-02-10,feature_use,2.25
1759,2026-12-26,upgrade,11.56
1759,2027-06-06,upgrade,18.6
1759,2027-02-07,upgrade,1.55
1759,2026-12-25,cancel,8.58
1759,2027-01-14,upgrade,15.02
1759,2027-03-23,feature_use,24.54
1759,2027-05-06,feature_use,26.15
1759,2027-04-12,cancel,16.47
1759,2026-12-29,login,29.66
1759,2027-01-13,upgrade,1.02
1759,2027-06-15,cancel,12.58
1759,2027-03-06,cancel,21.83
1759,2026-12-30,cancel,27.49
1759,2027-01-12,feature_use,24.55
1759,2027-02-19,login,17.79
1759,2027-06-19,login,29.9
1759,2027-05-21,feature_use,29.69
1760,2026-07-01,login,19.54
1760,2026-06-09,login,1.89
1760,2026-07-15,login,22.67
1760,2026-05-16,upgrade,4.54
1760,2026-05-07,login,22.79
1760,2026-06-05,feature_use,22.48
1760,2026-08-25,feature_use,28.94
1760,2026-06-26,feature_use,11.44
1760,2026-05-29,login,29.2
1760,2026-05-27,upgrade,6.03
1760,2026-09-04,login,5.03
1760,2026-10-10,cancel,13.7
1760,2026-07-27,cancel,26.84
1760,2026-07-21,cancel,16.78
1760,2026-08-30,feature_use,1.17
1760,2026-06-02,upgrade,5.06
1760,2026-06-28,cancel,10.77
1760,2026-09-01,login,10.31
1760,2026-08-04,cancel,25.44
1760,2026-05-10,cancel,22.15
1760,2026-08-28,cancel,25.62
1760,2026-09-19,upgrade,28.13
1760,2026-07-31,cancel,4.3
1760,2026-10-10,upgrade,23.62
1760,2026-07-21,upgrade,11.17
1760,2026-07-29,feature_use,6.48
1760,2026-09-26,cancel,3.82
1760,2026-07-14,feature_use,15.98
1761,2026-06-08,login,17.01
1761,2026-04-12,login,13.55
1761,2026-06-11,upgrade,1.09
1761,2026-08-13,cancel,15.93
1761,2026-07-11,upgrade,24.49
1761,2026-05-05,upgrade,17.73
1761,2026-05-25,feature_use,15.33
1761,2026-03-17,upgrade,17.28
1761,2026-03-08,feature_use,7.9
1761,2026-08-02,feature_use,3.29
1761,2026-07-04,login,18.8
1761,2026-07-22,upgrade,19.01
1761,2026-08-11,cancel,17.78
1761,2026-06-03,feature_use,2.6
1761,2026-04-07,login,20.78
1761,2026-05-19,upgrade,4.96
1761,2026-07-13,upgrade,27.65
1761,2026-07-03,login,13.03
1761,2026-08-24,login,19.92
1761,2026-04-14,login,24.41
1761,2026-05-05,upgrade,16.85
1761,2026-03-25,feature_use,1.96
1761,2026-05-27,login,24.23
1761,2026-05-26,upgrade,29.76
1761,2026-05-17,cancel,14.43
1761,2026-04-22,upgrade,10.47
1761,2026-04-11,login,1.17
1761,2026-07-13,cancel,22.38
1762,2026-02-20,login,14.98
1762,2026-07-11,login,21.09
1762,2026-03-11,login,13.83
1762,2026-07-02,cancel,17.83
1762,2026-02-19,login,8.19
1762,2026-02-24,upgrade,8.39
1762,2026-01-19,feature_use,7.8
1762,2026-02-22,upgrade,17.7
1762,2026-05-03,feature_use,29.38
1762,2026-02-25,login,23.14
1762,2026-04-14,cancel,18.73
1762,2026-07-06,feature_use,9.28
1762,2026-02-14,cancel,21.73
1763,2026-09-20,login,6.41
1763,2026-09-02,cancel,9.13
1763,2026-05-01,cancel,5.77
1763,2026-05-21,upgrade,1.11
1763,2026-10-01,cancel,6.89
1763,2026-09-16,cancel,10.74
1763,2026-07-07,feature_use,26.53
1763,2026-05-05,feature_use,21.47
1763,2026-08-19,cancel,9.06
1763,2026-07-10,login,15.47
1763,2026-10-19,upgrade,18.24
1763,2026-05-29,login,27.26
1763,2026-08-24,upgrade,18.2
1763,2026-05-22,feature_use,18.41
1763,2026-08-14,login,3.1
1763,2026-09-08,login,2.12
1763,2026-04-30,cancel,11.71
1763,2026-07-21,upgrade,3.97
1764,2026-08-10,cancel,3.61
1764,2026-06-14,cancel,19.8
1764,2026-03-04,login,21.65
1764,2026-07-02,feature_use,19.63
1764,2026-07-25,upgrade,29.68
1764,2026-02-27,upgrade,1.38
1764,2026-05-23,cancel,24.89
1764,2026-06-28,upgrade,15.09
1764,2026-03-12,cancel,7.91
1764,2026-03-02,login,6.51
1765,2026-02-17,cancel,13.19
1765,2026-06-02,cancel,1.24
1765,2026-06-06,cancel,1.72
1765,2026-06-10,cancel,16.17
1765,2026-03-21,upgrade,6.07
1765,2026-02-25,feature_use,21.42
1765,2026-03-15,feature_use,19.26
1765,2026-02-14,upgrade,11.4
1765,2026-05-15,feature_use,11.36
1765,2026-01-08,cancel,7.84
1765,2026-06-01,upgrade,25.85
1765,2026-04-03,login,18.41
1765,2026-03-26,cancel,19.01
1765,2026-06-13,cancel,16.67
1765,2026-04-26,upgrade,4.31
1765,2026-02-16,upgrade,25.96
1765,2026-05-16,login,6.38
1765,2026-01-12,upgrade,10.81
1765,2026-03-10,login,21.72
1765,2026-06-05,feature_use,5.88
1765,2026-04-23,cancel,27.24
1765,2026-05-26,login,11.03
1765,2026-06-05,feature_use,29.98
1765,2026-05-21,login,20.53
1766,2026-07-19,login,28.17
1766,2026-03-09,feature_use,20.84
1766,2026-03-28,feature_use,1.47
1766,2026-07-23,feature_use,2.62
1766,2026-04-03,upgrade,18.55
1766,2026-03-18,cancel,23.47
1766,2026-08-01,cancel,27.32
1766,2026-06-30,upgrade,7.84
1766,2026-06-21,feature_use,25.69
1766,2026-06-04,feature_use,16.57
1766,2026-04-22,cancel,26.82
1766,2026-03-18,feature_use,8.84
1766,2026-06-17,upgrade,21.86
1766,2026-06-08,feature_use,13.28
1766,2026-07-07,cancel,7.78
1766,2026-04-11,feature_use,21.97
1766,2026-06-04,cancel,15.79
1766,2026-07-28,cancel,8.73
1766,2026-05-08,cancel,5.57
1766,2026-05-26,login,15.19
1766,2026-05-14,upgrade,12.51
1766,2026-04-28,feature_use,15.9
1766,2026-02-16,upgrade,18.42
1766,2026-03-04,feature_use,3.48
1767,2026-11-16,upgrade,27.33
1767,2027-03-24,feature_use,7.58
1767,2027-03-22,cancel,12.34
1767,2027-01-03,cancel,16.56
1767,2026-12-24,upgrade,23.08
1767,2027-03-29,feature_use,19.61
1767,2027-01-20,login,14.62
1767,2027-03-04,feature_use,9.4
1767,2026-11-05,login,11.43
1767,2026-11-16,login,22.46
1767,2027-03-03,upgrade,22.29
1767,2027-04-03,upgrade,28.11
1767,2027-03-04,feature_use,11.26
1767,2026-12-09,cancel,15.91
1767,2027-04-25,feature_use,7.84
1767,2027-01-13,cancel,22.05
1767,2027-03-16,feature_use,26.59
1767,2027-04-27,feature_use,6.25
1767,2027-03-04,login,11.61
1767,2027-03-09,upgrade,25.0
1767,2027-03-02,login,7.43
1767,2027-03-12,feature_use,7.05
1767,2027-02-24,upgrade,21.32
1767,2027-04-03,feature_use,14.97
1767,2027-02-25,cancel,4.26
1767,2027-02-07,cancel,15.97
1767,2027-03-11,cancel,21.72
1767,2027-04-17,login,17.31
1767,2027-03-22,upgrade,9.47
1768,2026-09-03,upgrade,8.86
1768,2026-11-03,feature_use,27.36
1768,2026-10-14,login,3.03
1768,2026-07-10,upgrade,10.18
1768,2026-06-20,cancel,18.51
1768,2026-10-03,feature_use,25.27
1768,2026-07-20,feature_use,17.34
1768,2026-06-26,login,1.71
1768,2026-05-18,feature_use,17.43
1768,2026-09-07,upgrade,12.61
1768,2026-05-27,feature_use,2.21
1768,2026-05-16,upgrade,7.57
1768,2026-09-03,feature_use,29.38
1768,2026-08-05,feature_use,7.0
1768,2026-07-22,upgrade,7.33
1768,2026-09-05,cancel,16.98
1768,2026-05-28,upgrade,19.9
1768,2026-06-11,feature_use,20.48
1768,2026-10-25,login,5.95
1768,2026-09-19,upgrade,8.02
1768,2026-10-03,cancel,20.27
1768,2026-09-16,login,6.25
1768,2026-08-12,upgrade,22.34
1768,2026-06-03,upgrade,28.17
1769,2026-09-23,cancel,10.44
1769,2026-09-15,login,14.93
1769,2026-11-23,feature_use,13.17
1769,2026-11-17,login,23.23
1769,2027-03-02,feature_use,26.27
1769,2027-01-17,login,2.34
1770,2026-11-15,login,13.11
1770,2026-10-07,cancel,29.8
1770,2026-09-27,login,18.27
1770,2026-11-09,upgrade,27.28
1770,2026-09-08,feature_use,13.15
1770,2026-12-24,feature_use,16.83
1770,2026-09-28,login,22.35
1770,2026-10-30,cancel,8.02
1770,2026-09-09,cancel,19.32
1770,2026-12-27,feature_use,14.79
1770,2026-11-17,login,22.67
1770,2027-01-12,feature_use,9.34
1770,2026-12-02,upgrade,13.95
1770,2026-11-15,upgrade,25.21
1770,2026-09-11,cancel,16.33
1770,2026-09-05,login,19.63
1770,2026-10-12,feature_use,4.22
1770,2026-08-28,login,6.79
1770,2026-10-21,cancel,24.2
1770,2026-11-24,cancel,12.51
1770,2026-12-04,login,26.06
1770,2026-09-13,feature_use,12.03
1770,2026-11-28,login,13.3
1771,2027-01-20,upgrade,18.39
1771,2026-10-24,cancel,16.6
1771,2027-02-23,feature_use,29.52
1771,2026-12-18,feature_use,28.19
1771,2027-01-12,feature_use,23.03
1771,2027-03-05,cancel,4.66
1771,2027-02-12,feature_use,5.39
1771,2026-11-12,login,17.17
1771,2026-12-18,cancel,27.92
1771,2027-01-01,login,26.74
1771,2027-01-15,login,20.29
1771,2027-01-08,cancel,19.89
1771,2027-02-15,cancel,11.72
1771,2026-11-02,cancel,24.95
1771,2027-02-19,upgrade,15.05
1771,2026-11-24,login,4.7
1771,2026-12-25,feature_use,4.97
1771,2027-03-25,cancel,17.14
1771,2026-10-09,cancel,23.72
1771,2026-11-19,login,20.38
1772,2026-10-23,feature_use,29.27
1772,2026-05-28,upgrade,11.89
1772,2026-10-29,cancel,23.88
1772,2026-07-06,upgrade,26.25
1772,2026-05-16,feature_use,12.56
1772,2026-08-16,login,29.84
1772,2026-10-05,cancel,26.4
1772,2026-09-25,upgrade,17.65
1772,2026-07-29,feature_use,4.23
1772,2026-06-09,feature_use,27.54
1772,2026-10-12,login,12.27
1772,2026-08-22,cancel,27.54
1772,2026-05-11,feature_use,1.35
1772,2026-09-25,login,11.21
1772,2026-10-30,feature_use,25.87
1772,2026-10-22,login,14.76
1772,2026-06-03,cancel,23.25
1772,2026-05-08,cancel,28.2
1773,2027-03-21,cancel,10.93
1773,2027-02-28,feature_use,11.17
1773,2027-04-22,feature_use,3.03
1773,2027-03-17,feature_use,19.14
1773,2027-05-01,login,8.62
1773,2027-02-03,feature_use,16.13
1773,2027-01-31,upgrade,6.99
1773,2027-01-16,login,16.71
1773,2027-02-13,login,17.17
1773,2027-04-12,login,25.4
1773,2027-05-05,cancel,12.2
1773,2027-05-26,login,12.86
1773,2027-02-18,upgrade,15.94
1773,2027-02-06,cancel,14.88
1773,2027-02-27,cancel,22.54
1773,2027-03-03,login,15.95
1773,2027-04-11,upgrade,21.92
1773,2027-02-23,login,25.71
1773,2027-02-24,feature_use,20.22
1773,2027-01-17,cancel,3.0
1773,2027-01-11,upgrade,7.28
1773,2027-03-10,cancel,25.39
1773,2027-02-19,feature_use,22.67
1773,2027-04-26,cancel,1.24
1774,2026-07-20,feature_use,22.77
1774,2026-06-01,upgrade,8.39
1774,2026-11-06,feature_use,5.43
1774,2026-05-29,feature_use,29.72
1774,2026-06-03,upgrade,11.98
1774,2026-07-04,feature_use,27.38
1775,2026-03-17,login,10.36
1775,2026-02-10,cancel,25.01
1775,2026-02-24,feature_use,20.56
1775,2026-03-26,cancel,28.78
1775,2026-03-22,cancel,11.02
1775,2026-04-24,feature_use,14.29
1775,2026-07-21,upgrade,3.88
1775,2026-04-25,login,21.92
1775,2026-05-27,login,3.4
1775,2026-03-13,feature_use,5.14
1775,2026-03-24,feature_use,20.58
1775,2026-05-11,feature_use,23.48
1775,2026-06-01,cancel,18.71
1775,2026-02-24,feature_use,15.95
1775,2026-06-27,feature_use,29.36
1775,2026-06-08,login,10.54
1775,2026-06-10,feature_use,5.14
1775,2026-05-18,cancel,10.59
1775,2026-06-11,upgrade,17.7
1775,2026-05-25,feature_use,14.3
1775,2026-06-07,login,18.46
1775,2026-06-06,upgrade,29.74
1775,2026-04-22,feature_use,9.42
1776,2026-12-23,feature_use,22.98
1776,2027-02-20,login,5.99
1776,2027-02-05,login,19.52
1776,2026-12-19,cancel,29.12
1776,2027-01-04,cancel,2.84
1776,2027-04-27,login,15.9
1776,2027-05-09,upgrade,27.03
1776,2027-05-10,upgrade,1.22
1776,2027-05-22,upgrade,28.37
1776,2027-05-23,login,23.5
1776,2027-05-31,cancel,9.68
1776,2027-02-11,upgrade,7.46
1776,2026-12-06,cancel,23.39
1776,2027-04-09,cancel,25.98
1776,2027-04-13,login,29.28
1776,2027-05-07,cancel,14.28
1776,2027-05-06,cancel,18.51
1776,2026-12-06,feature_use,6.46
1776,2027-02-22,upgrade,18.0
1777,2027-01-09,cancel,22.97
1777,2026-11-25,login,8.35
1777,2027-03-01,login,17.08
1777,2027-01-17,feature_use,25.56
1777,2027-01-20,feature_use,12.75
1777,2027-01-16,upgrade,21.55
1777,2027-01-02,login,6.24
1777,2027-01-09,feature_use,10.89
1777,2026-10-18,upgrade,6.71
1777,2026-11-06,login,8.07
1777,2027-01-16,feature_use,4.83
1777,2026-10-22,upgrade,29.47
1777,2026-11-22,cancel,27.95
1777,2026-12-07,upgrade,13.57
1777,2027-03-17,cancel,23.82
1777,2026-11-17,login,17.87
1777,2027-01-13,cancel,28.27
1777,2027-03-17,upgrade,22.25
1777,2027-03-02,feature_use,9.28
1777,2026-10-12,feature_use,12.05
1777,2027-02-27,upgrade,13.08
1777,2027-02-14,login,1.08
1777,2026-12-08,login,10.85
1777,2027-02-19,cancel,13.82
1777,2027-03-05,cancel,24.44
1777,2026-12-17,feature_use,23.65
1777,2026-10-10,login,3.46
1777,2027-01-16,upgrade,19.27
1777,2027-01-26,feature_use,14.06
1778,2026-10-26,cancel,1.81
1778,2026-12-09,login,11.63
1778,2026-08-29,feature_use,2.52
1778,2026-08-08,feature_use,2.75
1778,2026-11-11,feature_use,11.93
1778,2026-07-19,login,26.99
1778,2026-11-02,cancel,26.45
1778,2026-11-30,login,22.94
1778,2026-08-29,feature_use,14.12
1778,2026-12-28,login,9.44
1778,2026-09-16,feature_use,25.4
1778,2026-11-21,upgrade,18.8
1778,2026-10-16,upgrade,13.72
1778,2026-12-17,feature_use,21.34
1778,2026-09-11,cancel,4.76
1778,2026-11-24,cancel,2.16
1778,2026-10-23,cancel,8.44
1778,2026-10-26,login,22.1
1778,2026-08-17,cancel,9.14
1778,2027-01-02,login,22.96
1778,2026-11-27,feature_use,17.23
1779,2026-10-09,login,9.74
1779,2026-09-24,feature_use,14.61
1779,2026-10-17,login,10.75
1779,2026-11-19,cancel,24.51
1779,2026-12-19,upgrade,2.01
1779,2027-01-02,cancel,14.8
1779,2027-02-03,cancel,26.81
1779,2026-09-18,cancel,13.39
1780,2026-08-26,upgrade,1.18
1780,2026-08-06,login,1.29
1780,2026-08-31,feature_use,21.2
1780,2026-12-09,upgrade,15.04
1780,2026-08-11,feature_use,21.98
1780,2026-10-04,login,14.76
1780,2026-07-31,login,17.7
1780,2027-01-22,login,29.85
1780,2026-12-31,feature_use,28.49
1780,2026-09-10,feature_use,17.45
1780,2027-01-15,login,3.19
1780,2026-09-27,feature_use,10.03
1780,2026-12-16,login,6.55
1780,2026-09-21,feature_use,22.12
1780,2026-11-18,cancel,17.25
1780,2026-10-02,upgrade,15.04
1780,2026-09-09,cancel,29.14
1780,2026-08-13,upgrade,1.88
1781,2026-08-22,upgrade,7.8
1781,2026-10-17,upgrade,23.08
1781,2026-11-12,upgrade,9.23
1781,2026-09-09,login,22.61
1781,2026-12-13,upgrade,9.74
1781,2026-07-26,cancel,22.5
1781,2026-09-25,feature_use,2.06
1781,2026-12-15,upgrade,4.92
1781,2026-08-08,login,26.63
1781,2026-10-28,login,10.21
1781,2026-08-26,upgrade,5.66
1781,2026-10-24,feature_use,28.42
1781,2026-10-12,upgrade,25.74
1781,2026-11-06,cancel,29.33
1781,2026-12-30,cancel,1.46
1781,2026-11-21,cancel,12.44
1781,2026-10-27,upgrade,18.11
1781,2026-07-11,cancel,29.7
1781,2026-12-05,feature_use,16.95
1781,2026-12-26,login,25.97
1781,2026-11-18,login,5.31
1781,2026-12-08,upgrade,10.79
1781,2026-10-01,upgrade,26.16
1781,2026-07-24,feature_use,4.17
1781,2026-07-24,login,16.84
1781,2026-08-08,login,9.74
1781,2026-09-15,feature_use,7.88
1782,2026-06-19,login,28.23
1782,2026-07-17,cancel,3.24
1782,2026-07-12,upgrade,7.69
1782,2026-03-22,upgrade,9.0
1782,2026-03-21,login,12.21
1782,2026-04-19,upgrade,22.66
1783,2026-08-07,login,2.3
1783,2026-08-31,login,9.45
1783,2026-07-03,login,14.85
1783,2026-09-08,upgrade,3.17
1783,2026-10-03,login,8.56
1783,2026-10-23,cancel,11.13
1783,2026-11-02,upgrade,2.72
1783,2026-08-23,feature_use,20.07
1783,2026-06-20,cancel,20.06
1783,2026-07-18,cancel,15.29
1783,2026-06-20,upgrade,6.06
1783,2026-09-10,upgrade,7.91
1783,2026-08-29,upgrade,28.61
1783,2026-10-28,login,21.65
1784,2026-02-22,cancel,22.64
1784,2026-05-01,cancel,3.38
1784,2026-04-23,cancel,8.98
1784,2026-06-12,upgrade,6.51
1784,2026-07-02,login,25.27
1784,2026-07-08,feature_use,10.88
1784,2026-02-19,cancel,27.95
1784,2026-06-11,login,14.59
1784,2026-04-01,upgrade,20.98
1784,2026-07-25,login,29.6
1784,2026-06-13,login,7.58
1784,2026-03-14,cancel,15.49
1785,2027-05-25,cancel,3.94
1785,2027-01-10,login,29.73
1785,2027-05-01,feature_use,8.27
1785,2027-04-23,feature_use,6.78
1785,2027-05-29,feature_use,28.41
1785,2027-01-23,cancel,24.22
1785,2027-01-01,upgrade,4.5
1785,2027-01-17,login,12.23
1786,2026-08-17,upgrade,6.53
1786,2026-12-08,feature_use,25.98
1786,2026-08-23,cancel,15.41
1786,2026-12-31,login,16.58
1786,2026-08-10,feature_use,7.05
1786,2026-08-06,cancel,8.36
1786,2027-01-05,feature_use,12.62
1786,2026-11-02,upgrade,27.44
1786,2027-01-20,cancel,20.08
1786,2026-08-12,cancel,15.23
1786,2026-09-22,feature_use,29.72
1786,2026-08-21,cancel,7.09
1786,2026-08-26,cancel,20.1
1786,2026-09-17,feature_use,5.14
1786,2026-09-28,feature_use,27.93
1786,2026-09-09,login,12.72
1786,2026-10-16,cancel,5.35
1786,2026-10-05,login,24.81
1786,2026-11-03,login,22.45
1787,2026-05-21,cancel,14.7
1787,2026-05-30,cancel,4.77
1787,2026-05-01,upgrade,1.34
1787,2026-03-25,upgrade,22.48
1787,2026-08-01,feature_use,11.12
1787,2026-05-11,feature_use,5.01
1787,2026-03-24,upgrade,5.55
1787,2026-07-26,cancel,22.15
1787,2026-03-05,upgrade,24.11
1787,2026-05-18,login,26.91
1787,2026-03-21,feature_use,23.42
1787,2026-04-04,upgrade,11.61
1787,2026-03-16,login,25.12
1787,2026-03-27,cancel,17.07
1787,2026-04-28,feature_use,19.22
1787,2026-04-06,login,24.44
1787,2026-04-24,feature_use,12.69
1787,2026-04-25,upgrade,28.86
1787,2026-04-19,upgrade,28.21
1787,2026-06-07,login,7.39
1787,2026-05-05,feature_use,11.61
1787,2026-08-20,feature_use,9.35
1787,2026-08-22,upgrade,21.7
1787,2026-06-17,feature_use,13.99
1787,2026-03-19,login,16.25
1787,2026-07-07,feature_use,8.79
1787,2026-07-01,cancel,8.65
1787,2026-05-17,login,15.34
1788,2026-04-28,login,16.8
1788,2026-05-23,upgrade,12.69
1788,2026-04-24,login,4.0
1788,2026-04-06,cancel,16.24
1788,2026-02-10,cancel,22.24
1788,2026-06-29,feature_use,22.05
1788,2026-02-08,feature_use,4.96
1788,2026-05-22,login,27.87
1788,2026-04-26,feature_use,4.45
1788,2026-05-20,cancel,5.62
1788,2026-06-08,cancel,17.57
1788,2026-05-13,login,23.77
1788,2026-06-10,login,3.75
1788,2026-03-06,cancel,20.06
1788,2026-02-21,login,21.49
1788,2026-07-24,feature_use,15.18
1788,2026-02-04,feature_use,24.25
1788,2026-07-06,cancel,28.72
1788,2026-03-19,feature_use,20.8
1788,2026-02-21,cancel,1.96
1788,2026-03-11,login,28.67
1788,2026-04-06,upgrade,20.08
1788,2026-06-20,upgrade,8.38
1788,2026-04-05,upgrade,18.46
1788,2026-01-28,feature_use,4.11
1788,2026-01-30,cancel,23.61
1788,2026-03-09,login,29.88
1789,2026-10-27,feature_use,6.33
1789,2026-09-05,feature_use,25.8
1789,2026-11-01,feature_use,16.87
1789,2026-09-30,upgrade,27.62
1789,2026-06-04,feature_use,25.6
1789,2026-10-09,cancel,19.08
1789,2026-11-02,cancel,8.75
1789,2026-08-26,cancel,12.85
1789,2026-06-29,cancel,27.84
1789,2026-09-05,upgrade,27.63
1789,2026-07-18,cancel,3.99
1789,2026-07-26,upgrade,13.93
1789,2026-08-06,login,6.61
1789,2026-06-18,login,10.82
1789,2026-11-11,login,14.28
1789,2026-07-03,login,25.03
1789,2026-06-01,login,19.81
1789,2026-10-09,upgrade,6.16
1789,2026-08-25,cancel,3.94
1789,2026-09-03,feature_use,10.51
1790,2026-12-23,upgrade,26.33
1790,2026-10-03,feature_use,23.99
1790,2026-08-24,upgrade,12.68
1790,2026-07-29,upgrade,16.96
1790,2026-09-02,cancel,13.61
1790,2026-10-17,cancel,11.07
1791,2026-10-30,login,6.24
1791,2026-10-25,upgrade,20.63
1791,2026-09-09,cancel,16.35
1791,2027-02-16,feature_use,25.0
1791,2027-01-29,upgrade,16.51
1791,2026-12-18,upgrade,16.31
1791,2026-11-03,login,19.73
1791,2026-08-30,feature_use,16.99
1791,2027-01-20,upgrade,20.92
1791,2026-10-07,feature_use,8.76
1791,2027-01-12,cancel,7.2
1791,2027-02-15,login,11.73
1791,2027-01-20,feature_use,18.24
1791,2027-02-01,feature_use,17.79
1791,2026-09-24,cancel,2.54
1791,2026-08-28,upgrade,23.18
1792,2026-06-03,login,22.55
1792,2026-07-16,feature_use,8.79
1792,2026-07-12,cancel,21.59
1792,2026-05-02,cancel,18.66
1792,2026-03-17,feature_use,4.04
1792,2026-05-18,cancel,3.19
1792,2026-03-14,feature_use,16.5
1792,2026-08-23,feature_use,16.45
1793,2026-03-27,cancel,6.53
1793,2026-05-30,login,9.35
1793,2026-05-23,login,1.05
1793,2026-04-08,login,17.44
1793,2026-04-27,login,6.99
1793,2026-05-14,cancel,9.31
1794,2026-04-19,feature_use,2.87
1794,2026-04-09,cancel,3.05
1794,2026-05-04,feature_use,24.07
1794,2026-08-17,cancel,21.06
1794,2026-06-10,login,8.65
1794,2026-05-01,upgrade,17.5
1794,2026-06-26,feature_use,16.56
1794,2026-05-02,feature_use,18.51
1794,2026-03-10,cancel,19.54
1795,2027-05-10,login,4.1
1795,2027-02-17,cancel,19.72
1795,2027-01-15,cancel,9.37
1795,2027-02-15,login,11.68
1795,2027-01-23,upgrade,20.7
1795,2027-05-21,cancel,26.74
1795,2027-01-10,upgrade,7.13
1795,2027-05-24,login,18.08
1795,2027-04-22,cancel,15.0
1795,2027-01-10,cancel,21.18
1795,2027-02-06,feature_use,16.32
1795,2027-02-27,feature_use,21.8
1795,2027-03-08,login,7.35
1795,2027-04-08,login,3.96
1795,2027-01-03,login,21.49
1796,2026-05-11,cancel,24.74
1796,2026-07-20,cancel,16.39
1796,2026-06-03,upgrade,13.0
1796,2026-02-26,login,8.37
1796,2026-08-15,feature_use,14.35
1796,2026-08-11,upgrade,25.53
1796,2026-06-13,login,12.5
1796,2026-04-09,upgrade,10.34
1796,2026-04-05,login,23.34
1796,2026-03-31,login,17.07
1796,2026-03-06,login,19.71
1796,2026-07-14,upgrade,24.57
1796,2026-03-17,feature_use,22.72
1796,2026-06-18,feature_use,21.19
1796,2026-04-01,upgrade,1.14
1796,2026-05-03,cancel,29.9
1796,2026-04-23,cancel,27.3
1796,2026-04-30,cancel,6.16
1796,2026-05-28,upgrade,13.9
1796,2026-04-21,cancel,4.94
1796,2026-07-01,feature_use,14.15
1796,2026-08-21,cancel,20.96
1797,2026-06-08,cancel,2.46
1797,2026-05-11,login,24.08
1797,2026-04-12,upgrade,25.23
1797,2026-02-07,upgrade,22.61
1797,2026-01-22,cancel,9.15
1797,2026-04-14,upgrade,2.63
1797,2026-01-20,upgrade,13.22
1797,2026-01-18,upgrade,1.29
1797,2026-02-18,login,4.68
1797,2026-04-18,feature_use,26.51
1797,2026-05-06,cancel,19.79
1797,2026-03-20,cancel,25.28
1797,2026-06-16,login,1.01
1797,2026-06-09,feature_use,11.34
1797,2026-01-14,feature_use,22.27
1797,2026-05-20,upgrade,27.37
1798,2026-07-19,upgrade,18.69
1798,2026-08-31,upgrade,28.2
1798,2026-09-21,upgrade,9.12
1798,2026-10-04,cancel,14.08
1798,2026-08-10,upgrade,10.6
1798,2026-11-18,feature_use,17.13
1798,2026-11-27,upgrade,7.11
1798,2026-08-01,cancel,1.69
1799,2026-11-26,feature_use,20.33
1799,2026-10-23,upgrade,5.17
1799,2026-11-29,feature_use,26.24
1799,2026-09-17,upgrade,17.71
1799,2026-10-09,login,7.83
1799,2026-10-28,login,2.07
1799,2026-07-30,login,7.9
1799,2026-12-24,feature_use,12.28
1799,2026-09-17,feature_use,9.11
1799,2026-12-28,login,25.32
1799,2026-11-16,login,1.25
1799,2026-12-13,cancel,3.48
1799,2026-10-21,feature_use,25.71
1799,2027-01-07,login,1.46
1799,2026-11-30,feature_use,20.15
1799,2026-08-26,upgrade,10.86
1799,2026-07-29,cancel,1.77
1799,2026-09-07,feature_use,12.13
1799,2026-12-16,upgrade,14.3
1800,2026-06-02,login,24.81
1800,2026-08-16,login,6.45
1800,2026-11-06,login,20.31
1800,2026-11-09,login,14.91
1800,2026-07-27,upgrade,1.9
1800,2026-07-29,upgrade,24.68
1800,2026-10-14,login,28.45
1800,2026-07-12,feature_use,16.88
1800,2026-05-24,cancel,5.35
1801,2026-12-30,cancel,22.53
1801,2027-02-18,cancel,29.27
1801,2027-03-28,feature_use,25.52
1801,2026-11-23,cancel,6.43
1801,2026-12-20,upgrade,8.62
1801,2026-12-24,cancel,29.37
1801,2027-01-15,cancel,6.82
1801,2027-03-11,cancel,25.26
1801,2027-05-06,cancel,2.1
1801,2026-12-11,upgrade,19.2
1801,2027-01-10,feature_use,8.47
1801,2027-05-01,feature_use,14.08
1801,2027-01-29,cancel,11.93
1801,2027-02-03,upgrade,20.26
1801,2027-04-01,upgrade,6.06
1801,2027-04-18,feature_use,10.18
1801,2026-12-06,cancel,19.99
1801,2027-01-02,login,18.29
1801,2027-05-13,upgrade,2.14
1801,2026-12-12,login,24.12
1801,2026-11-30,feature_use,11.63
1801,2027-04-02,cancel,20.62
1802,2027-04-13,cancel,14.37
1802,2027-04-27,login,15.01
1802,2027-05-29,cancel,18.82
1802,2027-03-02,feature_use,27.64
1802,2027-06-21,feature_use,16.64
1802,2027-02-23,cancel,14.96
1802,2027-02-11,cancel,3.23
1802,2027-05-18,upgrade,8.92
1802,2027-01-12,upgrade,21.64
1802,2027-04-27,cancel,9.36
1802,2027-02-06,login,8.36
1802,2027-03-19,feature_use,12.08
1802,2027-05-12,feature_use,7.89
1802,2027-02-22,login,21.49
1802,2027-04-11,cancel,12.19
1802,2027-01-05,feature_use,26.78
1802,2027-02-01,feature_use,12.5
1802,2027-04-14,feature_use,9.13
1802,2027-04-27,upgrade,16.63
1802,2027-03-18,login,5.26
1802,2027-01-13,upgrade,29.06
1802,2027-06-06,feature_use,1.4
1802,2027-04-07,cancel,28.63
1803,2026-05-06,login,15.21
1803,2026-03-10,cancel,2.01
1803,2026-03-04,feature_use,5.66
1803,2026-04-17,upgrade,18.02
1803,2026-03-21,cancel,25.99
1803,2026-04-06,cancel,12.79
1803,2026-06-20,feature_use,13.6
1803,2026-06-16,upgrade,27.65
1803,2026-07-04,feature_use,10.16
1804,2027-04-25,cancel,3.56
1804,2027-02-06,feature_use,25.73
1804,2027-03-26,cancel,18.51
1804,2027-04-23,upgrade,5.57
1804,2027-04-28,feature_use,23.94
1804,2027-05-13,cancel,8.35
1804,2027-04-23,cancel,4.23
1804,2027-05-21,cancel,7.97
1804,2026-12-28,cancel,15.51
1804,2027-05-20,feature_use,4.44
1804,2027-04-13,upgrade,26.18
1804,2027-05-18,upgrade,15.11
1804,2027-04-17,feature_use,2.62
1804,2027-02-27,upgrade,18.6
1804,2027-03-01,feature_use,18.46
1804,2027-03-15,cancel,18.67
1804,2027-05-14,feature_use,23.32
1804,2027-02-20,login,29.04
1804,2026-12-03,feature_use,19.6
1804,2027-05-12,login,9.28
1804,2027-01-07,feature_use,19.67
1804,2027-02-20,upgrade,2.16
1804,2027-03-11,feature_use,12.53
1804,2027-04-10,login,10.79
1804,2027-01-15,upgrade,29.44
1804,2027-02-24,cancel,4.04
1804,2027-03-01,cancel,6.48
1804,2027-05-15,upgrade,4.32
1805,2027-03-27,login,5.79
1805,2027-02-26,feature_use,6.33
1805,2027-01-25,upgrade,16.33
1805,2026-11-27,upgrade,18.25
1805,2027-02-17,upgrade,14.0
1805,2026-11-30,login,23.44
1806,2026-12-18,cancel,18.51
1806,2026-08-15,upgrade,11.25
1806,2026-07-05,cancel,27.01
1806,2026-10-01,feature_use,9.04
1806,2026-06-30,login,1.35
1806,2026-07-19,login,20.5
1806,2026-10-19,login,13.66
1806,2026-07-01,feature_use,2.52
1806,2026-09-28,upgrade,23.43
1806,2026-10-08,upgrade,19.39
1806,2026-11-18,feature_use,7.08
1806,2026-06-30,upgrade,10.99
1806,2026-10-17,upgrade,14.42
1806,2026-09-29,upgrade,14.25
1806,2026-11-07,cancel,20.55
1806,2026-10-27,upgrade,29.22
1807,2027-01-06,login,8.95
1807,2027-01-15,feature_use,23.4
1807,2027-03-15,upgrade,5.47
1807,2026-12-01,login,10.88
1807,2026-12-31,cancel,26.08
1807,2026-12-21,cancel,15.18
1807,2026-12-25,cancel,16.5
1807,2027-04-29,cancel,7.88
1807,2027-03-21,login,6.79
1807,2027-01-20,feature_use,13.2
1807,2027-02-24,cancel,13.35
1807,2027-04-15,upgrade,2.0
1808,2027-03-25,upgrade,1.41
1808,2027-03-11,upgrade,3.12
1808,2026-12-26,login,21.8
1808,2027-02-04,login,20.54
1808,2027-02-14,login,22.05
1808,2027-02-17,feature_use,2.16
1808,2026-11-16,cancel,16.32
1808,2026-12-20,login,16.44
1808,2027-01-14,feature_use,15.2
1808,2027-02-11,cancel,6.06
1808,2026-11-19,feature_use,7.35
1808,2027-01-08,login,2.28
1808,2027-02-13,feature_use,11.96
1808,2027-02-18,upgrade,20.12
1808,2027-05-02,cancel,21.34
1808,2027-03-19,feature_use,20.13
1808,2027-02-28,login,1.69
1808,2027-04-29,upgrade,22.85
1808,2027-02-10,feature_use,22.62
1808,2027-04-04,feature_use,27.03
1808,2027-04-21,cancel,12.76
1808,2027-04-24,feature_use,2.9
1808,2027-01-09,cancel,19.27
1809,2027-01-28,upgrade,9.07
1809,2026-11-23,cancel,15.32
1809,2026-08-21,upgrade,26.83
1809,2026-09-30,login,4.42
1809,2026-09-29,feature_use,2.64
1810,2027-01-31,feature_use,17.57
1810,2026-09-25,upgrade,20.76
1810,2026-09-14,upgrade,8.43
1810,2026-09-03,feature_use,1.94
1810,2027-02-12,cancel,9.86
1810,2027-01-20,feature_use,9.94
1811,2027-01-20,login,1.36
1811,2027-01-18,upgrade,17.33
1811,2026-09-07,cancel,20.36
1811,2027-01-21,feature_use,12.71
1811,2026-12-05,upgrade,4.75
1811,2026-10-14,cancel,19.95
1811,2026-11-22,feature_use,25.0
1811,2026-12-23,upgrade,5.04
1811,2026-10-14,cancel,13.93
1811,2026-10-12,feature_use,20.98
1811,2026-08-10,cancel,27.08
1811,2027-01-14,feature_use,23.08
1811,2026-12-04,cancel,3.66
1811,2026-12-13,login,9.81
1811,2026-12-12,login,15.53
1811,2026-10-27,upgrade,17.85
1811,2027-01-07,feature_use,17.38
1811,2026-10-28,feature_use,19.22
1811,2026-10-22,upgrade,23.9
1811,2026-09-13,feature_use,13.66
1811,2026-10-22,login,10.82
1811,2026-12-26,login,3.27
1811,2026-09-24,feature_use,1.12
1811,2026-10-18,cancel,9.51
1811,2026-11-21,login,4.33
1811,2026-08-15,upgrade,27.83
1811,2026-10-11,cancel,24.86
1812,2027-01-09,cancel,21.79
1812,2026-10-19,upgrade,21.7
1812,2026-10-05,upgrade,5.99
1812,2027-01-11,feature_use,1.37
1812,2027-01-07,login,26.63
1812,2027-02-03,cancel,12.88
1812,2026-08-26,login,18.92
1812,2026-10-18,cancel,1.82
1812,2027-01-04,cancel,20.84
1812,2026-12-02,cancel,6.33
1812,2026-10-06,cancel,15.0
1812,2026-08-25,feature_use,29.28
1812,2026-10-03,feature_use,17.45
1812,2026-08-19,feature_use,16.15
1812,2026-11-02,login,28.08
1812,2026-12-24,upgrade,22.52
1812,2026-11-10,login,20.94
1812,2026-12-22,upgrade,29.14
1812,2026-09-12,cancel,29.51
1812,2026-12-06,login,1.58
1812,2026-08-30,login,18.55
1812,2026-09-06,cancel,4.94
1812,2026-10-11,feature_use,1.22
1812,2026-12-25,cancel,24.21
1812,2026-12-03,upgrade,9.05
1812,2026-12-15,login,26.83
1812,2026-12-27,login,12.08
1812,2027-01-28,upgrade,29.5
1812,2026-12-04,login,11.5
1813,2026-11-19,feature_use,4.07
1813,2027-03-22,upgrade,16.07
1813,2027-01-01,login,17.6
1813,2026-12-01,cancel,26.77
1813,2027-03-17,upgrade,19.39
1813,2026-12-07,feature_use,15.37
1813,2027-04-20,upgrade,27.86
1813,2027-02-20,feature_use,18.6
1813,2027-03-06,cancel,9.16
1813,2027-01-15,feature_use,24.97
1813,2027-01-20,feature_use,10.27
1813,2027-02-13,feature_use,22.66
1813,2027-01-30,feature_use,24.6
1813,2026-12-13,upgrade,25.51
1813,2027-04-05,upgrade,19.02
1813,2027-02-03,feature_use,2.03
1813,2026-11-24,login,18.63
1813,2027-04-28,upgrade,21.87
1813,2027-04-08,login,8.23
1813,2027-03-26,cancel,11.32
1813,2027-02-27,cancel,28.16
1813,2027-03-25,feature_use,21.18
1813,2026-11-28,feature_use,29.04
1813,2027-03-06,feature_use,15.23
1814,2026-07-11,feature_use,29.97
1814,2026-07-23,upgrade,25.84
1814,2026-05-02,login,6.04
1814,2026-06-11,cancel,12.59
1814,2026-05-10,upgrade,6.33
1814,2026-07-13,cancel,16.04
1814,2026-07-03,login,27.87
1814,2026-05-03,cancel,13.92
1814,2026-05-27,cancel,5.39
1814,2026-07-17,upgrade,8.11
1814,2026-03-24,feature_use,4.76
1814,2026-04-07,feature_use,25.71
1814,2026-03-11,upgrade,20.49
1814,2026-05-15,cancel,3.47
1814,2026-05-24,upgrade,18.48
1814,2026-03-25,feature_use,23.73
1814,2026-07-04,cancel,4.66
1814,2026-02-09,upgrade,27.91
1814,2026-07-07,cancel,19.21
1814,2026-05-09,cancel,2.67
1814,2026-03-05,login,9.58
1814,2026-04-15,feature_use,12.57
1814,2026-04-22,cancel,2.09
1814,2026-07-26,cancel,19.45
1814,2026-03-20,login,27.02
1814,2026-02-16,upgrade,9.46
1814,2026-06-01,feature_use,6.97
1815,2026-12-13,feature_use,24.96
1815,2026-12-21,upgrade,2.61
1815,2027-02-21,cancel,18.83
1815,2027-03-05,upgrade,22.11
1815,2026-12-08,upgrade,16.17
1815,2027-03-14,cancel,18.63
1815,2026-11-24,cancel,6.53
1815,2027-01-05,upgrade,19.04
1815,2026-10-18,login,2.7
1815,2026-12-28,cancel,22.9
1815,2026-10-23,login,13.99
1815,2027-03-15,upgrade,20.26
1815,2026-11-14,feature_use,27.6
1815,2027-03-24,cancel,24.24
1815,2026-10-15,login,5.97
1815,2027-03-10,login,27.97
1815,2027-02-01,cancel,15.74
1815,2027-02-11,cancel,16.08
1815,2027-03-22,login,26.6
1815,2027-01-06,upgrade,9.26
1815,2026-12-23,login,15.99
1815,2026-12-28,upgrade,10.09
1815,2027-03-03,login,17.39
1815,2027-02-20,upgrade,9.52
1815,2026-11-24,feature_use,6.26
1815,2026-11-21,feature_use,23.9
1815,2026-11-28,feature_use,16.44
1816,2027-02-19,feature_use,11.44
1816,2027-03-29,login,19.8
1816,2026-10-07,upgrade,8.5
1816,2026-12-02,upgrade,9.12
1816,2026-11-21,login,13.65
1816,2027-02-05,login,3.68
1816,2026-12-16,cancel,1.24
1816,2026-11-19,upgrade,11.04
1816,2027-02-18,upgrade,13.35
1817,2026-12-06,upgrade,19.79
1817,2027-05-07,feature_use,28.84
1817,2026-11-24,cancel,28.09
1817,2027-04-24,feature_use,7.09
1817,2026-12-29,upgrade,15.01
1817,2027-03-26,login,16.31
1817,2027-03-23,feature_use,16.1
1817,2026-11-16,login,24.68
1817,2026-12-02,login,10.4
1817,2027-02-22,feature_use,14.94
1817,2027-03-25,upgrade,18.26
1817,2027-01-04,cancel,29.41
1817,2026-12-26,cancel,12.14
1817,2027-04-03,feature_use,24.6
1817,2027-02-05,login,10.27
1817,2027-02-06,login,7.82
1817,2027-03-16,upgrade,6.67
1817,2027-01-02,upgrade,2.6
1817,2027-04-21,feature_use,23.53
1817,2027-01-15,login,7.92
1817,2026-11-18,cancel,16.04
1817,2026-12-03,cancel,5.14
1817,2027-05-09,login,12.02
1817,2027-03-08,login,3.43
1817,2027-02-17,login,29.97
1817,2027-03-29,feature_use,20.19
1818,2026-07-14,login,12.52
1818,2026-05-23,feature_use,12.05
1818,2026-07-10,upgrade,27.69
1818,2026-05-08,cancel,28.84
1818,2026-07-16,upgrade,15.47
1818,2026-05-30,feature_use,27.24
1819,2026-11-21,feature_use,22.03
1819,2026-11-10,cancel,21.48
1819,2026-09-14,feature_use,19.64
1819,2026-08-03,cancel,25.47
1819,2026-07-08,cancel,27.47
1819,2026-07-02,feature_use,9.29
1819,2026-08-27,login,27.91
1819,2026-11-30,feature_use,1.43
1819,2026-09-11,login,27.59
1819,2026-09-05,login,14.5
1819,2026-10-17,cancel,27.48
1819,2026-10-09,feature_use,23.47
1819,2026-12-01,cancel,4.79
1819,2026-10-03,login,13.98
1819,2026-12-14,upgrade,9.75
1819,2026-07-27,login,22.2
1819,2026-12-02,feature_use,8.65
1819,2026-09-28,feature_use,20.7
1819,2026-11-17,login,19.77
1820,2027-01-15,login,28.75
1820,2027-01-10,cancel,23.12
1820,2026-09-19,cancel,10.7
1820,2026-10-16,upgrade,8.71
1820,2026-11-19,upgrade,10.21
1820,2026-09-26,upgrade,22.75
1820,2026-10-21,cancel,8.86
1820,2026-11-10,login,18.98
1820,2026-09-14,login,1.45
1820,2027-01-09,login,4.95
1820,2026-10-27,upgrade,6.96
1820,2026-09-14,login,23.7
1820,2027-01-09,login,5.73
1820,2027-01-11,cancel,28.72
1820,2026-09-06,cancel,2.06
1820,2026-09-19,login,23.26
1820,2026-12-19,cancel,9.72
1820,2026-10-22,cancel,29.23
1820,2026-12-12,login,23.83
1820,2027-01-06,login,18.91
1820,2027-02-11,cancel,6.22
1820,2026-10-29,cancel,17.73
1820,2026-12-31,upgrade,26.41
1820,2026-09-09,login,6.12
1820,2026-12-01,feature_use,6.0
1820,2026-09-26,cancel,25.53
1820,2026-11-26,cancel,25.25
1820,2027-01-26,upgrade,4.91
1820,2026-09-11,feature_use,19.59
1821,2027-02-02,upgrade,29.16
1821,2026-09-08,login,27.74
1821,2026-10-23,upgrade,3.69
1821,2026-08-27,cancel,25.82
1821,2026-08-19,feature_use,22.73
1821,2026-10-27,upgrade,28.75
1821,2026-08-27,cancel,8.28
1821,2026-08-27,feature_use,11.34
1821,2026-09-01,upgrade,8.12
1821,2026-08-26,login,2.89
1821,2026-09-23,upgrade,13.68
1821,2026-12-27,upgrade,19.62
1821,2027-01-25,upgrade,26.35
1821,2026-09-21,feature_use,29.28
1821,2026-12-10,login,21.02
1821,2026-11-26,login,15.35
1821,2026-09-26,upgrade,6.18
1821,2027-02-10,cancel,26.38
1821,2027-01-31,cancel,4.98
1821,2027-01-30,cancel,11.55
1821,2026-10-14,login,7.19
1822,2026-12-31,upgrade,22.39
1822,2027-02-26,login,24.9
1822,2027-02-08,feature_use,11.77
1822,2026-12-15,cancel,1.57
1822,2026-12-23,upgrade,23.31
1822,2026-11-26,login,2.31
1823,2026-07-23,upgrade,29.27
1823,2026-05-28,upgrade,17.82
1823,2026-04-02,feature_use,23.64
1823,2026-03-16,cancel,19.32
1823,2026-07-03,login,7.86
1823,2026-06-24,upgrade,2.08
1823,2026-07-04,feature_use,1.03
1824,2027-01-11,login,12.23
1824,2027-01-07,feature_use,22.2
1824,2027-04-05,feature_use,29.01
1824,2027-01-26,login,9.36
1824,2027-01-30,upgrade,10.43
1824,2027-03-27,cancel,17.88
1824,2027-04-16,feature_use,4.14
1824,2027-01-16,upgrade,18.87
1824,2027-02-15,login,13.87
1824,2027-03-31,upgrade,13.8
1824,2027-01-28,feature_use,17.8
1824,2027-01-26,feature_use,28.3
1824,2026-11-16,upgrade,7.18
1824,2027-01-10,upgrade,14.91
1824,2026-12-30,cancel,1.23
1824,2026-12-31,cancel,24.97
1824,2027-03-25,feature_use,7.57
1824,2027-01-14,upgrade,8.83
1824,2026-11-15,cancel,3.21
1824,2027-01-06,upgrade,22.14
1824,2027-03-01,upgrade,12.53
1824,2027-03-07,upgrade,19.74
1824,2027-01-31,login,19.93
1824,2026-11-09,feature_use,21.7
1824,2027-02-12,feature_use,18.62
1824,2026-11-27,feature_use,1.56
1825,2027-03-28,cancel,8.83
1825,2027-04-16,cancel,10.74
1825,2026-12-24,upgrade,16.56
1825,2027-03-11,cancel,17.45
1825,2026-12-28,login,21.11
1825,2026-12-16,upgrade,24.1
1825,2027-03-03,cancel,4.01
1825,2027-03-01,login,13.31
1825,2027-03-09,feature_use,18.13
1825,2027-04-04,cancel,17.95
1825,2027-02-08,feature_use,26.0
1825,2026-11-29,upgrade,25.83
1825,2027-01-23,cancel,17.58
1825,2027-01-27,upgrade,28.3
1826,2026-11-07,cancel,9.73
1826,2026-08-18,cancel,13.45
1826,2026-11-29,login,27.96
1826,2026-10-12,cancel,12.74
1826,2026-08-29,login,14.36
1826,2026-10-24,upgrade,24.82
1826,2026-08-30,feature_use,12.59
1826,2026-07-17,login,7.49
1826,2026-08-15,feature_use,8.31
1826,2026-07-07,feature_use,4.88
1826,2026-09-20,cancel,14.44
1826,2026-12-01,cancel,12.12
1826,2026-06-24,login,15.21
1826,2026-09-28,upgrade,15.47
1826,2026-06-30,feature_use,3.85
1826,2026-08-30,feature_use,22.84
1826,2026-09-20,login,9.67
1826,2026-12-11,upgrade,4.65
1826,2026-07-25,upgrade,16.15
1827,2027-02-13,feature_use,1.82
1827,2026-12-08,cancel,20.18
1827,2026-12-14,upgrade,26.12
1827,2027-03-01,login,10.48
1827,2027-01-31,upgrade,26.57
1827,2026-11-10,feature_use,28.66
1827,2027-01-10,login,26.07
1827,2027-02-10,cancel,27.56
1827,2027-04-23,upgrade,27.6
1827,2027-01-27,feature_use,23.71
1827,2027-03-08,feature_use,17.82
1827,2027-04-06,feature_use,4.69
1827,2027-04-18,login,22.44
1828,2026-12-14,upgrade,22.89
1828,2026-09-14,upgrade,18.41
1828,2026-08-26,cancel,26.17
1828,2026-11-03,feature_use,3.19
1828,2026-09-10,login,11.59
1828,2026-12-30,feature_use,26.88
1828,2026-09-03,upgrade,22.45
1828,2026-10-04,upgrade,8.67
1828,2027-01-15,feature_use,2.31
1828,2026-09-13,feature_use,2.67
1828,2026-10-18,feature_use,28.6
1828,2026-12-06,login,26.41
1828,2026-12-06,login,4.19
1828,2026-08-24,cancel,28.61
1828,2026-10-09,upgrade,6.0
1828,2026-12-15,feature_use,6.78
1828,2026-11-06,feature_use,2.91
1828,2026-10-13,cancel,13.31
1828,2026-11-01,login,19.91
1828,2026-09-20,login,13.26
1828,2026-11-26,login,21.52
1828,2027-01-19,login,4.78
1829,2026-08-31,feature_use,7.55
1829,2026-03-26,login,2.99
1829,2026-05-09,cancel,1.36
1829,2026-07-23,upgrade,12.1
1829,2026-03-19,upgrade,2.86
1829,2026-08-11,upgrade,18.18
1829,2026-04-26,upgrade,11.34
1829,2026-06-05,login,10.97
1829,2026-06-25,cancel,9.51
1829,2026-04-18,cancel,23.07
1829,2026-03-21,upgrade,24.59
1830,2026-11-18,upgrade,27.09
1830,2026-10-18,cancel,21.67
1830,2026-09-01,cancel,7.6
1830,2026-10-16,cancel,27.96
1830,2026-12-08,cancel,8.09
1830,2026-10-14,login,4.23
1830,2026-10-15,feature_use,3.53
1830,2026-12-05,cancel,1.63
1830,2026-08-27,login,20.97
1830,2026-08-17,cancel,22.01
1830,2026-12-06,feature_use,24.84
1830,2026-12-01,login,29.89
1830,2026-09-13,cancel,1.7
1830,2026-10-22,cancel,8.81
1830,2026-08-09,upgrade,8.31
1830,2026-08-24,cancel,4.7
1830,2026-12-28,feature_use,9.97
1830,2026-12-25,feature_use,25.29
1830,2026-10-20,cancel,18.87
1830,2026-08-30,upgrade,9.83
1830,2026-12-04,feature_use,17.03
1830,2026-07-14,upgrade,27.95
1830,2026-09-19,feature_use,15.52
1830,2026-11-01,login,1.47
1830,2026-11-06,feature_use,8.03
1830,2026-11-25,cancel,6.34
1830,2026-10-08,login,16.26
1830,2026-08-05,upgrade,25.81
1831,2027-01-17,login,28.12
1831,2027-06-05,cancel,7.32
1831,2027-03-14,upgrade,8.67
1831,2027-03-02,feature_use,12.53
1831,2027-06-03,upgrade,29.27
1831,2027-03-04,upgrade,28.96
1831,2027-06-09,login,4.39
1831,2027-06-09,feature_use,6.1
1831,2027-03-23,login,11.59
1831,2027-04-16,upgrade,23.49
1831,2027-02-19,upgrade,12.64
1831,2027-02-19,upgrade,15.81
1832,2027-02-21,upgrade,15.73
1832,2027-02-06,cancel,29.51
1832,2027-02-20,cancel,13.34
1832,2027-02-10,upgrade,15.7
1832,2027-06-01,feature_use,28.05
1832,2027-03-20,cancel,17.03
1832,2027-05-25,upgrade,6.61
1832,2027-05-19,cancel,16.41
1833,2026-11-17,login,27.72
1833,2027-01-02,upgrade,13.85
1833,2026-09-17,cancel,2.56
1833,2027-02-04,login,4.5
1833,2026-12-11,login,1.96
1833,2026-10-17,feature_use,21.96
1833,2026-10-11,feature_use,12.04
1833,2026-12-02,feature_use,3.23
1833,2027-01-09,upgrade,29.48
1833,2027-02-09,cancel,6.67
1833,2027-01-21,login,11.08
1833,2027-02-10,upgrade,25.12
1833,2027-01-01,feature_use,8.56
1833,2026-10-18,login,9.13
1833,2027-01-17,upgrade,29.87
1833,2026-12-24,cancel,24.94
1833,2027-02-14,upgrade,23.24
1833,2026-09-13,login,13.51
1833,2027-01-17,upgrade,9.46
1833,2026-12-23,login,2.6
1833,2026-11-04,upgrade,6.62
1833,2026-12-17,upgrade,5.19
1833,2026-11-13,upgrade,19.36
1833,2026-12-23,cancel,27.68
1833,2027-01-29,feature_use,18.32
1833,2026-11-12,upgrade,26.51
1833,2026-09-26,feature_use,28.4
1833,2026-11-23,feature_use,20.98
1833,2026-09-06,feature_use,21.57
1834,2026-12-15,upgrade,24.72
1834,2027-03-02,cancel,18.25
1834,2027-01-04,login,5.31
1834,2027-04-01,cancel,20.59
1834,2027-02-19,upgrade,28.91
1834,2027-03-18,cancel,19.78
1834,2026-12-14,upgrade,15.37
1834,2027-05-04,upgrade,21.09
1834,2027-03-25,feature_use,28.41
1834,2027-04-03,feature_use,25.35
1834,2027-01-04,login,11.37
1834,2027-04-23,login,21.98
1834,2027-04-09,upgrade,26.75
1834,2027-04-29,login,21.11
1834,2027-04-09,login,19.81
1834,2026-12-15,login,6.21
1834,2027-01-15,upgrade,2.35
1834,2027-03-19,login,25.64
1834,2027-04-19,login,27.19
1835,2026-07-14,login,6.12
1835,2026-04-16,login,5.09
1835,2026-07-08,upgrade,27.01
1835,2026-07-10,feature_use,15.8
1835,2026-04-05,feature_use,15.25
1835,2026-09-07,feature_use,7.04
1835,2026-08-08,upgrade,26.28
1835,2026-07-29,upgrade,8.24
1835,2026-09-10,cancel,23.28
1835,2026-07-03,login,23.94
1835,2026-08-30,feature_use,28.73
1835,2026-05-16,feature_use,21.42
1835,2026-06-14,upgrade,29.82
1835,2026-09-18,feature_use,16.5
1835,2026-07-14,upgrade,7.44
1835,2026-06-03,feature_use,8.55
1835,2026-05-10,feature_use,12.01
1835,2026-09-13,upgrade,5.51
1835,2026-06-10,feature_use,11.36
1835,2026-08-02,login,17.03
1835,2026-05-17,feature_use,12.9
1836,2026-12-18,upgrade,1.29
1836,2027-06-01,cancel,9.58
1836,2027-01-22,upgrade,1.4
1836,2027-03-05,feature_use,24.53
1836,2027-05-01,cancel,20.37
1836,2027-03-20,cancel,26.27
1836,2027-04-14,upgrade,7.84
1836,2027-05-24,feature_use,5.14
1836,2026-12-28,upgrade,3.09
1836,2027-02-16,feature_use,24.93
1836,2027-03-28,upgrade,21.49
1836,2027-02-24,upgrade,20.06
1836,2027-01-29,feature_use,14.05
1836,2027-01-23,upgrade,4.13
1836,2027-04-07,upgrade,22.41
1836,2027-05-28,login,17.77
1836,2027-06-04,login,20.52
1836,2027-03-27,upgrade,8.9
1836,2027-04-29,cancel,15.71
1836,2027-05-29,cancel,12.26
1836,2027-04-09,upgrade,2.6
1836,2027-02-16,login,11.63
1836,2027-03-02,cancel,19.87
1837,2026-04-15,cancel,23.4
1837,2026-05-05,login,9.64
1837,2026-06-21,upgrade,2.84
1837,2026-03-24,feature_use,1.3
1837,2026-05-30,login,17.9
1837,2026-05-09,upgrade,29.64
1837,2026-02-18,feature_use,17.82
1837,2026-05-27,login,22.29
1837,2026-07-14,login,19.95
1837,2026-02-16,upgrade,17.82
1837,2026-03-14,login,28.21
1837,2026-05-12,feature_use,20.47
1837,2026-06-08,upgrade,9.48
1837,2026-04-11,login,16.7
1837,2026-03-11,feature_use,13.95
1837,2026-04-30,cancel,27.96
1837,2026-08-08,login,6.23
1837,2026-03-14,login,27.74
1837,2026-04-14,login,15.94
1837,2026-03-04,login,19.96
1837,2026-03-27,upgrade,29.76
1837,2026-06-14,feature_use,27.52
1837,2026-02-26,cancel,1.31
1837,2026-04-06,feature_use,18.06
1838,2026-12-01,feature_use,14.23
1838,2027-01-21,upgrade,5.64
1838,2026-12-11,login,7.87
1838,2026-11-03,upgrade,5.29
1838,2026-12-02,cancel,5.37
1838,2026-08-15,login,23.11
1838,2027-01-24,cancel,18.22
1838,2026-12-21,cancel,9.68
1838,2026-09-09,login,23.1
1838,2026-12-16,upgrade,21.94
1838,2026-08-27,upgrade,22.8
1838,2026-11-11,cancel,14.9
1838,2026-08-24,feature_use,4.82
1838,2026-08-16,cancel,2.69
1838,2027-01-16,cancel,13.08
1838,2027-01-14,feature_use,6.18
1838,2026-12-15,cancel,21.4
1839,2026-04-27,login,3.52
1839,2026-04-14,cancel,28.17
1839,2026-05-28,cancel,17.13
1839,2026-04-26,cancel,14.58
1839,2026-07-10,upgrade,9.94
1839,2026-05-21,feature_use,17.66
1840,2026-08-24,login,14.08
1840,2026-11-17,upgrade,19.4
1840,2026-09-22,login,3.28
1840,2026-12-07,upgrade,5.55
1840,2026-11-04,login,14.39
1840,2027-01-07,login,7.25
1840,2026-09-06,login,27.52
1840,2026-10-26,upgrade,22.64
1840,2026-10-17,feature_use,26.22
1840,2026-08-21,cancel,8.32
1840,2026-11-03,cancel,5.51
1840,2027-01-27,cancel,11.9
1840,2026-10-02,cancel,7.88
1840,2027-01-16,feature_use,3.03
1840,2026-12-07,cancel,27.73
1840,2027-01-18,cancel,14.44
1840,2026-08-24,login,4.21
1840,2026-10-07,upgrade,13.24
1841,2026-12-26,upgrade,16.01
1841,2027-06-22,cancel,11.38
1841,2027-04-06,login,19.0
1841,2027-01-20,login,26.32
1841,2027-02-10,login,22.29
1841,2027-03-21,feature_use,1.16
1841,2027-01-04,cancel,1.53
1841,2027-03-11,cancel,1.27
1841,2027-01-12,feature_use,22.8
1841,2027-04-26,feature_use,10.83
1841,2027-02-21,login,2.94
1841,2027-03-14,feature_use,25.59
1841,2027-04-11,feature_use,25.16
1841,2027-02-15,upgrade,14.8
1841,2027-01-07,upgrade,21.32
1841,2027-01-29,cancel,5.8
1841,2027-06-14,feature_use,14.36
1841,2027-01-15,login,29.71
1841,2027-01-05,feature_use,9.43
1841,2026-12-27,login,9.19
1841,2027-03-17,login,21.08
1841,2027-03-23,login,5.39
1841,2027-03-25,login,23.93
1841,2027-02-12,cancel,16.38
1842,2026-12-29,feature_use,20.08
1842,2026-11-17,feature_use,4.22
1842,2026-08-19,cancel,28.37
1842,2026-12-07,upgrade,21.32
1842,2026-12-17,feature_use,18.92
1842,2026-08-07,cancel,17.15
1842,2026-11-14,feature_use,28.48
1842,2027-01-11,cancel,7.12
1842,2026-11-07,login,21.12
1842,2026-10-29,feature_use,14.25
1842,2026-10-04,feature_use,7.06
1842,2026-12-03,upgrade,2.2
1842,2026-12-11,feature_use,11.77
1842,2026-09-29,cancel,8.7
1842,2026-10-08,feature_use,16.49
1842,2026-10-04,upgrade,23.81
1842,2026-11-22,feature_use,25.75
1842,2026-10-15,upgrade,10.04
1842,2026-12-21,upgrade,12.5
1842,2026-11-19,upgrade,19.94
1842,2026-12-21,cancel,15.46
1842,2027-01-15,upgrade,8.47
1842,2026-09-20,feature_use,5.37
1842,2026-12-07,upgrade,25.4
1842,2026-08-05,upgrade,26.53
1842,2026-09-02,feature_use,21.52
1842,2026-09-25,cancel,24.07
1842,2027-01-14,upgrade,25.25
1842,2026-08-31,login,14.61
1843,2027-04-13,feature_use,6.04
1843,2027-02-08,login,20.82
1843,2027-03-01,cancel,17.95
1843,2027-03-03,upgrade,28.24
1843,2027-01-28,login,15.11
1843,2026-12-30,login,29.45
1843,2026-11-10,upgrade,15.82
1843,2026-10-23,feature_use,7.71
1843,2026-11-21,login,23.66
1843,2026-12-01,feature_use,1.15
1843,2026-12-08,cancel,27.93
1843,2026-11-28,feature_use,26.25
1843,2027-01-29,cancel,25.39
1843,2026-12-30,login,28.98
1843,2026-11-12,feature_use,3.46
1843,2027-01-06,login,1.48
1843,2026-12-17,cancel,11.96
1843,2027-01-21,login,25.54
1843,2027-01-22,feature_use,10.69
1843,2027-04-13,feature_use,7.76
1843,2027-04-07,cancel,14.19
1843,2026-12-28,cancel,21.31
1843,2027-01-10,upgrade,28.27
1843,2027-01-12,feature_use,11.37
1843,2027-03-22,login,26.63
1843,2027-03-14,upgrade,3.98
1843,2026-11-14,login,6.99
1844,2026-07-28,upgrade,5.7
1844,2026-05-25,cancel,17.31
1844,2026-07-02,upgrade,24.71
1844,2026-05-07,login,8.13
1844,2026-07-21,upgrade,22.61
1844,2026-07-25,cancel,4.29
1844,2026-05-11,upgrade,15.46
1845,2026-07-14,feature_use,2.05
1845,2026-11-07,cancel,8.66
1845,2026-07-11,feature_use,6.51
1845,2026-11-21,cancel,18.54
1845,2026-09-29,login,19.25
1845,2026-06-20,login,2.1
1845,2026-11-23,cancel,2.8
1845,2026-10-10,login,9.59
1845,2026-07-10,upgrade,17.5
1845,2026-11-18,cancel,22.75
1845,2026-07-10,feature_use,25.12
1845,2026-11-12,upgrade,12.14
1845,2026-08-04,feature_use,25.28
1845,2026-09-03,feature_use,25.95
1845,2026-10-17,feature_use,19.23
1845,2026-10-20,login,28.92
1845,2026-11-21,cancel,12.53
1846,2026-11-13,cancel,18.2
1846,2027-01-01,login,5.5
1846,2026-11-14,cancel,10.26
1846,2026-09-07,upgrade,15.25
1846,2026-10-15,login,2.39
1846,2027-01-21,feature_use,1.05
1846,2026-11-09,login,21.74
1846,2027-02-23,cancel,8.44
1846,2027-01-25,upgrade,8.99
1846,2026-12-21,login,14.16
1846,2026-12-30,upgrade,28.92
1846,2026-09-08,feature_use,2.77
1846,2027-02-02,upgrade,11.87
1846,2027-01-21,login,8.26
1846,2026-10-26,cancel,18.36
1846,2027-02-08,login,18.62
1847,2026-07-09,cancel,14.71
1847,2026-05-06,feature_use,25.41
1847,2026-10-20,login,20.28
1847,2026-08-20,feature_use,25.27
1847,2026-10-14,upgrade,12.75
1847,2026-10-11,upgrade,17.04
1847,2026-05-12,login,10.66
1847,2026-10-16,cancel,8.33
1847,2026-08-16,login,29.91
1847,2026-07-18,cancel,21.97
1847,2026-07-17,feature_use,10.4
1847,2026-07-06,feature_use,28.79
1847,2026-06-08,feature_use,10.08
1847,2026-05-05,upgrade,15.12
1847,2026-08-06,upgrade,5.77
1847,2026-09-16,cancel,13.09
1847,2026-05-20,upgrade,12.83
1847,2026-08-14,login,20.25
1847,2026-10-11,cancel,14.06
1847,2026-05-04,feature_use,20.48
1847,2026-08-28,feature_use,27.17
1847,2026-09-27,feature_use,24.9
1847,2026-06-21,cancel,6.22
1847,2026-06-25,login,4.15
1848,2026-09-16,cancel,17.22
1848,2026-05-11,feature_use,16.64
1848,2026-06-29,cancel,1.52
1848,2026-09-02,cancel,9.78
1848,2026-05-08,login,23.26
1848,2026-07-21,cancel,12.84
1848,2026-08-12,login,29.57
1848,2026-06-17,upgrade,7.61
1848,2026-05-23,feature_use,8.45
1848,2026-07-09,login,4.18
1848,2026-09-25,login,27.55
1848,2026-08-30,feature_use,13.42
1848,2026-05-17,cancel,19.06
1848,2026-06-12,upgrade,20.84
1848,2026-06-19,cancel,8.49
1848,2026-04-22,feature_use,1.6
1848,2026-04-03,login,9.74
1849,2026-09-16,cancel,27.2
1849,2026-10-18,upgrade,27.05
1849,2026-09-27,cancel,25.56
1849,2026-08-28,upgrade,9.68
1849,2026-09-07,login,5.39
1849,2026-09-25,feature_use,14.67
1849,2026-12-28,login,3.43
1849,2027-01-09,cancel,10.27
1849,2026-10-20,feature_use,9.18
1849,2026-12-25,feature_use,24.22
1850,2026-04-29,cancel,7.74
1850,2026-05-06,upgrade,24.96
1850,2026-04-05,cancel,19.47
1850,2026-04-14,feature_use,13.76
1850,2026-02-25,upgrade,8.3
1850,2026-06-04,login,10.54
1850,2026-03-13,login,15.25
1850,2026-05-15,feature_use,26.3
1850,2026-06-06,upgrade,14.95
1850,2026-03-04,cancel,20.57
1850,2026-03-03,cancel,10.67
1850,2026-04-22,feature_use,22.61
1850,2026-03-18,feature_use,27.48
1850,2026-06-07,feature_use,28.67
1850,2026-07-16,upgrade,17.9
1850,2026-03-17,feature_use,24.16
1850,2026-06-07,cancel,11.21
1850,2026-05-21,cancel,10.62
1850,2026-05-30,login,10.54
1850,2026-06-01,feature_use,10.06
1850,2026-06-24,upgrade,8.19
1850,2026-06-07,feature_use,19.62
1850,2026-06-20,login,24.08
1850,2026-04-25,login,10.62
1850,2026-06-26,login,19.15
1850,2026-04-16,feature_use,26.55
1850,2026-04-21,upgrade,16.51
1850,2026-03-18,cancel,22.06
1850,2026-07-31,upgrade,25.24
1851,2027-02-24,upgrade,4.85
1851,2027-03-25,upgrade,12.73
1851,2027-05-03,upgrade,4.89
1851,2027-04-30,feature_use,11.5
1851,2026-12-30,upgrade,28.22
1851,2027-05-29,upgrade,27.95
1851,2027-05-19,feature_use,11.43
1851,2027-01-15,cancel,9.39
1851,2027-03-28,upgrade,14.9
1851,2027-03-12,upgrade,7.82
1851,2027-03-10,cancel,15.8
1851,2027-04-08,login,7.89
1852,2026-07-08,login,26.36
1852,2026-03-26,cancel,7.51
1852,2026-07-23,login,23.17
1852,2026-04-15,feature_use,1.23
1852,2026-02-19,feature_use,13.73
1852,2026-05-04,upgrade,23.7
1852,2026-07-23,feature_use,26.73
1852,2026-05-31,cancel,15.66
1852,2026-03-16,login,23.81
1852,2026-04-19,login,3.52
1852,2026-07-17,cancel,28.84
1853,2027-03-02,login,17.53
1853,2027-01-14,feature_use,23.43
1853,2027-02-05,feature_use,23.7
1853,2027-01-13,feature_use,8.72
1853,2027-05-15,feature_use,23.65
1853,2026-12-23,login,14.87
1853,2027-01-21,cancel,9.33
1853,2027-04-19,upgrade,29.86
1853,2027-04-19,upgrade,26.02
1853,2027-05-11,feature_use,9.96
1853,2027-03-16,upgrade,26.49
1853,2027-03-03,upgrade,3.97
1853,2026-12-30,cancel,14.67
1854,2026-06-21,feature_use,29.08
1854,2026-06-25,cancel,21.6
1854,2026-02-24,feature_use,13.47
1854,2026-04-19,cancel,22.15
1854,2026-08-05,login,13.35
1854,2026-04-16,feature_use,27.08
1854,2026-07-18,feature_use,19.2
1854,2026-03-01,upgrade,23.83
1854,2026-08-07,cancel,12.63
1854,2026-03-15,feature_use,20.25
1854,2026-04-24,login,3.5
1854,2026-02-15,feature_use,2.02
1854,2026-07-28,cancel,13.64
1854,2026-03-08,login,15.67
1854,2026-04-29,upgrade,7.48
1854,2026-08-09,upgrade,1.98
1854,2026-06-23,feature_use,11.81
1854,2026-04-14,cancel,1.45
1854,2026-07-09,cancel,4.56
1854,2026-06-09,feature_use,6.63
1854,2026-06-08,cancel,13.76
1854,2026-07-26,cancel,2.1
1854,2026-07-02,feature_use,27.11
1854,2026-06-28,upgrade,16.28
1854,2026-04-02,login,18.22
1854,2026-03-26,login,21.08
1855,2026-12-02,feature_use,12.08
1855,2026-10-15,cancel,27.68
1855,2026-08-30,feature_use,29.43
1855,2026-10-09,upgrade,26.63
1855,2026-09-21,cancel,29.4
1855,2026-11-04,login,18.99
1855,2026-07-19,login,13.4
1855,2026-12-06,login,5.26
1855,2026-11-02,feature_use,2.51
1855,2026-10-10,cancel,7.03
1855,2026-09-12,login,21.08
1856,2026-10-07,cancel,7.83
1856,2026-06-22,upgrade,19.37
1856,2026-09-08,cancel,23.12
1856,2026-08-10,feature_use,13.65
1856,2026-06-26,cancel,28.92
1856,2026-09-18,feature_use,22.76
1856,2026-07-16,upgrade,23.81
1856,2026-05-22,login,28.05
1856,2026-10-01,upgrade,8.22
1856,2026-06-28,upgrade,11.06
1856,2026-07-03,upgrade,25.79
1856,2026-06-23,feature_use,1.29
1856,2026-07-12,login,13.37
1856,2026-10-09,login,28.53
1856,2026-07-02,login,25.05
1856,2026-10-02,feature_use,1.05
1856,2026-06-11,login,12.24
1857,2026-12-10,login,19.17
1857,2026-11-04,login,13.38
1857,2026-10-25,feature_use,13.08
1857,2026-08-30,upgrade,28.46
1857,2026-10-14,feature_use,15.01
1857,2026-07-26,feature_use,8.2
1857,2026-08-31,feature_use,8.6
1857,2026-08-04,upgrade,13.5
1857,2026-10-27,feature_use,25.46
1857,2026-10-30,feature_use,5.27
1857,2026-11-26,upgrade,29.77
1857,2026-11-23,feature_use,24.07
1857,2026-11-27,login,9.45
1857,2026-11-17,cancel,17.92
1857,2026-08-20,feature_use,27.15
1857,2026-10-30,upgrade,3.46
1857,2026-09-29,feature_use,11.64
1857,2026-08-16,cancel,25.4
1857,2026-08-24,login,29.01
1858,2026-09-17,login,18.67
1858,2026-10-10,upgrade,26.67
1858,2027-01-26,cancel,11.02
1858,2026-10-29,login,12.69
1858,2027-01-31,upgrade,6.06
1858,2027-01-17,upgrade,3.57
1858,2027-01-30,cancel,10.13
1858,2026-12-24,feature_use,18.13
1858,2026-10-28,cancel,23.88
1858,2026-10-14,feature_use,3.07
1858,2027-01-08,upgrade,29.65
1858,2027-01-12,upgrade,5.7
1858,2026-12-18,login,29.68
1858,2026-09-17,feature_use,2.1
1858,2027-01-01,login,10.45
1858,2026-11-05,feature_use,13.22
1858,2026-09-07,feature_use,24.08
1858,2026-11-08,upgrade,8.09
1858,2026-09-09,feature_use,8.05
1859,2026-08-07,upgrade,3.48
1859,2026-04-01,upgrade,26.1
1859,2026-03-06,upgrade,2.51
1859,2026-07-29,login,17.81
1859,2026-05-26,upgrade,25.07
1860,2026-10-01,upgrade,7.97
1860,2026-11-22,cancel,10.98
1860,2026-12-12,cancel,6.73
1860,2026-11-08,upgrade,2.3
1860,2026-12-24,feature_use,21.24
1860,2027-01-25,feature_use,20.27
1860,2026-12-20,login,3.99
1860,2026-12-03,feature_use,4.41
1860,2026-10-20,cancel,7.8
1860,2026-12-25,upgrade,25.5
1860,2026-12-12,upgrade,4.59
1860,2026-12-22,login,27.08
1860,2026-09-24,cancel,10.52
1860,2026-11-11,cancel,8.36
1860,2026-11-30,feature_use,8.1
1861,2026-06-19,login,22.18
1861,2026-08-26,cancel,4.78
1861,2026-05-25,feature_use,22.68
1861,2026-09-09,cancel,2.9
1861,2026-04-26,feature_use,17.85
1861,2026-09-11,cancel,11.41
1861,2026-05-04,cancel,10.71
1861,2026-08-03,login,14.87
1861,2026-09-20,cancel,16.01
1861,2026-09-20,feature_use,28.73
1861,2026-07-01,feature_use,20.76
1862,2026-10-24,upgrade,8.05
1862,2026-12-16,upgrade,15.6
1862,2026-10-11,cancel,21.36
1862,2026-10-01,login,8.89
1862,2026-10-10,cancel,3.99
1863,2026-11-28,cancel,20.48
1863,2026-08-28,feature_use,8.12
1863,2026-08-13,cancel,26.12
1863,2026-11-23,feature_use,29.26
1863,2026-10-19,login,12.33
1863,2026-10-09,upgrade,17.52
1863,2026-09-11,feature_use,15.97
1863,2026-07-13,cancel,27.24
1863,2026-10-02,login,23.08
1863,2026-11-01,login,24.9
1863,2026-07-11,upgrade,8.48
1863,2026-10-29,cancel,4.15
1863,2026-07-25,cancel,14.04
1863,2026-11-10,upgrade,3.52
1863,2026-09-03,upgrade,22.12
1863,2026-07-03,upgrade,18.03
1863,2026-09-11,upgrade,10.06
1863,2026-08-02,feature_use,21.47
1863,2026-06-09,feature_use,11.37
1863,2026-11-03,login,23.41
1863,2026-09-01,upgrade,5.22
1864,2027-01-04,feature_use,5.96
1864,2027-03-24,feature_use,25.92
1864,2027-05-21,cancel,22.78
1864,2027-05-29,feature_use,6.66
1864,2026-12-31,cancel,3.13
1864,2027-01-19,cancel,22.32
1864,2027-03-12,upgrade,5.02
1864,2027-02-14,cancel,18.74
1864,2027-01-11,feature_use,26.81
1864,2027-05-05,feature_use,24.67
1864,2027-01-05,feature_use,8.4
1864,2027-01-22,feature_use,3.33
1864,2027-05-25,cancel,13.02
1864,2027-03-18,cancel,9.29
1864,2027-04-17,cancel,7.48
1864,2027-01-20,login,26.75
1864,2027-02-07,login,10.14
1864,2026-12-20,cancel,2.7
1864,2026-12-14,upgrade,24.79
1864,2027-04-15,login,16.39
1864,2027-05-14,cancel,9.77
1864,2027-05-20,feature_use,23.58
1864,2027-06-04,upgrade,21.41
1865,2027-01-12,upgrade,25.16
1865,2026-12-20,feature_use,6.27
1865,2027-01-26,cancel,25.01
1865,2027-01-27,upgrade,25.87
1865,2027-01-26,feature_use,21.67
1865,2027-05-27,cancel,3.77
1865,2027-04-02,upgrade,23.94
1865,2027-03-21,login,8.78
1865,2027-01-03,feature_use,3.36
1865,2026-12-15,feature_use,18.68
1865,2027-01-09,feature_use,5.32
1865,2026-12-31,feature_use,4.86
1865,2027-01-07,login,21.99
1865,2027-02-19,login,16.01
1865,2027-05-20,cancel,13.58
1865,2027-03-07,upgrade,16.64
1865,2027-04-05,login,12.53
1866,2026-04-27,upgrade,15.66
1866,2026-04-26,cancel,22.07
1866,2026-09-28,login,10.83
1866,2026-07-27,cancel,5.87
1866,2026-10-17,upgrade,9.6
1866,2026-09-05,login,18.12
1867,2027-01-24,login,8.64
1867,2027-03-17,upgrade,11.1
1867,2027-05-12,upgrade,18.0
1867,2027-01-04,upgrade,9.3
1867,2027-05-15,cancel,24.81
1867,2027-01-31,cancel,16.51
1867,2027-04-20,login,13.72
1868,2027-05-18,cancel,29.17
1868,2027-06-07,upgrade,18.01
1868,2027-05-01,feature_use,13.55
1868,2027-03-08,login,10.63
1868,2027-01-10,cancel,7.21
1868,2027-02-24,feature_use,17.98
1868,2026-12-31,feature_use,20.19
1868,2027-01-10,upgrade,4.72
1868,2027-02-21,upgrade,23.04
1868,2027-02-12,cancel,2.47
1868,2027-05-01,cancel,26.87
1868,2027-04-16,upgrade,9.17
1868,2026-12-26,upgrade,10.09
1868,2027-02-13,upgrade,23.74
1868,2027-03-13,upgrade,1.94
1868,2027-03-07,cancel,4.51
1868,2027-01-24,cancel,7.05
1868,2027-01-27,upgrade,27.64
1868,2027-02-19,cancel,18.65
1868,2026-12-29,feature_use,20.74
1868,2027-04-06,feature_use,3.6
1868,2027-03-21,cancel,13.07
1868,2027-03-30,login,21.69
1869,2026-06-14,login,13.21
1869,2026-07-05,feature_use,12.9
1869,2026-08-06,login,18.23
1869,2026-09-28,cancel,6.61
1869,2026-05-18,upgrade,21.17
1869,2026-05-03,feature_use,13.5
1869,2026-05-31,cancel,29.7
1869,2026-05-26,upgrade,28.03
1869,2026-04-10,upgrade,19.92
1869,2026-04-30,upgrade,14.0
1869,2026-06-30,upgrade,17.89
1869,2026-06-30,cancel,26.97
1869,2026-08-05,cancel,28.32
1869,2026-09-30,upgrade,4.14
1869,2026-05-23,login,13.59
1869,2026-06-15,login,13.01
1869,2026-06-05,upgrade,20.06
1869,2026-05-16,upgrade,25.04
1869,2026-04-29,upgrade,21.97
1869,2026-05-24,cancel,1.02
1869,2026-04-09,cancel,11.41
1869,2026-07-04,upgrade,23.99
1870,2027-01-19,feature_use,3.41
1870,2027-03-24,cancel,28.75
1870,2027-03-25,feature_use,29.19
1870,2027-04-02,cancel,2.15
1870,2027-03-28,feature_use,22.4
1870,2026-12-30,upgrade,26.51
1870,2027-03-17,feature_use,5.84
1870,2026-12-01,upgrade,13.74
1870,2027-05-10,feature_use,17.75
1870,2027-01-17,feature_use,7.29
1871,2027-01-01,login,23.5
1871,2027-03-26,cancel,22.71
1871,2027-01-08,login,22.1
1871,2027-01-17,login,10.84
1871,2027-01-15,feature_use,3.88
1871,2027-02-23,feature_use,16.79
1872,2026-10-02,cancel,6.47
1872,2026-10-23,feature_use,24.25
1872,2026-08-20,login,9.07
1872,2026-12-06,cancel,18.19
1872,2026-09-20,cancel,24.67
1872,2026-11-01,login,9.04
1873,2026-02-09,cancel,15.07
1873,2026-02-13,login,3.15
1873,2026-04-09,login,2.59
1873,2026-04-29,cancel,26.52
1873,2026-04-01,upgrade,21.03
1873,2026-03-16,feature_use,1.95
1873,2026-03-29,login,20.44
1873,2026-06-16,cancel,1.88
1874,2026-12-25,login,4.6
1874,2026-10-23,login,4.63
1874,2026-10-24,upgrade,17.38
1874,2026-11-21,login,16.31
1874,2027-03-01,feature_use,9.56
1874,2027-04-04,feature_use,10.23
1874,2027-01-10,login,29.25
1874,2027-02-22,login,27.99
1874,2027-03-05,cancel,17.86
1874,2027-02-11,cancel,14.56
1874,2027-03-05,login,20.16
1874,2027-02-11,cancel,23.56
1875,2027-01-08,feature_use,6.39
1875,2026-09-07,upgrade,18.69
1875,2026-11-14,upgrade,15.07
1875,2026-10-13,login,20.97
1875,2027-01-16,upgrade,26.71
1875,2027-01-13,upgrade,12.67
1876,2026-05-17,feature_use,12.33
1876,2026-01-28,login,8.33
1876,2026-04-07,cancel,11.93
1876,2026-06-21,login,17.13
1876,2026-05-25,cancel,22.22
1876,2026-06-04,upgrade,20.64
1876,2026-05-02,feature_use,2.91
1876,2026-05-17,cancel,7.04
1876,2026-06-20,upgrade,15.9
1876,2026-04-29,upgrade,21.12
1876,2026-05-25,feature_use,3.79
1876,2026-03-30,cancel,1.93
1876,2026-03-31,upgrade,26.04
1876,2026-05-14,upgrade,27.68
1876,2026-04-21,login,17.12
1876,2026-02-01,feature_use,13.41
1876,2026-06-25,cancel,12.87
1877,2026-08-18,login,8.01
1877,2026-10-04,cancel,13.61
1877,2026-07-19,feature_use,3.26
1877,2026-09-07,feature_use,19.19
1877,2026-06-12,feature_use,26.26
1877,2026-10-23,cancel,14.85
1877,2026-10-19,login,23.58
1877,2026-07-19,feature_use,4.42
1877,2026-10-27,upgrade,27.74
1877,2026-06-27,login,3.39
1877,2026-09-13,cancel,18.31
1877,2026-07-18,upgrade,3.32
1878,2026-07-07,feature_use,24.37
1878,2026-07-24,login,2.24
1878,2026-02-23,feature_use,1.88
1878,2026-06-25,login,6.01
1878,2026-05-02,login,4.99
1878,2026-07-28,cancel,12.45
1878,2026-07-10,upgrade,26.41
1878,2026-06-11,upgrade,5.22
1878,2026-02-02,feature_use,27.27
1878,2026-06-03,upgrade,17.7
1878,2026-04-12,upgrade,24.01
1878,2026-02-22,cancel,19.59
1878,2026-04-09,feature_use,14.41
1878,2026-07-22,cancel,16.81
1878,2026-04-17,login,17.92
1878,2026-02-20,feature_use,24.21
1878,2026-05-18,upgrade,29.03
1878,2026-05-26,upgrade,19.62
1878,2026-07-17,login,22.35
1878,2026-05-11,upgrade,2.2
1878,2026-02-02,cancel,9.84
1878,2026-04-06,feature_use,22.45
1878,2026-03-30,login,28.38
1878,2026-02-01,cancel,12.22
1878,2026-05-04,feature_use,14.37
1878,2026-06-19,cancel,28.71
1878,2026-05-06,upgrade,9.96
1879,2026-05-15,upgrade,20.42
1879,2026-01-29,upgrade,10.11
1879,2026-04-16,feature_use,15.64
1879,2026-02-06,upgrade,9.23
1879,2026-06-12,cancel,18.18
1879,2026-06-17,feature_use,29.11
1879,2026-03-20,upgrade,3.67
1879,2026-06-07,feature_use,28.52
1879,2026-06-19,feature_use,5.46
1879,2026-07-04,cancel,20.28
1879,2026-03-30,cancel,17.81
1879,2026-05-25,login,9.16
1879,2026-03-01,feature_use,26.15
1879,2026-05-21,login,10.83
1879,2026-03-05,cancel,8.24
1879,2026-05-17,feature_use,14.81
1879,2026-06-30,login,21.74
1879,2026-03-26,login,1.99
1879,2026-05-22,login,14.69
1879,2026-03-15,login,12.73
1879,2026-06-13,feature_use,20.47
1879,2026-07-10,upgrade,26.55
1879,2026-04-07,feature_use,20.88
1879,2026-05-04,cancel,4.31
1879,2026-06-10,feature_use,21.1
1880,2026-09-20,upgrade,26.39
1880,2026-07-27,upgrade,1.7
1880,2027-01-11,login,25.5
1880,2026-11-02,feature_use,19.57
1880,2026-11-30,upgrade,19.77
1880,2026-07-19,upgrade,3.22
1880,2026-12-31,upgrade,20.46
1880,2026-09-17,feature_use,24.95
1881,2026-08-18,login,11.56
1881,2026-06-04,cancel,3.98
1881,2026-07-28,upgrade,9.87
1881,2026-06-12,upgrade,7.69
1881,2026-07-08,feature_use,12.17
1881,2026-08-30,feature_use,24.85
1881,2026-10-05,login,11.29
1882,2026-03-25,feature_use,26.63
1882,2026-03-01,upgrade,7.92
1882,2026-01-16,login,8.29
1882,2026-04-06,feature_use,17.58
1882,2026-03-06,cancel,2.23
1882,2026-04-17,login,17.62
1882,2026-02-17,feature_use,3.46
1882,2026-05-07,login,24.29
1882,2026-06-27,cancel,8.56
1882,2026-06-27,feature_use,10.82
1882,2026-01-09,feature_use,16.52
1882,2026-02-08,cancel,1.31
1882,2026-01-28,upgrade,26.43
1882,2026-05-20,cancel,25.78
1882,2026-03-18,login,11.4
1882,2026-06-08,upgrade,12.48
1882,2026-04-06,login,7.82
1882,2026-01-01,upgrade,9.22
1882,2026-04-23,upgrade,18.56
1882,2026-01-29,cancel,22.24
1882,2026-01-31,upgrade,16.31
1882,2026-01-06,login,27.23
1882,2026-06-08,feature_use,11.99
1882,2026-06-26,upgrade,21.35
1883,2026-02-10,upgrade,15.51
1883,2026-05-18,feature_use,17.86
1883,2026-06-04,login,16.62
1883,2026-06-12,cancel,2.01
1883,2026-03-19,cancel,7.98
1883,2026-02-04,feature_use,17.22
1883,2026-03-06,cancel,26.84
1883,2026-02-22,upgrade,12.24
1883,2026-02-10,login,17.97
1884,2026-01-31,cancel,19.13
1884,2026-03-01,login,11.4
1884,2026-01-29,upgrade,21.19
1884,2026-05-02,cancel,12.25
1884,2026-04-22,login,12.33
1884,2026-01-24,feature_use,7.71
1884,2026-01-22,cancel,3.47
1884,2026-03-20,login,4.95
1884,2026-03-06,cancel,4.34
1884,2026-04-19,feature_use,26.04
1884,2026-02-08,login,28.13
1884,2026-03-08,upgrade,27.15
1884,2026-06-27,feature_use,11.63
1884,2026-05-31,upgrade,14.51
1884,2026-03-22,feature_use,18.15
1884,2026-06-21,upgrade,7.71
1884,2026-06-02,login,7.56
1884,2026-06-19,feature_use,28.13
1884,2026-05-12,cancel,2.19
1884,2026-04-23,cancel,22.62
1884,2026-02-24,login,16.58
1884,2026-06-13,cancel,29.64
1884,2026-02-03,login,7.4
1884,2026-03-11,cancel,27.22
1885,2026-04-30,login,26.67
1885,2026-02-22,login,4.74
1885,2026-02-21,login,10.59
1885,2026-07-03,login,26.83
1885,2026-07-09,feature_use,9.42
1885,2026-02-15,upgrade,20.01
1885,2026-05-17,feature_use,13.2
1885,2026-04-17,feature_use,26.24
1885,2026-06-13,upgrade,15.66
1885,2026-01-25,upgrade,12.4
1885,2026-03-01,feature_use,27.02
1885,2026-05-15,cancel,7.05
1885,2026-04-01,cancel,14.27
1885,2026-04-11,login,3.95
1885,2026-06-21,cancel,22.74
1885,2026-01-26,upgrade,24.11
1885,2026-04-01,upgrade,2.18
1885,2026-03-16,upgrade,21.54
1885,2026-04-12,feature_use,1.38
1885,2026-05-19,login,21.27
1886,2026-05-19,feature_use,17.8
1886,2026-02-27,feature_use,19.09
1886,2026-03-27,feature_use,15.4
1886,2026-02-28,upgrade,5.12
1886,2026-04-18,cancel,18.74
1886,2026-05-04,feature_use,12.13
1886,2026-03-19,upgrade,17.46
1886,2026-08-20,feature_use,27.1
1886,2026-05-25,login,6.39
1886,2026-04-15,upgrade,20.57
1886,2026-06-22,feature_use,2.61
1886,2026-04-13,login,12.76
1886,2026-04-14,cancel,3.96
1886,2026-07-31,login,25.87
1886,2026-06-29,feature_use,25.97
1886,2026-03-09,cancel,23.28
1886,2026-04-10,login,3.89
1886,2026-06-21,cancel,1.38
1886,2026-05-22,login,17.81
1886,2026-08-14,login,12.98
1886,2026-03-08,feature_use,8.8
1886,2026-03-29,feature_use,16.3
1886,2026-03-14,upgrade,27.31
1886,2026-07-25,cancel,9.58
1887,2026-06-14,upgrade,7.82
1887,2026-08-17,login,4.53
1887,2026-09-29,login,17.7
1887,2026-12-02,cancel,11.67
1887,2026-06-23,upgrade,3.97
1887,2026-09-28,feature_use,14.64
1887,2026-08-20,feature_use,16.52
1887,2026-10-03,login,23.83
1887,2026-08-07,login,15.71
1887,2026-07-12,cancel,22.57
1887,2026-11-14,upgrade,9.6
1887,2026-09-07,upgrade,15.67
1887,2026-08-25,cancel,13.38
1887,2026-11-24,upgrade,22.26
1887,2026-09-12,cancel,26.41
1887,2026-10-26,login,20.43
1887,2026-07-09,cancel,3.41
1887,2026-12-02,feature_use,27.74
1887,2026-09-09,upgrade,13.5
1887,2026-07-22,login,16.48
1888,2026-07-25,cancel,6.0
1888,2026-07-25,upgrade,20.11
1888,2026-06-10,cancel,14.02
1888,2026-10-02,upgrade,19.08
1888,2026-10-13,login,19.42
1888,2026-06-05,feature_use,1.51
1888,2026-10-23,feature_use,25.97
1888,2026-08-16,upgrade,29.59
1888,2026-09-04,upgrade,13.49
1888,2026-06-20,feature_use,10.99
1888,2026-11-21,cancel,11.17
1888,2026-11-08,feature_use,22.45
1888,2026-08-12,cancel,9.14
1888,2026-07-09,upgrade,11.33
1888,2026-10-07,upgrade,25.43
1888,2026-07-31,login,24.44
1888,2026-08-29,login,1.8
1889,2027-03-18,upgrade,10.12
1889,2026-12-07,cancel,28.91
1889,2026-12-18,upgrade,12.82
1889,2027-03-01,feature_use,29.38
1889,2026-12-20,login,5.88
1889,2027-03-02,cancel,7.81
1889,2026-11-23,login,14.08
1889,2027-01-24,feature_use,2.33
1889,2026-12-09,upgrade,3.59
1889,2026-12-11,upgrade,13.31
1889,2027-01-13,upgrade,27.02
1889,2026-10-10,feature_use,28.05
1889,2027-02-12,upgrade,21.95
1889,2026-10-05,login,12.43
1889,2027-01-12,login,2.85
1889,2027-01-15,feature_use,26.23
1889,2026-12-27,login,14.23
1889,2026-12-07,upgrade,12.96
1889,2026-10-15,upgrade,14.49
1889,2027-03-07,upgrade,27.17
1889,2026-11-09,feature_use,9.7
1890,2026-11-04,cancel,16.79
1890,2026-08-25,feature_use,23.87
1890,2026-07-18,feature_use,13.48
1890,2026-07-08,feature_use,5.15
1890,2026-09-14,upgrade,5.97
1890,2026-06-19,upgrade,15.36
1890,2026-06-14,upgrade,5.69
1890,2026-07-11,login,15.5
1890,2026-10-15,upgrade,14.83
1890,2026-07-08,upgrade,28.21
1890,2026-06-21,upgrade,14.29
1890,2026-07-31,upgrade,6.7
1890,2026-08-11,feature_use,11.34
1891,2026-12-13,cancel,14.78
1891,2026-10-06,upgrade,25.01
1891,2026-10-27,cancel,10.75
1891,2026-11-15,feature_use,21.43
1891,2026-08-10,feature_use,20.75
1891,2026-12-28,upgrade,10.64
1891,2026-11-25,feature_use,25.24
1892,2026-10-31,feature_use,5.71
1892,2026-06-18,cancel,12.71
1892,2026-10-16,cancel,6.67
1892,2026-11-22,cancel,12.98
1892,2026-11-02,login,1.01
1892,2026-09-25,feature_use,20.7
1892,2026-07-06,login,6.41
1892,2026-07-28,feature_use,29.62
1892,2026-11-20,feature_use,18.52
1892,2026-09-12,upgrade,11.2
1892,2026-07-10,cancel,25.65
1892,2026-06-16,login,4.57
1892,2026-06-18,feature_use,11.4
1892,2026-06-17,upgrade,2.22
1892,2026-09-13,cancel,21.89
1892,2026-10-04,upgrade,16.12
1892,2026-09-25,feature_use,21.24
1892,2026-06-07,upgrade,1.1
1892,2026-10-01,upgrade,17.7
1892,2026-11-04,login,11.74
1892,2026-08-30,login,22.38
1892,2026-09-28,cancel,24.73
1892,2026-08-16,login,27.42
1892,2026-09-08,cancel,24.44
1893,2026-04-17,login,14.25
1893,2026-05-22,upgrade,9.18
1893,2026-05-24,login,28.71
1893,2026-05-12,cancel,8.93
1893,2026-05-16,cancel,12.93
1893,2026-06-18,feature_use,2.56
1893,2026-05-24,login,12.13
1893,2026-07-16,feature_use,8.97
1894,2027-05-17,upgrade,15.03
1894,2027-01-21,feature_use,3.19
1894,2026-12-25,upgrade,14.61
1894,2026-12-31,login,25.34
1894,2027-01-12,cancel,13.93
1894,2027-03-08,feature_use,24.17
1894,2027-02-21,login,21.46
1894,2026-12-16,cancel,18.77
1894,2027-01-30,cancel,13.55
1894,2027-04-02,feature_use,25.06
1894,2027-02-22,upgrade,28.32
1894,2027-03-23,feature_use,7.1
1894,2027-04-18,feature_use,22.96
1894,2027-05-03,login,4.26
1895,2027-03-05,upgrade,27.91
1895,2027-02-08,cancel,27.71
1895,2026-12-02,feature_use,22.91
1895,2027-01-12,upgrade,2.82
1895,2027-02-23,cancel,29.25
1895,2026-12-30,cancel,23.45
1895,2027-03-01,login,5.11
1895,2027-04-18,cancel,8.74
1895,2027-04-08,login,15.72
1895,2027-01-24,feature_use,8.29
1895,2026-12-31,login,23.21
1895,2026-11-03,feature_use,6.35
1895,2027-01-17,cancel,9.33
1895,2027-01-27,cancel,28.3
1895,2027-01-20,login,22.71
1896,2026-04-01,upgrade,7.8
1896,2026-07-20,upgrade,27.22
1896,2026-07-03,feature_use,7.67
1896,2026-08-05,upgrade,24.36
1896,2026-05-16,upgrade,24.92
1896,2026-03-14,feature_use,25.7
1896,2026-07-17,upgrade,13.24
1896,2026-08-02,login,23.9
1896,2026-05-05,upgrade,7.07
1896,2026-07-08,login,14.15
1896,2026-03-01,login,14.08
1896,2026-05-13,feature_use,19.31
1897,2026-07-12,feature_use,3.11
1897,2026-10-12,upgrade,1.64
1897,2026-08-03,login,20.05
1897,2026-06-29,feature_use,23.71
1897,2026-09-24,cancel,3.07
1897,2026-06-26,cancel,22.46
1897,2026-08-02,cancel,27.49
1897,2026-10-13,upgrade,4.0
1897,2026-08-10,login,15.6
1897,2026-05-27,cancel,8.11
1897,2026-10-23,cancel,4.18
1897,2026-07-01,upgrade,16.65
1897,2026-10-18,upgrade,19.69
1897,2026-06-18,feature_use,10.4
1897,2026-09-17,login,25.09
1897,2026-08-30,feature_use,7.36
1897,2026-07-17,cancel,21.76
1897,2026-08-24,login,28.44
1897,2026-07-30,login,14.67
1897,2026-11-14,login,25.95
1897,2026-07-16,cancel,5.73
1897,2026-08-11,cancel,3.06
1897,2026-07-10,cancel,11.11
1897,2026-06-04,feature_use,23.51
1898,2027-02-03,login,29.17
1898,2027-02-26,feature_use,6.47
1898,2026-12-20,cancel,16.27
1898,2026-11-28,login,29.26
1898,2027-02-20,cancel,17.37
1898,2026-12-04,feature_use,13.0
1898,2027-02-20,feature_use,16.99
1898,2027-01-24,login,2.99
1898,2026-11-22,login,3.97
1898,2027-04-27,feature_use,18.3
1898,2027-04-04,feature_use,5.32
1898,2026-11-30,cancel,21.68
1898,2027-04-09,login,6.23
1898,2026-12-02,cancel,13.48
1898,2027-01-01,login,12.52
1898,2027-02-18,feature_use,6.83
1898,2027-03-31,login,3.97
1898,2027-04-24,feature_use,26.71
1898,2027-03-20,feature_use,29.32
1898,2026-12-06,login,4.9
1898,2026-12-29,cancel,3.2
1898,2026-11-11,login,7.72
1898,2027-02-22,cancel,17.61
1899,2026-10-17,feature_use,8.68
1899,2026-09-10,upgrade,7.3
1899,2026-06-03,login,22.31
1899,2026-08-14,login,23.91
1899,2026-07-19,cancel,16.95
1899,2026-07-08,login,21.23
1899,2026-09-29,feature_use,25.21
1899,2026-08-28,upgrade,13.56
1899,2026-09-29,login,7.3
1900,2026-10-18,cancel,3.49
1900,2026-11-14,login,2.36
1900,2027-01-18,upgrade,6.02
1900,2026-09-16,login,22.59
1900,2026-08-23,cancel,5.87
1900,2026-09-08,cancel,27.87
1900,2026-11-09,cancel,25.4
1900,2026-08-31,feature_use,10.38
1900,2026-08-17,feature_use,9.88
1900,2026-10-13,login,12.04
1900,2026-12-25,cancel,15.11
1900,2027-01-03,upgrade,27.91
1900,2026-12-15,feature_use,2.06
1900,2026-09-18,cancel,24.6
1900,2026-11-03,login,5.26
1900,2026-12-31,cancel,18.4
1900,2026-08-05,login,4.95
1901,2027-05-18,login,14.81
1901,2027-01-13,cancel,10.75
1901,2027-03-06,upgrade,22.82
1901,2027-01-22,upgrade,14.42
1901,2027-01-08,cancel,15.97
1901,2027-01-17,cancel,28.16
1901,2027-05-20,upgrade,5.68
1901,2027-02-06,cancel,19.9
1901,2027-01-26,feature_use,6.23
1901,2027-03-21,upgrade,14.87
1901,2027-03-06,login,4.79
1901,2027-03-13,login,3.3
1901,2027-03-21,upgrade,10.41
1901,2027-05-16,upgrade,9.79
1901,2027-05-10,cancel,18.06
1901,2027-03-12,upgrade,6.32
1901,2027-03-24,upgrade,19.59
1901,2027-03-23,feature_use,18.4
1901,2027-02-10,upgrade,13.82
1901,2027-04-29,login,12.11
1901,2027-03-14,login,17.81
1901,2027-03-03,upgrade,12.19
1901,2027-04-23,upgrade,27.77
1901,2027-01-01,upgrade,11.15
1901,2027-04-06,login,26.84
1901,2027-01-17,upgrade,9.08
1902,2026-07-27,feature_use,17.13
1902,2026-10-02,upgrade,17.7
1902,2026-09-09,upgrade,17.48
1902,2026-11-26,login,19.33
1902,2026-10-02,upgrade,20.93
1902,2026-09-11,feature_use,19.21
1902,2026-11-19,cancel,29.45
1902,2026-11-23,feature_use,4.17
1902,2026-10-10,upgrade,28.21
1902,2026-11-01,upgrade,19.17
1903,2026-08-21,upgrade,25.78
1903,2026-04-17,cancel,21.52
1903,2026-07-10,login,4.62
1903,2026-05-21,upgrade,8.49
1903,2026-03-17,login,17.33
1903,2026-03-05,login,16.39
1903,2026-03-06,cancel,8.29
1903,2026-08-02,upgrade,17.32
1903,2026-03-09,login,20.67
1903,2026-02-25,feature_use,8.69
1903,2026-07-13,login,13.81
1903,2026-03-17,feature_use,20.81
1903,2026-02-27,cancel,9.31
1903,2026-04-17,upgrade,15.03
1903,2026-08-01,cancel,22.19
1903,2026-08-11,feature_use,4.61
1903,2026-07-21,feature_use,3.57
1903,2026-05-17,cancel,14.92
1903,2026-07-08,cancel,21.11
1903,2026-08-21,upgrade,6.13
1904,2026-09-08,upgrade,7.36
1904,2026-11-08,upgrade,19.58
1904,2026-12-07,cancel,11.5
1904,2026-09-08,feature_use,7.53
1904,2026-12-21,upgrade,19.97
1904,2026-09-10,cancel,26.64
1904,2026-09-26,feature_use,23.19
1904,2026-12-31,upgrade,21.2
1904,2026-10-18,upgrade,24.97
1904,2026-12-19,cancel,15.34
1904,2026-10-25,cancel,17.52
1904,2026-09-29,cancel,5.34
1904,2026-11-07,upgrade,14.01
1904,2026-09-08,cancel,24.12
1904,2026-08-31,cancel,23.39
1904,2026-08-31,cancel,26.33
1904,2026-08-27,feature_use,4.58
1904,2026-08-09,cancel,21.87
1904,2026-10-25,feature_use,9.0
1904,2026-10-29,login,12.02
1904,2026-11-08,upgrade,9.25
1904,2026-10-12,login,18.11
1904,2026-09-26,upgrade,5.7
1904,2026-07-31,upgrade,18.07
1904,2026-08-08,cancel,28.44
1904,2026-08-30,feature_use,12.47
1904,2026-12-11,cancel,27.07
1905,2027-02-17,login,2.12
1905,2027-03-15,login,4.65
1905,2026-11-27,feature_use,23.73
1905,2026-12-28,login,15.68
1905,2027-03-17,login,3.21
1905,2027-02-25,login,12.04
1905,2026-11-02,feature_use,22.68
1905,2027-02-17,upgrade,10.85
1905,2027-03-03,feature_use,2.2
1905,2026-10-31,upgrade,24.19
1905,2027-04-09,upgrade,24.6
1905,2026-11-09,cancel,19.65
1905,2027-02-25,upgrade,14.32
1905,2026-12-03,cancel,21.18
1905,2026-12-28,login,4.99
1905,2027-04-21,feature_use,24.34
1905,2027-04-01,upgrade,10.1
1905,2027-01-14,upgrade,17.32
1905,2026-12-01,upgrade,27.8
1906,2026-07-14,login,7.89
1906,2026-06-13,upgrade,19.97
1906,2026-03-30,feature_use,1.51
1906,2026-04-15,feature_use,14.49
1906,2026-03-31,feature_use,4.98
1906,2026-05-26,feature_use,13.08
1906,2026-03-20,feature_use,6.79
1906,2026-04-18,upgrade,12.08
1906,2026-05-23,feature_use,9.45
1906,2026-04-24,login,13.52
1906,2026-07-17,login,14.28
1906,2026-04-22,login,26.27
1906,2026-03-27,upgrade,21.2
1906,2026-07-03,cancel,18.55
1906,2026-07-14,login,10.4
1906,2026-06-13,feature_use,10.93
1906,2026-07-13,login,26.9
1906,2026-08-22,upgrade,8.45
1906,2026-08-09,cancel,5.65
1906,2026-08-12,cancel,12.11
1906,2026-05-19,login,1.54
1906,2026-05-10,login,6.82
1906,2026-04-13,cancel,1.59
1906,2026-06-14,feature_use,23.0
1906,2026-07-29,login,1.62
1906,2026-06-25,upgrade,23.42
1906,2026-03-24,feature_use,4.83
1906,2026-03-12,cancel,11.13
1907,2026-06-04,upgrade,21.38
1907,2026-02-22,cancel,27.73
1907,2026-07-09,upgrade,14.79
1907,2026-05-12,login,9.25
1907,2026-06-03,upgrade,17.42
1907,2026-06-20,cancel,8.53
1907,2026-07-05,upgrade,25.82
1907,2026-06-15,cancel,2.37
1907,2026-05-24,feature_use,16.86
1907,2026-05-03,login,14.84
1907,2026-07-09,upgrade,23.77
1907,2026-03-05,cancel,14.11
1907,2026-04-26,cancel,4.39
1908,2026-07-18,cancel,28.86
1908,2026-07-01,upgrade,11.78
1908,2026-08-04,upgrade,3.63
1908,2026-08-26,cancel,17.39
1908,2026-11-08,login,22.61
1908,2026-09-24,cancel,8.1
1908,2026-12-05,cancel,8.85
1908,2026-12-03,upgrade,22.65
1908,2026-11-17,login,18.54
1908,2026-08-30,upgrade,25.49
1908,2026-10-08,cancel,17.38
1908,2026-10-22,cancel,28.2
1908,2026-08-09,login,21.72
1908,2026-09-08,cancel,27.96
1908,2026-06-17,login,17.15
1908,2026-10-03,cancel,19.93
1908,2026-06-11,cancel,21.84
1908,2026-07-15,feature_use,7.28
1908,2026-11-09,cancel,13.96
1908,2026-08-27,cancel,28.47
1908,2026-10-09,feature_use,4.64
1908,2026-11-25,feature_use,4.09
1908,2026-10-19,upgrade,11.95
1908,2026-11-29,upgrade,12.1
1908,2026-08-23,upgrade,20.38
1908,2026-12-03,upgrade,15.88
1908,2026-08-18,cancel,9.47
1908,2026-09-03,feature_use,14.45
1909,2026-12-02,cancel,17.65
1909,2026-10-07,upgrade,6.56
1909,2026-07-08,feature_use,10.48
1909,2026-08-10,cancel,11.32
1909,2026-06-27,feature_use,29.07
1909,2026-07-05,login,23.63
1909,2026-08-17,cancel,16.31
1909,2026-12-08,feature_use,4.32
1909,2026-09-20,upgrade,24.26
1909,2026-09-10,upgrade,5.64
1909,2026-10-18,login,16.32
1909,2026-09-29,upgrade,26.97
1909,2026-10-19,feature_use,18.76
1909,2026-12-04,login,13.64
1909,2026-08-11,login,4.94
1909,2026-09-08,upgrade,12.73
1909,2026-06-26,upgrade,19.72
1909,2026-09-11,login,9.13
1909,2026-10-29,upgrade,29.99
1909,2026-12-05,login,17.85
1909,2026-10-05,feature_use,12.24
1909,2026-10-31,upgrade,26.12
1910,2026-06-29,login,1.46
1910,2026-03-28,login,6.25
1910,2026-06-30,cancel,26.56
1910,2026-07-05,feature_use,23.83
1910,2026-07-01,upgrade,20.83
1910,2026-05-04,upgrade,22.68
1910,2026-05-07,upgrade,28.84
1911,2026-10-07,upgrade,22.5
1911,2026-11-24,upgrade,28.1
1911,2026-11-01,upgrade,5.82
1911,2026-12-07,login,24.08
1911,2026-10-26,cancel,19.45
1911,2026-11-04,login,21.78
1911,2026-12-22,login,6.13
1911,2026-12-14,feature_use,6.51
1911,2026-08-06,feature_use,10.46
1911,2026-10-08,login,29.83
1911,2026-09-12,login,26.79
1911,2026-08-30,cancel,3.41
1911,2026-08-26,login,19.7
1911,2026-08-25,feature_use,20.59
1911,2026-12-05,feature_use,27.74
1911,2026-08-30,login,11.82
1911,2026-09-15,feature_use,4.14
1911,2026-11-10,cancel,8.55
1911,2026-10-18,cancel,8.03
1911,2026-09-25,cancel,15.79
1911,2026-11-15,cancel,18.59
1911,2026-07-16,cancel,24.27
1911,2026-10-10,upgrade,14.51
1911,2026-12-21,cancel,25.46
1911,2026-08-26,upgrade,8.03
1911,2026-08-28,feature_use,25.44
1912,2027-01-30,cancel,4.89
1912,2026-12-14,cancel,7.47
1912,2027-01-20,cancel,5.3
1912,2027-01-24,upgrade,14.11
1912,2026-12-16,cancel,21.15
1912,2027-01-23,feature_use,18.71
1912,2026-08-27,cancel,13.6
1912,2026-09-21,feature_use,18.32
1912,2027-01-01,cancel,29.55
1912,2026-12-14,login,8.85
1912,2026-09-11,cancel,5.3
1912,2026-11-10,cancel,5.65
1912,2026-12-23,cancel,24.68
1912,2026-12-26,upgrade,25.24
1912,2026-08-24,cancel,29.96
1912,2026-10-09,upgrade,2.65
1912,2026-12-15,cancel,14.55
1912,2026-12-19,feature_use,7.99
1912,2026-11-08,upgrade,12.62
1912,2026-10-19,login,20.4
1912,2026-11-11,login,7.84
1912,2026-09-27,feature_use,11.73
1912,2027-01-01,upgrade,29.26
1913,2026-06-17,login,29.52
1913,2026-06-14,login,5.77
1913,2026-05-17,login,22.5
1913,2026-06-13,upgrade,23.6
1913,2026-07-15,upgrade,22.88
1913,2026-08-16,login,15.47
1913,2026-05-08,upgrade,27.35
1913,2026-09-09,upgrade,22.71
1913,2026-07-24,cancel,4.56
1913,2026-09-22,cancel,29.31
1913,2026-09-08,cancel,10.7
1913,2026-09-17,cancel,29.89
1913,2026-08-09,cancel,11.8
1913,2026-10-01,upgrade,9.61
1913,2026-10-02,feature_use,14.0
1914,2026-07-14,upgrade,23.94
1914,2026-03-16,feature_use,12.58
1914,2026-06-15,feature_use,3.44
1914,2026-05-31,login,14.92
1914,2026-04-06,feature_use,29.97
1914,2026-05-22,feature_use,7.35
1914,2026-03-11,login,25.45
1914,2026-04-06,login,16.44
1914,2026-07-24,login,18.34
1914,2026-07-24,upgrade,20.31
1914,2026-07-29,cancel,20.41
1914,2026-08-08,upgrade,27.27
1914,2026-03-27,upgrade,23.07
1914,2026-08-06,cancel,18.64
1914,2026-05-20,cancel,11.44
1914,2026-04-06,upgrade,20.12
1915,2026-11-13,cancel,12.28
1915,2026-07-16,feature_use,19.26
1915,2026-09-13,cancel,17.87
1915,2026-06-19,feature_use,16.7
1915,2026-08-03,login,18.1
1915,2026-09-16,feature_use,1.72
1915,2026-12-01,cancel,13.14
1915,2026-07-04,cancel,16.24
1915,2026-12-02,cancel,15.3
1915,2026-07-15,feature_use,23.57
1915,2026-09-13,login,19.8
1915,2026-07-24,feature_use,10.5
1915,2026-08-02,login,22.22
1915,2026-06-20,login,3.84
1915,2026-07-26,cancel,8.45
1915,2026-07-03,cancel,10.47
1915,2026-09-05,login,5.61
1915,2026-08-23,login,17.06
1915,2026-07-25,login,7.43
1915,2026-06-27,upgrade,5.23
1915,2026-09-20,cancel,29.84
1915,2026-10-19,feature_use,29.08
1915,2026-11-20,feature_use,16.14
1916,2026-08-15,login,6.58
1916,2026-10-11,upgrade,20.76
1916,2026-12-12,login,13.92
1916,2026-12-28,upgrade,2.72
1916,2026-12-08,login,12.76
1916,2026-11-23,cancel,11.35
1916,2026-12-09,login,18.32
1916,2026-09-18,upgrade,29.65
1916,2026-08-03,cancel,24.75
1916,2026-08-15,feature_use,23.87
1916,2026-07-15,upgrade,25.65
1916,2026-09-04,feature_use,4.79
1916,2026-10-27,feature_use,9.69
1916,2026-08-24,login,18.38
1916,2026-07-31,feature_use,8.47
1916,2026-09-18,login,23.31
1916,2026-10-12,upgrade,10.97
1916,2026-09-07,login,7.93
1916,2026-10-21,login,13.41
1916,2026-10-23,upgrade,20.39
1916,2026-08-05,login,27.06
1916,2026-08-07,login,26.83
1916,2026-11-14,upgrade,21.25
1916,2026-09-29,feature_use,22.22
1916,2026-10-16,login,23.66
1916,2026-10-05,cancel,21.19
1917,2027-01-03,cancel,8.68
1917,2026-09-15,upgrade,27.12
1917,2026-08-16,cancel,4.68
1917,2026-12-27,login,14.45
1917,2026-09-27,login,16.18
1917,2026-10-15,upgrade,24.2
1917,2026-11-13,feature_use,12.43
1917,2026-08-16,cancel,21.62
1917,2026-12-22,upgrade,18.28
1917,2026-09-21,upgrade,23.61
1917,2026-12-31,upgrade,21.95
1917,2026-10-02,upgrade,7.67
1917,2026-08-22,upgrade,22.6
1917,2026-10-19,feature_use,8.22
1918,2026-12-30,cancel,2.42
1918,2026-10-04,upgrade,19.77
1918,2026-09-22,upgrade,9.43
1918,2026-11-28,login,25.16
1918,2026-11-26,login,19.54
1918,2027-01-22,upgrade,18.01
1918,2027-01-04,feature_use,27.45
1918,2026-10-23,login,6.96
1918,2026-11-03,upgrade,1.58
1918,2026-10-02,feature_use,6.87
1918,2026-12-26,feature_use,8.71
1918,2026-10-16,login,11.59
1918,2026-11-21,login,6.39
1918,2027-01-03,login,6.73
1918,2026-12-12,upgrade,20.56
1918,2027-02-01,login,29.81
1918,2027-01-23,login,18.95
1918,2026-11-12,login,9.51
1918,2026-09-29,cancel,27.46
1918,2027-02-26,upgrade,29.93
1918,2026-09-21,upgrade,14.37
1918,2027-02-02,feature_use,28.06
1918,2027-01-25,login,4.54
1918,2026-09-26,login,24.32
1918,2026-10-04,login,21.09
1918,2027-02-16,login,15.32
1918,2026-11-16,feature_use,26.16
1918,2026-10-06,upgrade,24.87
1919,2027-01-20,feature_use,27.85
1919,2026-12-18,upgrade,4.09
1919,2027-03-12,login,28.68
1919,2027-01-06,cancel,23.74
1919,2026-11-01,login,1.16
1919,2027-01-02,upgrade,12.74
1919,2026-12-13,upgrade,16.96
1919,2026-11-19,feature_use,23.51
1919,2026-10-10,upgrade,1.2
1919,2026-09-22,login,11.3
1919,2027-03-09,feature_use,27.58
1919,2026-10-30,login,6.48
1919,2026-11-08,feature_use,17.12
1919,2027-03-05,cancel,7.63
1919,2027-01-15,cancel,16.82
1919,2026-12-20,cancel,26.63
1920,2026-09-09,feature_use,24.89
1920,2027-01-06,cancel,8.23
1920,2026-12-17,login,22.11
1920,2026-12-24,upgrade,16.18
1920,2026-12-20,feature_use,29.81
1920,2026-09-18,upgrade,21.77
1920,2026-12-21,login,10.55
1920,2026-12-29,cancel,22.85
1920,2026-09-25,upgrade,19.61
1920,2027-01-12,login,23.8
1920,2027-01-06,upgrade,12.61
1920,2026-08-15,feature_use,3.62
1920,2026-08-19,cancel,9.46
1920,2026-09-21,cancel,16.82
1920,2026-11-02,upgrade,2.67
1920,2026-07-19,cancel,26.55
1920,2026-10-25,login,5.15
1920,2026-12-05,cancel,28.82
1920,2026-12-29,upgrade,7.86
1920,2026-11-04,cancel,3.84
1920,2026-10-19,cancel,5.2
1920,2027-01-03,upgrade,12.44
1920,2026-10-19,cancel,8.77
1920,2026-08-27,cancel,9.1
1920,2026-08-29,upgrade,15.95
1920,2026-09-19,feature_use,17.42
1921,2026-06-11,upgrade,8.05
1921,2026-06-24,upgrade,10.25
1921,2026-03-14,login,11.11
1921,2026-06-02,cancel,28.91
1921,2026-07-31,upgrade,23.57
1921,2026-06-15,cancel,21.85
1921,2026-06-11,cancel,16.13
1921,2026-06-05,upgrade,5.29
1921,2026-06-09,login,20.54
1921,2026-04-19,upgrade,19.87
1921,2026-08-01,feature_use,20.82
1921,2026-04-21,cancel,13.52
1921,2026-03-17,feature_use,4.12
1921,2026-06-24,feature_use,10.28
1921,2026-05-07,feature_use,21.84
1922,2026-05-02,feature_use,10.34
1922,2026-04-05,feature_use,18.83
1922,2026-06-26,cancel,4.44
1922,2026-07-23,feature_use,25.03
1922,2026-02-08,feature_use,8.89
1922,2026-02-16,cancel,12.11
1922,2026-04-11,upgrade,28.24
1922,2026-03-23,login,20.96
1923,2026-08-28,upgrade,20.25
1923,2026-09-27,feature_use,23.76
1923,2026-07-11,feature_use,25.28
1923,2026-09-28,cancel,14.41
1923,2026-09-11,feature_use,23.08
1923,2026-10-18,feature_use,1.37
1924,2026-06-11,cancel,10.33
1924,2026-02-19,login,20.13
1924,2026-05-29,cancel,14.63
1924,2026-05-17,upgrade,12.5
1924,2026-03-19,upgrade,9.41
1924,2026-04-07,upgrade,6.54
1924,2026-06-12,login,29.92
1924,2026-06-16,feature_use,20.07
1924,2026-07-11,login,18.16
1924,2026-03-05,feature_use,9.64
1924,2026-07-20,cancel,12.23
1924,2026-04-28,login,5.47
1924,2026-07-29,cancel,24.78
1924,2026-02-16,upgrade,22.91
1924,2026-03-21,feature_use,8.69
1924,2026-07-23,login,9.91
1925,2026-09-07,cancel,10.03
1925,2027-01-27,upgrade,20.01
1925,2027-01-14,login,17.2
1925,2026-11-12,feature_use,15.6
1925,2027-01-09,cancel,10.36
1925,2026-09-18,login,4.74
1925,2027-01-01,cancel,20.71
1925,2026-11-30,login,7.25
1925,2027-01-28,feature_use,8.39
1925,2026-10-21,cancel,28.85
1925,2027-01-07,cancel,3.36
1925,2026-10-08,login,25.67
1925,2027-02-03,cancel,11.87
1925,2026-09-01,cancel,14.82
1925,2026-11-07,cancel,19.79
1925,2026-09-19,login,13.91
1925,2027-01-03,upgrade,5.73
1925,2026-09-25,login,28.93
1925,2027-02-21,feature_use,9.14
1925,2026-09-18,cancel,25.84
1925,2027-01-31,feature_use,11.96
1925,2026-10-30,login,4.69
1925,2026-11-21,feature_use,5.63
1925,2026-10-19,upgrade,28.03
1926,2026-08-22,feature_use,24.91
1926,2026-07-29,feature_use,10.09
1926,2026-03-26,feature_use,6.69
1926,2026-03-24,upgrade,9.22
1926,2026-03-30,feature_use,21.55
1926,2026-06-14,feature_use,5.12
1926,2026-05-13,login,17.23
1926,2026-07-20,upgrade,15.31
1926,2026-04-04,upgrade,3.57
1926,2026-06-10,upgrade,10.96
1927,2026-09-14,login,10.62
1927,2026-09-07,feature_use,24.23
1927,2026-12-13,cancel,2.31
1927,2026-11-26,cancel,25.46
1927,2026-10-10,upgrade,22.97
1927,2026-10-17,login,10.68
1927,2026-07-25,cancel,19.76
1927,2026-07-21,upgrade,11.8
1927,2026-10-10,login,20.44
1927,2026-10-21,upgrade,18.87
1927,2026-11-21,cancel,13.67
1927,2026-12-11,upgrade,14.51
1928,2026-06-17,cancel,28.52
1928,2026-09-07,feature_use,11.84
1928,2026-05-12,login,5.85
1928,2026-05-13,feature_use,29.56
1928,2026-04-04,login,4.99
1928,2026-04-13,upgrade,24.84
1928,2026-07-05,cancel,9.12
1928,2026-08-28,upgrade,9.47
1928,2026-09-12,login,8.03
1928,2026-09-18,feature_use,5.43
1928,2026-04-19,cancel,8.44
1928,2026-08-30,feature_use,18.07
1928,2026-09-07,login,19.13
1928,2026-06-28,upgrade,3.45
1928,2026-07-02,feature_use,15.68
1928,2026-05-31,feature_use,6.87
1929,2026-06-14,feature_use,18.99
1929,2026-02-27,cancel,10.0
1929,2026-04-30,login,25.16
1929,2026-05-04,upgrade,4.21
1929,2026-02-22,upgrade,16.82
1929,2026-08-08,upgrade,4.57
1929,2026-07-13,login,7.58
1929,2026-04-27,cancel,28.52
1929,2026-07-19,login,24.91
1929,2026-07-31,cancel,7.03
1929,2026-08-14,feature_use,22.03
1929,2026-05-24,cancel,24.29
1929,2026-04-29,upgrade,17.21
1929,2026-03-27,upgrade,8.01
1929,2026-06-28,login,28.25
1929,2026-04-14,login,6.43
1929,2026-04-25,login,6.22
1929,2026-04-19,login,25.56
1930,2027-02-02,upgrade,13.38
1930,2027-01-21,cancel,9.22
1930,2027-01-24,feature_use,7.18
1930,2027-03-26,upgrade,26.5
1930,2027-02-23,login,20.64
1930,2027-02-24,login,20.23
1930,2027-02-18,cancel,18.26
1930,2026-11-29,upgrade,27.5
1930,2027-01-23,feature_use,22.33
1930,2027-04-03,upgrade,3.73
1930,2027-01-20,feature_use,6.49
1931,2026-12-13,cancel,6.4
1931,2026-11-13,feature_use,4.28
1931,2026-09-05,cancel,12.59
1931,2026-07-12,login,21.97
1931,2026-07-04,login,20.66
1931,2026-11-04,upgrade,5.55
1931,2026-06-28,feature_use,13.61
1931,2026-10-15,feature_use,29.31
1931,2026-10-19,login,12.0
1931,2026-10-21,upgrade,16.43
1931,2026-10-24,cancel,25.79
1931,2026-11-28,cancel,5.09
1931,2026-12-21,feature_use,17.87
1931,2026-07-22,upgrade,21.48
1931,2026-08-27,login,20.9
1931,2026-09-21,login,3.45
1931,2026-11-03,cancel,17.05
1931,2026-08-23,feature_use,6.23
1931,2026-11-18,upgrade,21.37
1931,2026-11-24,login,13.3
1932,2026-06-03,login,24.36
1932,2026-04-22,upgrade,14.29
1932,2026-02-09,login,21.67
1932,2026-04-18,cancel,27.59
1932,2026-03-14,login,8.8
1932,2026-06-29,login,25.14
1932,2026-03-27,cancel,21.57
1932,2026-06-11,login,29.44
1932,2026-05-17,feature_use,21.78
1932,2026-01-25,cancel,1.18
1932,2026-06-05,login,11.71
1932,2026-03-01,upgrade,27.26
1932,2026-05-31,login,23.57
1932,2026-01-28,upgrade,23.76
1933,2027-01-24,upgrade,28.48
1933,2027-04-01,upgrade,13.34
1933,2027-04-01,upgrade,28.71
1933,2026-12-10,cancel,18.83
1933,2027-01-24,cancel,23.18
1933,2026-11-17,feature_use,18.25
1933,2027-03-01,cancel,25.76
1933,2027-04-21,feature_use,27.8
1933,2027-03-10,login,6.15
1933,2027-01-28,feature_use,17.26
1933,2027-02-19,cancel,23.64
1933,2027-02-15,cancel,8.78
1933,2026-11-28,upgrade,29.08
1933,2027-03-13,upgrade,15.06
1933,2027-05-01,cancel,9.38
1933,2027-04-28,feature_use,4.43
1933,2027-03-21,cancel,16.23
1933,2027-02-11,feature_use,12.75
1933,2027-05-05,feature_use,26.18
1933,2027-01-17,login,10.02
1934,2026-09-28,upgrade,2.88
1934,2026-09-02,login,15.57
1934,2026-12-12,login,17.59
1934,2026-09-04,feature_use,24.05
1934,2026-08-14,login,21.56
1934,2026-11-13,login,25.63
1935,2026-04-04,login,4.7
1935,2026-02-23,upgrade,3.14
1935,2026-06-27,login,9.8
1935,2026-04-12,login,23.67
1935,2026-04-18,login,18.8
1935,2026-01-26,upgrade,11.86
1935,2026-03-21,login,12.63
1935,2026-07-11,login,24.31
1935,2026-03-13,feature_use,20.35
1935,2026-01-30,upgrade,1.82
1935,2026-03-02,login,16.77
1935,2026-04-25,login,3.88
1935,2026-05-23,upgrade,10.03
1935,2026-02-05,login,25.49
1935,2026-05-21,upgrade,12.9
1935,2026-03-18,login,27.21
1935,2026-02-19,login,27.47
1935,2026-07-15,upgrade,4.53
1935,2026-05-03,login,24.79
1935,2026-05-03,feature_use,20.59
1935,2026-05-02,cancel,13.0
1936,2026-03-16,login,24.67
1936,2026-02-10,feature_use,8.3
1936,2026-04-26,login,7.0
1936,2026-03-02,login,18.91
1936,2026-03-15,feature_use,15.41
1936,2026-05-04,login,23.1
1936,2026-01-25,cancel,5.84
1936,2026-06-04,upgrade,14.47
1936,2026-07-04,feature_use,6.18
1936,2026-06-17,feature_use,18.76
1936,2026-04-13,login,2.14
1936,2026-06-09,feature_use,14.58
1936,2026-04-12,cancel,8.1
1937,2027-02-13,login,23.13
1937,2027-03-15,upgrade,11.37
1937,2027-03-22,cancel,22.3
1937,2026-11-08,feature_use,28.64
1937,2026-11-17,cancel,28.74
1937,2026-12-09,upgrade,15.42
1937,2027-03-17,login,29.85
1937,2027-03-25,upgrade,1.01
1937,2026-10-17,login,15.98
1937,2026-11-11,login,7.98
1937,2026-12-28,feature_use,6.74
1937,2026-10-13,feature_use,17.97
1937,2027-01-25,login,25.81
1937,2027-02-01,login,17.09
1937,2026-12-31,feature_use,24.35
1937,2026-11-24,login,15.24
1937,2027-02-05,upgrade,6.29
1937,2026-11-17,cancel,6.57
1938,2027-03-14,feature_use,4.61
1938,2027-04-19,upgrade,8.93
1938,2027-01-01,upgrade,5.62
1938,2027-03-17,login,7.09
1938,2026-11-30,cancel,18.67
1938,2027-01-25,upgrade,10.19
1938,2027-01-29,upgrade,17.22
1938,2026-12-25,feature_use,17.53
1938,2026-12-13,cancel,10.17
1938,2027-04-28,upgrade,21.64
1938,2027-03-26,cancel,26.61
1938,2027-02-08,login,16.34
1938,2026-11-30,login,4.54
1938,2026-12-13,cancel,6.4
1938,2026-12-06,feature_use,15.75
1938,2027-03-08,login,24.48
1938,2027-02-03,feature_use,10.77
1938,2027-01-21,upgrade,11.5
1938,2027-02-15,feature_use,22.17
1938,2027-02-08,feature_use,17.03
1938,2026-12-16,upgrade,10.59
1938,2027-03-20,feature_use,16.3
1938,2027-03-15,login,20.52
1938,2027-03-24,upgrade,27.5
1938,2027-02-04,feature_use,26.76
1938,2027-05-02,login,5.65
1938,2027-03-08,login,13.67
1938,2027-03-08,upgrade,15.98
1939,2026-09-19,login,15.74
1939,2026-12-06,login,23.14
1939,2027-02-05,cancel,26.29
1939,2027-01-18,login,15.98
1939,2026-10-10,cancel,16.27
1939,2026-09-24,feature_use,3.97
1939,2026-11-04,feature_use,25.54
1939,2027-02-11,feature_use,1.29
1939,2026-11-06,login,29.07
1939,2026-10-11,cancel,8.36
1939,2026-09-18,cancel,3.63
1939,2027-01-10,upgrade,12.19
1939,2026-11-18,feature_use,26.25
1939,2026-10-22,feature_use,14.84
1939,2026-09-25,upgrade,2.12
1939,2026-09-29,feature_use,11.87
1940,2026-10-16,upgrade,15.16
1940,2026-09-28,feature_use,22.57
1940,2026-12-29,cancel,5.78
1940,2026-08-20,cancel,17.68
1940,2026-09-20,cancel,6.77
1940,2027-01-11,feature_use,12.38
1940,2026-12-31,feature_use,5.96
1940,2026-10-25,login,25.64
1940,2026-09-14,cancel,2.53
1940,2026-11-10,feature_use,8.41
1941,2027-02-06,login,2.49
1941,2026-12-17,feature_use,17.24
1941,2026-12-17,feature_use,16.91
1941,2026-11-22,upgrade,2.09
1941,2027-03-08,upgrade,13.62
1941,2026-12-12,feature_use,14.12
1941,2027-03-25,feature_use,22.39
1941,2027-03-22,login,16.46
1941,2027-01-04,upgrade,28.4
1941,2027-03-16,upgrade,26.37
1941,2027-01-08,upgrade,4.03
1941,2027-03-27,feature_use,21.89
1941,2026-12-24,cancel,22.87
1941,2027-03-09,login,21.68
1941,2026-12-10,cancel,6.24
1941,2026-12-31,login,23.03
1941,2026-11-29,upgrade,24.52
1941,2027-01-25,upgrade,17.46
1941,2027-04-13,cancel,27.17
1941,2027-02-27,login,13.94
1941,2027-04-11,upgrade,3.73
1941,2026-12-03,cancel,13.43
1941,2026-12-01,feature_use,13.52
1941,2027-01-15,login,27.72
1942,2026-04-17,feature_use,11.97
1942,2026-05-26,cancel,22.97
1942,2026-06-27,cancel,13.8
1942,2026-09-27,cancel,11.94
1942,2026-09-24,cancel,6.84
1942,2026-04-30,cancel,1.31
1942,2026-04-16,cancel,5.82
1942,2026-04-27,login,24.81
1942,2026-07-21,login,9.02
1942,2026-08-30,login,22.22
1942,2026-05-04,upgrade,3.63
1942,2026-06-11,upgrade,22.82
1942,2026-08-09,login,20.48
1942,2026-08-06,login,19.77
1942,2026-08-23,feature_use,1.2
1942,2026-07-29,feature_use,13.62
1942,2026-09-20,login,29.3
1942,2026-05-19,cancel,12.79
1942,2026-05-23,login,5.64
1942,2026-07-26,login,28.66
1942,2026-04-06,upgrade,25.14
1942,2026-09-02,upgrade,18.17
1942,2026-05-08,feature_use,26.6
1942,2026-05-10,cancel,20.97
1942,2026-07-10,upgrade,20.67
1942,2026-08-09,upgrade,18.33
1942,2026-05-21,feature_use,23.41
1943,2027-03-16,feature_use,9.45
1943,2026-12-20,feature_use,9.12
1943,2026-11-09,cancel,10.17
1943,2026-11-22,login,18.96
1943,2027-01-07,feature_use,14.56
1943,2027-04-28,login,28.9
1943,2026-12-16,login,3.16
1943,2026-12-04,feature_use,16.37
1943,2026-11-18,feature_use,8.32
1943,2026-11-17,login,25.48
1943,2027-03-10,login,20.3
1943,2027-02-13,cancel,6.55
1943,2027-04-25,feature_use,11.79
1944,2027-01-22,login,13.5
1944,2027-02-09,cancel,29.58
1944,2027-05-03,feature_use,6.22
1944,2027-04-27,cancel,20.22
1944,2027-04-25,cancel,19.17
1944,2027-02-04,feature_use,10.15
1944,2027-02-24,upgrade,26.59
1944,2026-12-31,login,7.73
1944,2026-12-22,feature_use,23.5
1944,2027-04-04,cancel,27.64
1944,2026-12-03,login,21.99
1944,2027-01-06,feature_use,11.54
1944,2027-03-20,login,25.03
1944,2027-05-13,upgrade,3.73
1944,2027-05-02,upgrade,25.42
1944,2026-12-27,upgrade,18.87
1945,2027-01-27,cancel,26.48
1945,2026-10-21,upgrade,24.44
1945,2026-12-23,feature_use,15.31
1945,2026-12-23,upgrade,5.74
1945,2026-10-13,upgrade,6.26
1945,2026-12-25,cancel,18.12
1945,2026-12-08,feature_use,11.25
1945,2026-12-27,login,16.52
1945,2027-01-03,cancel,21.14
1945,2026-11-24,cancel,6.79
1945,2026-11-09,login,10.57
1945,2026-09-06,upgrade,3.69
1945,2026-11-17,login,26.61
1945,2026-09-28,feature_use,16.95
1945,2026-09-27,login,19.86
1945,2026-08-03,upgrade,27.64
1945,2026-08-18,login,10.68
1945,2026-12-22,login,5.7
1945,2026-12-30,cancel,17.4
1945,2026-10-03,upgrade,14.7
1945,2026-08-07,upgrade,17.43
1945,2026-08-14,feature_use,9.68
1946,2026-07-02,upgrade,20.68
1946,2026-07-02,feature_use,1.11
1946,2026-07-06,login,14.54
1946,2026-06-11,feature_use,11.59
1946,2026-08-01,cancel,10.29
1946,2026-05-17,login,19.87
1946,2026-07-24,upgrade,10.02
1946,2026-07-11,cancel,29.69
1946,2026-04-05,cancel,13.35
1946,2026-08-24,feature_use,3.29
1946,2026-04-07,feature_use,26.37
1946,2026-05-13,login,11.67
1946,2026-08-15,cancel,18.66
1947,2027-02-06,feature_use,24.0
1947,2027-01-23,upgrade,20.89
1947,2027-01-25,cancel,27.2
1947,2026-11-06,upgrade,6.53
1947,2027-01-15,upgrade,2.3
1947,2026-11-11,cancel,25.45
1948,2027-03-05,feature_use,24.53
1948,2027-03-24,upgrade,17.36
1948,2026-12-31,feature_use,10.01
1948,2027-04-07,cancel,15.84
1948,2026-12-07,cancel,8.87
1948,2026-11-24,login,20.2
1948,2027-02-03,cancel,21.88
1948,2027-02-28,login,10.43
1948,2026-11-25,feature_use,12.84
1948,2027-02-17,cancel,12.25
1948,2026-12-04,feature_use,1.19
1948,2026-10-12,upgrade,23.37
1948,2026-11-20,cancel,21.6
1948,2027-03-04,cancel,4.4
1948,2027-02-25,cancel,7.4
1948,2026-12-14,login,11.64
1948,2026-11-23,upgrade,17.52
1948,2027-01-05,upgrade,11.32
1949,2026-12-05,upgrade,28.09
1949,2026-12-16,cancel,8.7
1949,2026-10-11,feature_use,25.72
1949,2026-12-09,feature_use,24.19
1949,2026-11-12,feature_use,16.29
1949,2026-11-10,feature_use,28.38
1949,2026-09-16,login,7.79
1949,2026-08-07,login,25.47
1950,2026-06-12,login,3.02
1950,2026-06-07,upgrade,7.41
1950,2026-03-08,upgrade,24.07
1950,2026-05-07,upgrade,9.66
1950,2026-06-04,cancel,28.71
1950,2026-03-29,cancel,9.42
1950,2026-05-30,login,19.93
1950,2026-03-24,upgrade,5.83
1950,2026-03-14,upgrade,10.12
1950,2026-06-07,cancel,12.81
1950,2026-02-04,login,5.59
1950,2026-05-14,cancel,25.05
1950,2026-03-19,upgrade,3.97
1950,2026-03-04,login,25.77
1950,2026-01-24,feature_use,18.64
1950,2026-07-07,feature_use,17.2
1951,2026-11-19,feature_use,9.55
1951,2026-10-22,upgrade,18.82
1951,2026-09-11,login,13.01
1951,2026-12-07,feature_use,9.2
1951,2026-09-25,login,24.14
1951,2026-08-29,feature_use,10.21
1951,2026-10-23,feature_use,8.01
1951,2026-10-29,upgrade,1.84
1951,2026-10-13,cancel,29.89
1951,2026-07-17,login,3.08
1951,2026-09-01,login,12.87
1951,2026-07-22,upgrade,9.46
1951,2026-06-26,upgrade,19.79
1951,2026-08-18,feature_use,13.86
1951,2026-08-09,cancel,5.72
1951,2026-11-08,upgrade,26.8
1951,2026-10-10,feature_use,10.85
1951,2026-09-28,cancel,24.65
1951,2026-08-06,cancel,29.72
1951,2026-10-20,cancel,19.64
1951,2026-08-16,cancel,2.55
1951,2026-07-23,feature_use,18.17
1951,2026-07-10,upgrade,7.52
1951,2026-10-03,upgrade,2.1
1951,2026-09-29,cancel,10.46
1951,2026-11-22,feature_use,19.34
1951,2026-11-21,feature_use,29.15
1951,2026-10-20,cancel,8.93
1952,2026-12-12,feature_use,12.37
1952,2026-12-24,upgrade,14.68
1952,2026-10-10,upgrade,7.06
1952,2026-06-29,login,4.92
1952,2026-10-03,login,23.96
1952,2026-10-15,feature_use,17.56
1952,2026-08-29,feature_use,26.71
1952,2026-10-15,feature_use,28.83
1952,2026-07-20,login,8.57
1952,2026-12-02,upgrade,5.43
1952,2026-12-07,cancel,6.58
1952,2026-06-29,upgrade,4.1
1952,2026-11-25,login,13.9
1953,2026-12-14,upgrade,25.71
1953,2026-10-22,feature_use,16.24
1953,2027-01-13,upgrade,21.38
1953,2026-10-20,feature_use,2.45
1953,2026-12-19,feature_use,13.66
1953,2027-01-19,cancel,6.65
1953,2027-03-16,feature_use,5.29
1953,2027-04-04,cancel,13.0
1953,2026-11-04,feature_use,24.98
1953,2026-11-17,cancel,21.02
1953,2027-01-30,feature_use,18.05
1953,2026-11-26,upgrade,20.64
1953,2026-12-25,login,25.22
1953,2026-10-18,login,22.5
1953,2026-10-12,login,1.81
1953,2027-01-19,cancel,15.87
1954,2026-06-16,cancel,20.12
1954,2026-05-12,login,14.47
1954,2026-06-25,login,3.33
1954,2026-05-02,upgrade,3.46
1954,2026-03-31,feature_use,16.36
1955,2026-07-31,feature_use,7.22
1955,2026-12-04,upgrade,3.69
1955,2026-11-09,feature_use,18.15
1955,2026-08-25,feature_use,6.96
1955,2026-08-25,cancel,16.35
1955,2026-08-04,cancel,3.41
1955,2026-11-02,cancel,23.24
1956,2026-03-24,feature_use,25.58
1956,2026-04-24,upgrade,6.3
1956,2026-06-03,feature_use,13.14
1956,2026-05-13,login,18.74
1956,2026-05-24,feature_use,24.0
1956,2026-06-14,login,3.03
1956,2026-05-18,feature_use,1.32
1956,2026-07-09,upgrade,11.77
1956,2026-04-25,cancel,21.97
1956,2026-07-10,cancel,4.92
1956,2026-03-23,feature_use,28.53
1956,2026-07-10,upgrade,13.94
1956,2026-03-31,feature_use,12.59
1956,2026-03-28,cancel,27.77
1956,2026-04-04,cancel,20.03
1956,2026-07-03,upgrade,10.01
1956,2026-05-24,cancel,25.1
1956,2026-07-18,login,5.54
1956,2026-05-07,login,11.09
1956,2026-04-24,upgrade,1.8
1957,2026-10-05,upgrade,2.99
1957,2027-01-19,feature_use,6.44
1957,2026-09-08,upgrade,26.34
1957,2027-01-12,upgrade,29.56
1957,2026-09-03,login,8.48
1957,2026-11-08,login,27.05
1957,2027-01-16,upgrade,3.88
1957,2026-10-12,feature_use,3.03
1957,2026-08-28,upgrade,26.44
1957,2026-10-06,cancel,6.68
1957,2026-11-13,login,15.08
1957,2026-09-03,feature_use,20.45
1957,2027-01-25,login,2.25
1957,2027-01-17,feature_use,8.23
1957,2026-12-16,upgrade,25.99
1958,2026-10-13,login,26.98
1958,2026-09-04,feature_use,5.92
1958,2026-08-18,cancel,16.86
1958,2026-08-18,feature_use,13.43
1958,2026-09-17,upgrade,25.37
1958,2026-06-25,feature_use,17.98
1959,2027-01-15,login,14.42
1959,2027-02-22,cancel,26.98
1959,2027-03-01,cancel,23.08
1959,2026-10-24,upgrade,18.28
1959,2027-02-24,cancel,7.36
1959,2027-01-29,cancel,20.33
1959,2026-10-02,login,15.26
1959,2027-03-07,feature_use,29.73
1959,2026-11-04,login,10.3
1959,2027-03-16,cancel,28.24
1960,2026-07-11,feature_use,2.21
1960,2026-08-19,cancel,2.57
1960,2026-04-27,login,22.37
1960,2026-07-23,feature_use,15.27
1960,2026-06-18,feature_use,7.06
1960,2026-07-10,login,28.18
1960,2026-07-14,login,4.26
1960,2026-10-04,cancel,3.51
1960,2026-08-17,login,28.96
1960,2026-04-29,cancel,11.44
1960,2026-10-01,upgrade,24.41
1960,2026-05-25,cancel,2.6
1960,2026-07-14,upgrade,25.37
1961,2026-12-09,feature_use,7.79
1961,2027-01-04,upgrade,26.9
1961,2026-09-05,upgrade,22.23
1961,2027-02-09,upgrade,19.34
1961,2027-02-27,upgrade,11.57
1961,2026-10-19,upgrade,5.1
1961,2026-09-12,upgrade,22.02
1961,2026-09-11,login,16.49
1961,2027-01-26,login,25.16
1961,2026-12-02,feature_use,5.64
1961,2027-01-12,upgrade,28.35
1961,2026-12-06,cancel,7.78
1961,2026-11-12,cancel,14.78
1961,2027-01-20,login,8.33
1961,2026-09-27,login,17.88
1961,2026-11-15,feature_use,5.99
1961,2026-09-19,cancel,10.92
1961,2027-02-20,cancel,8.46
1962,2026-04-27,upgrade,25.75
1962,2026-06-25,login,14.35
1962,2026-09-03,upgrade,11.95
1962,2026-05-03,feature_use,8.03
1962,2026-09-11,login,10.92
1962,2026-05-21,cancel,2.0
1962,2026-10-07,login,27.13
1962,2026-05-07,feature_use,6.74
1962,2026-05-25,upgrade,13.49
1962,2026-09-15,cancel,24.04
1962,2026-06-21,login,4.97
1962,2026-10-13,login,27.81
1962,2026-05-27,login,4.64
1962,2026-10-22,upgrade,29.62
1962,2026-08-07,login,15.07
1962,2026-08-22,upgrade,16.0
1962,2026-07-01,feature_use,6.44
1962,2026-06-24,feature_use,18.0
1962,2026-10-17,login,6.0
1962,2026-09-12,upgrade,11.81
1962,2026-10-16,feature_use,1.94
1962,2026-10-02,feature_use,26.88
1962,2026-10-16,login,12.84
1963,2026-03-23,cancel,1.13
1963,2026-04-05,login,13.98
1963,2026-06-04,login,4.53
1963,2026-02-06,cancel,2.25
1963,2026-06-03,upgrade,16.51
1963,2026-03-06,upgrade,12.18
1963,2026-01-26,feature_use,21.97
1963,2026-02-05,cancel,10.09
1963,2026-07-16,login,14.12
1963,2026-05-04,cancel,20.53
1963,2026-04-10,feature_use,6.17
1963,2026-05-23,login,8.41
1963,2026-02-26,feature_use,10.17
1963,2026-05-17,login,7.76
1963,2026-06-03,feature_use,23.52
1963,2026-07-10,feature_use,27.78
1963,2026-04-11,upgrade,3.27
1963,2026-04-07,login,7.61
1963,2026-02-23,feature_use,10.38
1963,2026-02-16,feature_use,17.07
1963,2026-06-02,login,6.62
1963,2026-02-28,feature_use,8.99
1963,2026-02-11,cancel,27.38
1963,2026-04-22,feature_use,28.98
1963,2026-04-28,login,13.63
1963,2026-02-03,cancel,4.82
1963,2026-02-02,login,26.93
1963,2026-03-24,login,10.41
1963,2026-06-04,login,2.26
1964,2027-04-04,login,1.09
1964,2027-04-15,login,26.45
1964,2027-04-16,login,1.98
1964,2027-04-15,feature_use,1.9
1964,2027-05-11,upgrade,11.39
1964,2026-12-09,feature_use,18.13
1964,2027-03-03,feature_use,18.21
1964,2027-04-16,cancel,16.06
1964,2027-02-24,feature_use,1.52
1964,2026-12-02,feature_use,4.38
1964,2027-05-17,cancel,23.74
1964,2027-02-11,upgrade,20.81
1964,2027-03-03,upgrade,7.11
1964,2027-02-18,cancel,4.97
1964,2026-12-29,cancel,24.27
1964,2027-05-04,feature_use,18.47
1964,2027-05-06,login,11.85
1964,2027-02-13,cancel,7.25
1964,2027-02-11,feature_use,14.92
1964,2026-12-12,feature_use,10.7
1964,2027-03-02,feature_use,9.59
1964,2027-04-29,upgrade,29.13
1965,2026-04-07,feature_use,14.26
1965,2026-06-27,feature_use,18.31
1965,2026-06-03,upgrade,6.68
1965,2026-07-10,login,16.11
1965,2026-04-27,upgrade,11.47
1965,2026-05-31,feature_use,27.48
1965,2026-04-29,cancel,27.73
1965,2026-08-14,feature_use,26.38
1965,2026-05-22,cancel,22.96
1965,2026-05-10,upgrade,26.07
1965,2026-08-31,login,29.52
1965,2026-09-18,cancel,13.97
1965,2026-09-15,feature_use,28.88
1965,2026-09-20,cancel,5.53
1965,2026-04-23,feature_use,10.51
1965,2026-06-09,login,29.19
1966,2026-07-16,cancel,8.53
1966,2026-07-16,upgrade,21.82
1966,2026-08-27,login,24.98
1966,2026-09-07,cancel,26.35
1966,2026-10-05,login,27.3
1966,2026-07-09,cancel,28.17
1966,2026-09-24,login,24.27
1966,2026-08-05,login,3.06
1966,2026-07-07,login,6.53
1966,2026-08-12,cancel,21.22
1966,2026-08-06,upgrade,11.15
1967,2027-03-18,cancel,18.9
1967,2027-03-03,login,9.83
1967,2027-02-27,feature_use,26.21
1967,2027-01-07,upgrade,6.05
1967,2027-03-15,feature_use,25.22
1967,2027-01-28,cancel,17.39
1967,2027-02-16,upgrade,24.3
1968,2026-03-26,upgrade,10.28
1968,2026-06-24,login,7.67
1968,2026-07-13,upgrade,3.43
1968,2026-08-28,login,1.63
1968,2026-03-24,cancel,11.24
1968,2026-07-21,upgrade,8.18
1968,2026-08-25,upgrade,16.91
1968,2026-04-20,feature_use,28.1
1968,2026-07-30,upgrade,2.66
1968,2026-08-02,upgrade,29.12
1968,2026-04-13,login,14.26
1968,2026-07-24,cancel,18.92
1968,2026-05-24,cancel,1.31
1968,2026-07-21,upgrade,16.44
1968,2026-07-25,login,22.57
1968,2026-05-16,feature_use,10.09
1968,2026-03-12,cancel,12.32
1969,2026-07-11,feature_use,17.04
1969,2026-09-29,cancel,21.9
1969,2026-06-22,upgrade,1.33
1969,2026-11-05,upgrade,22.89
1969,2026-11-10,upgrade,24.51
1969,2026-11-18,upgrade,8.07
1969,2026-06-29,cancel,18.97
1969,2026-11-10,cancel,26.02
1969,2026-11-06,login,15.08
1969,2026-06-29,login,27.72
1969,2026-09-30,upgrade,17.53
1969,2026-11-06,upgrade,16.79
1969,2026-09-18,login,25.08
1969,2026-10-01,cancel,25.74
1969,2026-08-03,upgrade,5.31
1969,2026-10-03,cancel,23.97
1969,2026-10-25,feature_use,27.0
1970,2026-10-23,upgrade,17.74
1970,2026-08-09,cancel,29.42
1970,2026-12-16,upgrade,2.89
1970,2026-12-15,feature_use,4.61
1970,2026-07-22,upgrade,9.35
1970,2026-08-14,feature_use,11.53
1970,2026-12-09,cancel,9.97
1970,2026-09-19,login,20.37
1970,2026-07-21,upgrade,26.56
1970,2026-08-19,login,19.35
1971,2026-05-09,cancel,25.28
1971,2026-06-29,feature_use,24.94
1971,2026-09-19,login,24.33
1971,2026-05-24,login,15.14
1971,2026-08-19,cancel,29.32
1971,2026-09-15,cancel,14.86
1971,2026-08-24,cancel,19.33
1971,2026-08-07,upgrade,19.97
1971,2026-04-23,cancel,13.4
1971,2026-07-04,upgrade,16.27
1971,2026-09-08,upgrade,8.57
1971,2026-04-28,cancel,25.16
1971,2026-06-22,feature_use,18.36
1971,2026-07-18,login,13.8
1971,2026-06-30,upgrade,24.92
1971,2026-09-27,cancel,6.18
1971,2026-08-08,login,5.88
1971,2026-08-28,upgrade,24.76
1971,2026-05-09,cancel,21.45
1971,2026-05-17,feature_use,5.66
1971,2026-09-28,login,26.71
1971,2026-07-01,feature_use,2.21
1971,2026-04-20,feature_use,27.4
1972,2026-06-21,cancel,23.88
1972,2026-08-07,upgrade,19.29
1972,2026-08-05,login,3.67
1972,2026-06-10,cancel,9.88
1972,2026-02-10,upgrade,4.29
1972,2026-05-16,feature_use,16.06
1972,2026-07-18,feature_use,3.16
1972,2026-05-29,upgrade,1.23
1973,2027-06-03,login,11.62
1973,2027-02-26,feature_use,28.1
1973,2027-03-16,cancel,1.87
1973,2027-04-25,cancel,15.63
1973,2027-06-16,login,3.21
1973,2027-01-07,upgrade,27.36
1973,2027-05-03,upgrade,8.15
1973,2027-04-08,login,12.7
1973,2027-05-13,upgrade,15.85
1973,2027-06-21,login,15.47
1973,2027-03-20,feature_use,16.71
1973,2027-05-24,login,13.25
1973,2027-06-18,cancel,19.01
1973,2027-04-02,login,22.5
1973,2027-04-09,login,9.57
1973,2027-05-19,upgrade,10.36
1973,2027-02-22,upgrade,21.1
1973,2027-02-02,login,17.77
1973,2027-03-27,login,10.9
1973,2027-03-30,login,1.24
1973,2027-01-25,upgrade,18.3
1973,2027-04-12,feature_use,21.49
1973,2027-04-05,cancel,27.07
1974,2026-10-12,upgrade,4.08
1974,2026-09-24,login,20.2
1974,2026-09-16,upgrade,1.7
1974,2026-09-11,feature_use,14.11
1974,2026-08-08,cancel,7.11
1974,2026-07-04,upgrade,20.02
1974,2026-07-14,cancel,8.47
1974,2026-07-14,login,29.37
1975,2026-04-08,login,19.03
1975,2026-05-26,feature_use,16.14
1975,2026-07-03,upgrade,6.96
1975,2026-06-13,cancel,27.06
1975,2026-04-13,feature_use,25.46
1975,2026-05-20,login,9.7
1975,2026-04-04,feature_use,26.29
1976,2026-11-08,upgrade,4.17
1976,2026-07-23,upgrade,20.97
1976,2026-08-05,upgrade,7.33
1976,2026-11-13,upgrade,9.57
1976,2026-11-18,upgrade,21.98
1976,2026-07-01,login,26.48
1976,2026-10-14,cancel,2.19
1976,2026-08-23,cancel,22.69
1976,2026-10-14,feature_use,7.64
1976,2026-07-15,feature_use,3.67
1976,2026-09-21,login,2.55
1976,2026-07-31,cancel,6.79
1976,2026-09-06,upgrade,10.68
1976,2026-07-14,upgrade,18.8
1976,2026-09-06,cancel,10.81
1976,2026-09-04,upgrade,15.18
1977,2026-07-02,feature_use,13.91
1977,2026-04-06,cancel,11.2
1977,2026-04-06,upgrade,17.8
1977,2026-04-30,login,18.51
1977,2026-02-22,cancel,2.79
1977,2026-06-02,login,2.32
1977,2026-02-13,feature_use,24.31
1977,2026-06-06,cancel,27.14
1977,2026-07-10,cancel,26.99
1977,2026-06-13,cancel,16.16
1977,2026-06-22,upgrade,13.95
1977,2026-03-25,login,18.96
1977,2026-03-13,upgrade,25.78
1977,2026-01-21,login,9.16
1977,2026-05-05,upgrade,13.51
1977,2026-07-04,feature_use,3.43
1977,2026-02-20,login,7.83
1977,2026-07-15,login,19.36
1977,2026-02-28,feature_use,20.34
1977,2026-07-04,login,9.72
1977,2026-03-27,cancel,18.49
1977,2026-05-11,feature_use,29.58
1977,2026-07-11,feature_use,9.31
1977,2026-06-18,feature_use,24.16
1977,2026-04-04,login,14.67
1977,2026-02-11,upgrade,2.69
1977,2026-02-16,cancel,29.14
1977,2026-05-14,cancel,11.58
1978,2026-10-20,login,3.78
1978,2026-10-25,upgrade,28.75
1978,2026-07-15,cancel,25.02
1978,2026-11-07,cancel,13.66
1978,2026-10-07,upgrade,10.82
1978,2026-07-10,feature_use,8.49
1978,2026-10-27,upgrade,21.09
1978,2026-08-22,upgrade,24.46
1979,2026-11-14,cancel,20.2
1979,2026-09-06,upgrade,20.66
1979,2026-06-23,upgrade,15.9
1979,2026-10-03,cancel,12.72
1979,2026-06-25,cancel,21.93
1979,2026-10-25,login,3.53
1979,2026-10-11,upgrade,18.3
1979,2026-08-16,upgrade,4.09
1979,2026-11-16,upgrade,23.92
1979,2026-08-13,cancel,23.02
1979,2026-06-30,feature_use,13.35
1979,2026-06-06,feature_use,12.54
1979,2026-08-15,upgrade,26.09
1979,2026-08-07,feature_use,16.83
1979,2026-09-10,cancel,4.62
1979,2026-08-31,login,6.66
1980,2026-11-16,login,17.45
1980,2026-07-14,upgrade,16.44
1980,2026-08-29,cancel,20.77
1980,2026-07-26,upgrade,15.47
1980,2026-07-17,feature_use,3.42
1980,2026-07-04,cancel,18.83
1980,2026-11-05,login,4.44
1980,2026-12-13,cancel,3.31
1980,2026-11-26,cancel,29.89
1980,2026-12-17,cancel,20.28
1980,2026-12-03,feature_use,14.81
1980,2026-08-05,feature_use,8.03
1980,2026-10-08,login,23.05
1980,2026-11-12,upgrade,17.42
1980,2026-08-25,cancel,24.3
1980,2026-07-01,upgrade,16.15
1980,2026-09-04,feature_use,12.06
1980,2026-09-28,cancel,15.97
1980,2026-09-15,login,20.6
1980,2026-11-17,feature_use,2.53
1980,2026-07-30,upgrade,5.51
1980,2026-10-10,login,4.75
1980,2026-07-14,feature_use,21.58
1980,2026-12-20,upgrade,25.4
1980,2026-08-18,cancel,21.26
1980,2026-09-13,cancel,28.76
1980,2026-12-14,cancel,7.53
1980,2026-08-30,cancel,7.89
1981,2026-05-10,login,11.06
1981,2026-03-29,login,1.52
1981,2026-07-04,upgrade,24.65
1981,2026-03-16,feature_use,19.66
1981,2026-02-25,upgrade,14.05
1981,2026-04-06,upgrade,26.57
1981,2026-04-06,cancel,12.62
1981,2026-04-10,cancel,16.21
1981,2026-06-12,feature_use,18.46
1981,2026-01-21,login,4.34
1981,2026-05-14,cancel,25.15
1981,2026-06-16,cancel,1.5
1981,2026-04-14,login,28.17
1981,2026-07-02,cancel,29.23
1981,2026-05-30,cancel,1.94
1981,2026-04-25,login,16.48
1981,2026-07-08,feature_use,6.72
1981,2026-05-28,login,27.04
1981,2026-04-14,feature_use,16.08
1981,2026-02-02,upgrade,25.4
1981,2026-05-31,feature_use,27.91
1981,2026-07-01,upgrade,12.81
1982,2026-05-02,upgrade,24.11
1982,2026-03-27,cancel,9.04
1982,2026-02-11,login,20.72
1982,2026-02-01,upgrade,13.82
1982,2026-02-20,feature_use,24.79
1982,2026-06-12,login,16.82
1982,2026-02-14,login,24.31
1982,2026-03-26,login,10.23
1982,2026-03-18,cancel,11.97
1982,2026-05-24,upgrade,22.86
1982,2026-02-03,upgrade,15.28
1982,2026-06-05,upgrade,22.58
1982,2026-03-12,cancel,7.16
1982,2026-06-17,login,25.11
1982,2026-03-04,cancel,26.83
1982,2026-02-21,login,23.07
1982,2026-03-13,feature_use,5.62
1982,2026-04-06,upgrade,13.34
1982,2026-05-29,upgrade,7.62
1982,2026-04-30,cancel,15.51
1982,2026-04-05,cancel,23.46
1982,2026-05-28,upgrade,13.68
1982,2026-03-29,upgrade,26.72
1982,2026-05-24,login,16.96
1982,2026-02-04,login,15.24
1982,2026-05-16,feature_use,11.33
1982,2026-05-20,upgrade,10.57
1982,2026-03-24,cancel,15.2
1983,2026-11-03,cancel,4.67
1983,2027-02-04,login,24.08
1983,2026-09-14,login,16.91
1983,2026-10-10,upgrade,10.98
1983,2026-12-18,login,24.66
1983,2026-09-30,upgrade,4.53
1983,2026-09-26,upgrade,24.48
1983,2026-10-22,login,14.84
1984,2026-07-23,cancel,28.55
1984,2027-01-05,upgrade,1.28
1984,2026-09-14,upgrade,4.44
1984,2026-12-05,login,16.19
1984,2026-09-06,feature_use,11.4
1984,2026-12-23,cancel,19.72
1984,2026-11-26,login,24.41
1984,2026-12-17,upgrade,6.9
1984,2026-12-17,upgrade,25.25
1984,2026-07-18,feature_use,16.7
1984,2026-07-13,cancel,24.42
1984,2026-08-21,feature_use,15.09
1984,2026-10-30,feature_use,17.64
1985,2027-03-01,feature_use,6.55
1985,2026-10-01,login,19.81
1985,2026-10-12,login,4.45
1985,2026-09-21,login,9.34
1985,2026-10-24,feature_use,24.85
1985,2027-02-21,upgrade,17.77
1985,2026-11-02,login,28.33
1985,2027-01-10,feature_use,16.16
1985,2027-03-07,upgrade,28.01
1985,2027-03-08,cancel,8.0
1985,2027-02-21,upgrade,26.51
1985,2027-01-12,upgrade,25.7
1985,2026-12-21,feature_use,17.18
1985,2027-03-01,upgrade,24.48
1985,2026-12-19,cancel,10.57
1985,2027-01-14,feature_use,2.38
1985,2026-12-19,feature_use,2.89
1985,2027-03-05,feature_use,13.02
1985,2027-01-17,upgrade,29.79
1985,2027-02-22,login,11.98
1985,2026-11-19,feature_use,10.77
1986,2026-07-31,login,19.28
1986,2026-08-28,feature_use,1.32
1986,2026-07-08,upgrade,16.66
1986,2026-11-17,cancel,16.29
1986,2026-09-15,feature_use,2.71
1986,2026-09-12,cancel,23.55
1986,2026-12-01,feature_use,10.75
1986,2026-08-16,cancel,3.88
1986,2026-11-12,upgrade,4.69
1986,2026-06-22,cancel,10.05
1986,2026-08-01,upgrade,20.16
1987,2026-05-13,cancel,28.97
1987,2026-06-23,upgrade,11.12
1987,2026-04-22,cancel,10.19
1987,2026-04-05,upgrade,6.19
1987,2026-01-28,feature_use,12.27
1987,2026-05-17,cancel,6.36
1987,2026-02-19,login,15.18
1987,2026-03-10,feature_use,26.84
1987,2026-06-14,cancel,3.26
1987,2026-06-29,login,18.69
1987,2026-01-31,cancel,1.21
1987,2026-03-11,cancel,24.36
1987,2026-06-13,feature_use,25.53
1987,2026-05-17,cancel,18.88
1987,2026-02-23,cancel,18.72
1987,2026-03-24,feature_use,19.19
1987,2026-04-19,cancel,2.25
1987,2026-06-18,cancel,14.88
1987,2026-05-08,login,11.73
1987,2026-03-20,upgrade,22.87
1987,2026-07-08,cancel,2.9
1988,2026-07-28,login,25.66
1988,2026-09-20,upgrade,8.46
1988,2026-11-04,upgrade,10.93
1988,2026-12-18,cancel,8.03
1988,2026-12-04,upgrade,15.38
1988,2026-09-17,feature_use,4.65
1988,2026-07-29,login,17.14
1988,2026-12-05,login,23.82
1988,2026-11-29,cancel,23.57
1988,2026-08-12,feature_use,20.55
1988,2026-11-05,cancel,15.97
1988,2026-08-22,feature_use,2.53
1988,2026-12-26,feature_use,19.53
1988,2026-12-31,upgrade,20.08
1988,2026-11-04,login,29.61
1988,2026-12-03,upgrade,7.39
1988,2026-12-16,upgrade,7.31
1988,2026-09-05,login,3.67
1988,2026-11-09,login,16.98
1989,2027-01-07,cancel,15.41
1989,2026-12-30,feature_use,18.31
1989,2026-12-26,feature_use,29.57
1989,2027-02-17,login,24.35
1989,2027-01-26,cancel,11.63
1989,2026-10-31,feature_use,13.93
1989,2026-10-24,cancel,10.02
1989,2026-11-28,cancel,30.0
1989,2026-11-19,login,3.02
1990,2026-08-15,upgrade,25.76
1990,2026-07-18,cancel,20.85
1990,2026-09-25,upgrade,22.39
1990,2026-05-10,login,1.91
1990,2026-05-27,cancel,8.94
1990,2026-06-24,upgrade,15.48
1990,2026-08-05,feature_use,27.82
1990,2026-04-30,upgrade,22.0
1990,2026-05-24,upgrade,27.58
1990,2026-09-27,upgrade,23.44
1990,2026-07-07,cancel,26.98
1990,2026-08-27,login,19.44
1990,2026-04-06,cancel,24.97
1990,2026-06-22,cancel,11.56
1990,2026-05-15,login,28.7
1990,2026-07-02,upgrade,21.37
1990,2026-05-24,upgrade,19.69
1990,2026-08-20,login,10.02
1990,2026-06-20,upgrade,5.16
1990,2026-08-27,login,19.29
1991,2026-10-28,upgrade,4.75
1991,2026-11-17,login,8.84
1991,2026-11-29,login,29.04
1991,2027-01-13,cancel,10.6
1991,2026-11-03,login,26.87
1991,2027-01-10,feature_use,4.05
1991,2026-10-21,cancel,13.81
1991,2026-10-07,feature_use,23.28
1991,2027-02-06,cancel,7.97
1991,2026-11-28,upgrade,20.02
1991,2027-01-25,cancel,24.71
1992,2027-01-07,upgrade,7.72
1992,2027-03-27,cancel,23.43
1992,2027-03-07,login,15.26
1992,2027-04-24,feature_use,7.01
1992,2027-05-25,upgrade,8.6
1992,2027-04-09,feature_use,19.0
1992,2027-02-28,cancel,1.58
1992,2027-03-30,login,18.26
1992,2027-03-05,login,10.8
1992,2027-03-13,feature_use,6.56
1992,2027-04-24,cancel,25.45
1992,2027-01-26,login,22.77
1992,2027-01-17,feature_use,23.17
1992,2027-01-17,cancel,25.22
1992,2027-05-07,upgrade,25.11
1992,2027-06-02,upgrade,16.17
1992,2027-03-24,login,8.58
1992,2027-02-12,feature_use,23.68
1992,2027-03-02,cancel,25.49
1992,2027-06-07,login,23.1
1992,2027-02-02,cancel,4.07
1992,2027-01-04,upgrade,18.14
1992,2027-04-01,login,23.29
1993,2026-12-05,upgrade,12.41
1993,2026-12-24,feature_use,5.81
1993,2026-11-17,login,3.99
1993,2026-08-09,login,3.52
1993,2026-12-23,upgrade,17.3
1993,2026-12-09,upgrade,16.65
1993,2026-08-11,cancel,3.98
1993,2027-01-20,login,14.85
1993,2026-10-22,upgrade,8.09
1993,2026-08-05,upgrade,5.91
1993,2026-10-18,cancel,28.88
1993,2026-11-17,upgrade,1.76
1993,2026-11-03,cancel,27.36
1993,2026-09-16,feature_use,25.58
1993,2026-09-25,upgrade,6.45
1993,2026-09-21,upgrade,3.28
1993,2026-11-28,cancel,13.45
1993,2027-01-12,upgrade,16.22
1993,2026-08-14,cancel,12.84
1993,2027-01-01,login,15.44
1993,2026-09-01,upgrade,23.36
1993,2026-12-02,cancel,27.56
1993,2026-11-19,upgrade,3.75
1993,2026-08-13,feature_use,26.8
1993,2026-10-18,cancel,1.37
1993,2026-11-07,login,10.45
1993,2026-11-07,login,7.24
1993,2027-01-18,upgrade,8.24
1993,2026-08-15,login,18.92
1994,2026-06-11,feature_use,2.31
1994,2026-06-14,upgrade,13.52
1994,2026-06-26,cancel,7.75
1994,2026-06-19,upgrade,22.45
1994,2026-07-01,upgrade,22.98
1994,2026-05-26,login,22.59
1994,2026-04-08,upgrade,27.83
1994,2026-08-22,cancel,1.91
1994,2026-08-20,login,16.04
1994,2026-08-03,feature_use,17.03
1994,2026-08-18,feature_use,23.49
1994,2026-09-30,cancel,2.66
1994,2026-08-26,upgrade,19.7
1994,2026-06-29,feature_use,3.99
1994,2026-07-01,cancel,1.15
1994,2026-09-01,upgrade,29.98
1994,2026-06-13,feature_use,7.69
1995,2026-08-08,upgrade,25.51
1995,2026-11-18,cancel,19.76
1995,2026-06-12,cancel,29.88
1995,2026-11-19,login,5.79
1995,2026-08-14,feature_use,9.8
1995,2026-06-02,cancel,16.67
1995,2026-10-20,feature_use,11.58
1995,2026-05-26,cancel,9.28
1995,2026-10-16,feature_use,5.37
1995,2026-06-27,cancel,7.58
1995,2026-10-29,login,5.87
1995,2026-10-26,upgrade,27.26
1995,2026-11-15,feature_use,5.7
1995,2026-07-31,cancel,3.54
1995,2026-08-27,cancel,9.37
1995,2026-11-19,login,12.29
1996,2026-12-20,login,10.73
1996,2026-11-10,login,5.98
1996,2026-08-20,feature_use,3.7
1996,2026-09-27,feature_use,18.76
1996,2026-08-26,cancel,7.65
1997,2026-05-05,cancel,19.58
1997,2026-06-14,feature_use,7.01
1997,2026-01-30,login,21.62
1997,2026-04-14,login,25.96
1997,2026-02-11,cancel,22.93
1997,2026-04-14,feature_use,24.99
1997,2026-02-28,feature_use,12.01
1997,2026-02-11,feature_use,27.15
1997,2026-01-25,cancel,2.72
1997,2026-06-12,cancel,28.56
1997,2026-01-06,feature_use,7.97
1997,2026-01-31,upgrade,10.72
1997,2026-05-31,feature_use,2.09
1997,2026-02-07,upgrade,4.78
1997,2026-02-06,login,7.17
1997,2026-04-01,feature_use,2.98
1997,2026-06-11,feature_use,25.79
1997,2026-01-11,login,12.54
1997,2026-04-22,cancel,3.58
1998,2026-11-15,cancel,4.06
1998,2026-10-24,feature_use,18.11
1998,2026-11-17,cancel,19.12
1998,2027-01-12,upgrade,29.79
1998,2026-11-03,feature_use,15.8
1998,2026-09-03,cancel,13.46
1998,2027-02-19,upgrade,9.08
1998,2026-10-21,cancel,18.86
1998,2026-09-20,cancel,5.38
1998,2026-11-06,login,1.49
1998,2027-02-15,upgrade,27.46
1998,2026-11-25,upgrade,13.19
1998,2026-11-10,login,20.9
1998,2026-09-15,login,27.01
1998,2027-02-02,login,6.52
1998,2026-09-12,feature_use,8.93
1998,2026-10-31,feature_use,21.64
1998,2027-01-05,feature_use,16.31
1998,2026-11-03,upgrade,13.94
1998,2027-01-30,upgrade,24.84
1999,2027-01-09,feature_use,23.97
1999,2026-11-20,login,9.36
1999,2026-10-17,cancel,24.5
1999,2026-09-02,upgrade,13.73
1999,2026-07-30,login,11.32
1999,2026-10-18,cancel,21.57
1999,2026-08-20,feature_use,3.28
1999,2026-09-06,login,2.79
1999,2026-10-06,login,28.86
1999,2027-01-13,feature_use,3.91
1999,2026-12-05,cancel,3.74
1999,2026-10-06,cancel,3.94
1999,2026-12-03,login,21.24
1999,2026-08-12,feature_use,29.91
1999,2026-09-02,cancel,17.64
1999,2026-11-26,login,9.7
1999,2026-11-17,upgrade,18.04
1999,2026-09-23,login,8.22
1999,2026-11-29,feature_use,14.11
1999,2026-09-18,login,25.46
1999,2026-10-27,cancel,28.85
1999,2026-11-18,upgrade,29.18
1999,2026-11-23,login,14.3
1999,2026-12-09,upgrade,10.84
1999,2026-11-25,upgrade,16.62
1999,2026-12-08,feature_use,6.73
1999,2026-11-16,upgrade,19.5
1999,2026-12-27,feature_use,3.42
1999,2026-09-05,upgrade,24.12
2000,2027-02-14,cancel,13.04
2000,2026-12-21,upgrade,11.19
2000,2026-12-24,feature_use,18.83
2000,2027-02-28,upgrade,28.99
2000,2026-10-11,cancel,18.99
2000,2026-11-19,login,22.93
2000,2026-10-22,upgrade,12.43
2000,2027-01-26,login,3.78
2000,2026-12-08,cancel,29.42
2000,2026-11-25,cancel,15.48
2000,2027-02-19,cancel,13.05
2000,2027-03-24,feature_use,2.08
2000,2027-03-11,upgrade,12.62
2000,2027-01-27,login,8.99
2000,2026-11-28,upgrade,12.53
2000,2026-11-22,login,24.69
