user_id,signup_date,signup_month,country,acquisition_channel,plan_type,monthly_price,subscription_start,subscription_end,is_churned,total_events,login_events,feature_use_events,upgrade_events,cancel_events,total_session_minutes,avg_session_duration,first_event_date,last_event_date
1,2026-06-06,2026-06,Germany,Referral,Free,0,2026-06-06,,False,24,3,7,9,5,326.48,13.6,2026-06-10,2026-11-14
2,2026-09-25,2026-09,USA,Referral,Free,0,2026-09-25,2026-12-07,True,28,9,6,8,5,428.57,15.31,2026-10-18,2027-03-20
3,2026-01-14,2026-01,Germany,Paid Ads,Free,0,2026-01-14,,False,22,4,5,8,5,353.24,16.06,2026-01-15,2026-07-10
4,2026-06-01,2026-06,Germany,Referral,Free,0,2026-06-01,,False,6,2,1,2,1,112.37,18.73,2026-06-07,2026-10-30
5,2026-03-28,2026-03,UK,Organic,Free,0,2026-03-28,,False,18,7,1,4,6,337.49,18.75,2026-04-03,2026-09-11
6,2026-08-23,2026-08,USA,Referral,Free,0,2026-08-23,2027-02-18,True,18,4,5,5,4,268.75,14.93,2026-09-02,2027-02-18
7,2026-09-08,2026-09,India,Referral,Free,0,2026-09-08,2026-12-28,True,21,3,8,4,6,331.06,15.76,2026-09-09,2027-03-01
8,2026-06-13,2026-06,UK,Paid Ads,Basic,2000,2026-06-13,,False,13,2,1,6,4,170.64,13.13,2026-06-14,2026-11-20
9,2026-12-20,2026-12,USA,Referral,Basic,2000,2026-12-20,,False,22,4,5,5,8,334.48,15.2,2026-12-29,2027-06-09
10,2026-08-16,2026-08,USA,Referral,Basic,2000,2026-08-16,,False,17,3,7,3,4,249.12,14.65,2026-08-19,2027-02-11
11,2026-10-17,2026-10,UK,Paid Ads,Free,0,2026-10-17,,False,12,4,3,2,3,236.94,19.74,2026-10-18,2027-04-01
12,2026-09-19,2026-09,USA,Organic,Free,0,2026-09-19,,False,10,2,6,1,1,126.55,12.66,2026-10-04,2027-01-14
13,2026-08-30,2026-08,India,Organic,Free,0,2026-08-30,2027-02-13,True,17,6,4,5,2,233.89,13.76,2026-09-03,2027-02-15
14,2026-01-17,2026-01,India,Organic,Free,0,2026-01-17,,False,25,7,7,4,7,380.0,15.2,2026-01-31,2026-07-15
15,2026-05-20,2026-05,Germany,Paid Ads,Basic,2000,2026-05-20,,False,12,4,3,3,2,189.44,15.79,2026-05-23,2026-11-09
16,2026-02-24,2026-02,India,Referral,Free,0,2026-02-24,,False,19,4,7,5,3,331.47,17.45,2026-02-24,2026-08-17
17,2026-10-26,2026-10,UK,Organic,Basic,2000,2026-10-26,,False,26,6,7,5,8,329.76,12.68,2026-10-29,2027-04-18
18,2026-07-09,2026-07,Germany,Referral,Free,0,2026-07-09,,False,8,2,3,2,1,111.75,13.97,2026-07-19,2026-12-10
19,2026-06-23,2026-06,Germany,Organic,Free,0,2026-06-23,,False,10,5,3,2,0,198.22,19.82,2026-07-23,2026-11-29
20,2026-11-07,2026-11,UK,Organic,Basic,2000,2026-11-07,2027-03-29,True,19,5,6,5,3,260.24,13.7,2026-12-18,2027-05-03
21,2026-02-09,2026-02,UK,Referral,Basic,2000,2026-02-09,2026-05-08,True,7,2,3,0,2,120.47,17.21,2026-02-28,2026-07-11
22,2026-08-17,2026-08,USA,Paid Ads,Free,0,2026-08-17,2026-12-03,True,27,6,7,7,7,404.34,14.98,2026-08-18,2027-02-11
23,2026-10-06,2026-10,UK,Paid Ads,Pro,5000,2026-10-06,2027-03-06,True,6,3,0,1,2,97.59,16.26,2026-10-24,2027-03-12
24,2026-11-24,2026-11,UK,Paid Ads,Free,0,2026-11-24,,False,29,6,7,10,6,401.87,13.86,2026-12-06,2027-05-03
25,2026-02-09,2026-02,India,Paid Ads,Free,0,2026-02-09,,False,27,7,10,5,5,435.4,16.13,2026-02-10,2026-08-06
26,2026-03-05,2026-03,India,Organic,Free,0,2026-03-05,,False,25,6,10,3,6,392.14,15.69,2026-03-09,2026-08-03
27,2026-10-04,2026-10,USA,Organic,Free,0,2026-10-04,,False,6,1,2,2,1,93.86,15.64,2026-11-09,2027-03-21
28,2026-02-04,2026-02,UK,Referral,Free,0,2026-02-04,,False,13,4,2,3,4,185.31,14.25,2026-02-23,2026-07-31
29,2026-08-01,2026-08,USA,Referral,Free,0,2026-08-01,2026-10-20,True,22,5,5,7,5,386.44,17.57,2026-08-16,2027-01-21
30,2026-03-06,2026-03,Germany,Referral,Free,0,2026-03-06,,False,14,5,6,2,1,135.31,9.67,2026-03-16,2026-08-27
31,2026-11-16,2026-11,India,Paid Ads,Pro,5000,2026-11-16,,False,24,7,1,7,9,387.48,16.14,2026-11-25,2027-04-26
32,2026-03-07,2026-03,India,Referral,Basic,2000,2026-03-07,,False,29,6,12,5,6,458.52,15.81,2026-03-14,2026-08-25
33,2026-04-12,2026-04,USA,Referral,Free,0,2026-04-12,,False,11,1,4,1,5,190.13,17.28,2026-04-25,2026-09-20
34,2026-03-24,2026-03,Germany,Paid Ads,Basic,2000,2026-03-24,,False,18,2,6,8,2,186.31,10.35,2026-04-12,2026-09-11
35,2026-08-12,2026-08,UK,Referral,Basic,2000,2026-08-12,,False,26,7,8,3,8,434.66,16.72,2026-08-20,2027-02-04
36,2026-08-02,2026-08,UK,Organic,Free,0,2026-08-02,2026-09-27,True,5,1,1,0,3,76.4,15.28,2026-10-29,2027-01-24
37,2026-06-04,2026-06,USA,Paid Ads,Basic,2000,2026-06-04,,False,19,6,5,3,5,243.39,12.81,2026-07-07,2026-11-16
38,2026-05-09,2026-05,UK,Paid Ads,Pro,5000,2026-05-09,,False,10,5,1,2,2,135.05,13.5,2026-05-24,2026-11-01
39,2026-12-13,2026-12,USA,Referral,Basic,2000,2026-12-13,,False,20,6,4,4,6,293.23,14.66,2026-12-15,2027-06-06
40,2026-05-05,2026-05,USA,Organic,Basic,2000,2026-05-05,2026-08-30,True,16,3,4,6,3,248.52,15.53,2026-05-31,2026-09-24
41,2026-02-08,2026-02,UK,Paid Ads,Free,0,2026-02-08,,False,5,2,0,3,0,49.7,9.94,2026-02-10,2026-06-02
42,2026-01-31,2026-01,India,Paid Ads,Free,0,2026-01-31,,False,17,6,4,6,1,262.29,15.43,2026-02-21,2026-07-14
43,2026-02-19,2026-02,USA,Organic,Basic,2000,2026-02-19,,False,29,5,6,7,11,451.25,15.56,2026-02-25,2026-07-24
44,2026-09-23,2026-09,UK,Referral,Free,0,2026-09-23,2026-11-30,True,10,2,2,2,4,98.53,9.85,2026-10-08,2027-03-05
45,2026-01-18,2026-01,India,Paid Ads,Free,0,2026-01-18,,False,10,3,3,0,4,149.14,14.91,2026-01-20,2026-06-22
46,2026-12-28,2026-12,USA,Paid Ads,Free,0,2026-12-28,,False,10,1,4,2,3,149.15,14.92,2027-01-04,2027-05-25
47,2026-11-27,2026-11,UK,Paid Ads,Basic,2000,2026-11-27,2027-04-12,True,14,4,1,5,4,226.05,16.15,2026-11-30,2027-05-20
48,2026-04-29,2026-04,India,Referral,Basic,2000,2026-04-29,2026-08-05,True,7,3,0,2,2,97.79,13.97,2026-05-19,2026-10-17
49,2026-10-09,2026-10,Germany,Paid Ads,Basic,2000,2026-10-09,,False,26,7,5,6,8,344.68,13.26,2026-10-22,2027-04-02
50,2026-08-06,2026-08,India,Referral,Free,0,2026-08-06,,False,14,3,4,5,2,222.35,15.88,2026-08-27,2027-01-30
51,2026-08-12,2026-08,Germany,Referral,Free,0,2026-08-12,2026-09-26,True,14,5,1,4,4,223.61,15.97,2026-08-24,2027-01-27
52,2026-09-24,2026-09,India,Paid Ads,Free,0,2026-09-24,,False,15,5,4,3,3,260.74,17.38,2026-10-15,2027-03-15
53,2026-05-22,2026-05,India,Organic,Free,0,2026-05-22,,False,27,5,11,7,4,335.93,12.44,2026-05-30,2026-11-02
54,2026-07-07,2026-07,UK,Organic,Basic,2000,2026-07-07,,False,15,4,6,5,0,293.39,19.56,2026-07-15,2026-12-21
55,2026-09-06,2026-09,USA,Organic,Free,0,2026-09-06,,False,24,8,6,5,5,412.02,17.17,2026-09-07,2027-02-25
56,2026-09-26,2026-09,USA,Referral,Basic,2000,2026-09-26,,False,14,3,5,2,4,231.98,16.57,2026-09-28,2027-03-14
57,2026-05-29,2026-05,USA,Organic,Free,0,2026-05-29,,False,22,6,3,7,6,325.08,14.78,2026-06-01,2026-11-08
58,2026-07-23,2026-07,Germany,Paid Ads,Pro,5000,2026-07-23,,False,14,4,2,2,6,158.68,11.33,2026-07-25,2026-12-10
59,2026-06-20,2026-06,UK,Organic,Free,0,2026-06-20,,False,6,2,1,2,1,74.81,12.47,2026-07-09,2026-12-09
60,2026-01-10,2026-01,UK,Referral,Basic,2000,2026-01-10,,False,24,4,6,7,7,321.3,13.39,2026-01-16,2026-06-29
61,2026-09-30,2026-09,Germany,Organic,Pro,5000,2026-09-30,,False,8,2,3,1,2,161.26,20.16,2026-11-14,2027-02-06
62,2026-10-06,2026-10,India,Referral,Basic,2000,2026-10-06,,False,26,4,9,7,6,331.15,12.74,2026-10-09,2027-03-21
63,2026-05-21,2026-05,India,Referral,Free,0,2026-05-21,,False,11,6,2,1,2,160.67,14.61,2026-06-29,2026-10-30
64,2026-10-12,2026-10,UK,Organic,Free,0,2026-10-12,,False,27,6,7,9,5,404.89,15.0,2026-10-24,2027-04-07
65,2026-07-15,2026-07,UK,Organic,Free,0,2026-07-15,,False,16,5,6,1,4,245.71,15.36,2026-07-31,2027-01-01
66,2026-02-25,2026-02,UK,Paid Ads,Basic,2000,2026-02-25,,False,17,3,4,6,4,253.61,14.92,2026-03-01,2026-08-18
67,2026-08-24,2026-08,USA,Organic,Free,0,2026-08-24,,False,5,0,3,1,1,86.39,17.28,2026-09-11,2026-12-25
68,2026-05-07,2026-05,UK,Referral,Free,0,2026-05-07,2026-08-31,True,13,1,3,5,4,197.46,15.19,2026-05-14,2026-10-13
69,2026-10-14,2026-10,India,Organic,Free,0,2026-10-14,,False,5,1,0,2,2,64.69,12.94,2026-10-26,2027-03-30
70,2026-07-09,2026-07,Germany,Organic,Free,0,2026-07-09,,False,8,1,2,2,3,125.39,15.67,2026-08-04,2026-12-09
71,2026-05-04,2026-05,Germany,Referral,Free,0,2026-05-04,,False,7,2,2,1,2,100.63,14.38,2026-06-16,2026-10-14
72,2026-07-21,2026-07,India,Referral,Pro,5000,2026-07-21,2026-09-06,True,16,5,2,2,7,216.86,13.55,2026-07-31,2027-01-05
73,2026-12-24,2026-12,Germany,Paid Ads,Free,0,2026-12-24,,False,6,2,1,0,3,96.74,16.12,2027-02-15,2027-06-16
74,2026-11-30,2026-11,UK,Paid Ads,Free,0,2026-11-30,,False,12,3,5,0,4,193.96,16.16,2026-12-15,2027-04-26
75,2026-11-02,2026-11,Germany,Organic,Free,0,2026-11-02,,False,8,2,0,3,3,135.85,16.98,2026-11-19,2027-04-09
76,2026-11-12,2026-11,USA,Paid Ads,Basic,2000,2026-11-12,2027-04-08,True,16,2,5,2,7,276.71,17.29,2026-11-12,2027-04-14
77,2026-02-25,2026-02,Germany,Organic,Basic,2000,2026-02-25,2026-08-23,True,13,2,5,2,4,231.6,17.82,2026-03-29,2026-08-20
78,2026-03-01,2026-03,India,Referral,Pro,5000,2026-03-01,,False,8,3,3,1,1,141.51,17.69,2026-03-17,2026-08-07
79,2026-07-07,2026-07,India,Paid Ads,Basic,2000,2026-07-07,,False,28,13,6,4,5,474.1,16.93,2026-07-09,2027-01-02
80,2026-09-07,2026-09,UK,Referral,Free,0,2026-09-07,,False,15,5,3,5,2,186.79,12.45,2026-09-10,2027-02-03
81,2026-06-23,2026-06,Germany,Referral,Pro,5000,2026-06-23,,False,29,4,6,14,5,464.8,16.03,2026-07-05,2026-12-15
82,2026-03-26,2026-03,UK,Organic,Pro,5000,2026-03-26,,False,15,2,3,5,5,209.17,13.94,2026-03-30,2026-09-20
83,2026-01-08,2026-01,USA,Paid Ads,Free,0,2026-01-08,,False,23,4,8,5,6,414.16,18.01,2026-01-10,2026-06-20
84,2026-08-10,2026-08,UK,Paid Ads,Pro,5000,2026-08-10,,False,24,8,8,4,4,360.63,15.03,2026-08-15,2027-01-09
85,2026-01-18,2026-01,USA,Organic,Free,0,2026-01-18,,False,29,5,7,8,9,498.54,17.19,2026-01-31,2026-07-14
86,2026-04-12,2026-04,USA,Paid Ads,Free,0,2026-04-12,2026-07-09,True,20,6,1,3,10,359.74,17.99,2026-04-14,2026-09-26
87,2026-01-15,2026-01,USA,Referral,Free,0,2026-01-15,2026-04-23,True,17,3,3,8,3,293.65,17.27,2026-01-27,2026-07-12
88,2026-06-08,2026-06,UK,Paid Ads,Free,0,2026-06-08,2026-08-16,True,20,4,5,6,5,339.04,16.95,2026-06-11,2026-11-27
89,2026-04-08,2026-04,UK,Paid Ads,Pro,5000,2026-04-08,,False,15,3,2,6,4,237.63,15.84,2026-04-13,2026-10-03
90,2026-12-28,2026-12,UK,Paid Ads,Free,0,2026-12-28,,False,15,3,4,3,5,251.3,16.75,2027-01-05,2027-06-21
91,2026-02-06,2026-02,India,Referral,Basic,2000,2026-02-06,2026-05-10,True,24,8,6,4,6,421.44,17.56,2026-02-25,2026-07-25
92,2026-09-25,2026-09,Germany,Paid Ads,Basic,2000,2026-09-25,2027-01-10,True,5,0,1,1,3,46.45,9.29,2026-11-15,2027-02-01
93,2026-12-01,2026-12,Germany,Referral,Basic,2000,2026-12-01,,False,22,5,6,5,6,318.18,14.46,2026-12-03,2027-05-20
94,2026-04-07,2026-04,UK,Paid Ads,Basic,2000,2026-04-07,2026-08-24,True,18,7,3,7,1,300.93,16.72,2026-04-08,2026-09-25
95,2026-04-16,2026-04,USA,Organic,Pro,5000,2026-04-16,,False,14,1,3,5,5,222.43,15.89,2026-04-30,2026-09-25
96,2026-11-16,2026-11,Germany,Referral,Free,0,2026-11-16,,False,18,1,7,3,7,306.65,17.04,2026-11-27,2027-04-29
97,2026-04-10,2026-04,UK,Referral,Free,0,2026-04-10,,False,26,7,3,9,7,388.94,14.96,2026-04-15,2026-09-21
98,2026-08-14,2026-08,India,Paid Ads,Free,0,2026-08-14,2026-12-04,True,11,1,6,3,1,230.69,20.97,2026-08-18,2027-01-25
99,2026-07-20,2026-07,Germany,Paid Ads,Free,0,2026-07-20,,False,17,8,1,4,4,255.38,15.02,2026-07-26,2027-01-03
100,2026-09-08,2026-09,Germany,Paid Ads,Pro,5000,2026-09-08,,False,24,6,4,5,9,303.13,12.63,2026-09-08,2027-03-06
101,2026-12-26,2026-12,India,Organic,Free,0,2026-12-26,,False,6,2,1,1,2,62.98,10.5,2027-01-15,2027-05-30
102,2026-10-14,2026-10,UK,Paid Ads,Basic,2000,2026-10-14,,False,12,1,4,2,5,157.52,13.13,2026-10-18,2027-04-10
103,2026-01-30,2026-01,Germany,Paid Ads,Free,0,2026-01-30,,False,16,3,2,4,7,280.25,17.52,2026-02-06,2026-07-26
104,2026-05-29,2026-05,Germany,Organic,Basic,2000,2026-05-29,,False,28,7,4,7,10,422.23,15.08,2026-05-31,2026-11-18
105,2026-04-13,2026-04,India,Paid Ads,Free,0,2026-04-13,,False,23,8,5,4,6,379.95,16.52,2026-04-24,2026-10-09
106,2026-12-08,2026-12,UK,Paid Ads,Free,0,2026-12-08,,False,29,6,8,10,5,445.4,15.36,2026-12-28,2027-06-02
107,2026-08-21,2026-08,India,Organic,Free,0,2026-08-21,,False,25,7,6,2,10,372.76,14.91,2026-09-02,2027-01-29
108,2026-07-28,2026-07,Germany,Organic,Pro,5000,2026-07-28,,False,5,2,2,1,0,60.42,12.08,2026-07-31,2026-11-07
109,2026-04-23,2026-04,Germany,Paid Ads,Basic,2000,2026-04-23,,False,10,3,2,1,4,170.78,17.08,2026-05-06,2026-10-18
110,2026-09-05,2026-09,India,Referral,Free,0,2026-09-05,2027-01-20,True,23,10,3,3,7,362.24,15.75,2026-09-07,2027-03-03
111,2026-02-20,2026-02,India,Referral,Free,0,2026-02-20,,False,28,4,12,6,6,465.81,16.64,2026-02-21,2026-08-18
112,2026-05-25,2026-05,Germany,Organic,Pro,5000,2026-05-25,,False,24,8,6,7,3,363.69,15.15,2026-06-08,2026-11-10
113,2026-05-27,2026-05,UK,Organic,Basic,2000,2026-05-27,,False,13,3,3,3,4,249.85,19.22,2026-06-07,2026-10-29
114,2026-10-15,2026-10,India,Paid Ads,Basic,2000,2026-10-15,,False,19,5,5,3,6,233.44,12.29,2026-10-15,2027-04-07
115,2026-09-10,2026-09,UK,Referral,Free,0,2026-09-10,,False,29,3,4,10,12,509.81,17.58,2026-09-17,2027-02-25
116,2026-03-08,2026-03,USA,Paid Ads,Basic,2000,2026-03-08,,False,6,2,1,3,0,93.52,15.59,2026-04-09,2026-07-13
117,2026-06-13,2026-06,UK,Paid Ads,Free,0,2026-06-13,,False,21,5,6,4,6,295.82,14.09,2026-06-28,2026-11-12
118,2026-05-13,2026-05,UK,Referral,Free,0,2026-05-13,,False,22,8,6,3,5,293.57,13.34,2026-05-13,2026-11-05
119,2026-09-29,2026-09,India,Referral,Free,0,2026-09-29,,False,15,4,5,3,3,215.6,14.37,2026-10-08,2027-03-12
120,2026-09-21,2026-09,USA,Referral,Pro,5000,2026-09-21,2026-11-07,True,22,5,5,6,6,330.26,15.01,2026-09-22,2027-03-17
121,2026-11-01,2026-11,UK,Paid Ads,Basic,2000,2026-11-01,,False,8,1,1,6,0,146.02,18.25,2026-11-03,2027-04-29
122,2026-07-13,2026-07,Germany,Organic,Basic,2000,2026-07-13,,False,8,1,2,3,2,94.15,11.77,2026-07-21,2026-10-27
123,2026-05-28,2026-05,India,Referral,Free,0,2026-05-28,2026-11-22,True,26,4,7,7,8,453.53,17.44,2026-06-02,2026-11-23
124,2026-02-21,2026-02,USA,Organic,Basic,2000,2026-02-21,,False,5,2,3,0,0,57.54,11.51,2026-04-29,2026-07-03
125,2026-02-06,2026-02,Germany,Paid Ads,Free,0,2026-02-06,,False,15,5,3,4,3,231.93,15.46,2026-02-19,2026-07-26
126,2026-12-08,2026-12,India,Paid Ads,Basic,2000,2026-12-08,,False,26,6,7,8,5,426.27,16.4,2026-12-27,2027-05-29
127,2026-03-23,2026-03,UK,Paid Ads,Basic,2000,2026-03-23,2026-08-18,True,21,4,6,4,7,333.69,15.89,2026-04-07,2026-09-17
128,2026-10-20,2026-10,UK,Organic,Free,0,2026-10-20,,False,23,2,6,10,5,304.8,13.25,2026-10-21,2027-04-11
129,2026-04-08,2026-04,UK,Paid Ads,Basic,2000,2026-04-08,2026-07-02,True,11,4,5,1,1,150.07,13.64,2026-04-21,2026-09-27
130,2026-04-16,2026-04,USA,Referral,Pro,5000,2026-04-16,2026-08-12,True,28,5,7,8,8,394.23,14.08,2026-04-21,2026-10-05
131,2026-01-19,2026-01,India,Paid Ads,Basic,2000,2026-01-19,,False,26,12,6,5,3,396.09,15.23,2026-01-21,2026-07-15
132,2026-06-03,2026-06,USA,Paid Ads,Basic,2000,2026-06-03,,False,21,6,5,4,6,285.96,13.62,2026-06-09,2026-11-26
133,2026-10-28,2026-10,India,Paid Ads,Free,0,2026-10-28,2027-03-30,True,15,4,2,4,5,217.73,14.52,2026-10-29,2027-02-25
134,2026-07-06,2026-07,Germany,Paid Ads,Pro,5000,2026-07-06,2026-12-11,True,5,2,1,1,1,90.63,18.13,2026-07-08,2026-10-31
135,2026-06-24,2026-06,India,Referral,Pro,5000,2026-06-24,2026-08-12,True,18,1,4,7,6,263.43,14.64,2026-06-25,2026-12-12
136,2026-07-21,2026-07,UK,Referral,Basic,2000,2026-07-21,2026-10-08,True,16,6,5,4,1,220.92,13.81,2026-08-12,2026-12-31
137,2026-11-14,2026-11,UK,Organic,Free,0,2026-11-14,2027-01-24,True,21,4,7,4,6,320.53,15.26,2026-11-15,2027-04-25
138,2026-03-17,2026-03,UK,Referral,Free,0,2026-03-17,,False,21,5,5,6,5,389.01,18.52,2026-03-28,2026-09-08
139,2026-02-15,2026-02,Germany,Paid Ads,Free,0,2026-02-15,,False,20,5,5,7,3,339.05,16.95,2026-03-03,2026-08-06
140,2026-01-13,2026-01,USA,Referral,Free,0,2026-01-13,,False,16,5,5,3,3,214.23,13.39,2026-01-19,2026-07-11
141,2026-03-15,2026-03,India,Organic,Free,0,2026-03-15,,False,11,4,3,2,2,124.04,11.28,2026-03-22,2026-09-09
142,2026-06-20,2026-06,India,Referral,Free,0,2026-06-20,2026-10-09,True,15,7,3,3,2,195.11,13.01,2026-06-22,2026-12-13
143,2026-05-23,2026-05,USA,Organic,Free,0,2026-05-23,2026-09-07,True,11,5,1,1,4,127.87,11.62,2026-06-09,2026-11-10
144,2026-05-02,2026-05,India,Referral,Pro,5000,2026-05-02,,False,27,9,5,7,6,442.46,16.39,2026-05-03,2026-10-15
145,2026-01-29,2026-01,Germany,Organic,Basic,2000,2026-01-29,,False,22,5,6,3,8,341.43,15.52,2026-01-30,2026-07-14
146,2026-06-19,2026-06,India,Organic,Basic,2000,2026-06-19,,False,21,11,3,3,4,316.39,15.07,2026-06-23,2026-11-23
147,2026-03-30,2026-03,Germany,Referral,Pro,5000,2026-03-30,,False,24,8,4,6,6,285.12,11.88,2026-04-02,2026-09-16
148,2026-09-29,2026-09,UK,Paid Ads,Free,0,2026-09-29,2027-01-11,True,10,2,1,6,1,130.5,13.05,2026-10-15,2027-03-09
149,2026-11-09,2026-11,UK,Paid Ads,Free,0,2026-11-09,,False,13,2,2,7,2,188.24,14.48,2026-11-18,2027-04-18
150,2026-09-07,2026-09,UK,Organic,Basic,2000,2026-09-07,,False,11,1,3,4,3,181.23,16.48,2026-09-12,2026-12-30
151,2026-12-21,2026-12,Germany,Referral,Free,0,2026-12-21,,False,9,2,1,3,3,171.25,19.03,2027-01-07,2027-06-18
152,2026-04-29,2026-04,India,Paid Ads,Free,0,2026-04-29,,False,16,4,5,2,5,262.81,16.43,2026-04-29,2026-09-22
153,2026-11-23,2026-11,India,Organic,Free,0,2026-11-23,2027-02-13,True,7,2,1,1,3,120.64,17.23,2026-11-29,2027-04-08
154,2026-09-27,2026-09,Germany,Paid Ads,Free,0,2026-09-27,,False,14,2,5,4,3,254.43,18.17,2026-10-15,2027-03-04
155,2026-10-04,2026-10,USA,Organic,Free,0,2026-10-04,,False,14,1,8,2,3,260.25,18.59,2026-10-08,2027-04-01
156,2026-03-22,2026-03,UK,Paid Ads,Basic,2000,2026-03-22,,False,6,0,1,4,1,91.76,15.29,2026-03-27,2026-07-17
157,2026-01-11,2026-01,USA,Paid Ads,Free,0,2026-01-11,,False,19,10,5,1,3,273.31,14.38,2026-01-13,2026-06-30
158,2026-12-29,2026-12,India,Organic,Free,0,2026-12-29,,False,19,7,6,4,2,292.37,15.39,2026-12-29,2027-06-20
159,2026-10-16,2026-10,Germany,Referral,Basic,2000,2026-10-16,2027-03-05,True,16,5,1,5,5,233.12,14.57,2026-10-16,2027-04-07
160,2026-07-28,2026-07,UK,Referral,Free,0,2026-07-28,,False,6,0,4,1,1,85.38,14.23,2026-07-28,2026-12-27
161,2026-03-12,2026-03,India,Paid Ads,Pro,5000,2026-03-12,,False,25,5,9,6,5,376.84,15.07,2026-03-14,2026-09-04
162,2026-02-08,2026-02,Germany,Paid Ads,Free,0,2026-02-08,,False,17,5,2,5,5,332.89,19.58,2026-02-25,2026-08-03
163,2026-06-24,2026-06,Germany,Paid Ads,Free,0,2026-06-24,,False,11,4,4,2,1,169.86,15.44,2026-06-27,2026-12-13
164,2026-05-11,2026-05,USA,Organic,Pro,5000,2026-05-11,,False,12,3,4,4,1,181.11,15.09,2026-05-14,2026-11-02
165,2026-03-11,2026-03,USA,Referral,Pro,5000,2026-03-11,,False,26,6,7,5,8,421.07,16.2,2026-03-18,2026-08-23
166,2026-10-16,2026-10,UK,Organic,Free,0,2026-10-16,,False,14,4,3,4,3,274.35,19.6,2026-10-18,2027-03-25
167,2026-03-06,2026-03,USA,Paid Ads,Free,0,2026-03-06,,False,17,7,3,3,4,219.72,12.92,2026-03-13,2026-08-31
168,2026-01-06,2026-01,USA,Organic,Pro,5000,2026-01-06,,False,5,0,2,2,1,104.75,20.95,2026-01-22,2026-07-04
169,2026-09-11,2026-09,Germany,Organic,Free,0,2026-09-11,,False,23,7,5,4,7,352.56,15.33,2026-09-16,2027-02-15
170,2026-12-24,2026-12,Germany,Referral,Basic,2000,2026-12-24,,False,21,8,6,5,2,342.28,16.3,2027-01-15,2027-06-19
171,2026-11-23,2026-11,UK,Organic,Pro,5000,2026-11-23,2027-01-03,True,20,7,4,4,5,319.34,15.97,2026-11-23,2027-05-14
172,2026-12-12,2026-12,India,Organic,Free,0,2026-12-12,,False,9,1,5,2,1,152.2,16.91,2026-12-19,2027-06-06
173,2026-04-12,2026-04,India,Organic,Basic,2000,2026-04-12,,False,10,0,3,4,3,137.53,13.75,2026-04-25,2026-10-07
174,2026-12-15,2026-12,Germany,Organic,Pro,5000,2026-12-15,,False,22,5,5,7,5,335.13,15.23,2026-12-19,2027-06-12
175,2026-07-05,2026-07,USA,Paid Ads,Free,0,2026-07-05,,False,16,2,4,3,7,220.66,13.79,2026-07-27,2026-12-23
176,2026-02-04,2026-02,India,Paid Ads,Basic,2000,2026-02-04,,False,7,0,2,2,3,71.89,10.27,2026-02-23,2026-06-27
177,2026-01-14,2026-01,USA,Paid Ads,Free,0,2026-01-14,,False,23,3,6,7,7,362.52,15.76,2026-01-15,2026-07-02
178,2026-01-18,2026-01,India,Organic,Free,0,2026-01-18,2026-05-26,True,20,4,4,4,8,327.49,16.37,2026-01-20,2026-07-16
179,2026-02-15,2026-02,Germany,Paid Ads,Pro,5000,2026-02-15,,False,29,9,6,5,9,437.99,15.1,2026-03-15,2026-08-11
180,2026-03-09,2026-03,USA,Organic,Free,0,2026-03-09,,False,18,2,5,4,7,297.24,16.51,2026-03-12,2026-08-29
181,2026-07-25,2026-07,India,Paid Ads,Free,0,2026-07-25,,False,16,6,3,3,4,253.3,15.83,2026-07-27,2027-01-16
182,2026-04-11,2026-04,UK,Organic,Basic,2000,2026-04-11,2026-09-06,True,9,2,3,1,3,116.65,12.96,2026-06-03,2026-09-22
183,2026-09-01,2026-09,Germany,Organic,Free,0,2026-09-01,2026-12-26,True,28,7,10,3,8,498.9,17.82,2026-09-02,2027-02-11
184,2026-07-28,2026-07,UK,Paid Ads,Pro,5000,2026-07-28,,False,20,4,4,5,7,274.13,13.71,2026-08-24,2027-01-20
185,2026-10-24,2026-10,Germany,Referral,Basic,2000,2026-10-24,,False,12,3,2,6,1,177.83,14.82,2026-11-01,2027-04-17
186,2026-12-26,2026-12,India,Referral,Free,0,2026-12-26,,False,28,5,7,11,5,498.23,17.79,2026-12-28,2027-06-23
187,2026-05-24,2026-05,UK,Paid Ads,Free,0,2026-05-24,,False,21,5,4,6,6,301.65,14.36,2026-05-25,2026-11-18
188,2026-11-02,2026-11,Germany,Paid Ads,Free,0,2026-11-02,,False,26,6,3,9,8,399.65,15.37,2026-11-02,2027-04-21
189,2026-06-07,2026-06,USA,Organic,Free,0,2026-06-07,,False,14,3,4,3,4,232.82,16.63,2026-06-13,2026-11-22
190,2026-06-16,2026-06,India,Referral,Basic,2000,2026-06-16,,False,24,10,6,5,3,358.79,14.95,2026-06-26,2026-12-12
191,2026-02-24,2026-02,Germany,Organic,Basic,2000,2026-02-24,2026-05-01,True,14,5,3,1,5,234.13,16.72,2026-03-06,2026-08-12
192,2026-11-27,2026-11,USA,Referral,Pro,5000,2026-11-27,,False,16,2,5,7,2,223.64,13.98,2026-12-03,2027-05-22
193,2026-11-16,2026-11,Germany,Organic,Basic,2000,2026-11-16,2027-03-29,True,26,8,8,4,6,332.06,12.77,2026-11-25,2027-05-04
194,2026-11-28,2026-11,USA,Organic,Pro,5000,2026-11-28,,False,16,6,2,4,4,293.48,18.34,2026-12-13,2027-05-26
195,2026-06-20,2026-06,UK,Paid Ads,Basic,2000,2026-06-20,,False,7,1,3,2,1,104.91,14.99,2026-07-12,2026-10-20
196,2026-12-30,2026-12,UK,Paid Ads,Pro,5000,2026-12-30,2027-06-16,True,12,2,4,5,1,222.89,18.57,2027-01-17,2027-06-19
197,2026-11-16,2026-11,Germany,Paid Ads,Basic,2000,2026-11-16,,False,18,5,6,6,1,249.21,13.84,2026-11-19,2027-04-22
198,2026-05-02,2026-05,India,Referral,Free,0,2026-05-02,,False,13,4,1,4,4,183.96,14.15,2026-06-07,2026-10-14
199,2026-08-17,2026-08,UK,Organic,Free,0,2026-08-17,,False,22,1,7,8,6,304.16,13.83,2026-08-24,2027-02-05
200,2026-03-16,2026-03,India,Referral,Basic,2000,2026-03-16,2026-09-10,True,27,7,9,8,3,475.13,17.6,2026-03-21,2026-09-08
201,2026-07-20,2026-07,USA,Paid Ads,Free,0,2026-07-20,,False,17,3,4,3,7,199.31,11.72,2026-08-03,2027-01-11
202,2026-08-05,2026-08,USA,Organic,Free,0,2026-08-05,2027-01-05,True,15,4,5,2,4,221.26,14.75,2026-08-10,2027-01-25
203,2026-03-29,2026-03,Germany,Referral,Free,0,2026-03-29,,False,18,2,4,8,4,290.93,16.16,2026-04-01,2026-09-21
204,2026-04-27,2026-04,UK,Referral,Free,0,2026-04-27,,False,18,3,3,6,6,336.14,18.67,2026-05-10,2026-10-23
205,2026-03-30,2026-03,UK,Organic,Pro,5000,2026-03-30,,False,28,6,8,7,7,456.89,16.32,2026-03-31,2026-09-20
206,2026-11-06,2026-11,USA,Referral,Free,0,2026-11-06,,False,7,1,3,3,0,131.8,18.83,2026-11-12,2027-05-03
207,2026-09-11,2026-09,Germany,Organic,Basic,2000,2026-09-11,,False,27,3,7,9,8,435.69,16.14,2026-09-23,2027-03-09
208,2026-09-10,2026-09,USA,Organic,Pro,5000,2026-09-10,,False,21,1,5,6,9,335.18,15.96,2026-09-14,2027-03-01
209,2026-01-13,2026-01,India,Referral,Basic,2000,2026-01-13,,False,8,5,1,1,1,158.95,19.87,2026-02-15,2026-06-23
210,2026-10-21,2026-10,USA,Paid Ads,Free,0,2026-10-21,,False,24,3,6,10,5,309.4,12.89,2026-10-21,2027-04-15
211,2026-04-03,2026-04,Germany,Paid Ads,Pro,5000,2026-04-03,,False,13,1,6,3,3,159.85,12.3,2026-04-09,2026-09-10
212,2026-03-16,2026-03,USA,Organic,Free,0,2026-03-16,,False,28,8,6,2,12,374.83,13.39,2026-03-16,2026-09-08
213,2026-08-26,2026-08,Germany,Organic,Basic,2000,2026-08-26,,False,24,5,7,7,5,379.46,15.81,2026-08-26,2027-02-21
214,2026-01-06,2026-01,Germany,Organic,Basic,2000,2026-01-06,,False,22,6,4,5,7,310.17,14.1,2026-01-12,2026-07-02
215,2026-12-31,2026-12,Germany,Organic,Free,0,2026-12-31,,False,19,7,3,3,6,290.46,15.29,2027-01-10,2027-06-28
216,2026-04-29,2026-04,UK,Referral,Free,0,2026-04-29,,False,15,6,4,0,5,247.95,16.53,2026-05-02,2026-09-22
217,2026-08-03,2026-08,India,Organic,Free,0,2026-08-03,2026-12-22,True,24,8,4,6,6,372.56,15.52,2026-08-05,2027-01-24
218,2026-04-27,2026-04,Germany,Referral,Free,0,2026-04-27,2026-08-10,True,10,0,1,3,6,120.36,12.04,2026-04-27,2026-10-23
219,2026-08-15,2026-08,Germany,Referral,Free,0,2026-08-15,,False,10,3,3,3,1,156.36,15.64,2026-10-11,2027-01-15
220,2026-12-21,2026-12,USA,Referral,Free,0,2026-12-21,,False,11,1,4,3,3,199.16,18.11,2027-01-19,2027-06-06
221,2026-03-13,2026-03,India,Organic,Free,0,2026-03-13,,False,27,7,4,10,6,427.35,15.83,2026-03-15,2026-09-07
222,2026-04-08,2026-04,India,Paid Ads,Free,0,2026-04-08,,False,28,10,5,8,5,427.21,15.26,2026-04-08,2026-09-30
223,2026-02-02,2026-02,Germany,Paid Ads,Free,0,2026-02-02,,False,26,7,5,10,4,473.55,18.21,2026-02-08,2026-07-28
224,2026-05-12,2026-05,UK,Paid Ads,Free,0,2026-05-12,,False,9,1,5,1,2,132.08,14.68,2026-06-12,2026-11-05
225,2026-07-15,2026-07,India,Organic,Free,0,2026-07-15,,False,19,2,8,4,5,244.47,12.87,2026-07-17,2026-12-23
226,2026-05-23,2026-05,UK,Referral,Basic,2000,2026-05-23,,False,21,5,3,6,7,322.75,15.37,2026-05-25,2026-11-13
227,2026-07-28,2026-07,Germany,Organic,Free,0,2026-07-28,2027-01-02,True,20,2,6,4,8,261.0,13.05,2026-08-12,2027-01-11
228,2026-05-21,2026-05,UK,Paid Ads,Basic,2000,2026-05-21,,False,23,5,6,6,6,406.53,17.68,2026-05-26,2026-11-14
229,2026-06-06,2026-06,Germany,Paid Ads,Pro,5000,2026-06-06,2026-11-05,True,7,1,3,0,3,152.89,21.84,2026-07-01,2026-11-14
230,2026-08-06,2026-08,USA,Referral,Free,0,2026-08-06,,False,21,5,5,2,9,329.71,15.7,2026-08-07,2027-01-14
231,2026-03-23,2026-03,UK,Referral,Free,0,2026-03-23,2026-06-10,True,7,1,0,3,3,122.61,17.52,2026-03-30,2026-08-14
232,2026-03-15,2026-03,Germany,Organic,Free,0,2026-03-15,,False,23,7,8,4,4,349.73,15.21,2026-03-15,2026-08-21
233,2026-09-12,2026-09,India,Organic,Basic,2000,2026-09-12,,False,15,3,1,5,6,209.74,13.98,2026-09-12,2027-03-05
234,2026-12-13,2026-12,USA,Referral,Free,0,2026-12-13,,False,13,1,6,2,4,232.02,17.85,2026-12-13,2027-05-22
235,2026-11-09,2026-11,India,Paid Ads,Basic,2000,2026-11-09,,False,18,5,5,4,4,292.28,16.24,2026-11-11,2027-04-20
236,2026-07-16,2026-07,India,Organic,Pro,5000,2026-07-16,,False,21,5,3,6,7,273.53,13.03,2026-07-17,2027-01-09
237,2026-03-30,2026-03,UK,Referral,Free,0,2026-03-30,,False,26,6,6,7,7,435.18,16.74,2026-04-06,2026-09-21
238,2026-05-19,2026-05,India,Paid Ads,Free,0,2026-05-19,,False,17,2,4,6,5,227.61,13.39,2026-05-22,2026-11-11
239,2026-01-16,2026-01,Germany,Organic,Pro,5000,2026-01-16,,False,7,0,2,1,4,99.12,14.16,2026-01-20,2026-05-19
240,2026-01-13,2026-01,USA,Referral,Free,0,2026-01-13,2026-06-17,True,22,9,5,5,3,345.25,15.69,2026-02-08,2026-07-07
241,2026-01-22,2026-01,Germany,Referral,Free,0,2026-01-22,,False,25,10,5,6,4,297.43,11.9,2026-01-24,2026-07-13
242,2026-03-06,2026-03,Germany,Referral,Free,0,2026-03-06,2026-07-02,True,6,1,3,2,0,123.75,20.62,2026-03-22,2026-07-07
243,2026-04-27,2026-04,USA,Organic,Basic,2000,2026-04-27,,False,27,7,7,5,8,452.1,16.74,2026-05-03,2026-10-12
244,2026-05-16,2026-05,UK,Referral,Free,0,2026-05-16,2026-06-24,True,5,0,4,1,0,62.66,12.53,2026-06-06,2026-10-13
245,2026-06-05,2026-06,USA,Referral,Free,0,2026-06-05,2026-10-13,True,7,1,0,2,4,152.24,21.75,2026-06-24,2026-10-07
246,2026-05-21,2026-05,UK,Paid Ads,Basic,2000,2026-05-21,,False,16,6,2,2,6,273.33,17.08,2026-06-01,2026-11-09
247,2026-07-26,2026-07,UK,Referral,Basic,2000,2026-07-26,2026-12-20,True,9,3,3,2,1,143.71,15.97,2026-08-12,2027-01-06
248,2026-03-14,2026-03,USA,Referral,Free,0,2026-03-14,,False,12,3,1,6,2,189.77,15.81,2026-03-26,2026-08-28
249,2026-06-17,2026-06,Germany,Organic,Free,0,2026-06-17,,False,10,2,4,3,1,138.8,13.88,2026-07-14,2026-12-10
250,2026-11-06,2026-11,Germany,Referral,Free,0,2026-11-06,2027-01-18,True,16,2,8,4,2,240.04,15.0,2026-11-22,2027-04-18
251,2026-03-25,2026-03,India,Organic,Free,0,2026-03-25,,False,28,10,8,2,8,426.58,15.24,2026-04-01,2026-09-11
252,2026-07-02,2026-07,UK,Paid Ads,Basic,2000,2026-07-02,2026-08-27,True,29,8,7,10,4,376.27,12.97,2026-07-02,2026-12-20
253,2026-05-23,2026-05,Germany,Organic,Basic,2000,2026-05-23,,False,28,6,5,6,11,388.68,13.88,2026-05-23,2026-11-14
254,2026-09-04,2026-09,Germany,Paid Ads,Pro,5000,2026-09-04,,False,11,2,2,2,5,211.59,19.24,2026-09-13,2027-02-23
255,2026-02-10,2026-02,UK,Referral,Free,0,2026-02-10,,False,7,0,0,3,4,99.61,14.23,2026-02-17,2026-05-23
256,2026-01-14,2026-01,Germany,Paid Ads,Free,0,2026-01-14,,False,21,3,7,5,6,366.83,17.47,2026-01-26,2026-07-12
257,2026-06-27,2026-06,India,Referral,Free,0,2026-06-27,,False,15,2,4,5,4,265.35,17.69,2026-07-11,2026-12-07
258,2026-03-05,2026-03,USA,Referral,Free,0,2026-03-05,,False,27,6,7,8,6,381.98,14.15,2026-03-10,2026-08-18
259,2026-01-29,2026-01,UK,Referral,Free,0,2026-01-29,,False,16,3,4,5,4,204.92,12.81,2026-03-02,2026-07-20
260,2026-10-08,2026-10,USA,Organic,Free,0,2026-10-08,,False,21,5,8,4,4,369.84,17.61,2026-10-08,2027-04-05
261,2026-12-29,2026-12,USA,Referral,Pro,5000,2026-12-29,2027-05-25,True,25,8,4,5,8,377.84,15.11,2027-01-07,2027-06-22
262,2026-07-25,2026-07,UK,Paid Ads,Pro,5000,2026-07-25,,False,9,5,2,0,2,141.14,15.68,2026-08-17,2027-01-12
263,2026-01-30,2026-01,USA,Paid Ads,Pro,5000,2026-01-30,2026-04-01,True,26,6,4,6,10,397.39,15.28,2026-02-13,2026-07-25
264,2026-09-22,2026-09,UK,Organic,Basic,2000,2026-09-22,,False,9,3,2,3,1,144.96,16.11,2026-11-11,2027-02-11
265,2026-11-14,2026-11,USA,Organic,Free,0,2026-11-14,,False,19,7,4,4,4,299.54,15.77,2026-11-20,2027-05-10
266,2026-05-29,2026-05,India,Paid Ads,Basic,2000,2026-05-29,2026-07-19,True,6,1,0,2,3,86.75,14.46,2026-06-04,2026-10-30
267,2026-06-27,2026-06,USA,Referral,Free,0,2026-06-27,,False,20,4,5,5,6,324.27,16.21,2026-06-29,2026-12-21
268,2026-03-01,2026-03,USA,Organic,Free,0,2026-03-01,2026-08-16,True,17,7,5,3,2,241.74,14.22,2026-04-07,2026-08-25
269,2026-08-18,2026-08,USA,Organic,Free,0,2026-08-18,,False,16,3,4,2,7,276.63,17.29,2026-09-14,2027-02-13
270,2026-06-27,2026-06,Germany,Referral,Free,0,2026-06-27,,False,6,2,2,1,1,97.43,16.24,2026-06-27,2026-12-23
271,2026-12-22,2026-12,USA,Organic,Pro,5000,2026-12-22,,False,25,7,6,7,5,395.13,15.81,2027-01-01,2027-05-30
272,2026-04-04,2026-04,UK,Organic,Basic,2000,2026-04-04,2026-07-02,True,20,6,6,5,3,272.69,13.63,2026-04-14,2026-09-13
273,2026-12-27,2026-12,USA,Paid Ads,Basic,2000,2026-12-27,,False,17,7,4,4,2,223.53,13.15,2026-12-28,2027-06-23
274,2026-01-27,2026-01,UK,Referral,Free,0,2026-01-27,2026-04-20,True,20,4,6,2,8,302.41,15.12,2026-02-01,2026-07-10
275,2026-02-01,2026-02,USA,Referral,Free,0,2026-02-01,2026-05-20,True,13,4,3,3,3,213.59,16.43,2026-03-20,2026-07-16
276,2026-09-04,2026-09,USA,Paid Ads,Free,0,2026-09-04,,False,17,2,4,5,6,244.72,14.4,2026-09-04,2027-02-25
277,2026-06-03,2026-06,Germany,Organic,Basic,2000,2026-06-03,,False,19,3,3,3,10,287.52,15.13,2026-06-10,2026-11-16
278,2026-07-21,2026-07,Germany,Organic,Free,0,2026-07-21,,False,6,1,1,3,1,116.29,19.38,2026-07-21,2026-11-30
279,2026-01-17,2026-01,India,Paid Ads,Free,0,2026-01-17,,False,14,1,5,3,5,240.1,17.15,2026-01-27,2026-07-03
280,2026-01-15,2026-01,India,Paid Ads,Free,0,2026-01-15,2026-06-13,True,22,8,6,5,3,383.66,17.44,2026-01-30,2026-07-08
281,2026-11-01,2026-11,UK,Organic,Free,0,2026-11-01,,False,5,0,2,2,1,82.12,16.42,2027-02-19,2027-04-04
282,2026-03-21,2026-03,Germany,Referral,Free,0,2026-03-21,,False,16,3,4,3,6,294.01,18.38,2026-03-21,2026-08-26
283,2026-11-20,2026-11,UK,Referral,Pro,5000,2026-11-20,,False,10,3,2,3,2,148.33,14.83,2026-12-21,2027-05-18
284,2026-01-06,2026-01,India,Organic,Pro,5000,2026-01-06,,False,27,12,3,3,9,373.42,13.83,2026-01-31,2026-06-26
285,2026-07-11,2026-07,USA,Paid Ads,Free,0,2026-07-11,2026-10-30,True,14,4,3,4,3,196.56,14.04,2026-08-12,2026-12-31
286,2026-11-29,2026-11,USA,Organic,Pro,5000,2026-11-29,,False,28,4,6,6,12,448.97,16.03,2026-11-30,2027-05-19
287,2026-01-22,2026-01,India,Paid Ads,Free,0,2026-01-22,,False,27,5,7,7,8,368.97,13.67,2026-01-26,2026-07-11
288,2026-07-14,2026-07,Germany,Paid Ads,Free,0,2026-07-14,,False,27,6,8,8,5,448.53,16.61,2026-07-14,2027-01-06
289,2026-09-01,2026-09,Germany,Paid Ads,Free,0,2026-09-01,2027-02-22,True,12,3,2,4,3,164.61,13.72,2026-09-05,2027-02-26
290,2026-07-13,2026-07,India,Paid Ads,Free,0,2026-07-13,,False,18,0,9,5,4,220.64,12.26,2026-07-13,2027-01-08
291,2026-09-16,2026-09,UK,Organic,Free,0,2026-09-16,,False,12,1,5,2,4,160.92,13.41,2026-09-23,2027-03-09
292,2026-04-05,2026-04,India,Referral,Pro,5000,2026-04-05,2026-09-01,True,7,2,2,2,1,47.84,6.83,2026-04-10,2026-09-19
293,2026-04-06,2026-04,India,Organic,Free,0,2026-04-06,,False,25,4,6,7,8,406.55,16.26,2026-04-06,2026-10-02
294,2026-09-22,2026-09,UK,Organic,Free,0,2026-09-22,,False,13,2,3,5,3,201.81,15.52,2026-10-13,2027-03-08
295,2026-08-16,2026-08,UK,Referral,Free,0,2026-08-16,,False,11,2,3,5,1,204.31,18.57,2026-08-30,2027-01-07
296,2026-04-18,2026-04,India,Referral,Free,0,2026-04-18,,False,29,5,4,9,11,445.06,15.35,2026-04-19,2026-10-14
297,2026-09-08,2026-09,India,Paid Ads,Basic,2000,2026-09-08,,False,24,9,5,3,7,444.09,18.5,2026-09-08,2027-02-28
298,2026-03-23,2026-03,USA,Referral,Basic,2000,2026-03-23,,False,26,1,5,14,6,436.27,16.78,2026-03-28,2026-08-30
299,2026-02-20,2026-02,USA,Paid Ads,Free,0,2026-02-20,2026-06-18,True,17,3,3,2,9,265.41,15.61,2026-02-22,2026-07-25
300,2026-03-25,2026-03,UK,Referral,Free,0,2026-03-25,2026-08-14,True,9,3,2,2,2,86.75,9.64,2026-04-03,2026-09-15
301,2026-04-26,2026-04,Germany,Paid Ads,Free,0,2026-04-26,2026-05-29,True,13,2,3,4,4,206.6,15.89,2026-05-04,2026-09-27
302,2026-05-21,2026-05,UK,Organic,Free,0,2026-05-21,,False,24,6,4,11,3,394.08,16.42,2026-06-03,2026-10-31
303,2026-09-14,2026-09,India,Paid Ads,Free,0,2026-09-14,,False,13,2,3,2,6,176.53,13.58,2026-09-30,2027-03-08
304,2026-06-06,2026-06,UK,Organic,Free,0,2026-06-06,,False,6,2,1,3,0,119.21,19.87,2026-06-12,2026-10-02
305,2026-03-27,2026-03,Germany,Organic,Pro,5000,2026-03-27,,False,13,3,3,3,4,224.1,17.24,2026-04-01,2026-09-19
306,2026-10-18,2026-10,India,Referral,Basic,2000,2026-10-18,,False,8,2,3,3,0,81.09,10.14,2026-11-21,2027-04-10
307,2026-04-22,2026-04,UK,Referral,Basic,2000,2026-04-22,,False,12,2,4,3,3,208.04,17.34,2026-05-26,2026-10-17
308,2026-07-06,2026-07,Germany,Paid Ads,Basic,2000,2026-07-06,,False,13,3,2,3,5,195.85,15.07,2026-07-22,2026-12-23
309,2026-12-10,2026-12,UK,Organic,Basic,2000,2026-12-10,2027-05-29,True,26,10,6,4,6,450.07,17.31,2026-12-14,2027-05-28
310,2026-01-23,2026-01,India,Organic,Free,0,2026-01-23,,False,28,8,6,5,9,409.76,14.63,2026-02-02,2026-07-21
311,2026-12-24,2026-12,India,Referral,Free,0,2026-12-24,2027-02-24,True,8,3,2,3,0,120.07,15.01,2027-02-14,2027-06-19
312,2026-06-15,2026-06,USA,Referral,Basic,2000,2026-06-15,,False,13,2,2,2,7,185.41,14.26,2026-06-20,2026-12-06
313,2026-10-02,2026-10,Germany,Referral,Free,0,2026-10-02,2027-02-21,True,29,5,7,7,10,453.5,15.64,2026-10-10,2027-03-22
314,2026-08-15,2026-08,Germany,Organic,Free,0,2026-08-15,,False,22,3,6,7,6,416.96,18.95,2026-08-18,2027-01-22
315,2026-08-26,2026-08,Germany,Referral,Pro,5000,2026-08-26,,False,22,4,6,6,6,364.82,16.58,2026-09-11,2027-02-09
316,2026-02-05,2026-02,USA,Referral,Free,0,2026-02-05,2026-07-11,True,22,6,2,8,6,338.46,15.38,2026-02-28,2026-07-27
317,2026-02-06,2026-02,UK,Paid Ads,Basic,2000,2026-02-06,,False,12,2,2,3,5,204.07,17.01,2026-02-08,2026-07-25
318,2026-02-12,2026-02,India,Referral,Pro,5000,2026-02-12,,False,5,1,0,1,3,65.17,13.03,2026-02-24,2026-07-16
319,2026-04-16,2026-04,USA,Referral,Pro,5000,2026-04-16,2026-08-22,True,21,9,6,4,2,342.34,16.3,2026-04-16,2026-10-08
320,2026-03-26,2026-03,USA,Organic,Free,0,2026-03-26,,False,26,7,8,8,3,422.87,16.26,2026-04-08,2026-09-15
321,2026-09-04,2026-09,UK,Organic,Free,0,2026-09-04,2026-12-17,True,20,6,5,3,6,304.27,15.21,2026-09-17,2027-02-03
322,2026-10-08,2026-10,UK,Referral,Basic,2000,2026-10-08,,False,11,3,3,1,4,135.7,12.34,2026-10-12,2027-04-03
323,2026-07-14,2026-07,India,Paid Ads,Free,0,2026-07-14,2026-12-17,True,10,3,3,2,2,161.69,16.17,2026-09-02,2027-01-05
324,2026-12-06,2026-12,India,Organic,Basic,2000,2026-12-06,,False,29,11,3,6,9,333.69,11.51,2026-12-06,2027-05-19
325,2026-06-10,2026-06,India,Referral,Free,0,2026-06-10,2026-07-17,True,24,2,7,10,5,349.94,14.58,2026-06-15,2026-12-04
326,2026-09-17,2026-09,UK,Organic,Basic,2000,2026-09-17,2027-01-15,True,5,2,3,0,0,47.32,9.46,2026-10-06,2027-01-23
327,2026-10-06,2026-10,India,Organic,Basic,2000,2026-10-06,2027-02-14,True,26,4,11,5,6,404.07,15.54,2026-10-11,2027-03-21
328,2026-03-11,2026-03,USA,Paid Ads,Free,0,2026-03-11,,False,22,6,2,9,5,368.94,16.77,2026-04-02,2026-08-30
329,2026-10-17,2026-10,USA,Paid Ads,Free,0,2026-10-17,,False,6,1,1,3,1,127.24,21.21,2026-10-29,2027-04-09
330,2026-06-05,2026-06,USA,Organic,Free,0,2026-06-05,,False,27,6,8,7,6,398.89,14.77,2026-06-05,2026-11-27
331,2026-10-08,2026-10,UK,Referral,Basic,2000,2026-10-08,2026-11-14,True,10,3,3,3,1,184.46,18.45,2026-10-14,2027-03-25
332,2026-09-01,2026-09,India,Referral,Free,0,2026-09-01,2026-12-08,True,11,0,3,4,4,148.79,13.53,2026-09-03,2027-01-17
333,2026-08-08,2026-08,USA,Paid Ads,Pro,5000,2026-08-08,2026-12-14,True,22,6,7,4,5,309.75,14.08,2026-09-05,2027-01-24
334,2026-12-01,2026-12,India,Referral,Free,0,2026-12-01,,False,13,0,5,4,4,233.33,17.95,2026-12-02,2027-05-19
335,2026-12-12,2026-12,Germany,Paid Ads,Basic,2000,2026-12-12,,False,16,5,3,5,3,289.4,18.09,2026-12-15,2027-06-03
336,2026-02-01,2026-02,USA,Paid Ads,Free,0,2026-02-01,,False,23,6,7,6,4,387.47,16.85,2026-02-01,2026-07-30
337,2026-06-01,2026-06,USA,Referral,Basic,2000,2026-06-01,2026-08-04,True,14,2,7,3,2,193.89,13.85,2026-06-28,2026-11-20
338,2026-04-28,2026-04,USA,Organic,Pro,5000,2026-04-28,,False,27,4,8,6,9,524.85,19.44,2026-05-02,2026-10-24
339,2026-03-02,2026-03,UK,Organic,Basic,2000,2026-03-02,,False,23,4,6,7,6,347.94,15.13,2026-03-07,2026-08-19
340,2026-04-16,2026-04,Germany,Referral,Free,0,2026-04-16,,False,16,2,4,6,4,213.02,13.31,2026-04-28,2026-10-09
341,2026-05-21,2026-05,USA,Paid Ads,Free,0,2026-05-21,,False,23,9,5,6,3,359.26,15.62,2026-05-21,2026-11-07
342,2026-11-21,2026-11,Germany,Referral,Basic,2000,2026-11-21,,False,6,4,1,1,0,74.94,12.49,2026-11-25,2027-04-07
343,2026-06-06,2026-06,USA,Organic,Free,0,2026-06-06,,False,9,2,3,3,1,111.11,12.35,2026-07-09,2026-12-02
344,2026-08-02,2026-08,UK,Organic,Free,0,2026-08-02,,False,8,2,2,3,1,90.16,11.27,2026-08-03,2027-01-24
345,2026-02-08,2026-02,USA,Paid Ads,Pro,5000,2026-02-08,,False,23,6,8,6,3,386.99,16.83,2026-02-19,2026-07-27
346,2026-10-08,2026-10,India,Paid Ads,Free,0,2026-10-08,,False,27,8,6,7,6,482.98,17.89,2026-10-08,2027-04-05
347,2026-04-22,2026-04,USA,Referral,Free,0,2026-04-22,,False,19,6,4,2,7,273.57,14.4,2026-04-25,2026-10-13
348,2026-07-04,2026-07,India,Paid Ads,Basic,2000,2026-07-04,2026-12-03,True,15,5,3,6,1,279.97,18.66,2026-07-13,2026-12-19
349,2026-08-31,2026-08,India,Organic,Basic,2000,2026-08-31,,False,15,1,5,3,6,192.63,12.84,2026-09-02,2027-02-25
350,2026-12-14,2026-12,USA,Organic,Free,0,2026-12-14,,False,15,3,4,3,5,288.53,19.24,2026-12-15,2027-06-10
351,2026-05-05,2026-05,Germany,Organic,Free,0,2026-05-05,,False,26,7,6,6,7,433.26,16.66,2026-05-12,2026-10-22
352,2026-04-18,2026-04,India,Paid Ads,Free,0,2026-04-18,,False,10,3,2,2,3,204.16,20.42,2026-05-04,2026-10-05
353,2026-07-02,2026-07,India,Organic,Basic,2000,2026-07-02,,False,25,5,6,10,4,380.15,15.21,2026-07-05,2026-12-26
354,2026-12-13,2026-12,USA,Paid Ads,Free,0,2026-12-13,,False,24,4,8,8,4,380.38,15.85,2026-12-15,2027-06-02
355,2026-12-29,2026-12,UK,Organic,Free,0,2026-12-29,,False,24,4,5,9,6,385.06,16.04,2027-01-05,2027-06-23
356,2026-06-23,2026-06,USA,Referral,Basic,2000,2026-06-23,,False,12,6,1,1,4,185.39,15.45,2026-07-13,2026-12-11
357,2026-10-13,2026-10,UK,Organic,Basic,2000,2026-10-13,2026-12-26,True,10,2,3,2,3,213.34,21.33,2026-12-04,2027-04-10
358,2026-11-09,2026-11,USA,Organic,Free,0,2026-11-09,,False,17,5,3,5,4,208.28,12.25,2026-11-09,2027-05-04
359,2026-05-18,2026-05,Germany,Referral,Free,0,2026-05-18,,False,15,1,4,4,6,243.61,16.24,2026-05-19,2026-11-02
360,2026-07-08,2026-07,Germany,Organic,Basic,2000,2026-07-08,2026-11-16,True,27,6,5,4,12,493.4,18.27,2026-07-19,2026-12-12
361,2026-08-11,2026-08,USA,Referral,Pro,5000,2026-08-11,,False,24,10,0,5,9,392.21,16.34,2026-08-12,2027-02-03
362,2026-02-15,2026-02,UK,Organic,Free,0,2026-02-15,,False,19,6,9,1,3,206.34,10.86,2026-02-27,2026-06-30
363,2026-12-08,2026-12,India,Organic,Free,0,2026-12-08,2027-01-07,True,15,3,4,3,5,240.08,16.01,2026-12-14,2027-06-05
364,2026-01-01,2026-01,USA,Paid Ads,Free,0,2026-01-01,,False,18,9,3,1,5,294.99,16.39,2026-01-02,2026-06-26
365,2026-12-08,2026-12,Germany,Organic,Pro,5000,2026-12-08,,False,5,2,2,1,0,48.02,9.6,2027-01-19,2027-06-04
366,2026-09-24,2026-09,USA,Referral,Basic,2000,2026-09-24,2027-01-09,True,17,4,4,7,2,266.27,15.66,2026-10-02,2027-03-14
367,2026-01-10,2026-01,USA,Referral,Pro,5000,2026-01-10,,False,17,3,7,3,4,180.62,10.62,2026-01-23,2026-07-01
368,2026-11-17,2026-11,India,Referral,Free,0,2026-11-17,2027-01-09,True,8,4,2,2,0,117.56,14.7,2026-11-19,2027-05-02
369,2026-11-09,2026-11,India,Paid Ads,Pro,5000,2026-11-09,,False,19,3,8,1,7,346.73,18.25,2026-11-17,2027-04-30
370,2026-06-22,2026-06,Germany,Organic,Basic,2000,2026-06-22,,False,17,3,3,8,3,252.86,14.87,2026-07-08,2026-12-12
371,2026-10-23,2026-10,India,Referral,Pro,5000,2026-10-23,2027-03-05,True,18,4,4,2,8,282.3,15.68,2026-10-28,2027-04-19
372,2026-12-11,2026-12,USA,Paid Ads,Free,0,2026-12-11,,False,11,2,2,4,3,158.15,14.38,2026-12-12,2027-05-24
373,2026-06-15,2026-06,India,Organic,Pro,5000,2026-06-15,,False,23,7,8,2,6,274.2,11.92,2026-07-01,2026-12-07
374,2026-07-31,2026-07,India,Paid Ads,Free,0,2026-07-31,,False,25,8,5,5,7,420.57,16.82,2026-08-13,2027-01-25
375,2026-02-17,2026-02,India,Organic,Basic,2000,2026-02-17,,False,5,2,2,0,1,103.74,20.75,2026-02-23,2026-07-02
376,2026-03-18,2026-03,UK,Paid Ads,Pro,5000,2026-03-18,,False,11,2,2,4,3,198.52,18.05,2026-04-18,2026-07-17
377,2026-01-11,2026-01,UK,Paid Ads,Pro,5000,2026-01-11,,False,5,0,2,1,2,42.46,8.49,2026-02-04,2026-07-01
378,2026-02-28,2026-02,India,Referral,Free,0,2026-02-28,,False,17,3,2,6,6,270.59,15.92,2026-03-05,2026-08-20
379,2026-07-14,2026-07,USA,Referral,Basic,2000,2026-07-14,,False,26,9,5,7,5,371.1,14.27,2026-07-20,2026-12-29
380,2026-10-26,2026-10,India,Referral,Pro,5000,2026-10-26,,False,11,4,4,1,2,162.89,14.81,2026-11-24,2027-03-23
381,2026-08-25,2026-08,UK,Referral,Basic,2000,2026-08-25,,False,6,3,2,0,1,106.29,17.72,2026-09-04,2027-02-17
382,2026-09-20,2026-09,UK,Paid Ads,Free,0,2026-09-20,,False,9,3,1,1,4,181.53,20.17,2026-10-08,2027-03-03
383,2026-01-30,2026-01,Germany,Referral,Free,0,2026-01-30,2026-03-14,True,13,1,6,2,4,173.51,13.35,2026-02-09,2026-06-21
384,2026-04-18,2026-04,India,Organic,Pro,5000,2026-04-18,,False,24,8,5,7,4,422.1,17.59,2026-04-30,2026-10-08
385,2026-12-25,2026-12,Germany,Referral,Pro,5000,2026-12-25,2027-04-27,True,28,5,5,12,6,393.93,14.07,2027-01-04,2027-06-22
386,2026-04-20,2026-04,Germany,Referral,Pro,5000,2026-04-20,2026-07-28,True,18,7,3,3,5,235.44,13.08,2026-04-21,2026-09-18
387,2026-07-26,2026-07,Germany,Organic,Free,0,2026-07-26,2027-01-18,True,22,4,2,6,10,402.56,18.3,2026-08-13,2027-01-18
388,2026-12-22,2026-12,USA,Paid Ads,Pro,5000,2026-12-22,,False,17,7,4,5,1,252.62,14.86,2026-12-29,2027-06-11
389,2026-05-27,2026-05,USA,Paid Ads,Basic,2000,2026-05-27,,False,29,6,13,6,4,484.22,16.7,2026-06-11,2026-11-19
390,2026-12-13,2026-12,USA,Organic,Free,0,2026-12-13,2027-02-03,True,23,6,4,5,8,343.89,14.95,2026-12-13,2027-05-31
391,2026-09-17,2026-09,India,Organic,Free,0,2026-09-17,,False,5,0,2,1,2,72.83,14.57,2026-09-23,2027-02-08
392,2026-07-03,2026-07,Germany,Organic,Basic,2000,2026-07-03,2026-08-11,True,21,8,5,5,3,396.1,18.86,2026-07-18,2026-12-29
393,2026-10-27,2026-10,Germany,Paid Ads,Basic,2000,2026-10-27,2027-03-16,True,11,2,2,4,3,122.88,11.17,2026-11-01,2027-04-18
394,2026-01-02,2026-01,India,Paid Ads,Free,0,2026-01-02,,False,23,10,5,3,5,372.36,16.19,2026-01-05,2026-06-17
395,2026-10-30,2026-10,UK,Paid Ads,Basic,2000,2026-10-30,,False,19,3,9,4,3,335.06,17.63,2026-11-01,2027-04-21
396,2026-08-25,2026-08,UK,Organic,Pro,5000,2026-08-25,,False,25,7,5,7,6,442.09,17.68,2026-08-25,2027-02-17
397,2026-06-10,2026-06,Germany,Paid Ads,Free,0,2026-06-10,,False,19,5,8,2,4,249.19,13.12,2026-06-12,2026-11-25
398,2026-07-14,2026-07,Germany,Referral,Free,0,2026-07-14,,False,22,6,6,7,3,328.06,14.91,2026-07-16,2027-01-09
399,2026-12-26,2026-12,India,Organic,Free,0,2026-12-26,,False,25,12,3,1,9,403.14,16.13,2027-01-01,2027-06-20
400,2026-11-28,2026-11,USA,Paid Ads,Pro,5000,2026-11-28,,False,20,4,5,7,4,369.38,18.47,2026-12-04,2027-05-14
401,2026-10-25,2026-10,Germany,Organic,Pro,5000,2026-10-25,,False,25,10,5,7,3,429.71,17.19,2026-10-28,2027-04-14
402,2026-03-19,2026-03,Germany,Paid Ads,Pro,5000,2026-03-19,2026-08-14,True,12,5,3,2,2,197.12,16.43,2026-04-13,2026-08-18
403,2026-04-17,2026-04,India,Paid Ads,Free,0,2026-04-17,,False,18,6,4,4,4,280.99,15.61,2026-04-25,2026-10-02
404,2026-07-22,2026-07,UK,Referral,Free,0,2026-07-22,,False,5,2,3,0,0,97.71,19.54,2026-08-27,2027-01-13
405,2026-06-28,2026-06,UK,Paid Ads,Pro,5000,2026-06-28,,False,28,9,11,4,4,360.12,12.86,2026-07-08,2026-12-24
406,2026-08-16,2026-08,USA,Organic,Free,0,2026-08-16,,False,27,8,6,4,9,513.3,19.01,2026-08-23,2027-02-11
407,2026-09-05,2026-09,India,Organic,Free,0,2026-09-05,,False,10,3,4,2,1,108.55,10.86,2026-10-02,2027-02-18
408,2026-06-12,2026-06,USA,Referral,Pro,5000,2026-06-12,,False,17,3,5,3,6,201.71,11.87,2026-06-18,2026-12-03
409,2026-03-05,2026-03,India,Paid Ads,Free,0,2026-03-05,2026-07-28,True,13,3,5,4,1,192.92,14.84,2026-03-29,2026-08-25
410,2026-06-29,2026-06,Germany,Paid Ads,Pro,5000,2026-06-29,,False,12,0,2,5,5,154.89,12.91,2026-07-08,2026-12-22
411,2026-07-22,2026-07,UK,Paid Ads,Pro,5000,2026-07-22,,False,18,4,3,5,6,253.02,14.06,2026-09-16,2027-01-11
412,2026-09-06,2026-09,USA,Paid Ads,Pro,5000,2026-09-06,,False,18,5,4,5,4,293.95,16.33,2026-10-01,2027-02-25
413,2026-02-07,2026-02,UK,Organic,Free,0,2026-02-07,2026-03-17,True,8,2,1,3,2,151.23,18.9,2026-02-13,2026-08-04
414,2026-06-27,2026-06,Germany,Paid Ads,Pro,5000,2026-06-27,2026-10-21,True,11,1,2,6,2,216.3,19.66,2026-07-31,2026-12-06
415,2026-11-24,2026-11,India,Paid Ads,Free,0,2026-11-24,,False,8,4,1,1,2,129.22,16.15,2026-11-26,2027-05-19
416,2026-05-24,2026-05,Germany,Paid Ads,Basic,2000,2026-05-24,,False,9,1,4,3,1,115.63,12.85,2026-06-17,2026-11-19
417,2026-03-09,2026-03,Germany,Organic,Free,0,2026-03-09,,False,27,5,11,3,8,384.84,14.25,2026-03-27,2026-08-28
418,2026-07-20,2026-07,UK,Referral,Basic,2000,2026-07-20,,False,26,15,5,4,2,364.48,14.02,2026-08-04,2027-01-12
419,2026-10-24,2026-10,India,Paid Ads,Free,0,2026-10-24,,False,12,1,1,5,5,209.62,17.47,2026-12-02,2027-04-05
420,2026-08-03,2026-08,Germany,Paid Ads,Free,0,2026-08-03,2026-11-03,True,20,1,7,8,4,349.28,17.46,2026-08-06,2027-01-27
421,2026-12-15,2026-12,USA,Organic,Pro,5000,2026-12-15,,False,5,1,2,1,1,52.06,10.41,2027-03-05,2027-06-08
422,2026-11-22,2026-11,UK,Organic,Pro,5000,2026-11-22,2027-05-19,True,23,4,7,6,6,374.13,16.27,2026-11-28,2027-05-14
423,2026-03-30,2026-03,Germany,Referral,Basic,2000,2026-03-30,2026-06-04,True,24,8,5,4,7,384.78,16.03,2026-04-04,2026-09-20
424,2026-09-09,2026-09,India,Referral,Free,0,2026-09-09,,False,19,5,3,7,4,314.44,16.55,2026-09-14,2027-03-04
425,2026-02-13,2026-02,UK,Organic,Free,0,2026-02-13,,False,20,5,7,5,3,344.75,17.24,2026-02-23,2026-08-11
426,2026-10-24,2026-10,India,Organic,Basic,2000,2026-10-24,,False,12,5,3,2,2,177.05,14.75,2026-12-06,2027-04-04
427,2026-04-12,2026-04,UK,Paid Ads,Pro,5000,2026-04-12,,False,28,7,8,5,8,397.72,14.2,2026-04-14,2026-10-07
428,2026-10-08,2026-10,USA,Referral,Basic,2000,2026-10-08,,False,18,2,3,5,8,280.77,15.6,2026-10-09,2027-04-01
429,2026-03-05,2026-03,Germany,Referral,Free,0,2026-03-05,,False,26,5,5,6,10,387.13,14.89,2026-03-07,2026-08-29
430,2026-04-08,2026-04,India,Organic,Free,0,2026-04-08,,False,28,6,4,11,7,341.22,12.19,2026-04-11,2026-09-28
431,2026-08-22,2026-08,USA,Paid Ads,Basic,2000,2026-08-22,,False,19,3,7,5,4,324.6,17.08,2026-09-02,2027-02-02
432,2026-12-31,2026-12,USA,Referral,Pro,5000,2026-12-31,,False,16,2,2,6,6,251.31,15.71,2027-01-02,2027-06-22
433,2026-07-26,2026-07,USA,Referral,Free,0,2026-07-26,2026-09-29,True,14,5,2,6,1,198.49,14.18,2026-07-30,2027-01-02
434,2026-09-18,2026-09,UK,Paid Ads,Free,0,2026-09-18,2027-02-01,True,29,6,10,7,6,441.77,15.23,2026-09-30,2027-03-08
435,2026-04-04,2026-04,India,Organic,Pro,5000,2026-04-04,2026-07-03,True,15,4,3,7,1,261.8,17.45,2026-04-04,2026-09-11
436,2026-11-06,2026-11,India,Paid Ads,Pro,5000,2026-11-06,,False,21,4,6,3,8,348.83,16.61,2026-11-10,2027-04-29
437,2026-11-22,2026-11,India,Referral,Pro,5000,2026-11-22,,False,25,5,3,7,10,385.34,15.41,2026-11-28,2027-05-14
438,2026-05-26,2026-05,USA,Paid Ads,Basic,2000,2026-05-26,,False,16,3,6,5,2,311.34,19.46,2026-06-07,2026-11-09
439,2026-09-07,2026-09,India,Referral,Pro,5000,2026-09-07,,False,29,8,9,5,7,434.48,14.98,2026-09-12,2027-03-03
440,2026-02-28,2026-02,UK,Organic,Pro,5000,2026-02-28,2026-05-24,True,17,4,4,6,3,280.31,16.49,2026-03-04,2026-08-11
441,2026-08-21,2026-08,UK,Referral,Free,0,2026-08-21,,False,22,7,6,6,3,325.66,14.8,2026-08-21,2027-02-08
442,2026-04-05,2026-04,UK,Referral,Pro,5000,2026-04-05,,False,13,3,3,4,3,235.28,18.1,2026-04-08,2026-09-28
443,2026-03-24,2026-03,UK,Referral,Pro,5000,2026-03-24,,False,29,6,7,7,9,499.01,17.21,2026-03-26,2026-09-17
444,2026-09-27,2026-09,USA,Organic,Free,0,2026-09-27,,False,11,3,3,2,3,187.99,17.09,2026-10-16,2027-02-07
445,2026-10-15,2026-10,India,Referral,Free,0,2026-10-15,,False,9,1,3,1,4,145.38,16.15,2026-10-25,2027-03-01
446,2026-10-19,2026-10,USA,Organic,Pro,5000,2026-10-19,,False,24,5,7,6,6,446.29,18.6,2026-11-11,2027-04-13
447,2026-01-27,2026-01,USA,Paid Ads,Free,0,2026-01-27,,False,8,2,2,2,2,154.25,19.28,2026-03-14,2026-04-25
448,2026-07-15,2026-07,India,Paid Ads,Basic,2000,2026-07-15,,False,8,1,0,4,3,141.17,17.65,2026-08-08,2026-11-17
449,2026-01-27,2026-01,India,Referral,Free,0,2026-01-27,2026-06-08,True,23,8,7,4,4,377.36,16.41,2026-01-27,2026-07-25
450,2026-11-26,2026-11,India,Organic,Free,0,2026-11-26,,False,13,5,1,4,3,200.62,15.43,2026-12-05,2027-05-02
451,2026-04-15,2026-04,India,Paid Ads,Free,0,2026-04-15,,False,15,5,4,2,4,327.3,21.82,2026-05-24,2026-09-28
452,2026-02-27,2026-02,Germany,Paid Ads,Free,0,2026-02-27,,False,15,2,3,9,1,213.5,14.23,2026-03-03,2026-08-16
453,2026-01-25,2026-01,India,Paid Ads,Free,0,2026-01-25,,False,5,3,1,0,1,84.07,16.81,2026-02-18,2026-07-17
454,2026-05-12,2026-05,Germany,Organic,Free,0,2026-05-12,2026-08-07,True,6,1,2,1,2,103.87,17.31,2026-05-16,2026-10-14
455,2026-11-04,2026-11,USA,Referral,Basic,2000,2026-11-04,,False,20,8,6,3,3,308.53,15.43,2026-11-08,2027-04-19
456,2026-10-21,2026-10,India,Referral,Pro,5000,2026-10-21,2027-02-08,True,13,2,4,4,3,184.37,14.18,2026-10-21,2027-04-07
457,2026-04-20,2026-04,India,Organic,Free,0,2026-04-20,2026-09-08,True,18,2,6,6,4,259.76,14.43,2026-04-23,2026-10-16
458,2026-12-18,2026-12,USA,Paid Ads,Free,0,2026-12-18,2027-04-24,True,21,7,7,4,3,347.75,16.56,2026-12-27,2027-06-13
459,2026-08-14,2026-08,Germany,Organic,Pro,5000,2026-08-14,,False,10,5,1,2,2,165.54,16.55,2026-08-30,2027-01-27
460,2026-05-15,2026-05,UK,Paid Ads,Pro,5000,2026-05-15,2026-08-18,True,8,3,1,2,2,144.18,18.02,2026-06-07,2026-11-03
461,2026-03-05,2026-03,India,Organic,Free,0,2026-03-05,,False,16,10,2,2,2,275.23,17.2,2026-03-08,2026-08-01
462,2026-10-28,2026-10,India,Paid Ads,Pro,5000,2026-10-28,,False,27,3,10,9,5,343.8,12.73,2026-10-29,2027-04-24
463,2026-04-21,2026-04,USA,Paid Ads,Free,0,2026-04-21,,False,13,3,4,5,1,206.96,15.92,2026-05-05,2026-10-13
464,2026-09-21,2026-09,India,Referral,Basic,2000,2026-09-21,2027-01-25,True,8,2,3,0,3,87.34,10.92,2026-11-25,2027-03-03
465,2026-11-22,2026-11,UK,Organic,Pro,5000,2026-11-22,,False,24,5,8,4,7,363.15,15.13,2026-11-25,2027-05-17
466,2026-10-30,2026-10,Germany,Referral,Basic,2000,2026-10-30,,False,22,3,8,7,4,344.51,15.66,2026-10-30,2027-04-25
467,2026-03-07,2026-03,UK,Referral,Free,0,2026-03-07,,False,20,4,9,2,5,313.95,15.7,2026-03-18,2026-09-01
468,2026-03-02,2026-03,USA,Organic,Free,0,2026-03-02,2026-07-12,True,14,5,0,3,6,213.46,15.25,2026-03-20,2026-07-29
469,2026-08-01,2026-08,USA,Referral,Basic,2000,2026-08-01,,False,27,10,7,5,5,415.77,15.4,2026-08-02,2027-01-24
470,2026-08-13,2026-08,USA,Referral,Free,0,2026-08-13,,False,15,4,5,3,3,161.79,10.79,2026-08-15,2027-01-31
471,2026-06-01,2026-06,Germany,Paid Ads,Pro,5000,2026-06-01,2026-08-04,True,10,2,4,0,4,145.73,14.57,2026-06-15,2026-11-23
472,2026-06-25,2026-06,USA,Referral,Free,0,2026-06-25,,False,15,4,5,4,2,215.6,14.37,2026-07-05,2026-12-09
473,2026-04-13,2026-04,India,Organic,Pro,5000,2026-04-13,2026-08-02,True,12,2,5,3,2,193.24,16.1,2026-05-17,2026-09-10
474,2026-11-21,2026-11,India,Organic,Free,0,2026-11-21,,False,22,7,5,6,4,313.31,14.24,2026-11-22,2027-05-17
475,2026-03-14,2026-03,India,Paid Ads,Free,0,2026-03-14,,False,17,2,7,6,2,260.14,15.3,2026-03-18,2026-09-04
476,2026-05-17,2026-05,USA,Paid Ads,Basic,2000,2026-05-17,2026-10-06,True,21,5,4,5,7,324.07,15.43,2026-05-17,2026-11-12
477,2026-12-24,2026-12,India,Paid Ads,Free,0,2026-12-24,2027-03-20,True,18,9,2,1,6,322.43,17.91,2026-12-24,2027-06-18
478,2026-03-01,2026-03,India,Organic,Free,0,2026-03-01,,False,23,6,4,5,8,372.87,16.21,2026-03-02,2026-08-27
479,2026-10-10,2026-10,UK,Referral,Pro,5000,2026-10-10,,False,23,8,6,5,4,338.96,14.74,2026-10-22,2027-04-07
480,2026-08-19,2026-08,USA,Organic,Free,0,2026-08-19,2026-11-15,True,16,2,4,7,3,255.95,16.0,2026-09-01,2027-01-24
481,2026-08-13,2026-08,Germany,Organic,Basic,2000,2026-08-13,,False,6,0,2,1,3,69.85,11.64,2026-09-10,2027-01-30
482,2026-03-13,2026-03,USA,Paid Ads,Pro,5000,2026-03-13,2026-07-03,True,7,0,4,2,1,111.52,15.93,2026-04-01,2026-08-26
483,2026-12-03,2026-12,Germany,Paid Ads,Free,0,2026-12-03,2027-03-27,True,18,8,5,1,4,290.78,16.15,2026-12-05,2027-05-25
484,2026-03-02,2026-03,Germany,Referral,Basic,2000,2026-03-02,,False,10,4,1,2,3,162.68,16.27,2026-03-28,2026-08-26
485,2026-03-21,2026-03,USA,Paid Ads,Free,0,2026-03-21,2026-05-22,True,22,3,7,7,5,321.02,14.59,2026-03-21,2026-09-15
486,2026-10-09,2026-10,Germany,Paid Ads,Pro,5000,2026-10-09,2027-02-18,True,24,7,3,12,2,346.3,14.43,2026-10-11,2027-03-22
487,2026-10-27,2026-10,UK,Paid Ads,Basic,2000,2026-10-27,2027-04-09,True,26,6,5,9,6,433.57,16.68,2026-11-03,2027-04-21
488,2026-03-30,2026-03,UK,Referral,Free,0,2026-03-30,2026-05-25,True,9,1,3,4,1,145.94,16.22,2026-05-12,2026-08-04
489,2026-11-27,2026-11,USA,Referral,Basic,2000,2026-11-27,,False,27,8,9,6,4,389.12,14.41,2026-12-04,2027-05-15
490,2026-06-03,2026-06,UK,Referral,Basic,2000,2026-06-03,,False,23,6,6,4,7,307.06,13.35,2026-06-09,2026-11-20
491,2026-08-07,2026-08,UK,Paid Ads,Free,0,2026-08-07,,False,19,2,6,4,7,286.01,15.05,2026-08-10,2027-01-11
492,2026-07-03,2026-07,India,Organic,Basic,2000,2026-07-03,,False,17,3,5,7,2,256.29,15.08,2026-07-12,2026-12-27
493,2026-08-27,2026-08,Germany,Referral,Free,0,2026-08-27,,False,16,4,2,3,7,220.42,13.78,2026-08-30,2027-02-11
494,2026-01-10,2026-01,USA,Referral,Free,0,2026-01-10,,False,29,6,8,8,7,456.66,15.75,2026-01-19,2026-07-07
495,2026-08-08,2026-08,Germany,Referral,Free,0,2026-08-08,,False,17,7,7,3,0,236.44,13.91,2026-08-24,2027-01-15
496,2026-11-01,2026-11,India,Referral,Pro,5000,2026-11-01,,False,12,4,2,2,4,191.55,15.96,2026-11-15,2027-04-11
497,2026-11-18,2026-11,India,Organic,Basic,2000,2026-11-18,,False,9,3,1,2,3,172.53,19.17,2026-12-26,2027-04-27
498,2026-04-15,2026-04,Germany,Referral,Free,0,2026-04-15,,False,25,4,11,6,4,421.26,16.85,2026-04-20,2026-10-10
499,2026-05-27,2026-05,UK,Paid Ads,Basic,2000,2026-05-27,,False,28,9,7,2,10,424.49,15.16,2026-06-01,2026-11-15
500,2026-08-13,2026-08,India,Organic,Free,0,2026-08-13,,False,20,2,10,4,4,281.31,14.07,2026-08-15,2027-02-02
501,2026-04-19,2026-04,UK,Paid Ads,Free,0,2026-04-19,2026-09-22,True,20,3,5,10,2,330.29,16.51,2026-04-26,2026-10-08
502,2026-11-03,2026-11,Germany,Paid Ads,Free,0,2026-11-03,,False,21,7,3,6,5,411.3,19.59,2026-11-09,2027-04-20
503,2026-12-18,2026-12,UK,Referral,Pro,5000,2026-12-18,,False,6,2,2,2,0,75.34,12.56,2026-12-27,2027-04-18
504,2026-10-23,2026-10,USA,Paid Ads,Free,0,2026-10-23,,False,11,4,1,5,1,191.56,17.41,2026-10-25,2027-04-10
505,2026-01-22,2026-01,Germany,Paid Ads,Pro,5000,2026-01-22,,False,8,1,2,4,1,104.1,13.01,2026-03-22,2026-07-09
506,2026-02-19,2026-02,Germany,Paid Ads,Free,0,2026-02-19,,False,6,0,4,0,2,79.69,13.28,2026-04-04,2026-07-24
507,2026-01-03,2026-01,Germany,Paid Ads,Basic,2000,2026-01-03,2026-03-21,True,17,5,3,5,4,245.62,14.45,2026-01-18,2026-06-17
508,2026-02-24,2026-02,Germany,Organic,Basic,2000,2026-02-24,,False,9,6,0,2,1,124.75,13.86,2026-03-05,2026-08-16
509,2026-10-30,2026-10,USA,Paid Ads,Free,0,2026-10-30,,False,5,1,2,0,2,75.91,15.18,2026-12-17,2027-04-10
510,2026-12-20,2026-12,India,Organic,Free,0,2026-12-20,2027-04-16,True,19,3,4,6,6,266.73,14.04,2026-12-25,2027-06-14
511,2026-04-06,2026-04,UK,Paid Ads,Pro,5000,2026-04-06,,False,21,6,7,3,5,269.96,12.86,2026-04-12,2026-09-22
512,2026-11-01,2026-11,India,Paid Ads,Free,0,2026-11-01,2027-03-23,True,17,4,3,5,5,329.04,19.36,2026-11-03,2027-04-24
513,2026-12-14,2026-12,India,Paid Ads,Basic,2000,2026-12-14,,False,19,7,1,7,4,284.96,15.0,2027-01-22,2027-05-28
514,2026-01-06,2026-01,UK,Paid Ads,Free,0,2026-01-06,,False,13,5,2,2,4,173.24,13.33,2026-01-11,2026-07-04
515,2026-07-06,2026-07,Germany,Organic,Basic,2000,2026-07-06,2026-11-22,True,17,3,5,6,3,253.16,14.89,2026-07-06,2026-12-28
516,2026-01-09,2026-01,UK,Referral,Free,0,2026-01-09,2026-02-12,True,15,5,2,6,2,279.65,18.64,2026-01-24,2026-07-07
517,2026-05-10,2026-05,Germany,Paid Ads,Pro,5000,2026-05-10,,False,27,6,11,7,3,446.32,16.53,2026-05-10,2026-10-28
518,2026-03-25,2026-03,USA,Paid Ads,Pro,5000,2026-03-25,,False,11,2,4,2,3,157.6,14.33,2026-04-04,2026-09-14
519,2026-08-02,2026-08,USA,Organic,Basic,2000,2026-08-02,2026-11-14,True,5,2,1,0,2,94.0,18.8,2026-09-11,2026-11-16
520,2026-06-26,2026-06,Germany,Referral,Basic,2000,2026-06-26,,False,22,4,6,9,3,359.37,16.34,2026-07-13,2026-12-13
521,2026-03-21,2026-03,India,Organic,Pro,5000,2026-03-21,2026-06-09,True,24,3,5,6,10,425.68,17.74,2026-03-24,2026-08-27
522,2026-07-22,2026-07,Germany,Organic,Basic,2000,2026-07-22,,False,15,2,2,3,8,230.12,15.34,2026-07-29,2026-12-23
523,2026-10-20,2026-10,USA,Organic,Free,0,2026-10-20,,False,27,7,7,7,6,473.26,17.53,2026-10-28,2027-04-17
524,2026-06-24,2026-06,UK,Organic,Free,0,2026-06-24,2026-09-06,True,21,6,5,7,3,312.82,14.9,2026-07-24,2026-12-20
525,2026-04-17,2026-04,UK,Organic,Free,0,2026-04-17,2026-08-18,True,21,5,4,6,6,333.96,15.9,2026-04-18,2026-10-12
526,2026-01-01,2026-01,Germany,Paid Ads,Pro,5000,2026-01-01,2026-06-22,True,27,7,5,9,6,357.6,13.24,2026-01-07,2026-06-21
527,2026-08-14,2026-08,USA,Referral,Pro,5000,2026-08-14,2026-12-29,True,14,5,4,2,3,162.15,11.58,2026-08-25,2027-01-25
528,2026-12-10,2026-12,Germany,Organic,Basic,2000,2026-12-10,2027-03-24,True,17,6,4,4,3,257.58,15.15,2026-12-19,2027-05-29
529,2026-01-14,2026-01,Germany,Paid Ads,Free,0,2026-01-14,2026-05-22,True,14,3,7,1,3,230.76,16.48,2026-01-21,2026-07-02
530,2026-04-11,2026-04,India,Referral,Free,0,2026-04-11,,False,19,4,8,4,3,259.11,13.64,2026-04-25,2026-09-24
531,2026-03-02,2026-03,UK,Organic,Free,0,2026-03-02,2026-05-17,True,23,6,5,6,6,296.45,12.89,2026-03-11,2026-08-23
532,2026-08-25,2026-08,UK,Paid Ads,Free,0,2026-08-25,,False,5,1,1,1,2,72.45,14.49,2026-09-20,2027-01-19
533,2026-03-22,2026-03,USA,Organic,Basic,2000,2026-03-22,,False,6,2,1,2,1,119.81,19.97,2026-04-03,2026-09-15
534,2026-06-19,2026-06,India,Referral,Free,0,2026-06-19,,False,8,1,1,3,3,171.43,21.43,2026-07-22,2026-12-03
535,2026-02-02,2026-02,Germany,Organic,Free,0,2026-02-02,,False,16,5,3,6,2,199.84,12.49,2026-02-16,2026-07-03
536,2026-07-29,2026-07,India,Paid Ads,Free,0,2026-07-29,,False,17,2,6,1,8,249.93,14.7,2026-08-25,2027-01-23
537,2026-06-20,2026-06,India,Organic,Basic,2000,2026-06-20,2026-07-28,True,27,6,2,14,5,432.64,16.02,2026-06-28,2026-12-08
538,2026-01-16,2026-01,USA,Paid Ads,Free,0,2026-01-16,,False,6,3,1,0,2,129.84,21.64,2026-04-04,2026-06-13
539,2026-12-14,2026-12,USA,Referral,Free,0,2026-12-14,2027-03-02,True,29,8,10,4,7,437.96,15.1,2026-12-14,2027-06-11
540,2026-03-03,2026-03,Germany,Referral,Free,0,2026-03-03,2026-07-12,True,26,5,7,5,9,400.28,15.4,2026-03-05,2026-08-21
541,2026-01-24,2026-01,Germany,Organic,Basic,2000,2026-01-24,,False,27,3,4,10,10,426.31,15.79,2026-01-24,2026-07-17
542,2026-04-22,2026-04,UK,Referral,Basic,2000,2026-04-22,,False,24,9,5,3,7,314.43,13.1,2026-05-03,2026-10-10
543,2026-10-14,2026-10,Germany,Organic,Basic,2000,2026-10-14,2027-03-13,True,16,6,3,5,2,286.28,17.89,2026-10-17,2027-03-29
544,2026-02-19,2026-02,India,Paid Ads,Free,0,2026-02-19,,False,12,5,1,2,4,174.65,14.55,2026-02-24,2026-08-14
545,2026-05-15,2026-05,Germany,Referral,Basic,2000,2026-05-15,,False,29,7,5,8,9,464.55,16.02,2026-05-18,2026-10-19
546,2026-09-14,2026-09,Germany,Paid Ads,Pro,5000,2026-09-14,2027-01-05,True,20,4,6,6,4,284.49,14.22,2026-09-19,2027-03-11
547,2026-03-19,2026-03,UK,Organic,Basic,2000,2026-03-19,,False,14,2,3,8,1,201.89,14.42,2026-04-06,2026-09-04
548,2026-01-29,2026-01,USA,Organic,Pro,5000,2026-01-29,,False,9,2,1,2,4,119.92,13.32,2026-03-12,2026-07-16
549,2026-03-06,2026-03,UK,Organic,Pro,5000,2026-03-06,,False,18,6,5,4,3,274.13,15.23,2026-03-30,2026-08-29
550,2026-05-02,2026-05,UK,Referral,Basic,2000,2026-05-02,,False,24,8,5,6,5,429.99,17.92,2026-05-06,2026-10-07
551,2026-08-03,2026-08,USA,Organic,Pro,5000,2026-08-03,,False,13,1,6,2,4,184.96,14.23,2026-09-02,2027-01-27
552,2026-04-01,2026-04,Germany,Organic,Pro,5000,2026-04-01,2026-05-04,True,25,8,5,7,5,389.69,15.59,2026-04-09,2026-09-14
553,2026-11-30,2026-11,USA,Paid Ads,Pro,5000,2026-11-30,,False,14,6,3,4,1,173.48,12.39,2026-12-16,2027-05-26
554,2026-11-06,2026-11,USA,Organic,Basic,2000,2026-11-06,,False,24,7,4,7,6,337.75,14.07,2026-11-08,2027-04-29
555,2026-11-18,2026-11,USA,Organic,Free,0,2026-11-18,,False,27,7,7,8,5,341.06,12.63,2026-12-02,2027-05-15
556,2026-11-24,2026-11,Germany,Paid Ads,Free,0,2026-11-24,,False,20,7,3,7,3,335.56,16.78,2026-12-04,2027-05-14
557,2026-04-14,2026-04,UK,Organic,Basic,2000,2026-04-14,,False,23,4,5,5,9,363.28,15.79,2026-04-21,2026-10-09
558,2026-08-15,2026-08,UK,Organic,Free,0,2026-08-15,,False,20,8,4,5,3,303.46,15.17,2026-08-18,2027-02-08
559,2026-11-08,2026-11,UK,Referral,Basic,2000,2026-11-08,,False,7,1,1,2,3,114.17,16.31,2026-12-14,2027-04-26
560,2026-02-20,2026-02,India,Organic,Pro,5000,2026-02-20,2026-07-23,True,14,6,3,2,3,301.63,21.54,2026-03-16,2026-08-15
561,2026-03-23,2026-03,Germany,Referral,Free,0,2026-03-23,2026-06-20,True,9,1,1,2,5,130.05,14.45,2026-04-20,2026-09-13
562,2026-04-02,2026-04,UK,Referral,Basic,2000,2026-04-02,,False,21,3,4,9,5,352.98,16.81,2026-04-06,2026-09-22
563,2026-11-29,2026-11,India,Organic,Pro,5000,2026-11-29,2027-02-20,True,28,5,6,11,6,437.7,15.63,2026-11-29,2027-05-08
564,2026-11-30,2026-11,Germany,Paid Ads,Basic,2000,2026-11-30,,False,14,2,2,4,6,228.28,16.31,2026-12-22,2027-03-31
565,2026-12-08,2026-12,Germany,Referral,Basic,2000,2026-12-08,,False,18,3,4,4,7,306.68,17.04,2027-01-08,2027-06-04
566,2026-03-13,2026-03,Germany,Paid Ads,Pro,5000,2026-03-13,2026-06-14,True,11,3,3,1,4,144.24,13.11,2026-03-22,2026-08-16
567,2026-08-04,2026-08,Germany,Paid Ads,Free,0,2026-08-04,,False,10,5,0,3,2,184.75,18.48,2026-08-09,2026-12-12
568,2026-10-06,2026-10,India,Paid Ads,Basic,2000,2026-10-06,2027-01-14,True,20,7,3,6,4,334.05,16.7,2026-10-09,2027-03-30
569,2026-04-23,2026-04,Germany,Referral,Basic,2000,2026-04-23,,False,25,8,6,5,6,400.32,16.01,2026-05-04,2026-10-14
570,2026-04-29,2026-04,Germany,Organic,Free,0,2026-04-29,2026-10-23,True,22,3,4,5,10,350.15,15.92,2026-05-18,2026-10-17
571,2026-04-24,2026-04,Germany,Referral,Basic,2000,2026-04-24,,False,20,7,5,3,5,267.57,13.38,2026-04-28,2026-09-23
572,2026-05-02,2026-05,India,Paid Ads,Basic,2000,2026-05-02,2026-08-04,True,6,2,2,1,1,107.22,17.87,2026-06-25,2026-10-17
573,2026-11-04,2026-11,India,Referral,Free,0,2026-11-04,,False,10,3,1,2,4,171.66,17.17,2026-11-04,2027-04-29
574,2026-09-02,2026-09,India,Referral,Basic,2000,2026-09-02,2026-10-10,True,25,6,5,6,8,408.11,16.32,2026-09-07,2027-02-19
575,2026-07-31,2026-07,UK,Referral,Free,0,2026-07-31,,False,21,7,4,8,2,290.2,13.82,2026-08-03,2027-01-08
576,2026-12-30,2026-12,USA,Paid Ads,Pro,5000,2026-12-30,,False,10,3,2,2,3,124.25,12.42,2027-01-20,2027-06-26
577,2026-02-27,2026-02,UK,Referral,Basic,2000,2026-02-27,,False,24,6,6,6,6,346.28,14.43,2026-03-07,2026-08-24
578,2026-08-08,2026-08,UK,Organic,Free,0,2026-08-08,,False,11,3,0,3,5,128.13,11.65,2026-08-31,2027-01-09
579,2026-08-28,2026-08,India,Referral,Free,0,2026-08-28,,False,6,1,3,1,1,80.53,13.42,2026-09-03,2027-01-12
580,2026-05-28,2026-05,UK,Referral,Free,0,2026-05-28,2026-07-10,True,10,2,4,1,3,180.42,18.04,2026-06-02,2026-11-14
581,2026-08-23,2026-08,Germany,Organic,Pro,5000,2026-08-23,2026-12-25,True,10,3,3,2,2,107.46,10.75,2026-09-10,2027-02-01
582,2026-05-29,2026-05,Germany,Referral,Basic,2000,2026-05-29,,False,12,4,2,4,2,179.47,14.96,2026-06-07,2026-11-18
583,2026-03-12,2026-03,India,Referral,Free,0,2026-03-12,2026-08-17,True,23,5,0,9,9,344.63,14.98,2026-03-23,2026-09-04
584,2026-01-02,2026-01,Germany,Referral,Basic,2000,2026-01-02,2026-04-01,True,16,4,5,5,2,246.07,15.38,2026-01-02,2026-06-27
585,2026-03-05,2026-03,India,Paid Ads,Pro,5000,2026-03-05,,False,27,7,8,6,6,426.21,15.79,2026-03-09,2026-08-28
586,2026-11-18,2026-11,India,Organic,Basic,2000,2026-11-18,,False,20,7,7,1,5,286.14,14.31,2026-11-18,2027-05-14
587,2026-07-06,2026-07,USA,Referral,Basic,2000,2026-07-06,2026-09-03,True,29,7,6,9,7,352.79,12.17,2026-07-15,2027-01-01
588,2026-06-21,2026-06,India,Referral,Free,0,2026-06-21,,False,20,6,5,4,5,356.71,17.84,2026-06-21,2026-12-11
589,2026-12-06,2026-12,USA,Referral,Free,0,2026-12-06,,False,14,5,1,5,3,283.12,20.22,2026-12-07,2027-04-29
590,2026-10-05,2026-10,UK,Referral,Basic,2000,2026-10-05,,False,13,7,1,2,3,199.17,15.32,2026-10-10,2027-03-30
591,2026-10-18,2026-10,India,Paid Ads,Free,0,2026-10-18,,False,19,8,4,5,2,244.65,12.88,2026-10-20,2027-04-07
592,2026-10-14,2026-10,USA,Paid Ads,Free,0,2026-10-14,,False,26,9,6,6,5,375.06,14.43,2026-10-18,2027-04-08
593,2026-08-28,2026-08,USA,Referral,Basic,2000,2026-08-28,,False,20,4,4,7,5,273.63,13.68,2026-09-09,2027-01-17
594,2026-03-18,2026-03,India,Paid Ads,Basic,2000,2026-03-18,,False,10,4,2,0,4,142.05,14.21,2026-03-20,2026-09-13
595,2026-03-27,2026-03,USA,Referral,Basic,2000,2026-03-27,,False,24,6,4,4,10,344.58,14.36,2026-04-03,2026-09-21
596,2026-11-18,2026-11,India,Referral,Basic,2000,2026-11-18,,False,15,4,3,3,5,196.21,13.08,2026-12-04,2027-05-12
597,2026-11-26,2026-11,UK,Organic,Free,0,2026-11-26,,False,18,3,4,6,5,256.4,14.24,2026-12-02,2027-05-21
598,2026-02-21,2026-02,UK,Referral,Free,0,2026-02-21,,False,15,0,8,4,3,250.71,16.71,2026-03-17,2026-08-08
599,2026-02-25,2026-02,Germany,Paid Ads,Pro,5000,2026-02-25,,False,11,0,5,3,3,251.74,22.89,2026-03-06,2026-07-24
600,2026-08-21,2026-08,India,Organic,Free,0,2026-08-21,,False,26,5,7,8,6,478.69,18.41,2026-08-24,2027-02-16
601,2026-12-15,2026-12,USA,Referral,Free,0,2026-12-15,2027-05-20,True,13,4,3,4,2,190.1,14.62,2027-01-19,2027-06-11
602,2026-09-30,2026-09,Germany,Paid Ads,Free,0,2026-09-30,,False,15,7,3,4,1,238.0,15.87,2026-10-09,2027-03-17
603,2026-06-23,2026-06,Germany,Paid Ads,Pro,5000,2026-06-23,2026-10-08,True,18,4,7,4,3,274.87,15.27,2026-07-08,2026-12-13
604,2026-08-06,2026-08,USA,Referral,Basic,2000,2026-08-06,,False,24,7,5,2,10,419.09,17.46,2026-08-12,2027-01-20
605,2026-07-10,2026-07,USA,Organic,Free,0,2026-07-10,,False,20,5,8,6,1,284.28,14.21,2026-07-16,2026-12-12
606,2026-04-18,2026-04,Germany,Paid Ads,Basic,2000,2026-04-18,,False,22,9,5,3,5,372.39,16.93,2026-04-29,2026-10-07
607,2026-11-07,2026-11,Germany,Referral,Pro,5000,2026-11-07,,False,15,3,4,3,5,189.82,12.65,2026-11-07,2027-04-30
608,2026-03-30,2026-03,Germany,Paid Ads,Pro,5000,2026-03-30,,False,12,1,2,4,5,195.14,16.26,2026-04-22,2026-09-25
609,2026-05-13,2026-05,India,Organic,Free,0,2026-05-13,2026-07-04,True,22,6,8,4,4,349.73,15.9,2026-05-26,2026-11-08
610,2026-05-12,2026-05,UK,Referral,Basic,2000,2026-05-12,2026-08-04,True,7,0,1,3,3,112.6,16.09,2026-07-15,2026-10-15
611,2026-02-24,2026-02,India,Referral,Free,0,2026-02-24,,False,27,7,6,9,5,446.53,16.54,2026-02-24,2026-08-21
612,2026-03-09,2026-03,UK,Paid Ads,Pro,5000,2026-03-09,,False,17,2,6,4,5,199.45,11.73,2026-03-11,2026-09-03
613,2026-07-08,2026-07,UK,Referral,Basic,2000,2026-07-08,,False,22,2,5,6,9,379.24,17.24,2026-07-18,2026-12-23
614,2026-11-21,2026-11,India,Referral,Basic,2000,2026-11-21,,False,29,8,7,9,5,504.32,17.39,2026-11-23,2027-05-07
615,2026-11-06,2026-11,India,Paid Ads,Pro,5000,2026-11-06,,False,6,2,1,2,1,105.91,17.65,2027-01-01,2027-03-21
616,2026-06-11,2026-06,India,Organic,Pro,5000,2026-06-11,2026-11-16,True,5,1,1,1,2,69.59,13.92,2026-09-13,2026-11-20
617,2026-12-31,2026-12,UK,Organic,Pro,5000,2026-12-31,,False,14,0,7,4,3,198.2,14.16,2027-01-18,2027-06-13
618,2026-08-08,2026-08,USA,Paid Ads,Free,0,2026-08-08,,False,8,4,0,0,4,102.18,12.77,2026-08-11,2026-12-17
619,2026-04-04,2026-04,UK,Referral,Free,0,2026-04-04,2026-05-15,True,21,6,2,6,7,351.04,16.72,2026-04-05,2026-09-27
620,2026-01-20,2026-01,UK,Paid Ads,Pro,5000,2026-01-20,2026-07-18,True,14,2,4,7,1,201.59,14.4,2026-01-26,2026-06-07
621,2026-06-04,2026-06,Germany,Referral,Pro,5000,2026-06-04,2026-11-02,True,23,3,4,7,9,377.59,16.42,2026-06-08,2026-11-24
622,2026-06-20,2026-06,India,Organic,Free,0,2026-06-20,2026-09-21,True,6,0,3,1,2,91.29,15.22,2026-06-27,2026-11-11
623,2026-09-07,2026-09,India,Paid Ads,Basic,2000,2026-09-07,2027-02-19,True,24,4,8,7,5,446.31,18.6,2026-09-07,2027-02-15
624,2026-10-04,2026-10,USA,Organic,Basic,2000,2026-10-04,,False,22,5,4,7,6,312.12,14.19,2026-10-26,2027-04-01
625,2026-07-09,2026-07,Germany,Organic,Free,0,2026-07-09,,False,25,5,6,7,7,425.72,17.03,2026-07-25,2026-12-29
626,2026-06-25,2026-06,UK,Paid Ads,Free,0,2026-06-25,2026-08-31,True,23,6,7,7,3,355.97,15.48,2026-06-29,2026-12-19
627,2026-10-31,2026-10,India,Organic,Free,0,2026-10-31,,False,8,1,1,2,4,152.27,19.03,2026-11-02,2027-04-06
628,2026-05-29,2026-05,Germany,Referral,Free,0,2026-05-29,,False,8,4,1,2,1,154.15,19.27,2026-06-10,2026-11-24
629,2026-02-27,2026-02,UK,Referral,Basic,2000,2026-02-27,2026-06-22,True,8,0,2,3,3,126.96,15.87,2026-03-25,2026-08-23
630,2026-06-18,2026-06,India,Referral,Pro,5000,2026-06-18,,False,15,3,6,6,0,282.1,18.81,2026-06-24,2026-12-06
631,2026-12-08,2026-12,India,Paid Ads,Basic,2000,2026-12-08,2027-04-10,True,10,2,4,2,2,175.05,17.51,2026-12-08,2027-04-29
632,2026-07-22,2026-07,UK,Paid Ads,Free,0,2026-07-22,2026-12-09,True,16,2,6,3,5,237.55,14.85,2026-07-25,2027-01-03
633,2026-03-05,2026-03,UK,Paid Ads,Basic,2000,2026-03-05,,False,10,1,1,5,3,143.51,14.35,2026-03-06,2026-08-19
634,2026-10-28,2026-10,USA,Paid Ads,Pro,5000,2026-10-28,,False,19,8,2,4,5,342.82,18.04,2026-11-13,2027-04-25
635,2026-06-18,2026-06,UK,Referral,Free,0,2026-06-18,2026-08-10,True,23,8,5,5,5,277.68,12.07,2026-06-20,2026-12-05
636,2026-02-27,2026-02,Germany,Organic,Basic,2000,2026-02-27,,False,25,6,6,10,3,509.8,20.39,2026-03-02,2026-08-24
637,2026-06-08,2026-06,USA,Referral,Free,0,2026-06-08,,False,13,5,0,4,4,202.49,15.58,2026-06-13,2026-11-28
638,2026-02-05,2026-02,UK,Organic,Free,0,2026-02-05,2026-08-01,True,9,1,1,3,4,128.12,14.24,2026-03-18,2026-07-13
639,2026-02-25,2026-02,USA,Organic,Basic,2000,2026-02-25,,False,18,5,2,4,7,232.83,12.93,2026-02-28,2026-08-20
640,2026-02-21,2026-02,Germany,Organic,Pro,5000,2026-02-21,,False,9,3,2,3,1,115.32,12.81,2026-03-01,2026-07-27
641,2026-03-20,2026-03,UK,Paid Ads,Pro,5000,2026-03-20,,False,15,3,3,7,2,228.7,15.25,2026-04-07,2026-09-11
642,2026-11-27,2026-11,Germany,Paid Ads,Free,0,2026-11-27,,False,29,12,2,7,8,412.66,14.23,2026-11-27,2027-05-25
643,2026-08-29,2026-08,India,Referral,Free,0,2026-08-29,,False,22,3,6,5,8,378.52,17.21,2026-08-29,2027-02-17
644,2026-01-15,2026-01,USA,Paid Ads,Basic,2000,2026-01-15,,False,26,10,5,7,4,379.17,14.58,2026-01-19,2026-07-13
645,2026-08-16,2026-08,India,Paid Ads,Basic,2000,2026-08-16,2027-02-01,True,24,6,5,9,4,428.77,17.87,2026-09-02,2027-01-02
646,2026-05-05,2026-05,UK,Organic,Basic,2000,2026-05-05,2026-06-17,True,15,6,1,3,5,224.77,14.98,2026-05-07,2026-10-29
647,2026-03-24,2026-03,Germany,Referral,Basic,2000,2026-03-24,,False,20,4,5,7,4,261.68,13.08,2026-04-09,2026-09-05
648,2026-12-09,2026-12,UK,Paid Ads,Free,0,2026-12-09,,False,27,3,10,5,9,429.41,15.9,2026-12-23,2027-06-06
649,2026-03-10,2026-03,India,Paid Ads,Free,0,2026-03-10,,False,8,1,3,2,2,95.79,11.97,2026-03-17,2026-08-27
650,2026-01-26,2026-01,India,Referral,Free,0,2026-01-26,,False,23,5,6,5,7,318.16,13.83,2026-01-29,2026-07-23
651,2026-01-02,2026-01,UK,Referral,Basic,2000,2026-01-02,,False,18,3,7,2,6,267.88,14.88,2026-01-12,2026-06-28
652,2026-12-31,2026-12,UK,Paid Ads,Pro,5000,2026-12-31,,False,26,5,10,4,7,376.85,14.49,2027-01-02,2027-06-23
653,2026-08-29,2026-08,UK,Organic,Free,0,2026-08-29,2026-12-09,True,21,9,5,2,5,303.84,14.47,2026-08-29,2027-02-20
654,2026-08-12,2026-08,USA,Paid Ads,Free,0,2026-08-12,2026-12-03,True,17,1,7,5,4,238.98,14.06,2026-08-15,2027-02-03
655,2026-05-02,2026-05,UK,Referral,Free,0,2026-05-02,,False,17,3,5,5,4,276.58,16.27,2026-05-02,2026-10-22
656,2026-09-05,2026-09,USA,Referral,Basic,2000,2026-09-05,,False,29,8,8,6,7,401.1,13.83,2026-09-05,2027-02-26
657,2026-10-25,2026-10,UK,Paid Ads,Pro,5000,2026-10-25,,False,14,2,6,2,4,225.59,16.11,2026-11-23,2027-04-15
658,2026-10-20,2026-10,India,Referral,Free,0,2026-10-20,,False,21,6,5,3,7,348.58,16.6,2026-10-30,2027-04-07
659,2026-02-25,2026-02,UK,Referral,Free,0,2026-02-25,,False,7,2,0,1,4,102.05,14.58,2026-02-28,2026-06-29
660,2026-09-28,2026-09,UK,Organic,Free,0,2026-09-28,2027-02-02,True,24,12,5,3,4,406.95,16.96,2026-10-05,2027-03-13
661,2026-09-07,2026-09,Germany,Paid Ads,Basic,2000,2026-09-07,,False,21,3,4,6,8,358.11,17.05,2026-09-19,2027-02-28
662,2026-09-08,2026-09,USA,Paid Ads,Basic,2000,2026-09-08,,False,23,9,6,4,4,366.52,15.94,2026-09-19,2027-03-01
663,2026-07-16,2026-07,Germany,Paid Ads,Basic,2000,2026-07-16,2027-01-02,True,25,7,1,6,11,379.92,15.2,2026-07-30,2027-01-11
664,2026-06-24,2026-06,India,Organic,Pro,5000,2026-06-24,,False,26,4,5,9,8,400.94,15.42,2026-06-26,2026-12-12
665,2026-07-03,2026-07,USA,Referral,Pro,5000,2026-07-03,,False,20,6,6,4,4,310.8,15.54,2026-07-03,2026-12-21
666,2026-11-26,2026-11,India,Paid Ads,Basic,2000,2026-11-26,2027-03-24,True,23,5,7,5,6,289.92,12.61,2026-11-30,2027-05-20
667,2026-12-07,2026-12,Germany,Referral,Pro,5000,2026-12-07,2027-04-18,True,19,6,6,5,2,273.46,14.39,2026-12-12,2027-05-25
668,2026-10-04,2026-10,UK,Organic,Basic,2000,2026-10-04,,False,13,3,3,6,1,225.04,17.31,2026-10-18,2027-03-29
669,2026-07-28,2026-07,UK,Paid Ads,Basic,2000,2026-07-28,,False,9,0,5,2,2,117.03,13.0,2026-07-30,2027-01-14
670,2026-10-10,2026-10,USA,Paid Ads,Free,0,2026-10-10,,False,15,2,9,3,1,155.65,10.38,2026-10-16,2027-03-19
671,2026-06-06,2026-06,Germany,Paid Ads,Free,0,2026-06-06,,False,24,3,11,3,7,334.05,13.92,2026-06-13,2026-11-28
672,2026-05-07,2026-05,USA,Paid Ads,Basic,2000,2026-05-07,2026-09-16,True,15,3,7,2,3,160.62,10.71,2026-05-24,2026-10-05
673,2026-11-14,2026-11,India,Paid Ads,Basic,2000,2026-11-14,,False,15,3,2,4,6,321.62,21.44,2026-11-18,2027-05-05
674,2026-03-04,2026-03,USA,Organic,Pro,5000,2026-03-04,,False,12,2,3,5,2,236.92,19.74,2026-04-02,2026-08-26
675,2026-06-10,2026-06,Germany,Paid Ads,Free,0,2026-06-10,2026-09-10,True,9,2,2,2,3,140.32,15.59,2026-06-14,2026-10-17
676,2026-12-19,2026-12,Germany,Organic,Basic,2000,2026-12-19,,False,29,5,6,7,11,440.81,15.2,2026-12-19,2027-06-09
677,2026-11-05,2026-11,Germany,Paid Ads,Pro,5000,2026-11-05,,False,19,1,8,3,7,261.67,13.77,2026-11-16,2027-04-12
678,2026-01-06,2026-01,UK,Organic,Basic,2000,2026-01-06,2026-04-29,True,13,4,3,3,3,216.67,16.67,2026-01-17,2026-07-04
679,2026-03-14,2026-03,USA,Referral,Basic,2000,2026-03-14,,False,13,1,4,1,7,244.78,18.83,2026-03-27,2026-09-08
680,2026-02-24,2026-02,India,Referral,Basic,2000,2026-02-24,2026-06-15,True,7,2,3,1,1,85.34,12.19,2026-04-22,2026-08-16
681,2026-08-10,2026-08,India,Paid Ads,Pro,5000,2026-08-10,2026-12-19,True,22,5,3,6,8,384.01,17.45,2026-08-10,2027-01-15
682,2026-03-22,2026-03,UK,Paid Ads,Basic,2000,2026-03-22,,False,14,4,2,4,4,188.34,13.45,2026-03-28,2026-09-10
683,2026-05-02,2026-05,UK,Paid Ads,Free,0,2026-05-02,,False,22,5,5,2,10,311.06,14.14,2026-05-02,2026-10-07
684,2026-01-06,2026-01,USA,Paid Ads,Pro,5000,2026-01-06,,False,12,2,6,2,2,213.74,17.81,2026-01-10,2026-06-28
685,2026-08-12,2026-08,UK,Organic,Free,0,2026-08-12,2026-12-28,True,15,5,2,5,3,267.15,17.81,2026-09-05,2027-01-20
686,2026-03-04,2026-03,Germany,Referral,Free,0,2026-03-04,,False,5,2,0,3,0,100.22,20.04,2026-03-18,2026-06-06
687,2026-01-06,2026-01,USA,Paid Ads,Free,0,2026-01-06,,False,19,4,5,6,4,251.49,13.24,2026-01-21,2026-07-01
688,2026-09-21,2026-09,USA,Organic,Pro,5000,2026-09-21,2026-11-24,True,12,3,5,0,4,153.63,12.8,2026-10-01,2027-03-15
689,2026-06-10,2026-06,UK,Organic,Free,0,2026-06-10,2026-09-24,True,29,11,4,10,4,458.0,15.79,2026-06-10,2026-11-30
690,2026-03-07,2026-03,Germany,Referral,Basic,2000,2026-03-07,2026-07-15,True,19,5,4,7,3,335.62,17.66,2026-03-12,2026-08-28
691,2026-07-12,2026-07,UK,Referral,Basic,2000,2026-07-12,,False,16,6,2,2,6,226.22,14.14,2026-08-03,2026-12-19
692,2026-11-23,2026-11,UK,Organic,Free,0,2026-11-23,,False,8,3,2,0,3,89.18,11.15,2026-11-30,2027-05-21
693,2026-11-20,2026-11,India,Paid Ads,Free,0,2026-11-20,,False,15,4,6,3,2,263.62,17.57,2026-11-28,2027-05-06
694,2026-10-11,2026-10,India,Organic,Free,0,2026-10-11,2026-12-01,True,12,1,0,6,5,182.63,15.22,2026-11-08,2027-04-05
695,2026-03-28,2026-03,Germany,Paid Ads,Basic,2000,2026-03-28,,False,13,7,2,2,2,172.47,13.27,2026-04-05,2026-09-20
696,2026-01-14,2026-01,Germany,Referral,Free,0,2026-01-14,2026-03-23,True,6,2,0,1,3,114.28,19.05,2026-01-24,2026-06-18
697,2026-12-19,2026-12,Germany,Paid Ads,Basic,2000,2026-12-19,,False,10,2,3,2,3,171.61,17.16,2027-01-01,2027-06-08
698,2026-12-08,2026-12,UK,Organic,Pro,5000,2026-12-08,,False,20,7,4,5,4,253.95,12.7,2026-12-15,2027-06-03
699,2026-01-27,2026-01,USA,Organic,Free,0,2026-01-27,,False,25,8,5,4,8,461.51,18.46,2026-01-27,2026-07-16
700,2026-02-14,2026-02,UK,Paid Ads,Basic,2000,2026-02-14,,False,15,6,5,2,2,236.17,15.74,2026-02-16,2026-08-07
701,2026-09-01,2026-09,Germany,Paid Ads,Free,0,2026-09-01,,False,11,2,4,1,4,191.23,17.38,2026-09-05,2027-02-11
702,2026-08-30,2026-08,Germany,Referral,Basic,2000,2026-08-30,,False,9,3,3,1,2,132.72,14.75,2026-09-28,2027-01-18
703,2026-07-22,2026-07,India,Referral,Free,0,2026-07-22,2027-01-09,True,9,2,3,4,0,129.98,14.44,2026-07-23,2026-11-24
704,2026-12-15,2026-12,Germany,Referral,Basic,2000,2026-12-15,2027-05-29,True,12,3,0,2,7,151.18,12.6,2027-01-28,2027-06-05
705,2026-06-11,2026-06,USA,Referral,Basic,2000,2026-06-11,,False,21,6,5,5,5,292.67,13.94,2026-06-27,2026-11-30
706,2026-12-12,2026-12,Germany,Organic,Free,0,2026-12-12,,False,11,4,3,2,2,167.69,15.24,2027-01-09,2027-06-09
707,2026-07-15,2026-07,USA,Paid Ads,Pro,5000,2026-07-15,,False,16,4,5,4,3,221.99,13.87,2026-07-26,2027-01-10
708,2026-01-29,2026-01,India,Referral,Free,0,2026-01-29,2026-04-28,True,8,5,2,1,0,110.18,13.77,2026-01-31,2026-07-22
709,2026-06-12,2026-06,UK,Referral,Free,0,2026-06-12,,False,7,1,2,1,3,118.66,16.95,2026-07-21,2026-11-29
710,2026-11-30,2026-11,UK,Paid Ads,Free,0,2026-11-30,,False,12,2,5,0,5,160.98,13.42,2026-11-30,2027-05-21
711,2026-06-03,2026-06,India,Paid Ads,Free,0,2026-06-03,,False,17,4,3,3,7,248.67,14.63,2026-06-03,2026-11-28
712,2026-12-15,2026-12,USA,Organic,Free,0,2026-12-15,2027-03-30,True,10,1,1,3,5,143.84,14.38,2026-12-22,2027-05-24
713,2026-02-13,2026-02,USA,Referral,Basic,2000,2026-02-13,,False,10,1,4,1,4,122.39,12.24,2026-03-02,2026-07-05
714,2026-12-09,2026-12,Germany,Paid Ads,Basic,2000,2026-12-09,2027-02-20,True,27,8,7,6,6,398.92,14.77,2026-12-13,2027-06-05
715,2026-11-02,2026-11,Germany,Paid Ads,Basic,2000,2026-11-02,2026-12-28,True,12,5,3,1,3,173.86,14.49,2026-11-09,2027-04-28
716,2026-02-05,2026-02,Germany,Referral,Basic,2000,2026-02-05,,False,13,6,4,2,1,231.1,17.78,2026-02-12,2026-07-25
717,2026-04-04,2026-04,USA,Paid Ads,Basic,2000,2026-04-04,2026-07-11,True,23,6,2,9,6,374.02,16.26,2026-04-05,2026-09-22
718,2026-02-15,2026-02,USA,Referral,Pro,5000,2026-02-15,,False,15,2,2,4,7,242.66,16.18,2026-02-16,2026-08-01
719,2026-04-13,2026-04,USA,Paid Ads,Basic,2000,2026-04-13,,False,15,5,1,2,7,219.88,14.66,2026-04-21,2026-10-02
720,2026-05-20,2026-05,USA,Paid Ads,Free,0,2026-05-20,2026-07-28,True,10,9,0,1,0,123.96,12.4,2026-05-23,2026-11-08
721,2026-02-18,2026-02,USA,Paid Ads,Basic,2000,2026-02-18,2026-04-16,True,11,3,0,4,4,222.93,20.27,2026-02-23,2026-08-11
722,2026-09-24,2026-09,Germany,Paid Ads,Free,0,2026-09-24,2027-01-15,True,27,10,4,6,7,385.76,14.29,2026-10-01,2027-03-18
723,2026-06-04,2026-06,Germany,Paid Ads,Free,0,2026-06-04,,False,6,3,1,2,0,103.9,17.32,2026-06-23,2026-11-30
724,2026-10-25,2026-10,USA,Organic,Basic,2000,2026-10-25,2027-02-21,True,13,5,4,2,2,205.71,15.82,2026-11-13,2027-04-14
725,2026-08-16,2026-08,Germany,Referral,Free,0,2026-08-16,,False,21,4,5,5,7,337.31,16.06,2026-08-21,2027-02-10
726,2026-09-09,2026-09,Germany,Referral,Basic,2000,2026-09-09,,False,6,2,0,2,2,77.09,12.85,2026-09-15,2027-03-03
727,2026-03-07,2026-03,UK,Organic,Free,0,2026-03-07,,False,13,5,0,3,5,228.9,17.61,2026-03-19,2026-08-22
728,2026-01-23,2026-01,Germany,Referral,Basic,2000,2026-01-23,,False,5,1,2,1,1,71.89,14.38,2026-02-07,2026-06-29
729,2026-03-22,2026-03,India,Referral,Free,0,2026-03-22,,False,21,6,6,3,6,342.17,16.29,2026-04-08,2026-09-13
730,2026-08-20,2026-08,India,Referral,Pro,5000,2026-08-20,,False,23,4,6,8,5,298.32,12.97,2026-09-25,2027-02-11
731,2026-09-07,2026-09,USA,Paid Ads,Pro,5000,2026-09-07,,False,23,15,2,2,4,350.26,15.23,2026-09-07,2027-02-22
732,2026-01-02,2026-01,Germany,Paid Ads,Basic,2000,2026-01-02,,False,12,3,3,4,2,195.02,16.25,2026-01-05,2026-05-31
733,2026-02-26,2026-02,India,Referral,Free,0,2026-02-26,2026-06-22,True,19,4,6,3,6,286.68,15.09,2026-03-17,2026-08-22
734,2026-05-16,2026-05,India,Paid Ads,Free,0,2026-05-16,,False,26,10,6,6,4,331.83,12.76,2026-05-23,2026-10-20
735,2026-04-30,2026-04,Germany,Referral,Free,0,2026-04-30,,False,5,1,1,0,3,109.92,21.98,2026-05-07,2026-10-19
736,2026-08-13,2026-08,India,Organic,Free,0,2026-08-13,,False,17,9,1,5,2,301.72,17.75,2026-08-29,2027-01-25
737,2026-09-24,2026-09,Germany,Organic,Free,0,2026-09-24,,False,13,5,3,2,3,203.56,15.66,2026-09-25,2027-02-26
738,2026-03-14,2026-03,India,Paid Ads,Free,0,2026-03-14,2026-05-24,True,14,6,3,3,2,250.44,17.89,2026-03-30,2026-09-08
739,2026-02-06,2026-02,UK,Organic,Free,0,2026-02-06,,False,24,6,5,4,9,381.69,15.9,2026-02-12,2026-07-21
740,2026-05-11,2026-05,India,Organic,Basic,2000,2026-05-11,,False,21,4,7,7,3,397.75,18.94,2026-05-15,2026-10-24
741,2026-01-10,2026-01,Germany,Organic,Pro,5000,2026-01-10,2026-02-28,True,21,8,4,6,3,288.44,13.74,2026-01-13,2026-07-07
742,2026-06-09,2026-06,Germany,Paid Ads,Free,0,2026-06-09,,False,26,6,8,8,4,399.14,15.35,2026-06-09,2026-11-26
743,2026-02-23,2026-02,USA,Organic,Basic,2000,2026-02-23,2026-07-13,True,26,5,4,10,7,406.3,15.63,2026-03-05,2026-08-13
744,2026-03-13,2026-03,UK,Organic,Basic,2000,2026-03-13,,False,16,4,7,3,2,226.67,14.17,2026-04-10,2026-09-07
745,2026-05-06,2026-05,USA,Paid Ads,Basic,2000,2026-05-06,,False,27,10,6,5,6,447.39,16.57,2026-05-22,2026-10-29
746,2026-05-15,2026-05,Germany,Organic,Pro,5000,2026-05-15,,False,18,4,3,4,7,310.27,17.24,2026-05-21,2026-10-19
747,2026-05-04,2026-05,USA,Organic,Pro,5000,2026-05-04,2026-09-08,True,7,3,2,1,1,109.75,15.68,2026-05-21,2026-08-17
748,2026-02-28,2026-02,USA,Organic,Free,0,2026-02-28,,False,24,4,11,5,4,337.36,14.06,2026-03-30,2026-08-23
749,2026-05-19,2026-05,USA,Paid Ads,Pro,5000,2026-05-19,,False,24,6,6,9,3,317.95,13.25,2026-06-18,2026-11-05
750,2026-02-22,2026-02,USA,Organic,Free,0,2026-02-22,2026-07-07,True,28,7,7,5,9,412.72,14.74,2026-02-27,2026-08-12
751,2026-03-14,2026-03,India,Paid Ads,Free,0,2026-03-14,,False,16,1,8,5,2,273.79,17.11,2026-03-14,2026-08-23
752,2026-08-28,2026-08,India,Referral,Free,0,2026-08-28,2026-12-29,True,7,1,3,3,0,111.18,15.88,2026-08-30,2027-02-13
753,2026-01-26,2026-01,USA,Referral,Basic,2000,2026-01-26,,False,24,7,5,8,4,302.6,12.61,2026-01-27,2026-07-14
754,2026-09-12,2026-09,UK,Referral,Basic,2000,2026-09-12,,False,29,8,10,6,5,504.67,17.4,2026-09-17,2027-03-05
755,2026-06-13,2026-06,India,Organic,Free,0,2026-06-13,,False,7,0,3,1,3,113.13,16.16,2026-06-14,2026-12-01
756,2026-10-08,2026-10,USA,Referral,Free,0,2026-10-08,,False,20,7,4,4,5,349.34,17.47,2026-10-16,2027-04-02
757,2026-05-27,2026-05,UK,Referral,Basic,2000,2026-05-27,,False,16,3,4,5,4,238.9,14.93,2026-06-21,2026-11-16
758,2026-10-28,2026-10,USA,Paid Ads,Basic,2000,2026-10-28,2027-04-24,True,8,2,2,3,1,142.24,17.78,2026-11-05,2027-02-14
759,2026-10-29,2026-10,USA,Referral,Free,0,2026-10-29,,False,24,5,5,8,6,334.31,13.93,2026-10-30,2027-04-13
760,2026-08-18,2026-08,USA,Paid Ads,Free,0,2026-08-18,,False,20,7,9,1,3,307.74,15.39,2026-08-27,2027-02-01
761,2026-04-04,2026-04,UK,Organic,Basic,2000,2026-04-04,,False,26,6,10,4,6,348.3,13.4,2026-04-11,2026-09-22
762,2026-10-19,2026-10,UK,Referral,Basic,2000,2026-10-19,,False,6,4,0,0,2,79.63,13.27,2026-10-20,2027-03-31
763,2026-12-20,2026-12,Germany,Organic,Free,0,2026-12-20,2027-02-21,True,20,6,4,2,8,335.43,16.77,2026-12-29,2027-06-05
764,2026-11-26,2026-11,Germany,Paid Ads,Free,0,2026-11-26,,False,18,2,4,5,7,273.09,15.17,2026-12-02,2027-05-11
765,2026-08-17,2026-08,UK,Referral,Free,0,2026-08-17,2026-10-04,True,28,7,9,5,7,374.24,13.37,2026-08-21,2027-02-04
766,2026-05-12,2026-05,USA,Referral,Basic,2000,2026-05-12,,False,12,4,1,4,3,199.96,16.66,2026-07-02,2026-11-04
767,2026-01-03,2026-01,Germany,Referral,Free,0,2026-01-03,,False,6,1,2,2,1,94.11,15.68,2026-03-02,2026-05-30
768,2026-12-11,2026-12,USA,Referral,Free,0,2026-12-11,,False,15,5,2,2,6,220.35,14.69,2026-12-12,2027-06-07
769,2026-10-22,2026-10,UK,Referral,Basic,2000,2026-10-22,,False,7,1,3,1,2,127.05,18.15,2026-11-06,2027-04-02
770,2026-01-17,2026-01,India,Paid Ads,Free,0,2026-01-17,,False,18,3,3,7,5,296.54,16.47,2026-02-17,2026-06-27
771,2026-06-13,2026-06,UK,Paid Ads,Free,0,2026-06-13,,False,18,5,4,5,4,312.39,17.36,2026-07-02,2026-11-23
772,2026-12-01,2026-12,USA,Organic,Pro,5000,2026-12-01,,False,28,8,8,6,6,547.34,19.55,2026-12-01,2027-05-11
773,2026-10-22,2026-10,USA,Organic,Pro,5000,2026-10-22,,False,25,5,6,8,6,367.0,14.68,2026-10-24,2027-04-18
774,2026-11-28,2026-11,Germany,Organic,Pro,5000,2026-11-28,,False,17,6,2,6,3,269.48,15.85,2026-12-19,2027-05-22
775,2026-08-26,2026-08,India,Paid Ads,Free,0,2026-08-26,,False,15,2,2,4,7,200.78,13.39,2026-09-08,2027-02-19
776,2026-08-22,2026-08,UK,Paid Ads,Free,0,2026-08-22,,False,6,1,2,0,3,96.96,16.16,2026-08-27,2027-01-23
777,2026-04-29,2026-04,USA,Referral,Basic,2000,2026-04-29,,False,14,4,3,4,3,174.58,12.47,2026-05-05,2026-09-09
778,2026-02-28,2026-02,USA,Referral,Free,0,2026-02-28,2026-06-08,True,7,1,1,3,2,114.31,16.33,2026-03-15,2026-08-26
779,2026-12-18,2026-12,UK,Organic,Pro,5000,2026-12-18,,False,14,3,3,2,6,249.2,17.8,2026-12-26,2027-06-14
780,2026-10-14,2026-10,USA,Paid Ads,Basic,2000,2026-10-14,,False,16,4,7,2,3,266.13,16.63,2026-10-28,2027-03-23
781,2026-07-04,2026-07,Germany,Paid Ads,Basic,2000,2026-07-04,,False,19,5,5,2,7,340.96,17.95,2026-07-04,2026-12-30
782,2026-06-08,2026-06,India,Organic,Basic,2000,2026-06-08,2026-08-23,True,19,4,4,5,6,328.35,17.28,2026-06-25,2026-11-29
783,2026-01-22,2026-01,India,Referral,Basic,2000,2026-01-22,,False,6,2,0,3,1,111.47,18.58,2026-03-04,2026-07-19
784,2026-02-09,2026-02,UK,Paid Ads,Free,0,2026-02-09,,False,24,9,3,8,4,375.54,15.65,2026-02-16,2026-08-06
785,2026-02-03,2026-02,UK,Referral,Free,0,2026-02-03,2026-07-26,True,22,8,2,7,5,321.63,14.62,2026-02-04,2026-08-01
786,2026-10-20,2026-10,India,Organic,Basic,2000,2026-10-20,,False,8,2,1,2,3,120.97,15.12,2026-11-04,2027-03-09
787,2026-06-01,2026-06,USA,Organic,Pro,5000,2026-06-01,,False,20,4,4,5,7,368.72,18.44,2026-06-16,2026-11-20
788,2026-12-04,2026-12,UK,Referral,Basic,2000,2026-12-04,,False,25,7,8,6,4,359.59,14.38,2026-12-07,2027-06-01
789,2026-01-04,2026-01,India,Paid Ads,Free,0,2026-01-04,2026-05-19,True,13,4,4,3,2,247.72,19.06,2026-03-05,2026-06-24
790,2026-10-27,2026-10,USA,Organic,Pro,5000,2026-10-27,2027-04-13,True,11,3,1,2,5,152.49,13.86,2026-12-04,2027-04-18
791,2026-06-12,2026-06,Germany,Organic,Free,0,2026-06-12,,False,24,7,8,3,6,379.6,15.82,2026-06-13,2026-11-21
792,2026-11-26,2026-11,Germany,Referral,Free,0,2026-11-26,,False,15,4,2,2,7,186.45,12.43,2026-12-11,2027-05-19
793,2026-08-01,2026-08,UK,Organic,Pro,5000,2026-08-01,,False,11,1,4,3,3,148.82,13.53,2026-09-04,2027-01-16
794,2026-03-16,2026-03,USA,Referral,Free,0,2026-03-16,,False,9,3,4,2,0,109.17,12.13,2026-03-27,2026-09-09
795,2026-05-10,2026-05,USA,Paid Ads,Free,0,2026-05-10,,False,8,2,1,4,1,116.47,14.56,2026-05-15,2026-10-28
796,2026-03-23,2026-03,USA,Organic,Basic,2000,2026-03-23,,False,23,4,4,10,5,442.26,19.23,2026-04-01,2026-09-15
797,2026-12-02,2026-12,India,Referral,Free,0,2026-12-02,2027-02-01,True,28,8,7,8,5,403.49,14.41,2026-12-02,2027-05-24
798,2026-04-22,2026-04,USA,Organic,Basic,2000,2026-04-22,,False,12,5,1,1,5,169.94,14.16,2026-05-13,2026-09-17
799,2026-01-18,2026-01,USA,Paid Ads,Free,0,2026-01-18,,False,22,4,6,4,8,328.82,14.95,2026-01-27,2026-07-07
800,2026-02-14,2026-02,Germany,Paid Ads,Pro,5000,2026-02-14,,False,23,6,8,6,3,395.14,17.18,2026-02-22,2026-08-09
801,2026-03-23,2026-03,UK,Organic,Pro,5000,2026-03-23,2026-08-27,True,11,1,3,6,1,207.46,18.86,2026-03-25,2026-08-23
802,2026-06-05,2026-06,Germany,Organic,Free,0,2026-06-05,,False,6,0,1,3,2,121.58,20.26,2026-06-09,2026-08-31
803,2026-08-03,2026-08,Germany,Paid Ads,Free,0,2026-08-03,,False,29,8,8,7,6,452.38,15.6,2026-08-05,2027-01-17
804,2026-04-24,2026-04,UK,Paid Ads,Basic,2000,2026-04-24,,False,26,6,9,6,5,362.66,13.95,2026-04-24,2026-10-19
805,2026-02-18,2026-02,Germany,Paid Ads,Free,0,2026-02-18,,False,11,4,4,3,0,183.17,16.65,2026-03-06,2026-07-24
806,2026-10-27,2026-10,UK,Referral,Free,0,2026-10-27,,False,6,2,2,1,1,119.3,19.88,2026-11-09,2027-04-22
807,2026-01-22,2026-01,UK,Organic,Basic,2000,2026-01-22,2026-03-01,True,24,10,9,3,2,348.54,14.52,2026-01-25,2026-07-10
808,2026-06-28,2026-06,USA,Organic,Free,0,2026-06-28,2026-12-06,True,10,2,3,1,4,172.84,17.28,2026-07-14,2026-12-18
809,2026-02-08,2026-02,USA,Referral,Free,0,2026-02-08,2026-04-27,True,13,6,2,3,2,214.57,16.51,2026-02-10,2026-07-31
810,2026-04-23,2026-04,UK,Referral,Free,0,2026-04-23,,False,21,5,8,4,4,310.29,14.78,2026-04-29,2026-10-15
811,2026-11-27,2026-11,Germany,Organic,Basic,2000,2026-11-27,,False,12,4,5,1,2,181.7,15.14,2026-11-30,2027-05-04
812,2026-07-12,2026-07,USA,Organic,Free,0,2026-07-12,,False,5,2,2,0,1,74.51,14.9,2026-07-27,2026-12-12
813,2026-03-13,2026-03,Germany,Organic,Basic,2000,2026-03-13,,False,10,2,2,3,3,180.03,18.0,2026-03-23,2026-09-08
814,2026-03-03,2026-03,UK,Referral,Free,0,2026-03-03,,False,28,9,4,11,4,494.68,17.67,2026-04-09,2026-08-06
815,2026-06-10,2026-06,Germany,Organic,Free,0,2026-06-10,2026-10-26,True,22,3,5,9,5,355.9,16.18,2026-06-15,2026-12-03
816,2026-10-17,2026-10,India,Referral,Free,0,2026-10-17,2027-03-03,True,5,1,3,1,0,96.54,19.31,2026-11-01,2027-02-27
817,2026-08-15,2026-08,Germany,Referral,Basic,2000,2026-08-15,,False,22,5,5,5,7,367.74,16.72,2026-08-16,2027-02-04
818,2026-03-09,2026-03,USA,Organic,Basic,2000,2026-03-09,,False,5,1,2,2,0,58.08,11.62,2026-03-27,2026-07-12
819,2026-04-02,2026-04,USA,Organic,Free,0,2026-04-02,,False,11,2,2,5,2,174.74,15.89,2026-04-02,2026-09-28
820,2026-06-25,2026-06,India,Referral,Free,0,2026-06-25,,False,15,5,4,3,3,176.24,11.75,2026-07-06,2026-12-09
821,2026-05-06,2026-05,India,Organic,Free,0,2026-05-06,2026-06-28,True,27,5,9,9,4,370.72,13.73,2026-05-06,2026-10-27
822,2026-03-11,2026-03,USA,Referral,Pro,5000,2026-03-11,,False,29,7,9,8,5,440.39,15.19,2026-03-11,2026-09-02
823,2026-05-19,2026-05,USA,Paid Ads,Free,0,2026-05-19,,False,16,2,4,7,3,208.97,13.06,2026-06-20,2026-11-11
824,2026-05-13,2026-05,USA,Paid Ads,Pro,5000,2026-05-13,,False,24,6,6,5,7,405.69,16.9,2026-05-23,2026-10-31
825,2026-05-08,2026-05,UK,Referral,Free,0,2026-05-08,,False,8,3,1,1,3,131.81,16.48,2026-05-09,2026-10-28
826,2026-07-05,2026-07,Germany,Referral,Basic,2000,2026-07-05,,False,13,5,2,2,4,169.83,13.06,2026-07-08,2026-11-30
827,2026-01-24,2026-01,India,Referral,Pro,5000,2026-01-24,,False,24,8,7,7,2,288.77,12.03,2026-01-25,2026-07-21
828,2026-10-03,2026-10,UK,Referral,Free,0,2026-10-03,,False,8,3,0,3,2,143.63,17.95,2026-10-07,2027-03-25
829,2026-10-31,2026-10,Germany,Referral,Pro,5000,2026-10-31,2027-03-08,True,17,3,3,8,3,216.23,12.72,2026-10-31,2027-04-16
830,2026-07-01,2026-07,UK,Organic,Free,0,2026-07-01,,False,8,2,4,2,0,144.32,18.04,2026-07-03,2026-11-28
831,2026-05-30,2026-05,Germany,Organic,Basic,2000,2026-05-30,,False,13,3,1,4,5,205.77,15.83,2026-06-15,2026-10-31
832,2026-11-23,2026-11,USA,Organic,Basic,2000,2026-11-23,,False,16,4,5,1,6,253.14,15.82,2026-11-23,2027-05-05
833,2026-10-23,2026-10,USA,Referral,Free,0,2026-10-23,,False,16,5,5,3,3,308.76,19.3,2026-10-29,2027-04-06
834,2026-06-30,2026-06,India,Organic,Free,0,2026-06-30,2026-12-09,True,25,9,8,6,2,330.21,13.21,2026-07-15,2026-12-19
835,2026-11-18,2026-11,USA,Referral,Free,0,2026-11-18,,False,23,7,6,3,7,338.37,14.71,2026-11-24,2027-05-06
836,2026-10-27,2026-10,USA,Referral,Free,0,2026-10-27,2027-01-25,True,24,5,4,11,4,356.43,14.85,2026-11-10,2027-04-09
837,2026-11-10,2026-11,Germany,Paid Ads,Pro,5000,2026-11-10,,False,8,0,2,1,5,124.6,15.58,2026-11-11,2027-05-01
838,2026-02-06,2026-02,UK,Organic,Free,0,2026-02-06,2026-06-30,True,25,9,5,6,5,284.14,11.37,2026-02-07,2026-07-06
839,2026-08-16,2026-08,UK,Organic,Free,0,2026-08-16,2027-01-22,True,15,7,2,4,2,200.7,13.38,2026-08-22,2027-01-20
840,2026-01-22,2026-01,India,Paid Ads,Basic,2000,2026-01-22,,False,27,7,7,10,3,423.71,15.69,2026-01-26,2026-07-18
841,2026-02-11,2026-02,UK,Organic,Free,0,2026-02-11,,False,9,3,0,5,1,131.65,14.63,2026-03-15,2026-08-09
842,2026-02-28,2026-02,UK,Paid Ads,Basic,2000,2026-02-28,,False,18,6,5,6,1,260.83,14.49,2026-03-20,2026-08-12
843,2026-10-10,2026-10,USA,Referral,Free,0,2026-10-10,,False,9,1,2,4,2,164.05,18.23,2026-10-26,2027-03-16
844,2026-05-08,2026-05,UK,Paid Ads,Free,0,2026-05-08,2026-06-30,True,23,3,7,4,9,383.59,16.68,2026-05-10,2026-10-23
845,2026-11-10,2026-11,USA,Organic,Pro,5000,2026-11-10,,False,20,5,5,2,8,301.12,15.06,2026-11-11,2027-04-26
846,2026-07-06,2026-07,UK,Paid Ads,Basic,2000,2026-07-06,,False,21,5,4,7,5,316.4,15.07,2026-07-09,2026-12-26
847,2026-08-28,2026-08,USA,Referral,Basic,2000,2026-08-28,,False,14,2,3,4,5,220.2,15.73,2026-08-31,2027-01-25
848,2026-05-23,2026-05,Germany,Paid Ads,Free,0,2026-05-23,,False,29,4,7,10,8,491.37,16.94,2026-06-02,2026-11-12
849,2026-09-08,2026-09,India,Paid Ads,Free,0,2026-09-08,,False,29,6,4,13,6,470.43,16.22,2026-10-05,2027-03-04
850,2026-05-20,2026-05,UK,Paid Ads,Free,0,2026-05-20,2026-08-02,True,8,3,2,1,2,107.79,13.47,2026-07-01,2026-11-15
851,2026-07-18,2026-07,UK,Paid Ads,Basic,2000,2026-07-18,,False,18,4,7,5,2,320.39,17.8,2026-08-10,2027-01-11
852,2026-08-02,2026-08,Germany,Paid Ads,Pro,5000,2026-08-02,,False,8,3,1,1,3,114.87,14.36,2026-08-15,2027-01-03
853,2026-01-30,2026-01,India,Paid Ads,Pro,5000,2026-01-30,,False,26,5,7,3,11,440.98,16.96,2026-02-02,2026-07-28
854,2026-08-14,2026-08,Germany,Referral,Pro,5000,2026-08-14,,False,15,3,8,1,3,197.69,13.18,2026-08-22,2027-01-20
855,2026-05-16,2026-05,India,Paid Ads,Free,0,2026-05-16,,False,20,6,2,6,6,284.64,14.23,2026-05-19,2026-11-04
856,2026-03-20,2026-03,UK,Referral,Free,0,2026-03-20,2026-08-31,True,23,3,7,7,6,285.35,12.41,2026-03-24,2026-08-24
857,2026-09-29,2026-09,India,Paid Ads,Free,0,2026-09-29,,False,18,4,7,7,0,242.17,13.45,2026-09-29,2027-03-24
858,2026-06-28,2026-06,Germany,Referral,Free,0,2026-06-28,,False,5,1,2,1,1,68.92,13.78,2026-07-21,2026-11-26
859,2026-04-27,2026-04,UK,Paid Ads,Free,0,2026-04-27,,False,10,2,2,1,5,129.75,12.98,2026-06-26,2026-10-16
860,2026-07-09,2026-07,UK,Referral,Basic,2000,2026-07-09,2026-09-09,True,15,3,6,3,3,289.84,19.32,2026-07-11,2026-12-12
861,2026-09-02,2026-09,India,Paid Ads,Free,0,2026-09-02,2027-01-22,True,5,2,1,0,2,79.07,15.81,2026-09-11,2027-01-08
862,2026-12-26,2026-12,India,Referral,Free,0,2026-12-26,,False,23,7,8,7,1,393.19,17.1,2027-01-01,2027-05-22
863,2026-05-25,2026-05,UK,Paid Ads,Basic,2000,2026-05-25,2026-07-09,True,15,7,5,3,0,262.28,17.49,2026-05-30,2026-11-15
864,2026-03-16,2026-03,India,Paid Ads,Pro,5000,2026-03-16,,False,24,5,3,6,10,486.49,20.27,2026-03-18,2026-09-03
865,2026-12-18,2026-12,Germany,Referral,Pro,5000,2026-12-18,2027-05-24,True,17,7,2,5,3,216.32,12.72,2026-12-19,2027-06-15
866,2026-06-13,2026-06,UK,Paid Ads,Free,0,2026-06-13,,False,14,7,2,2,3,208.95,14.92,2026-06-14,2026-12-04
867,2026-12-10,2026-12,UK,Organic,Pro,5000,2026-12-10,,False,26,8,6,5,7,403.5,15.52,2026-12-23,2027-06-03
868,2026-03-28,2026-03,India,Referral,Free,0,2026-03-28,,False,8,1,1,5,1,155.4,19.42,2026-04-01,2026-08-22
869,2026-12-08,2026-12,Germany,Organic,Basic,2000,2026-12-08,2027-03-06,True,16,5,2,5,4,265.6,16.6,2026-12-13,2027-05-16
870,2026-10-02,2026-10,USA,Paid Ads,Free,0,2026-10-02,,False,14,4,3,6,1,219.05,15.65,2026-10-17,2027-03-03
871,2026-12-17,2026-12,UK,Organic,Pro,5000,2026-12-17,,False,9,4,2,0,3,155.51,17.28,2027-01-16,2027-06-09
872,2026-08-02,2026-08,Germany,Organic,Basic,2000,2026-08-02,2026-09-04,True,28,7,5,8,8,448.79,16.03,2026-08-02,2027-01-26
873,2026-05-20,2026-05,India,Organic,Free,0,2026-05-20,2026-07-13,True,6,1,2,1,2,101.34,16.89,2026-06-19,2026-09-20
874,2026-03-17,2026-03,USA,Organic,Pro,5000,2026-03-17,,False,14,5,1,3,5,241.95,17.28,2026-03-29,2026-09-09
875,2026-04-16,2026-04,Germany,Paid Ads,Free,0,2026-04-16,,False,5,0,2,1,2,77.02,15.4,2026-07-14,2026-09-22
876,2026-08-15,2026-08,UK,Paid Ads,Free,0,2026-08-15,2026-12-05,True,12,1,3,4,4,246.05,20.5,2026-08-30,2027-02-01
877,2026-04-17,2026-04,UK,Organic,Pro,5000,2026-04-17,2026-09-21,True,8,1,2,2,3,121.66,15.21,2026-06-01,2026-10-07
878,2026-12-18,2026-12,UK,Paid Ads,Free,0,2026-12-18,2027-03-04,True,6,2,2,1,1,106.49,17.75,2027-02-07,2027-05-26
879,2026-10-08,2026-10,India,Paid Ads,Basic,2000,2026-10-08,2027-01-18,True,25,5,10,4,6,332.09,13.28,2026-10-20,2027-04-03
880,2026-08-25,2026-08,UK,Organic,Pro,5000,2026-08-25,2026-12-15,True,23,3,6,8,6,425.7,18.51,2026-09-09,2027-02-18
881,2026-05-04,2026-05,UK,Organic,Basic,2000,2026-05-04,,False,19,6,5,3,5,272.93,14.36,2026-05-16,2026-10-22
882,2026-02-08,2026-02,Germany,Paid Ads,Basic,2000,2026-02-08,2026-04-20,True,6,1,2,1,2,80.21,13.37,2026-02-14,2026-07-17
883,2026-06-15,2026-06,USA,Referral,Free,0,2026-06-15,2026-10-26,True,17,4,8,4,1,290.57,17.09,2026-06-19,2026-12-02
884,2026-11-23,2026-11,Germany,Paid Ads,Free,0,2026-11-23,,False,18,6,5,3,4,294.01,16.33,2026-12-12,2027-05-13
885,2026-02-13,2026-02,Germany,Referral,Free,0,2026-02-13,,False,9,3,0,6,0,128.53,14.28,2026-03-10,2026-07-12
886,2026-12-02,2026-12,Germany,Referral,Basic,2000,2026-12-02,,False,9,2,2,3,2,173.79,19.31,2026-12-15,2027-04-01
887,2026-01-24,2026-01,Germany,Referral,Free,0,2026-01-24,,False,6,3,2,0,1,90.77,15.13,2026-02-06,2026-07-04
888,2026-09-14,2026-09,UK,Organic,Free,0,2026-09-14,,False,8,1,3,2,2,170.28,21.28,2026-10-06,2027-02-14
889,2026-09-10,2026-09,India,Paid Ads,Basic,2000,2026-09-10,2026-11-28,True,10,1,2,5,2,151.73,15.17,2026-09-15,2027-02-01
890,2026-09-25,2026-09,UK,Paid Ads,Basic,2000,2026-09-25,,False,17,3,3,6,5,277.05,16.3,2026-09-30,2027-03-23
891,2026-11-18,2026-11,USA,Referral,Free,0,2026-11-18,,False,21,4,4,6,7,316.24,15.06,2026-11-26,2027-05-13
892,2026-02-27,2026-02,Germany,Referral,Basic,2000,2026-02-27,2026-06-10,True,13,4,1,4,4,193.96,14.92,2026-03-20,2026-08-03
893,2026-11-12,2026-11,Germany,Referral,Basic,2000,2026-11-12,,False,18,7,5,4,2,289.72,16.1,2026-12-09,2027-04-17
894,2026-01-24,2026-01,Germany,Paid Ads,Free,0,2026-01-24,,False,26,5,8,7,6,484.73,18.64,2026-02-08,2026-07-19
895,2026-07-25,2026-07,USA,Referral,Pro,5000,2026-07-25,,False,29,8,8,6,7,416.03,14.35,2026-07-28,2027-01-19
896,2026-02-10,2026-02,India,Referral,Basic,2000,2026-02-10,,False,27,4,7,7,9,407.59,15.1,2026-02-11,2026-08-05
897,2026-04-01,2026-04,USA,Paid Ads,Free,0,2026-04-01,2026-08-04,True,29,6,7,7,9,439.59,15.16,2026-05-02,2026-09-25
898,2026-04-29,2026-04,USA,Referral,Basic,2000,2026-04-29,2026-05-29,True,5,0,1,2,2,86.99,17.4,2026-05-09,2026-09-29
899,2026-08-19,2026-08,India,Referral,Basic,2000,2026-08-19,2026-12-11,True,22,2,6,11,3,289.41,13.16,2026-08-23,2027-02-13
900,2026-04-10,2026-04,UK,Organic,Free,0,2026-04-10,,False,18,6,3,4,5,240.07,13.34,2026-04-10,2026-10-05
901,2026-10-03,2026-10,India,Paid Ads,Free,0,2026-10-03,,False,15,4,4,2,5,185.7,12.38,2026-10-06,2027-03-01
902,2026-03-18,2026-03,India,Organic,Free,0,2026-03-18,2026-05-14,True,27,4,9,8,6,433.91,16.07,2026-03-21,2026-08-28
903,2026-02-18,2026-02,UK,Referral,Free,0,2026-02-18,,False,22,10,5,4,3,305.19,13.87,2026-02-20,2026-08-13
904,2026-07-20,2026-07,India,Referral,Basic,2000,2026-07-20,,False,28,7,7,6,8,422.69,15.1,2026-07-26,2027-01-15
905,2026-02-11,2026-02,India,Paid Ads,Free,0,2026-02-11,,False,21,5,9,2,5,346.27,16.49,2026-02-14,2026-08-06
906,2026-05-18,2026-05,USA,Organic,Pro,5000,2026-05-18,,False,29,8,7,7,7,478.2,16.49,2026-05-20,2026-11-09
907,2026-03-30,2026-03,USA,Organic,Free,0,2026-03-30,2026-05-26,True,28,8,7,3,10,489.23,17.47,2026-03-30,2026-09-18
908,2026-05-27,2026-05,Germany,Organic,Basic,2000,2026-05-27,,False,23,7,4,6,6,375.85,16.34,2026-05-29,2026-11-18
909,2026-02-13,2026-02,India,Paid Ads,Basic,2000,2026-02-13,2026-07-14,True,14,2,5,4,3,236.66,16.9,2026-02-26,2026-07-26
910,2026-04-26,2026-04,UK,Referral,Free,0,2026-04-26,2026-09-10,True,21,4,8,5,4,352.81,16.8,2026-05-05,2026-10-13
911,2026-12-13,2026-12,USA,Organic,Free,0,2026-12-13,,False,14,7,4,1,2,211.4,15.1,2026-12-20,2027-05-27
912,2026-06-02,2026-06,India,Paid Ads,Free,0,2026-06-02,,False,8,3,2,1,2,154.65,19.33,2026-08-19,2026-11-02
913,2026-02-15,2026-02,UK,Organic,Free,0,2026-02-15,,False,18,6,4,2,6,334.99,18.61,2026-02-26,2026-08-03
914,2026-10-03,2026-10,Germany,Paid Ads,Pro,5000,2026-10-03,,False,25,5,6,8,6,426.42,17.06,2026-10-04,2027-03-25
915,2026-12-05,2026-12,UK,Paid Ads,Basic,2000,2026-12-05,,False,22,7,4,6,5,392.32,17.83,2026-12-17,2027-05-24
916,2026-11-22,2026-11,India,Paid Ads,Free,0,2026-11-22,2027-03-23,True,16,5,5,3,3,249.61,15.6,2026-11-24,2027-05-16
917,2026-04-29,2026-04,Germany,Referral,Free,0,2026-04-29,2026-07-05,True,18,2,6,5,5,249.96,13.89,2026-05-17,2026-10-18
918,2026-04-21,2026-04,USA,Paid Ads,Free,0,2026-04-21,2026-10-05,True,28,7,5,4,12,424.45,15.16,2026-04-28,2026-10-12
919,2026-11-06,2026-11,UK,Paid Ads,Pro,5000,2026-11-06,,False,18,5,3,5,5,291.67,16.2,2026-11-07,2027-05-01
920,2026-03-27,2026-03,India,Paid Ads,Basic,2000,2026-03-27,,False,13,3,4,2,4,209.77,16.14,2026-04-12,2026-09-18
921,2026-06-28,2026-06,UK,Organic,Pro,5000,2026-06-28,,False,6,1,2,1,2,76.05,12.68,2026-08-10,2026-11-20
922,2026-12-03,2026-12,Germany,Organic,Free,0,2026-12-03,,False,11,2,3,5,1,160.84,14.62,2026-12-23,2027-05-26
923,2026-06-25,2026-06,USA,Paid Ads,Pro,5000,2026-06-25,,False,12,4,3,3,2,207.5,17.29,2026-08-08,2026-12-13
924,2026-12-16,2026-12,India,Organic,Basic,2000,2026-12-16,,False,14,4,3,4,3,217.06,15.5,2026-12-24,2027-06-11
925,2026-02-05,2026-02,USA,Organic,Free,0,2026-02-05,,False,6,2,2,1,1,109.83,18.3,2026-02-10,2026-07-08
926,2026-02-06,2026-02,Germany,Referral,Free,0,2026-02-06,,False,5,1,2,1,1,65.31,13.06,2026-02-17,2026-06-25
927,2026-01-11,2026-01,Germany,Organic,Basic,2000,2026-01-11,,False,12,2,2,6,2,222.8,18.57,2026-02-09,2026-07-04
928,2026-07-01,2026-07,USA,Referral,Pro,5000,2026-07-01,,False,26,8,4,9,5,376.79,14.49,2026-07-04,2026-12-23
929,2026-02-10,2026-02,UK,Referral,Basic,2000,2026-02-10,2026-06-07,True,14,8,3,1,2,214.34,15.31,2026-02-10,2026-08-08
930,2026-02-10,2026-02,USA,Referral,Basic,2000,2026-02-10,2026-03-14,True,29,5,8,7,9,374.32,12.91,2026-02-10,2026-08-08
931,2026-03-22,2026-03,UK,Organic,Basic,2000,2026-03-22,,False,12,1,5,4,2,241.04,20.09,2026-03-28,2026-09-09
932,2026-05-10,2026-05,UK,Organic,Free,0,2026-05-10,,False,7,1,3,0,3,109.8,15.69,2026-06-09,2026-10-27
933,2026-02-12,2026-02,USA,Organic,Free,0,2026-02-12,2026-07-23,True,16,1,3,5,7,253.92,15.87,2026-03-26,2026-07-28
934,2026-01-21,2026-01,India,Referral,Free,0,2026-01-21,,False,13,7,1,3,2,156.61,12.05,2026-01-23,2026-07-07
935,2026-07-21,2026-07,USA,Paid Ads,Free,0,2026-07-21,,False,15,4,4,3,4,251.3,16.75,2026-07-31,2027-01-09
936,2026-01-23,2026-01,India,Referral,Pro,5000,2026-01-23,2026-06-09,True,24,6,6,6,6,383.75,15.99,2026-02-08,2026-06-26
937,2026-12-24,2026-12,India,Paid Ads,Pro,5000,2026-12-24,,False,13,5,3,1,4,190.64,14.66,2026-12-25,2027-06-09
938,2026-08-19,2026-08,Germany,Paid Ads,Pro,5000,2026-08-19,,False,8,3,2,1,2,135.75,16.97,2026-09-06,2027-01-19
939,2026-11-17,2026-11,India,Referral,Free,0,2026-11-17,2027-04-06,True,7,3,1,1,2,112.78,16.11,2026-11-22,2027-05-04
940,2026-07-09,2026-07,UK,Paid Ads,Free,0,2026-07-09,2026-12-02,True,29,5,7,8,9,510.0,17.59,2026-07-13,2026-12-12
941,2026-04-24,2026-04,USA,Paid Ads,Pro,5000,2026-04-24,2026-09-06,True,15,5,5,3,2,255.46,17.03,2026-05-19,2026-10-20
942,2026-05-13,2026-05,UK,Referral,Free,0,2026-05-13,,False,26,5,6,8,7,393.2,15.12,2026-05-17,2026-11-05
943,2026-01-27,2026-01,UK,Referral,Free,0,2026-01-27,,False,9,4,4,1,0,139.78,15.53,2026-02-07,2026-05-28
944,2026-07-20,2026-07,Germany,Paid Ads,Free,0,2026-07-20,,False,9,1,4,3,1,111.03,12.34,2026-07-30,2026-12-18
945,2026-12-03,2026-12,Germany,Referral,Free,0,2026-12-03,,False,21,5,6,4,6,299.37,14.26,2026-12-05,2027-05-30
946,2026-02-05,2026-02,India,Organic,Basic,2000,2026-02-05,2026-05-12,True,24,3,6,7,8,413.63,17.23,2026-02-12,2026-08-03
947,2026-04-27,2026-04,Germany,Referral,Free,0,2026-04-27,,False,26,7,8,7,4,437.55,16.83,2026-05-01,2026-10-22
948,2026-09-24,2026-09,India,Organic,Basic,2000,2026-09-24,2027-01-05,True,8,0,2,2,4,133.41,16.68,2026-09-26,2027-03-06
949,2026-06-02,2026-06,USA,Referral,Free,0,2026-06-02,2026-09-15,True,19,4,5,8,2,299.39,15.76,2026-06-03,2026-11-20
950,2026-01-11,2026-01,India,Organic,Pro,5000,2026-01-11,,False,17,4,3,6,4,296.16,17.42,2026-01-23,2026-07-05
951,2026-06-24,2026-06,USA,Referral,Free,0,2026-06-24,,False,8,3,2,2,1,101.94,12.74,2026-06-28,2026-11-02
952,2026-09-16,2026-09,Germany,Referral,Pro,5000,2026-09-16,,False,12,3,4,4,1,168.31,14.03,2026-11-21,2027-03-06
953,2026-05-01,2026-05,Germany,Referral,Basic,2000,2026-05-01,,False,23,4,7,9,3,349.85,15.21,2026-05-19,2026-10-26
954,2026-05-03,2026-05,USA,Organic,Free,0,2026-05-03,,False,17,1,6,7,3,286.92,16.88,2026-05-11,2026-10-19
955,2026-09-02,2026-09,UK,Referral,Basic,2000,2026-09-02,,False,10,3,2,2,3,129.15,12.92,2026-09-10,2027-01-28
956,2026-05-06,2026-05,UK,Paid Ads,Basic,2000,2026-05-06,2026-08-12,True,15,2,4,2,7,256.3,17.09,2026-05-22,2026-10-23
957,2026-02-19,2026-02,India,Paid Ads,Free,0,2026-02-19,,False,25,10,5,2,8,330.11,13.2,2026-02-21,2026-08-17
958,2026-08-14,2026-08,USA,Paid Ads,Basic,2000,2026-08-14,2026-10-02,True,18,3,4,8,3,276.97,15.39,2026-08-17,2027-02-08
959,2026-01-19,2026-01,UK,Paid Ads,Free,0,2026-01-19,,False,25,1,10,6,8,361.0,14.44,2026-01-22,2026-07-05
960,2026-01-15,2026-01,UK,Organic,Pro,5000,2026-01-15,,False,10,5,3,1,1,174.3,17.43,2026-02-01,2026-07-13
961,2026-11-26,2026-11,Germany,Organic,Free,0,2026-11-26,,False,6,2,1,1,2,115.95,19.32,2027-01-04,2027-05-20
962,2026-02-04,2026-02,India,Referral,Basic,2000,2026-02-04,,False,27,7,8,7,5,416.26,15.42,2026-02-16,2026-07-24
963,2026-10-16,2026-10,India,Organic,Free,0,2026-10-16,2027-02-15,True,20,3,6,5,6,278.89,13.94,2026-10-21,2027-04-11
964,2026-08-11,2026-08,UK,Referral,Free,0,2026-08-11,2026-09-17,True,22,6,5,6,5,349.12,15.87,2026-08-12,2027-02-02
965,2026-06-24,2026-06,USA,Organic,Free,0,2026-06-24,2026-09-13,True,24,6,8,5,5,344.96,14.37,2026-06-27,2026-12-20
966,2026-05-31,2026-05,Germany,Organic,Free,0,2026-05-31,2026-07-30,True,18,5,6,3,4,254.75,14.15,2026-06-15,2026-11-21
967,2026-04-15,2026-04,India,Paid Ads,Free,0,2026-04-15,,False,17,7,5,3,2,250.83,14.75,2026-04-24,2026-09-30
968,2026-05-06,2026-05,Germany,Referral,Basic,2000,2026-05-06,,False,7,0,2,4,1,135.16,19.31,2026-05-20,2026-10-24
969,2026-06-08,2026-06,UK,Paid Ads,Pro,5000,2026-06-08,,False,18,3,5,5,5,265.38,14.74,2026-07-10,2026-12-01
970,2026-02-09,2026-02,Germany,Referral,Pro,5000,2026-02-09,,False,24,4,10,3,7,440.46,18.35,2026-02-11,2026-08-05
971,2026-09-21,2026-09,India,Organic,Pro,5000,2026-09-21,,False,15,3,6,2,4,269.22,17.95,2026-10-03,2027-03-05
972,2026-10-04,2026-10,India,Paid Ads,Free,0,2026-10-04,,False,23,5,7,5,6,404.84,17.6,2026-10-04,2027-03-31
973,2026-10-26,2026-10,India,Organic,Pro,5000,2026-10-26,2026-12-09,True,15,4,7,2,2,240.73,16.05,2026-10-31,2027-03-30
974,2026-03-26,2026-03,UK,Paid Ads,Basic,2000,2026-03-26,,False,13,3,6,0,4,201.8,15.52,2026-04-13,2026-09-12
975,2026-02-16,2026-02,USA,Organic,Basic,2000,2026-02-16,2026-04-14,True,27,9,5,6,7,426.02,15.78,2026-02-18,2026-08-06
976,2026-08-12,2026-08,Germany,Paid Ads,Free,0,2026-08-12,2026-12-20,True,11,2,5,2,2,154.05,14.0,2026-08-15,2027-02-03
977,2026-12-10,2026-12,Germany,Paid Ads,Basic,2000,2026-12-10,,False,19,3,2,6,8,369.61,19.45,2026-12-21,2027-05-29
978,2026-06-11,2026-06,India,Referral,Free,0,2026-06-11,2026-11-12,True,5,2,1,1,1,99.68,19.94,2026-06-12,2026-11-10
979,2026-07-22,2026-07,USA,Referral,Basic,2000,2026-07-22,,False,11,6,1,2,2,132.69,12.06,2026-08-03,2026-12-05
980,2026-04-13,2026-04,UK,Organic,Basic,2000,2026-04-13,2026-06-27,True,12,5,3,1,3,200.68,16.72,2026-04-17,2026-09-27
981,2026-12-06,2026-12,UK,Referral,Free,0,2026-12-06,2027-05-18,True,22,3,10,6,3,276.47,12.57,2026-12-15,2027-05-24
982,2026-01-01,2026-01,India,Organic,Free,0,2026-01-01,,False,8,1,2,2,3,91.18,11.4,2026-01-05,2026-05-15
983,2026-03-17,2026-03,Germany,Organic,Basic,2000,2026-03-17,,False,12,2,3,4,3,196.19,16.35,2026-03-20,2026-08-23
984,2026-12-27,2026-12,Germany,Referral,Free,0,2026-12-27,,False,22,3,5,10,4,337.7,15.35,2026-12-27,2027-06-13
985,2026-02-03,2026-02,UK,Paid Ads,Basic,2000,2026-02-03,,False,18,5,3,8,2,287.76,15.99,2026-02-06,2026-07-11
986,2026-10-16,2026-10,UK,Organic,Basic,2000,2026-10-16,2027-03-24,True,21,10,2,4,5,244.57,11.65,2026-10-23,2027-04-04
987,2026-01-06,2026-01,India,Referral,Free,0,2026-01-06,2026-04-15,True,21,5,3,10,3,282.82,13.47,2026-01-10,2026-07-04
988,2026-04-19,2026-04,USA,Referral,Free,0,2026-04-19,2026-06-13,True,15,1,3,9,2,273.53,18.24,2026-04-25,2026-10-15
989,2026-08-28,2026-08,UK,Organic,Basic,2000,2026-08-28,,False,7,2,3,0,2,121.48,17.35,2026-09-17,2026-12-22
990,2026-06-28,2026-06,India,Referral,Basic,2000,2026-06-28,2026-08-29,True,21,7,5,5,4,268.85,12.8,2026-07-07,2026-12-14
991,2026-09-01,2026-09,Germany,Organic,Basic,2000,2026-09-01,2026-11-18,True,27,4,9,9,5,407.08,15.08,2026-09-02,2027-02-25
992,2026-05-01,2026-05,USA,Organic,Free,0,2026-05-01,2026-07-02,True,9,0,1,2,6,167.95,18.66,2026-05-17,2026-10-25
993,2026-07-20,2026-07,UK,Paid Ads,Basic,2000,2026-07-20,,False,25,9,6,1,9,419.92,16.8,2026-08-10,2027-01-13
994,2026-08-28,2026-08,Germany,Referral,Free,0,2026-08-28,2026-12-15,True,11,2,4,2,3,177.79,16.16,2026-09-27,2027-02-06
995,2026-02-12,2026-02,India,Referral,Basic,2000,2026-02-12,,False,27,6,10,5,6,389.34,14.42,2026-02-22,2026-08-10
996,2026-07-27,2026-07,UK,Paid Ads,Free,0,2026-07-27,,False,6,2,1,0,3,75.06,12.51,2026-08-29,2027-01-16
997,2026-07-09,2026-07,USA,Paid Ads,Basic,2000,2026-07-09,2026-08-25,True,6,1,2,1,2,103.65,17.27,2026-08-12,2026-12-15
998,2026-11-20,2026-11,USA,Referral,Pro,5000,2026-11-20,,False,22,8,9,2,3,375.11,17.05,2026-11-24,2027-05-06
999,2026-01-06,2026-01,India,Paid Ads,Free,0,2026-01-06,2026-02-28,True,17,3,5,5,4,279.9,16.46,2026-01-14,2026-06-15
1000,2026-09-18,2026-09,UK,Organic,Basic,2000,2026-09-18,,False,10,5,2,2,1,111.29,11.13,2026-10-13,2027-03-01
1001,2026-07-22,2026-07,India,Organic,Basic,2000,2026-07-22,,False,7,1,1,3,2,102.04,14.58,2026-09-04,2027-01-13
1002,2026-04-07,2026-04,UK,Organic,Pro,5000,2026-04-07,,False,15,6,4,3,2,225.92,15.06,2026-04-12,2026-09-25
1003,2026-05-18,2026-05,India,Referral,Free,0,2026-05-18,,False,14,4,3,5,2,187.71,13.41,2026-05-22,2026-10-31
1004,2026-06-27,2026-06,USA,Paid Ads,Free,0,2026-06-27,2026-12-09,True,24,4,9,8,3,326.28,13.6,2026-07-03,2026-12-22
1005,2026-05-20,2026-05,Germany,Paid Ads,Pro,5000,2026-05-20,,False,28,8,3,9,8,430.43,15.37,2026-05-26,2026-11-09
1006,2026-04-04,2026-04,UK,Paid Ads,Free,0,2026-04-04,,False,12,0,5,4,3,190.52,15.88,2026-04-10,2026-09-19
1007,2026-01-23,2026-01,USA,Referral,Free,0,2026-01-23,,False,27,6,7,8,6,393.64,14.58,2026-01-23,2026-07-18
1008,2026-10-10,2026-10,UK,Organic,Pro,5000,2026-10-10,,False,18,4,6,2,6,233.42,12.97,2026-11-06,2027-03-17
1009,2026-04-13,2026-04,Germany,Referral,Free,0,2026-04-13,,False,9,1,4,2,2,139.12,15.46,2026-04-17,2026-07-31
1010,2026-12-24,2026-12,India,Organic,Free,0,2026-12-24,,False,21,9,4,3,5,283.08,13.48,2026-12-25,2027-06-20
1011,2026-04-20,2026-04,Germany,Paid Ads,Basic,2000,2026-04-20,,False,26,8,7,6,5,509.15,19.58,2026-04-23,2026-10-11
1012,2026-08-07,2026-08,India,Referral,Basic,2000,2026-08-07,,False,9,2,2,1,4,92.82,10.31,2026-09-02,2027-01-19
1013,2026-10-27,2026-10,Germany,Paid Ads,Pro,5000,2026-10-27,,False,22,3,8,5,6,333.95,15.18,2026-11-06,2027-04-19
1014,2026-07-09,2026-07,UK,Referral,Free,0,2026-07-09,,False,29,4,9,8,8,407.26,14.04,2026-07-09,2026-12-23
1015,2026-10-25,2026-10,Germany,Organic,Basic,2000,2026-10-25,,False,13,3,5,3,2,219.0,16.85,2026-10-31,2027-04-03
1016,2026-07-08,2026-07,USA,Referral,Free,0,2026-07-08,,False,25,4,10,7,4,332.99,13.32,2026-07-24,2026-12-29
1017,2026-07-13,2026-07,USA,Referral,Pro,5000,2026-07-13,,False,12,5,2,4,1,168.68,14.06,2026-07-16,2027-01-05
1018,2026-04-06,2026-04,India,Referral,Free,0,2026-04-06,,False,21,3,7,7,4,359.19,17.1,2026-04-21,2026-10-02
1019,2026-12-30,2026-12,USA,Organic,Free,0,2026-12-30,,False,10,5,0,4,1,175.24,17.52,2027-01-18,2027-06-21
1020,2026-05-20,2026-05,UK,Referral,Free,0,2026-05-20,,False,29,7,6,10,6,383.91,13.24,2026-05-21,2026-11-15
1021,2026-12-24,2026-12,USA,Paid Ads,Free,0,2026-12-24,2027-04-14,True,6,1,1,1,3,100.67,16.78,2027-01-29,2027-05-16
1022,2026-12-30,2026-12,USA,Referral,Pro,5000,2026-12-30,,False,27,3,8,10,6,443.59,16.43,2027-01-13,2027-06-10
1023,2026-11-27,2026-11,Germany,Organic,Pro,5000,2026-11-27,,False,22,8,5,3,6,314.62,14.3,2026-11-28,2027-05-05
1024,2026-11-24,2026-11,USA,Paid Ads,Free,0,2026-11-24,,False,26,5,6,8,7,379.98,14.61,2026-12-15,2027-05-22
1025,2026-12-17,2026-12,UK,Paid Ads,Free,0,2026-12-17,,False,17,6,2,3,6,336.27,19.78,2026-12-24,2027-06-11
1026,2026-06-07,2026-06,India,Organic,Basic,2000,2026-06-07,,False,15,4,6,2,3,234.48,15.63,2026-06-20,2026-12-03
1027,2026-12-30,2026-12,USA,Organic,Free,0,2026-12-30,,False,20,3,4,8,5,285.0,14.25,2027-01-12,2027-06-18
1028,2026-12-25,2026-12,India,Paid Ads,Free,0,2026-12-25,,False,20,4,6,5,5,275.03,13.75,2026-12-28,2027-06-14
1029,2026-04-10,2026-04,India,Paid Ads,Free,0,2026-04-10,,False,8,3,2,1,2,125.68,15.71,2026-05-21,2026-08-28
1030,2026-08-18,2026-08,India,Referral,Free,0,2026-08-18,2026-11-14,True,17,3,9,2,3,316.27,18.6,2026-08-18,2027-02-03
1031,2026-07-30,2026-07,UK,Paid Ads,Free,0,2026-07-30,2026-09-07,True,16,5,4,2,5,220.82,13.8,2026-08-04,2027-01-07
1032,2026-07-10,2026-07,USA,Organic,Free,0,2026-07-10,2026-09-07,True,24,7,5,6,6,401.63,16.73,2026-07-12,2026-12-23
1033,2026-12-14,2026-12,India,Organic,Free,0,2026-12-14,,False,21,5,4,3,9,397.8,18.94,2026-12-30,2027-06-11
1034,2026-05-05,2026-05,UK,Referral,Basic,2000,2026-05-05,,False,22,6,6,4,6,300.64,13.67,2026-05-05,2026-10-24
1035,2026-02-03,2026-02,USA,Organic,Free,0,2026-02-03,,False,7,0,2,4,1,120.81,17.26,2026-02-21,2026-07-21
1036,2026-12-31,2026-12,USA,Referral,Free,0,2026-12-31,2027-05-25,True,5,3,0,1,1,90.07,18.01,2027-01-30,2027-06-08
1037,2026-03-13,2026-03,USA,Referral,Basic,2000,2026-03-13,,False,9,0,4,3,2,184.58,20.51,2026-04-25,2026-08-30
1038,2026-04-06,2026-04,Germany,Organic,Free,0,2026-04-06,,False,9,4,2,2,1,121.28,13.48,2026-04-21,2026-09-25
1039,2026-12-24,2026-12,Germany,Referral,Basic,2000,2026-12-24,,False,16,2,4,3,7,223.46,13.97,2027-01-09,2027-06-19
1040,2026-08-24,2026-08,Germany,Paid Ads,Pro,5000,2026-08-24,,False,13,3,4,2,4,163.0,12.54,2026-08-30,2027-02-14
1041,2026-01-17,2026-01,Germany,Referral,Free,0,2026-01-17,,False,21,5,9,2,5,294.44,14.02,2026-01-27,2026-07-10
1042,2026-01-19,2026-01,Germany,Organic,Pro,5000,2026-01-19,,False,14,1,4,6,3,268.55,19.18,2026-01-23,2026-07-04
1043,2026-07-08,2026-07,India,Organic,Pro,5000,2026-07-08,,False,29,8,9,7,5,423.69,14.61,2026-07-10,2027-01-03
1044,2026-06-13,2026-06,India,Referral,Basic,2000,2026-06-13,2026-12-02,True,5,0,3,2,0,58.4,11.68,2026-06-29,2026-10-04
1045,2026-08-07,2026-08,USA,Paid Ads,Free,0,2026-08-07,2026-09-06,True,19,5,4,5,5,374.3,19.7,2026-08-29,2027-01-12
1046,2026-03-08,2026-03,UK,Organic,Basic,2000,2026-03-08,2026-07-20,True,14,3,2,6,3,284.94,20.35,2026-03-11,2026-08-24
1047,2026-05-01,2026-05,UK,Referral,Pro,5000,2026-05-01,,False,24,7,4,7,6,407.5,16.98,2026-05-09,2026-10-26
1048,2026-12-07,2026-12,UK,Organic,Basic,2000,2026-12-07,,False,25,4,5,4,12,313.67,12.55,2026-12-11,2027-05-19
1049,2026-12-31,2026-12,India,Referral,Pro,5000,2026-12-31,,False,11,3,4,1,3,147.03,13.37,2027-01-15,2027-06-09
1050,2026-05-16,2026-05,UK,Paid Ads,Basic,2000,2026-05-16,,False,21,4,6,7,4,311.85,14.85,2026-05-23,2026-10-18
1051,2026-02-19,2026-02,UK,Organic,Free,0,2026-02-19,,False,29,6,7,6,10,471.2,16.25,2026-02-21,2026-08-15
1052,2026-01-25,2026-01,USA,Organic,Pro,5000,2026-01-25,,False,11,3,2,4,2,148.35,13.49,2026-01-29,2026-07-21
1053,2026-12-22,2026-12,India,Referral,Free,0,2026-12-22,,False,22,6,3,5,8,319.15,14.51,2027-01-13,2027-06-13
1054,2026-05-06,2026-05,UK,Referral,Free,0,2026-05-06,2026-10-04,True,15,4,5,3,3,198.89,13.26,2026-06-12,2026-10-14
1055,2026-06-09,2026-06,UK,Organic,Pro,5000,2026-06-09,2026-07-17,True,11,4,2,1,4,173.37,15.76,2026-06-23,2026-11-18
1056,2026-06-18,2026-06,India,Organic,Free,0,2026-06-18,,False,20,5,5,3,7,245.13,12.26,2026-06-19,2026-12-14
1057,2026-02-25,2026-02,Germany,Organic,Basic,2000,2026-02-25,,False,5,0,2,2,1,82.13,16.43,2026-04-18,2026-07-07
1058,2026-02-03,2026-02,India,Referral,Pro,5000,2026-02-03,2026-07-17,True,6,0,2,3,1,91.32,15.22,2026-02-13,2026-07-24
1059,2026-09-22,2026-09,India,Paid Ads,Free,0,2026-09-22,,False,20,4,3,8,5,339.17,16.96,2026-10-01,2027-03-19
1060,2026-02-03,2026-02,India,Organic,Pro,5000,2026-02-03,,False,5,2,2,0,1,58.66,11.73,2026-02-15,2026-06-19
1061,2026-10-05,2026-10,USA,Organic,Basic,2000,2026-10-05,,False,23,8,4,6,5,324.2,14.1,2026-10-10,2027-03-22
1062,2026-09-20,2026-09,India,Paid Ads,Pro,5000,2026-09-20,2026-11-17,True,27,8,7,7,5,472.71,17.51,2026-09-21,2027-03-09
1063,2026-01-06,2026-01,USA,Referral,Basic,2000,2026-01-06,,False,21,3,5,6,7,313.99,14.95,2026-01-20,2026-06-26
1064,2026-04-23,2026-04,UK,Paid Ads,Free,0,2026-04-23,,False,20,4,6,6,4,298.43,14.92,2026-04-23,2026-10-02
1065,2026-11-19,2026-11,USA,Paid Ads,Pro,5000,2026-11-19,,False,13,2,2,6,3,225.93,17.38,2026-11-20,2027-05-12
1066,2026-08-01,2026-08,Germany,Organic,Pro,5000,2026-08-01,,False,28,6,8,8,6,467.92,16.71,2026-08-04,2027-01-16
1067,2026-01-27,2026-01,Germany,Organic,Basic,2000,2026-01-27,,False,11,2,5,2,2,208.86,18.99,2026-02-11,2026-07-21
1068,2026-08-03,2026-08,USA,Organic,Free,0,2026-08-03,,False,18,4,4,6,4,279.54,15.53,2026-08-22,2027-01-16
1069,2026-09-30,2026-09,USA,Paid Ads,Pro,5000,2026-09-30,,False,9,1,2,5,1,153.41,17.05,2026-10-23,2027-03-25
1070,2026-08-16,2026-08,UK,Organic,Basic,2000,2026-08-16,2026-12-05,True,8,1,2,1,4,145.72,18.22,2026-09-25,2027-01-29
1071,2026-01-10,2026-01,UK,Organic,Basic,2000,2026-01-10,,False,28,6,15,3,4,546.05,19.5,2026-01-13,2026-07-03
1072,2026-01-20,2026-01,India,Referral,Free,0,2026-01-20,2026-07-06,True,27,12,2,6,7,395.35,14.64,2026-01-24,2026-07-13
1073,2026-01-14,2026-01,India,Referral,Pro,5000,2026-01-14,,False,13,1,4,3,5,144.93,11.15,2026-01-15,2026-07-09
1074,2026-06-18,2026-06,UK,Referral,Free,0,2026-06-18,,False,8,2,0,3,3,85.54,10.69,2026-06-30,2026-12-08
1075,2026-09-04,2026-09,Germany,Referral,Free,0,2026-09-04,,False,14,5,4,3,2,238.87,17.06,2026-09-13,2027-02-24
1076,2026-05-13,2026-05,Germany,Paid Ads,Free,0,2026-05-13,2026-10-03,True,26,7,6,4,9,448.3,17.24,2026-05-15,2026-11-07
1077,2026-05-17,2026-05,India,Organic,Free,0,2026-05-17,2026-08-20,True,17,3,5,5,4,247.04,14.53,2026-05-31,2026-10-30
1078,2026-07-27,2026-07,India,Referral,Free,0,2026-07-27,,False,15,4,3,5,3,286.89,19.13,2026-08-10,2027-01-18
1079,2026-11-19,2026-11,India,Paid Ads,Pro,5000,2026-11-19,,False,29,10,7,4,8,405.4,13.98,2026-11-19,2027-05-07
1080,2026-03-08,2026-03,UK,Organic,Pro,5000,2026-03-08,2026-08-04,True,17,5,5,5,2,289.37,17.02,2026-03-11,2026-08-29
1081,2026-01-24,2026-01,India,Paid Ads,Free,0,2026-01-24,2026-06-08,True,23,9,5,3,6,406.05,17.65,2026-01-25,2026-07-22
1082,2026-04-01,2026-04,India,Referral,Free,0,2026-04-01,,False,18,4,5,4,5,329.08,18.28,2026-04-02,2026-09-21
1083,2026-02-18,2026-02,India,Organic,Pro,5000,2026-02-18,2026-06-27,True,24,10,3,5,6,364.38,15.18,2026-02-21,2026-08-05
1084,2026-09-04,2026-09,India,Organic,Free,0,2026-09-04,2026-11-28,True,8,5,0,2,1,94.83,11.85,2026-09-14,2027-02-14
1085,2026-06-27,2026-06,India,Referral,Basic,2000,2026-06-27,,False,26,9,8,1,8,375.87,14.46,2026-07-03,2026-12-21
1086,2026-11-01,2026-11,Germany,Referral,Basic,2000,2026-11-01,2027-01-04,True,24,8,7,6,3,433.11,18.05,2026-11-02,2027-04-06
1087,2026-08-01,2026-08,India,Organic,Free,0,2026-08-01,,False,20,2,5,8,5,305.9,15.29,2026-08-08,2027-01-15
1088,2026-11-22,2026-11,India,Paid Ads,Basic,2000,2026-11-22,,False,14,3,2,4,5,243.4,17.39,2026-12-10,2027-05-20
1089,2026-07-27,2026-07,Germany,Referral,Basic,2000,2026-07-27,,False,5,2,1,2,0,86.89,17.38,2026-08-04,2027-01-19
1090,2026-06-14,2026-06,Germany,Referral,Free,0,2026-06-14,,False,25,6,7,6,6,355.98,14.24,2026-06-23,2026-11-12
1091,2026-06-14,2026-06,UK,Organic,Free,0,2026-06-14,,False,7,2,1,1,3,128.21,18.32,2026-07-10,2026-11-20
1092,2026-04-26,2026-04,UK,Organic,Basic,2000,2026-04-26,,False,19,4,5,5,5,328.06,17.27,2026-04-27,2026-10-13
1093,2026-11-13,2026-11,USA,Referral,Basic,2000,2026-11-13,,False,9,3,3,1,2,132.45,14.72,2026-11-14,2027-03-27
1094,2026-01-29,2026-01,Germany,Paid Ads,Free,0,2026-01-29,,False,22,3,9,4,6,327.35,14.88,2026-02-07,2026-07-26
1095,2026-05-26,2026-05,USA,Paid Ads,Free,0,2026-05-26,2026-09-28,True,17,8,3,3,3,282.71,16.63,2026-05-29,2026-10-19
1096,2026-03-24,2026-03,USA,Organic,Free,0,2026-03-24,,False,21,4,7,5,5,310.57,14.79,2026-04-10,2026-09-16
1097,2026-11-06,2026-11,UK,Organic,Free,0,2026-11-06,2027-02-19,True,19,3,7,6,3,303.22,15.96,2026-11-17,2027-04-14
1098,2026-07-07,2026-07,India,Paid Ads,Free,0,2026-07-07,,False,6,2,1,1,2,99.71,16.62,2026-08-07,2026-12-25
1099,2026-03-31,2026-03,Germany,Paid Ads,Basic,2000,2026-03-31,,False,17,4,5,3,5,265.28,15.6,2026-04-06,2026-08-29
1100,2026-11-03,2026-11,USA,Organic,Free,0,2026-11-03,,False,8,2,2,1,3,111.54,13.94,2026-11-06,2027-04-20
1101,2026-07-25,2026-07,UK,Referral,Free,0,2026-07-25,,False,17,4,6,6,1,199.9,11.76,2026-07-28,2027-01-07
1102,2026-07-01,2026-07,USA,Organic,Basic,2000,2026-07-01,2026-08-11,True,5,3,2,0,0,119.96,23.99,2026-07-11,2026-12-17
1103,2026-12-12,2026-12,USA,Paid Ads,Free,0,2026-12-12,,False,23,5,5,3,10,318.24,13.84,2026-12-28,2027-06-06
1104,2026-06-24,2026-06,Germany,Referral,Basic,2000,2026-06-24,2026-09-13,True,24,4,7,7,6,359.43,14.98,2026-07-01,2026-12-16
1105,2026-06-13,2026-06,USA,Organic,Free,0,2026-06-13,,False,11,1,6,0,4,170.12,15.47,2026-07-02,2026-12-07
1106,2026-12-20,2026-12,USA,Paid Ads,Pro,5000,2026-12-20,,False,19,9,4,4,2,283.99,14.95,2026-12-21,2027-06-17
1107,2026-04-28,2026-04,UK,Organic,Basic,2000,2026-04-28,,False,20,4,7,5,4,327.35,16.37,2026-04-28,2026-09-27
1108,2026-06-30,2026-06,UK,Referral,Pro,5000,2026-06-30,,False,23,6,4,3,10,369.23,16.05,2026-07-11,2026-12-26
1109,2026-05-16,2026-05,USA,Referral,Basic,2000,2026-05-16,,False,22,3,5,10,4,348.94,15.86,2026-06-15,2026-11-08
1110,2026-07-30,2026-07,Germany,Referral,Free,0,2026-07-30,,False,9,3,1,3,2,120.0,13.33,2026-08-02,2026-12-16
1111,2026-10-04,2026-10,USA,Referral,Basic,2000,2026-10-04,,False,5,3,0,2,0,103.04,20.61,2026-10-08,2027-01-12
1112,2026-07-26,2026-07,USA,Referral,Free,0,2026-07-26,,False,19,8,3,3,5,329.73,17.35,2026-08-25,2027-01-11
1113,2026-03-30,2026-03,India,Referral,Free,0,2026-03-30,,False,18,6,5,1,6,281.46,15.64,2026-04-09,2026-09-17
1114,2026-09-20,2026-09,Germany,Paid Ads,Basic,2000,2026-09-20,,False,25,6,6,6,7,332.88,13.32,2026-09-26,2027-03-13
1115,2026-08-08,2026-08,Germany,Paid Ads,Basic,2000,2026-08-08,,False,17,4,1,8,4,294.05,17.3,2026-08-14,2026-12-31
1116,2026-06-11,2026-06,USA,Paid Ads,Pro,5000,2026-06-11,,False,14,7,2,4,1,242.32,17.31,2026-06-15,2026-11-17
1117,2026-07-26,2026-07,Germany,Organic,Pro,5000,2026-07-26,,False,24,5,6,3,10,423.17,17.63,2026-07-26,2027-01-19
1118,2026-04-20,2026-04,USA,Paid Ads,Pro,5000,2026-04-20,,False,8,2,2,2,2,128.19,16.02,2026-05-16,2026-09-18
1119,2026-05-21,2026-05,Germany,Paid Ads,Basic,2000,2026-05-21,,False,16,3,3,7,3,250.23,15.64,2026-05-28,2026-11-08
1120,2026-08-03,2026-08,UK,Referral,Pro,5000,2026-08-03,,False,27,7,9,4,7,431.47,15.98,2026-08-11,2027-01-25
1121,2026-10-10,2026-10,USA,Referral,Free,0,2026-10-10,2026-12-19,True,19,9,6,2,2,229.65,12.09,2026-10-13,2027-03-20
1122,2026-09-14,2026-09,UK,Referral,Basic,2000,2026-09-14,,False,19,4,5,5,5,281.42,14.81,2026-09-14,2027-02-27
1123,2026-04-21,2026-04,USA,Paid Ads,Free,0,2026-04-21,2026-06-27,True,25,14,3,2,6,390.38,15.62,2026-04-27,2026-10-12
1124,2026-11-26,2026-11,Germany,Referral,Pro,5000,2026-11-26,2027-02-09,True,10,6,1,3,0,177.25,17.73,2026-11-30,2027-05-09
1125,2026-06-11,2026-06,India,Organic,Free,0,2026-06-11,,False,17,4,5,3,5,282.45,16.61,2026-06-11,2026-12-07
1126,2026-12-15,2026-12,UK,Organic,Free,0,2026-12-15,,False,26,10,6,5,5,392.93,15.11,2026-12-29,2027-06-07
1127,2026-09-10,2026-09,UK,Referral,Basic,2000,2026-09-10,2027-01-10,True,24,7,5,4,8,441.38,18.39,2026-09-12,2027-03-07
1128,2026-10-01,2026-10,UK,Organic,Pro,5000,2026-10-01,,False,15,5,4,3,3,226.27,15.08,2026-10-14,2027-03-17
1129,2026-09-17,2026-09,Germany,Referral,Free,0,2026-09-17,2027-02-26,True,12,1,6,1,4,208.03,17.34,2026-10-05,2027-03-07
1130,2026-07-04,2026-07,USA,Paid Ads,Free,0,2026-07-04,,False,24,4,5,7,8,289.29,12.05,2026-07-12,2026-12-26
1131,2026-04-16,2026-04,USA,Referral,Basic,2000,2026-04-16,,False,10,1,3,5,1,171.45,17.14,2026-04-29,2026-10-05
1132,2026-11-25,2026-11,Germany,Organic,Pro,5000,2026-11-25,,False,27,11,6,3,7,341.51,12.65,2026-11-25,2027-05-23
1133,2026-06-25,2026-06,India,Organic,Free,0,2026-06-25,2026-10-02,True,15,2,8,2,3,275.07,18.34,2026-06-27,2026-12-15
1134,2026-09-06,2026-09,UK,Paid Ads,Free,0,2026-09-06,,False,12,5,4,3,0,190.42,15.87,2026-09-17,2027-01-29
1135,2026-04-21,2026-04,Germany,Organic,Free,0,2026-04-21,,False,9,1,4,2,2,134.77,14.97,2026-05-16,2026-10-08
1136,2026-05-06,2026-05,UK,Organic,Free,0,2026-05-06,,False,17,3,6,3,5,295.96,17.41,2026-05-11,2026-11-01
1137,2026-12-16,2026-12,Germany,Referral,Basic,2000,2026-12-16,,False,24,6,9,4,5,320.87,13.37,2026-12-23,2027-06-12
1138,2026-07-12,2026-07,Germany,Referral,Basic,2000,2026-07-12,,False,19,5,6,4,4,393.49,20.71,2026-07-17,2027-01-05
1139,2026-02-10,2026-02,India,Referral,Free,0,2026-02-10,,False,6,1,3,0,2,95.88,15.98,2026-02-22,2026-06-16
1140,2026-06-04,2026-06,India,Paid Ads,Basic,2000,2026-06-04,,False,9,1,3,3,2,145.14,16.13,2026-06-05,2026-11-19
1141,2026-04-02,2026-04,UK,Paid Ads,Pro,5000,2026-04-02,,False,26,9,8,5,4,439.48,16.9,2026-04-12,2026-09-28
1142,2026-09-06,2026-09,USA,Organic,Free,0,2026-09-06,2026-12-16,True,15,6,4,3,2,241.99,16.13,2026-10-02,2027-02-27
1143,2026-02-07,2026-02,USA,Organic,Pro,5000,2026-02-07,,False,9,2,1,3,3,106.07,11.79,2026-02-10,2026-06-19
1144,2026-06-07,2026-06,USA,Referral,Pro,5000,2026-06-07,,False,18,8,3,3,4,289.26,16.07,2026-06-16,2026-12-01
1145,2026-11-08,2026-11,India,Paid Ads,Free,0,2026-11-08,,False,15,3,8,2,2,211.71,14.11,2026-11-11,2027-04-25
1146,2026-08-26,2026-08,USA,Referral,Free,0,2026-08-26,,False,18,4,7,4,3,349.86,19.44,2026-09-13,2027-01-16
1147,2026-10-29,2026-10,Germany,Paid Ads,Basic,2000,2026-10-29,,False,14,1,1,5,7,249.19,17.8,2026-11-11,2027-04-24
1148,2026-11-06,2026-11,Germany,Referral,Free,0,2026-11-06,2027-02-09,True,21,6,6,6,3,279.85,13.33,2026-11-10,2027-03-15
1149,2026-09-22,2026-09,India,Organic,Free,0,2026-09-22,,False,18,5,3,4,6,277.03,15.39,2026-09-25,2027-02-19
1150,2026-02-13,2026-02,USA,Paid Ads,Free,0,2026-02-13,,False,8,2,1,3,2,132.09,16.51,2026-04-07,2026-07-21
1151,2026-09-25,2026-09,USA,Organic,Free,0,2026-09-25,,False,20,7,5,7,1,381.76,19.09,2026-10-06,2027-03-22
1152,2026-09-07,2026-09,USA,Referral,Pro,5000,2026-09-07,2027-02-28,True,28,9,9,4,6,364.34,13.01,2026-09-20,2027-02-22
1153,2026-07-16,2026-07,Germany,Organic,Free,0,2026-07-16,,False,7,1,3,2,1,117.56,16.79,2026-08-07,2026-12-31
1154,2026-11-14,2026-11,Germany,Referral,Pro,5000,2026-11-14,2027-04-12,True,9,2,0,3,4,122.51,13.61,2026-12-19,2027-04-28
1155,2026-08-22,2026-08,India,Paid Ads,Pro,5000,2026-08-22,2027-02-12,True,15,2,3,7,3,143.0,9.53,2026-08-22,2027-02-10
1156,2026-09-26,2026-09,India,Referral,Basic,2000,2026-09-26,,False,29,11,5,10,3,467.56,16.12,2026-09-29,2027-03-24
1157,2026-02-07,2026-02,India,Organic,Basic,2000,2026-02-07,,False,18,6,4,3,5,266.73,14.82,2026-02-20,2026-08-05
1158,2026-05-16,2026-05,India,Paid Ads,Free,0,2026-05-16,2026-10-10,True,16,2,5,2,7,223.2,13.95,2026-05-23,2026-11-04
1159,2026-04-25,2026-04,UK,Referral,Pro,5000,2026-04-25,,False,20,4,7,5,4,300.98,15.05,2026-04-28,2026-10-07
1160,2026-10-28,2026-10,India,Referral,Free,0,2026-10-28,,False,11,4,2,2,3,216.92,19.72,2026-11-09,2027-04-09
1161,2026-09-07,2026-09,India,Paid Ads,Basic,2000,2026-09-07,,False,11,2,2,4,3,193.95,17.63,2026-10-23,2027-03-03
1162,2026-11-15,2026-11,India,Organic,Basic,2000,2026-11-15,,False,27,6,4,7,10,419.2,15.53,2026-11-18,2027-05-13
1163,2026-03-10,2026-03,India,Referral,Free,0,2026-03-10,2026-08-03,True,27,7,8,5,7,376.19,13.93,2026-03-26,2026-09-05
1164,2026-02-05,2026-02,USA,Organic,Basic,2000,2026-02-05,,False,16,7,3,2,4,279.6,17.48,2026-02-28,2026-08-03
1165,2026-02-24,2026-02,USA,Organic,Pro,5000,2026-02-24,,False,23,5,3,6,9,378.14,16.44,2026-02-26,2026-08-19
1166,2026-03-28,2026-03,Germany,Referral,Free,0,2026-03-28,,False,7,1,2,2,2,107.33,15.33,2026-05-04,2026-09-09
1167,2026-09-15,2026-09,USA,Referral,Free,0,2026-09-15,,False,25,5,3,9,8,414.72,16.59,2026-09-18,2027-03-12
1168,2026-03-03,2026-03,UK,Paid Ads,Basic,2000,2026-03-03,,False,11,3,3,3,2,195.89,17.81,2026-03-09,2026-08-19
1169,2026-08-19,2026-08,Germany,Referral,Basic,2000,2026-08-19,,False,19,4,5,5,5,279.37,14.7,2026-08-21,2027-01-31
1170,2026-10-28,2026-10,Germany,Organic,Pro,5000,2026-10-28,,False,17,5,5,2,5,287.84,16.93,2026-11-13,2027-03-27
1171,2026-11-29,2026-11,USA,Organic,Basic,2000,2026-11-29,,False,19,2,2,6,9,237.14,12.48,2026-12-11,2027-05-22
1172,2026-02-07,2026-02,UK,Organic,Pro,5000,2026-02-07,,False,23,5,2,6,10,392.69,17.07,2026-03-09,2026-08-01
1173,2026-04-04,2026-04,India,Paid Ads,Free,0,2026-04-04,,False,8,4,1,1,2,138.73,17.34,2026-04-25,2026-08-25
1174,2026-04-25,2026-04,India,Organic,Free,0,2026-04-25,,False,16,3,4,6,3,282.35,17.65,2026-04-25,2026-10-18
1175,2026-10-31,2026-10,UK,Organic,Pro,5000,2026-10-31,,False,28,11,7,7,3,457.31,16.33,2026-11-02,2027-04-28
1176,2026-07-15,2026-07,USA,Organic,Pro,5000,2026-07-15,,False,16,3,2,8,3,297.36,18.58,2026-08-14,2027-01-10
1177,2026-03-30,2026-03,UK,Organic,Basic,2000,2026-03-30,2026-07-14,True,29,7,6,4,12,422.3,14.56,2026-04-10,2026-09-18
1178,2026-12-25,2026-12,Germany,Referral,Free,0,2026-12-25,,False,26,10,6,5,5,418.82,16.11,2026-12-29,2027-06-10
1179,2026-03-09,2026-03,Germany,Referral,Free,0,2026-03-09,,False,14,2,4,3,5,225.57,16.11,2026-03-17,2026-08-14
1180,2026-03-06,2026-03,UK,Paid Ads,Free,0,2026-03-06,,False,17,2,4,6,5,261.71,15.39,2026-03-24,2026-08-26
1181,2026-07-07,2026-07,UK,Organic,Free,0,2026-07-07,,False,28,6,6,10,6,461.34,16.48,2026-07-07,2026-12-28
1182,2026-09-21,2026-09,Germany,Paid Ads,Free,0,2026-09-21,,False,5,3,1,0,1,45.29,9.06,2026-11-11,2027-02-25
1183,2026-12-14,2026-12,India,Organic,Free,0,2026-12-14,2027-03-23,True,18,3,7,5,3,304.56,16.92,2026-12-22,2027-06-11
1184,2026-06-12,2026-06,India,Organic,Free,0,2026-06-12,,False,11,1,3,4,3,133.25,12.11,2026-06-21,2026-12-05
1185,2026-09-28,2026-09,UK,Referral,Basic,2000,2026-09-28,,False,7,2,0,2,3,103.03,14.72,2026-10-16,2027-02-18
1186,2026-11-12,2026-11,India,Paid Ads,Free,0,2026-11-12,2027-02-07,True,9,2,3,1,3,168.6,18.73,2026-12-16,2027-04-18
1187,2026-02-18,2026-02,UK,Organic,Pro,5000,2026-02-18,2026-05-05,True,23,5,9,1,8,364.07,15.83,2026-02-21,2026-07-27
1188,2026-05-21,2026-05,USA,Organic,Basic,2000,2026-05-21,,False,27,6,6,9,6,427.64,15.84,2026-05-21,2026-11-15
1189,2026-07-20,2026-07,USA,Referral,Free,0,2026-07-20,,False,5,2,0,0,3,61.75,12.35,2026-08-03,2026-12-30
1190,2026-03-31,2026-03,Germany,Organic,Basic,2000,2026-03-31,,False,25,7,5,5,8,368.92,14.76,2026-04-02,2026-09-17
1191,2026-07-25,2026-07,India,Referral,Basic,2000,2026-07-25,,False,13,3,3,3,4,218.78,16.83,2026-08-04,2027-01-01
1192,2026-01-16,2026-01,India,Organic,Free,0,2026-01-16,2026-03-25,True,29,5,11,7,6,468.93,16.17,2026-01-27,2026-07-06
1193,2026-03-25,2026-03,India,Paid Ads,Basic,2000,2026-03-25,2026-07-03,True,8,2,4,2,0,154.94,19.37,2026-04-02,2026-07-24
1194,2026-09-14,2026-09,India,Referral,Basic,2000,2026-09-14,,False,28,5,4,8,11,413.08,14.75,2026-09-27,2027-03-12
1195,2026-03-11,2026-03,India,Organic,Pro,5000,2026-03-11,2026-05-23,True,28,6,4,10,8,514.15,18.36,2026-03-21,2026-08-25
1196,2026-12-17,2026-12,USA,Organic,Basic,2000,2026-12-17,2027-06-10,True,24,8,10,3,3,395.25,16.47,2026-12-27,2027-06-10
1197,2026-12-21,2026-12,Germany,Organic,Free,0,2026-12-21,,False,14,1,2,9,2,215.74,15.41,2027-01-10,2027-06-10
1198,2026-08-20,2026-08,USA,Organic,Pro,5000,2026-08-20,,False,7,2,2,2,1,114.51,16.36,2026-08-31,2027-01-12
1199,2026-04-13,2026-04,Germany,Referral,Free,0,2026-04-13,,False,16,4,4,6,2,247.46,15.47,2026-04-19,2026-09-11
1200,2026-06-24,2026-06,USA,Organic,Free,0,2026-06-24,,False,25,7,5,10,3,401.23,16.05,2026-07-02,2026-12-19
1201,2026-08-03,2026-08,UK,Organic,Free,0,2026-08-03,,False,6,3,0,2,1,102.25,17.04,2026-08-15,2027-01-10
1202,2026-06-02,2026-06,India,Referral,Basic,2000,2026-06-02,2026-10-09,True,20,6,7,5,2,303.45,15.17,2026-06-08,2026-11-28
1203,2026-11-14,2026-11,Germany,Paid Ads,Basic,2000,2026-11-14,,False,19,7,6,2,4,286.3,15.07,2026-12-01,2027-05-10
1204,2026-11-29,2026-11,Germany,Organic,Free,0,2026-11-29,,False,15,5,5,3,2,254.7,16.98,2027-01-09,2027-05-24
1205,2026-05-12,2026-05,Germany,Organic,Basic,2000,2026-05-12,,False,18,5,8,1,4,321.32,17.85,2026-05-17,2026-10-14
1206,2026-12-18,2026-12,India,Paid Ads,Basic,2000,2026-12-18,,False,28,7,9,8,4,385.26,13.76,2026-12-19,2027-06-09
1207,2026-04-29,2026-04,UK,Referral,Free,0,2026-04-29,,False,17,3,6,4,4,287.74,16.93,2026-05-05,2026-10-18
1208,2026-05-16,2026-05,Germany,Referral,Basic,2000,2026-05-16,,False,29,7,6,9,7,439.55,15.16,2026-05-16,2026-10-26
1209,2026-06-17,2026-06,India,Organic,Basic,2000,2026-06-17,2026-10-25,True,16,4,4,7,1,219.36,13.71,2026-06-23,2026-11-25
1210,2026-09-25,2026-09,UK,Organic,Pro,5000,2026-09-25,,False,27,7,5,8,7,454.44,16.83,2026-09-25,2027-03-21
1211,2026-12-09,2026-12,UK,Referral,Basic,2000,2026-12-09,,False,9,2,5,2,0,89.34,9.93,2026-12-09,2027-05-08
1212,2026-05-03,2026-05,USA,Paid Ads,Pro,5000,2026-05-03,,False,18,2,4,5,7,285.65,15.87,2026-05-22,2026-10-27
1213,2026-10-22,2026-10,India,Paid Ads,Basic,2000,2026-10-22,,False,13,5,5,1,2,206.56,15.89,2026-10-24,2027-04-06
1214,2026-03-12,2026-03,Germany,Organic,Pro,5000,2026-03-12,,False,18,3,5,3,7,256.47,14.25,2026-03-31,2026-09-05
1215,2026-12-20,2026-12,USA,Organic,Basic,2000,2026-12-20,,False,16,4,2,4,6,279.14,17.45,2026-12-23,2027-06-11
1216,2026-12-23,2026-12,UK,Paid Ads,Pro,5000,2026-12-23,2027-03-07,True,17,6,5,4,2,232.74,13.69,2027-01-03,2027-06-02
1217,2026-07-29,2026-07,India,Organic,Free,0,2026-07-29,,False,16,5,5,2,4,203.32,12.71,2026-08-20,2027-01-18
1218,2026-01-29,2026-01,Germany,Paid Ads,Basic,2000,2026-01-29,,False,25,10,5,4,6,426.13,17.05,2026-02-08,2026-07-16
1219,2026-09-04,2026-09,USA,Paid Ads,Free,0,2026-09-04,,False,20,9,5,3,3,343.86,17.19,2026-09-04,2027-02-01
1220,2026-11-09,2026-11,India,Organic,Free,0,2026-11-09,2027-01-26,True,25,4,10,4,7,356.32,14.25,2026-11-10,2027-04-17
1221,2026-10-06,2026-10,India,Paid Ads,Free,0,2026-10-06,2026-12-19,True,8,2,3,2,1,74.75,9.34,2026-11-17,2027-04-01
1222,2026-03-01,2026-03,USA,Organic,Basic,2000,2026-03-01,2026-04-16,True,13,2,7,2,2,209.87,16.14,2026-04-03,2026-08-25
1223,2026-11-08,2026-11,USA,Paid Ads,Free,0,2026-11-08,,False,26,7,4,10,5,389.87,15.0,2026-11-08,2027-04-22
1224,2026-07-10,2026-07,USA,Paid Ads,Free,0,2026-07-10,,False,19,8,5,1,5,374.28,19.7,2026-07-11,2026-12-10
1225,2026-11-20,2026-11,India,Paid Ads,Pro,5000,2026-11-20,,False,9,1,4,2,2,142.66,15.85,2026-11-23,2027-05-16
1226,2026-05-02,2026-05,UK,Referral,Pro,5000,2026-05-02,2026-06-19,True,22,7,7,2,6,360.52,16.39,2026-05-18,2026-10-26
1227,2026-12-22,2026-12,India,Referral,Free,0,2026-12-22,,False,23,9,7,2,5,356.29,15.49,2026-12-23,2027-06-18
1228,2026-08-05,2026-08,USA,Organic,Pro,5000,2026-08-05,,False,16,5,0,6,5,234.22,14.64,2026-08-11,2027-01-30
1229,2026-08-22,2026-08,Germany,Organic,Free,0,2026-08-22,2027-01-11,True,10,4,4,1,1,147.97,14.8,2026-09-06,2027-02-13
1230,2026-02-02,2026-02,UK,Paid Ads,Free,0,2026-02-02,,False,29,6,9,12,2,469.31,16.18,2026-02-05,2026-07-31
1231,2026-03-11,2026-03,USA,Referral,Pro,5000,2026-03-11,,False,26,6,10,4,6,364.43,14.02,2026-03-21,2026-08-20
1232,2026-02-10,2026-02,UK,Referral,Free,0,2026-02-10,,False,6,3,0,2,1,66.26,11.04,2026-03-22,2026-08-08
1233,2026-03-08,2026-03,Germany,Organic,Free,0,2026-03-08,2026-06-24,True,21,4,6,7,4,381.67,18.17,2026-03-20,2026-08-21
1234,2026-03-18,2026-03,India,Paid Ads,Free,0,2026-03-18,,False,19,7,4,4,4,300.28,15.8,2026-03-19,2026-09-12
1235,2026-07-25,2026-07,UK,Organic,Free,0,2026-07-25,,False,14,0,6,5,3,249.38,17.81,2026-07-30,2027-01-08
1236,2026-06-05,2026-06,USA,Paid Ads,Free,0,2026-06-05,,False,14,4,4,3,3,227.68,16.26,2026-06-06,2026-12-01
1237,2026-04-04,2026-04,USA,Organic,Basic,2000,2026-04-04,,False,7,1,3,1,2,112.05,16.01,2026-04-10,2026-08-16
1238,2026-03-07,2026-03,USA,Referral,Pro,5000,2026-03-07,,False,9,1,1,2,5,124.6,13.84,2026-03-28,2026-06-12
1239,2026-12-01,2026-12,UK,Paid Ads,Basic,2000,2026-12-01,,False,20,5,4,7,4,317.12,15.86,2026-12-11,2027-05-22
1240,2026-12-20,2026-12,Germany,Paid Ads,Basic,2000,2026-12-20,2027-05-28,True,6,3,0,2,1,107.03,17.84,2027-01-23,2027-04-09
1241,2026-07-01,2026-07,Germany,Paid Ads,Free,0,2026-07-01,,False,17,4,7,2,4,259.37,15.26,2026-07-05,2026-12-27
1242,2026-05-04,2026-05,USA,Paid Ads,Basic,2000,2026-05-04,,False,26,6,3,11,6,425.76,16.38,2026-05-20,2026-10-06
1243,2026-02-12,2026-02,Germany,Paid Ads,Pro,5000,2026-02-12,,False,10,4,3,2,1,181.83,18.18,2026-02-18,2026-08-01
1244,2026-09-06,2026-09,USA,Referral,Basic,2000,2026-09-06,,False,24,0,6,8,10,381.98,15.92,2026-09-08,2027-03-04
1245,2026-06-16,2026-06,UK,Organic,Basic,2000,2026-06-16,2026-12-07,True,18,4,4,7,3,303.52,16.86,2026-07-05,2026-11-21
1246,2026-08-25,2026-08,USA,Referral,Free,0,2026-08-25,2026-12-04,True,19,3,2,4,10,262.29,13.8,2026-08-30,2027-02-10
1247,2026-10-25,2026-10,USA,Paid Ads,Pro,5000,2026-10-25,,False,24,9,3,4,8,334.75,13.95,2026-10-30,2027-04-14
1248,2026-05-04,2026-05,Germany,Organic,Basic,2000,2026-05-04,,False,27,7,8,7,5,442.08,16.37,2026-05-25,2026-10-23
1249,2026-12-23,2026-12,UK,Organic,Free,0,2026-12-23,,False,29,13,8,5,3,366.38,12.63,2026-12-24,2027-06-11
1250,2026-06-24,2026-06,India,Paid Ads,Basic,2000,2026-06-24,,False,17,4,5,4,4,282.32,16.61,2026-07-08,2026-12-16
1251,2026-11-23,2026-11,UK,Paid Ads,Free,0,2026-11-23,,False,10,2,6,1,1,143.28,14.33,2027-01-06,2027-05-16
1252,2026-01-11,2026-01,USA,Paid Ads,Free,0,2026-01-11,2026-05-27,True,26,9,7,6,4,423.74,16.3,2026-01-23,2026-07-08
1253,2026-11-16,2026-11,UK,Referral,Free,0,2026-11-16,,False,9,3,3,3,0,146.85,16.32,2026-11-17,2027-05-11
1254,2026-03-22,2026-03,UK,Paid Ads,Basic,2000,2026-03-22,,False,5,1,1,2,1,90.52,18.1,2026-05-13,2026-09-12
1255,2026-08-15,2026-08,Germany,Organic,Free,0,2026-08-15,,False,24,7,4,6,7,319.41,13.31,2026-08-19,2027-01-30
1256,2026-11-03,2026-11,UK,Paid Ads,Free,0,2026-11-03,2027-01-30,True,11,4,1,3,3,171.98,15.63,2026-11-22,2027-04-15
1257,2026-10-05,2026-10,Germany,Organic,Free,0,2026-10-05,2027-01-17,True,13,6,3,2,2,187.43,14.42,2026-10-06,2027-03-19
1258,2026-07-26,2026-07,UK,Paid Ads,Pro,5000,2026-07-26,,False,15,4,1,7,3,300.19,20.01,2026-07-30,2027-01-14
1259,2026-10-08,2026-10,Germany,Referral,Free,0,2026-10-08,,False,8,0,4,3,1,153.28,19.16,2026-11-18,2027-03-21
1260,2026-10-28,2026-10,Germany,Paid Ads,Basic,2000,2026-10-28,2027-01-31,True,5,1,3,1,0,123.07,24.61,2026-11-25,2027-04-02
1261,2026-03-24,2026-03,India,Organic,Basic,2000,2026-03-24,2026-04-29,True,14,2,7,1,4,221.35,15.81,2026-04-03,2026-09-04
1262,2026-11-24,2026-11,UK,Organic,Free,0,2026-11-24,,False,15,3,3,3,6,244.9,16.33,2026-12-08,2027-04-19
1263,2026-06-23,2026-06,Germany,Organic,Basic,2000,2026-06-23,,False,11,1,5,3,2,124.87,11.35,2026-06-29,2026-12-17
1264,2026-11-14,2026-11,USA,Organic,Free,0,2026-11-14,,False,13,1,5,4,3,235.61,18.12,2026-11-15,2027-05-08
1265,2026-08-03,2026-08,UK,Referral,Pro,5000,2026-08-03,2026-10-27,True,6,2,3,0,1,89.71,14.95,2026-08-26,2027-01-28
1266,2026-07-02,2026-07,UK,Referral,Pro,5000,2026-07-02,2026-12-18,True,25,5,5,8,7,405.35,16.21,2026-07-09,2026-12-18
1267,2026-06-02,2026-06,Germany,Organic,Basic,2000,2026-06-02,2026-11-26,True,5,1,3,1,0,76.18,15.24,2026-06-03,2026-10-05
1268,2026-07-10,2026-07,USA,Paid Ads,Pro,5000,2026-07-10,,False,24,4,11,5,4,404.33,16.85,2026-07-12,2026-12-28
1269,2026-09-23,2026-09,India,Referral,Pro,5000,2026-09-23,,False,27,9,6,7,5,419.69,15.54,2026-09-24,2027-03-19
1270,2026-11-20,2026-11,India,Organic,Basic,2000,2026-11-20,,False,9,2,4,1,2,157.71,17.52,2026-12-06,2027-04-29
1271,2026-05-31,2026-05,India,Paid Ads,Basic,2000,2026-05-31,2026-07-12,True,9,1,6,0,2,166.46,18.5,2026-06-12,2026-11-23
1272,2026-04-03,2026-04,India,Organic,Pro,5000,2026-04-03,,False,29,8,4,8,9,468.53,16.16,2026-04-03,2026-09-29
1273,2026-03-02,2026-03,Germany,Organic,Free,0,2026-03-02,2026-06-02,True,9,2,3,1,3,149.74,16.64,2026-05-09,2026-08-16
1274,2026-12-21,2026-12,India,Organic,Basic,2000,2026-12-21,2027-04-14,True,20,4,4,5,7,323.63,16.18,2027-01-01,2027-06-05
1275,2026-08-26,2026-08,Germany,Referral,Free,0,2026-08-26,,False,14,5,4,3,2,221.45,15.82,2026-09-03,2027-02-14
1276,2026-01-05,2026-01,Germany,Organic,Basic,2000,2026-01-05,2026-06-21,True,17,4,4,6,3,235.7,13.86,2026-01-14,2026-06-27
1277,2026-04-24,2026-04,India,Organic,Free,0,2026-04-24,2026-06-10,True,9,3,4,1,1,104.62,11.62,2026-05-11,2026-10-09
1278,2026-05-19,2026-05,UK,Paid Ads,Free,0,2026-05-19,,False,11,2,3,5,1,149.54,13.59,2026-05-24,2026-11-04
1279,2026-05-16,2026-05,UK,Referral,Pro,5000,2026-05-16,,False,15,5,4,4,2,166.19,11.08,2026-05-29,2026-11-07
1280,2026-05-07,2026-05,India,Organic,Basic,2000,2026-05-07,,False,13,2,7,2,2,207.2,15.94,2026-06-11,2026-11-02
1281,2026-04-26,2026-04,Germany,Referral,Basic,2000,2026-04-26,,False,25,7,9,5,4,355.89,14.24,2026-04-28,2026-10-19
1282,2026-02-16,2026-02,UK,Paid Ads,Free,0,2026-02-16,,False,14,7,3,1,3,242.57,17.33,2026-02-22,2026-07-27
1283,2026-09-25,2026-09,UK,Referral,Free,0,2026-09-25,2026-12-21,True,12,4,3,0,5,206.22,17.18,2026-10-16,2027-03-15
1284,2026-03-25,2026-03,India,Paid Ads,Free,0,2026-03-25,,False,22,6,5,7,4,282.0,12.82,2026-03-29,2026-09-17
1285,2026-07-15,2026-07,Germany,Paid Ads,Pro,5000,2026-07-15,,False,7,0,3,2,2,110.58,15.8,2026-07-27,2026-12-31
1286,2026-11-09,2026-11,Germany,Organic,Free,0,2026-11-09,2027-03-16,True,8,3,4,1,0,108.17,13.52,2026-11-23,2027-05-07
1287,2026-06-16,2026-06,UK,Referral,Free,0,2026-06-16,,False,28,7,7,8,6,545.26,19.47,2026-07-04,2026-12-09
1288,2026-07-04,2026-07,India,Paid Ads,Pro,5000,2026-07-04,2026-09-19,True,5,1,2,0,2,86.6,17.32,2026-08-24,2026-11-16
1289,2026-09-02,2026-09,Germany,Organic,Basic,2000,2026-09-02,,False,27,4,5,8,10,337.92,12.52,2026-09-03,2027-02-22
1290,2026-12-22,2026-12,Germany,Referral,Pro,5000,2026-12-22,2027-06-07,True,27,4,8,5,10,548.26,20.31,2026-12-23,2027-06-17
1291,2026-10-31,2026-10,Germany,Organic,Free,0,2026-10-31,2026-12-07,True,6,0,1,4,1,97.94,16.32,2026-12-02,2027-04-09
1292,2026-04-15,2026-04,UK,Paid Ads,Free,0,2026-04-15,,False,5,0,1,2,2,67.95,13.59,2026-05-11,2026-10-10
1293,2026-05-25,2026-05,UK,Organic,Pro,5000,2026-05-25,,False,22,5,8,6,3,281.15,12.78,2026-05-25,2026-11-18
1294,2026-04-08,2026-04,USA,Organic,Free,0,2026-04-08,,False,14,1,5,6,2,259.62,18.54,2026-04-26,2026-09-10
1295,2026-12-05,2026-12,UK,Paid Ads,Pro,5000,2026-12-05,,False,19,5,5,6,3,297.11,15.64,2026-12-19,2027-05-22
1296,2026-01-17,2026-01,USA,Referral,Free,0,2026-01-17,,False,26,6,9,5,6,310.52,11.94,2026-01-27,2026-07-07
1297,2026-08-15,2026-08,Germany,Referral,Pro,5000,2026-08-15,2026-12-04,True,8,3,1,1,3,103.27,12.91,2026-09-07,2027-01-06
1298,2026-11-30,2026-11,USA,Referral,Free,0,2026-11-30,2027-03-10,True,13,2,3,7,1,239.81,18.45,2026-12-30,2027-05-17
1299,2026-01-10,2026-01,UK,Referral,Basic,2000,2026-01-10,,False,7,2,1,2,2,94.74,13.53,2026-02-04,2026-06-18
1300,2026-04-13,2026-04,Germany,Organic,Pro,5000,2026-04-13,,False,27,6,4,10,7,382.86,14.18,2026-04-15,2026-09-28
1301,2026-03-07,2026-03,USA,Referral,Free,0,2026-03-07,2026-07-13,True,6,1,2,0,3,113.7,18.95,2026-04-03,2026-08-13
1302,2026-04-01,2026-04,USA,Organic,Free,0,2026-04-01,,False,12,5,4,0,3,145.5,12.12,2026-04-01,2026-09-12
1303,2026-08-16,2026-08,Germany,Organic,Free,0,2026-08-16,,False,26,6,2,11,7,451.08,17.35,2026-08-27,2027-02-02
1304,2026-03-18,2026-03,India,Referral,Free,0,2026-03-18,,False,26,4,5,9,8,493.15,18.97,2026-03-21,2026-08-22
1305,2026-06-18,2026-06,India,Referral,Pro,5000,2026-06-18,,False,24,4,8,4,8,316.86,13.2,2026-06-24,2026-12-10
1306,2026-06-07,2026-06,Germany,Paid Ads,Free,0,2026-06-07,,False,27,6,7,6,8,439.83,16.29,2026-06-27,2026-11-25
1307,2026-06-08,2026-06,UK,Paid Ads,Free,0,2026-06-08,2026-10-11,True,18,6,6,0,6,226.57,12.59,2026-06-10,2026-11-18
1308,2026-02-09,2026-02,USA,Paid Ads,Free,0,2026-02-09,,False,14,4,3,4,3,199.6,14.26,2026-02-17,2026-07-26
1309,2026-05-15,2026-05,USA,Referral,Pro,5000,2026-05-15,,False,16,5,4,4,3,251.43,15.71,2026-06-05,2026-11-08
1310,2026-07-07,2026-07,India,Referral,Free,0,2026-07-07,,False,21,8,4,2,7,307.99,14.67,2026-07-10,2027-01-02
1311,2026-09-29,2026-09,USA,Referral,Free,0,2026-09-29,,False,20,3,7,3,7,303.42,15.17,2026-10-04,2027-02-28
1312,2026-05-02,2026-05,Germany,Referral,Free,0,2026-05-02,,False,26,4,11,3,8,374.67,14.41,2026-05-07,2026-10-16
1313,2026-03-22,2026-03,UK,Organic,Free,0,2026-03-22,,False,10,3,2,2,3,177.21,17.72,2026-04-06,2026-08-23
1314,2026-12-02,2026-12,Germany,Paid Ads,Free,0,2026-12-02,2027-03-14,True,9,1,3,2,3,116.14,12.9,2027-01-17,2027-05-06
1315,2026-07-27,2026-07,UK,Referral,Free,0,2026-07-27,,False,26,6,2,10,8,401.3,15.43,2026-07-30,2027-01-14
1316,2026-08-07,2026-08,UK,Paid Ads,Basic,2000,2026-08-07,2026-10-27,True,7,2,0,2,3,98.53,14.08,2026-08-17,2026-12-02
1317,2026-11-10,2026-11,Germany,Referral,Free,0,2026-11-10,,False,5,3,0,1,1,107.25,21.45,2026-12-15,2027-04-16
1318,2026-06-30,2026-06,Germany,Paid Ads,Free,0,2026-06-30,2026-11-03,True,16,6,1,7,2,277.29,17.33,2026-07-02,2026-12-14
1319,2026-03-17,2026-03,India,Organic,Basic,2000,2026-03-17,,False,25,9,1,5,10,436.81,17.47,2026-03-17,2026-09-02
1320,2026-01-06,2026-01,Germany,Referral,Free,0,2026-01-06,,False,16,4,5,2,5,221.56,13.85,2026-01-24,2026-07-01
1321,2026-03-23,2026-03,USA,Organic,Basic,2000,2026-03-23,,False,21,5,5,6,5,329.48,15.69,2026-03-26,2026-09-04
1322,2026-08-04,2026-08,Germany,Referral,Basic,2000,2026-08-04,,False,17,5,2,7,3,289.7,17.04,2026-08-04,2027-01-22
1323,2026-04-12,2026-04,India,Organic,Free,0,2026-04-12,2026-08-15,True,12,0,3,5,4,197.01,16.42,2026-04-12,2026-10-05
1324,2026-03-11,2026-03,Germany,Paid Ads,Pro,5000,2026-03-11,,False,22,6,4,6,6,401.03,18.23,2026-03-18,2026-08-09
1325,2026-12-09,2026-12,India,Paid Ads,Basic,2000,2026-12-09,,False,26,6,7,9,4,351.6,13.52,2026-12-11,2027-05-28
1326,2026-01-03,2026-01,USA,Paid Ads,Free,0,2026-01-03,2026-03-06,True,7,4,0,1,2,87.39,12.48,2026-01-10,2026-04-26
1327,2026-03-24,2026-03,India,Referral,Basic,2000,2026-03-24,,False,8,2,3,0,3,102.23,12.78,2026-04-10,2026-08-28
1328,2026-03-22,2026-03,India,Referral,Free,0,2026-03-22,,False,7,2,1,3,1,87.11,12.44,2026-04-04,2026-09-05
1329,2026-06-28,2026-06,Germany,Referral,Free,0,2026-06-28,,False,25,5,9,5,6,414.07,16.56,2026-06-28,2026-12-14
1330,2026-06-24,2026-06,USA,Paid Ads,Free,0,2026-06-24,2026-10-20,True,6,0,3,2,1,60.88,10.15,2026-07-17,2026-11-28
1331,2026-08-29,2026-08,Germany,Paid Ads,Basic,2000,2026-08-29,2026-10-14,True,14,2,4,6,2,222.99,15.93,2026-09-02,2027-02-17
1332,2026-10-20,2026-10,India,Organic,Free,0,2026-10-20,,False,29,10,6,5,8,442.98,15.28,2026-10-24,2027-03-28
1333,2026-06-05,2026-06,India,Organic,Pro,5000,2026-06-05,,False,12,1,0,5,6,182.88,15.24,2026-07-10,2026-12-01
1334,2026-07-03,2026-07,Germany,Paid Ads,Basic,2000,2026-07-03,,False,18,4,4,7,3,306.1,17.01,2026-07-11,2026-12-29
1335,2026-07-01,2026-07,India,Paid Ads,Basic,2000,2026-07-01,,False,13,2,2,4,5,231.06,17.77,2026-07-13,2026-12-16
1336,2026-11-22,2026-11,Germany,Paid Ads,Free,0,2026-11-22,,False,7,0,1,2,4,91.53,13.08,2026-12-04,2027-05-15
1337,2026-01-06,2026-01,UK,Referral,Free,0,2026-01-06,2026-05-29,True,5,1,1,0,3,72.09,14.42,2026-02-23,2026-05-18
1338,2026-11-18,2026-11,UK,Paid Ads,Pro,5000,2026-11-18,,False,18,8,3,4,3,304.24,16.9,2026-12-02,2027-05-10
1339,2026-09-03,2026-09,India,Referral,Pro,5000,2026-09-03,,False,7,2,0,2,3,128.25,18.32,2026-09-04,2027-02-20
1340,2026-02-01,2026-02,Germany,Referral,Pro,5000,2026-02-01,,False,12,3,4,5,0,169.55,14.13,2026-02-06,2026-07-17
1341,2026-02-27,2026-02,India,Organic,Basic,2000,2026-02-27,,False,25,4,4,11,6,339.19,13.57,2026-03-06,2026-08-25
1342,2026-08-09,2026-08,UK,Referral,Basic,2000,2026-08-09,,False,17,5,3,3,6,285.2,16.78,2026-08-11,2027-01-31
1343,2026-10-07,2026-10,USA,Organic,Free,0,2026-10-07,,False,9,3,1,3,2,173.45,19.27,2026-10-11,2027-02-10
1344,2026-09-16,2026-09,UK,Paid Ads,Basic,2000,2026-09-16,,False,6,1,3,1,1,110.5,18.42,2026-09-20,2027-01-13
1345,2026-01-08,2026-01,UK,Organic,Basic,2000,2026-01-08,2026-06-05,True,13,4,3,2,4,195.55,15.04,2026-01-13,2026-05-16
1346,2026-10-26,2026-10,India,Referral,Basic,2000,2026-10-26,,False,19,4,5,5,5,259.25,13.64,2026-10-27,2027-04-11
1347,2026-08-19,2026-08,India,Organic,Free,0,2026-08-19,,False,22,6,8,7,1,416.87,18.95,2026-08-21,2027-02-10
1348,2026-01-11,2026-01,UK,Paid Ads,Basic,2000,2026-01-11,2026-06-23,True,10,2,3,2,3,155.47,15.55,2026-01-16,2026-06-19
1349,2026-03-03,2026-03,Germany,Paid Ads,Free,0,2026-03-03,,False,16,4,5,6,1,296.88,18.56,2026-03-21,2026-08-17
1350,2026-11-25,2026-11,UK,Paid Ads,Free,0,2026-11-25,,False,20,7,4,6,3,322.36,16.12,2026-11-26,2027-05-17
1351,2026-02-06,2026-02,India,Referral,Free,0,2026-02-06,,False,9,1,3,2,3,210.41,23.38,2026-02-24,2026-08-04
1352,2026-02-17,2026-02,Germany,Organic,Pro,5000,2026-02-17,,False,5,1,1,2,1,76.58,15.32,2026-03-28,2026-07-30
1353,2026-04-16,2026-04,UK,Organic,Pro,5000,2026-04-16,2026-08-18,True,10,2,2,2,4,212.2,21.22,2026-05-13,2026-10-12
1354,2026-06-13,2026-06,UK,Paid Ads,Basic,2000,2026-06-13,,False,8,3,3,1,1,138.41,17.3,2026-06-30,2026-10-23
1355,2026-09-11,2026-09,India,Referral,Pro,5000,2026-09-11,,False,29,8,5,12,4,504.49,17.4,2026-09-18,2027-03-03
1356,2026-07-31,2026-07,USA,Organic,Free,0,2026-07-31,2026-12-17,True,22,7,6,3,6,346.79,15.76,2026-08-06,2027-01-23
1357,2026-09-05,2026-09,UK,Organic,Basic,2000,2026-09-05,,False,16,6,2,6,2,229.83,14.36,2026-10-02,2027-02-11
1358,2026-09-05,2026-09,USA,Referral,Free,0,2026-09-05,2026-10-31,True,18,5,4,4,5,271.17,15.07,2026-09-08,2027-02-25
1359,2026-05-15,2026-05,Germany,Paid Ads,Basic,2000,2026-05-15,2026-06-21,True,25,10,5,2,8,396.09,15.84,2026-05-17,2026-11-06
1360,2026-01-20,2026-01,Germany,Referral,Free,0,2026-01-20,,False,25,6,10,4,5,377.75,15.11,2026-02-10,2026-07-16
1361,2026-03-09,2026-03,India,Paid Ads,Free,0,2026-03-09,,False,27,10,9,4,4,502.7,18.62,2026-03-16,2026-08-29
1362,2026-11-16,2026-11,India,Referral,Free,0,2026-11-16,2027-04-16,True,7,1,3,2,1,127.12,18.16,2026-11-29,2027-04-14
1363,2026-04-13,2026-04,India,Organic,Free,0,2026-04-13,2026-06-06,True,26,9,5,5,7,390.61,15.02,2026-04-13,2026-10-09
1364,2026-02-23,2026-02,India,Paid Ads,Free,0,2026-02-23,,False,20,3,4,6,7,285.88,14.29,2026-03-03,2026-08-11
1365,2026-04-14,2026-04,Germany,Organic,Pro,5000,2026-04-14,,False,28,3,7,13,5,463.88,16.57,2026-04-27,2026-09-27
1366,2026-07-13,2026-07,UK,Paid Ads,Free,0,2026-07-13,,False,21,6,6,5,4,292.42,13.92,2026-07-13,2026-12-07
1367,2026-01-18,2026-01,India,Organic,Free,0,2026-01-18,,False,24,7,7,6,4,342.38,14.27,2026-01-24,2026-07-16
1368,2026-01-22,2026-01,India,Organic,Basic,2000,2026-01-22,,False,26,5,8,9,4,421.41,16.21,2026-01-26,2026-07-20
1369,2026-06-24,2026-06,Germany,Paid Ads,Free,0,2026-06-24,,False,23,6,7,5,5,357.26,15.53,2026-07-08,2026-12-14
1370,2026-02-27,2026-02,UK,Referral,Free,0,2026-02-27,,False,16,5,4,1,6,203.31,12.71,2026-03-13,2026-08-22
1371,2026-04-10,2026-04,UK,Organic,Pro,5000,2026-04-10,,False,9,2,2,2,3,146.58,16.29,2026-04-18,2026-09-24
1372,2026-01-12,2026-01,USA,Organic,Free,0,2026-01-12,,False,8,3,2,0,3,110.1,13.76,2026-01-17,2026-07-08
1373,2026-02-25,2026-02,UK,Organic,Free,0,2026-02-25,,False,23,4,7,7,5,433.76,18.86,2026-02-27,2026-08-21
1374,2026-08-08,2026-08,Germany,Paid Ads,Basic,2000,2026-08-08,,False,12,0,3,5,4,227.81,18.98,2026-08-17,2027-01-27
1375,2026-07-28,2026-07,Germany,Paid Ads,Free,0,2026-07-28,2026-10-08,True,22,2,5,7,8,340.57,15.48,2026-08-04,2027-01-19
1376,2026-05-11,2026-05,UK,Paid Ads,Pro,5000,2026-05-11,,False,18,3,7,5,3,285.38,15.85,2026-05-15,2026-10-26
1377,2026-11-04,2026-11,India,Paid Ads,Free,0,2026-11-04,,False,28,5,8,5,10,446.29,15.94,2026-12-24,2027-05-01
1378,2026-04-06,2026-04,UK,Paid Ads,Basic,2000,2026-04-06,,False,5,1,1,2,1,79.29,15.86,2026-04-13,2026-09-28
1379,2026-11-09,2026-11,UK,Paid Ads,Pro,5000,2026-11-09,,False,18,4,8,4,2,204.98,11.39,2026-11-15,2027-04-26
1380,2026-02-22,2026-02,UK,Paid Ads,Pro,5000,2026-02-22,2026-06-14,True,28,4,6,7,11,425.41,15.19,2026-02-25,2026-08-10
1381,2026-07-03,2026-07,Germany,Paid Ads,Basic,2000,2026-07-03,,False,16,5,3,6,2,280.76,17.55,2026-07-20,2026-12-25
1382,2026-10-31,2026-10,USA,Organic,Basic,2000,2026-10-31,,False,14,6,0,3,5,245.21,17.51,2026-11-11,2027-04-17
1383,2026-05-27,2026-05,USA,Organic,Pro,5000,2026-05-27,,False,21,5,2,6,8,302.18,14.39,2026-06-06,2026-11-13
1384,2026-05-31,2026-05,Germany,Organic,Basic,2000,2026-05-31,,False,10,3,0,4,3,174.19,17.42,2026-05-31,2026-11-17
1385,2026-06-05,2026-06,USA,Paid Ads,Free,0,2026-06-05,,False,23,8,4,7,4,346.5,15.07,2026-06-16,2026-11-29
1386,2026-06-21,2026-06,USA,Organic,Basic,2000,2026-06-21,,False,21,7,5,6,3,325.85,15.52,2026-06-23,2026-12-03
1387,2026-06-27,2026-06,UK,Referral,Basic,2000,2026-06-27,,False,21,6,5,5,5,383.28,18.25,2026-06-28,2026-11-26
1388,2026-08-22,2026-08,UK,Referral,Pro,5000,2026-08-22,,False,15,2,2,5,6,190.26,12.68,2026-08-30,2027-01-18
1389,2026-04-13,2026-04,UK,Paid Ads,Pro,5000,2026-04-13,,False,27,5,8,7,7,333.61,12.36,2026-04-13,2026-09-19
1390,2026-04-02,2026-04,India,Paid Ads,Basic,2000,2026-04-02,2026-06-29,True,24,6,3,4,11,389.07,16.21,2026-04-08,2026-09-26
1391,2026-08-03,2026-08,UK,Referral,Free,0,2026-08-03,2026-11-04,True,9,2,4,2,1,103.6,11.51,2026-08-07,2026-12-25
1392,2026-04-29,2026-04,India,Referral,Free,0,2026-04-29,2026-05-31,True,24,3,5,8,8,294.72,12.28,2026-05-02,2026-10-23
1393,2026-08-20,2026-08,Germany,Paid Ads,Pro,5000,2026-08-20,2026-11-16,True,20,4,7,5,4,284.3,14.22,2026-08-29,2027-02-07
1394,2026-09-02,2026-09,USA,Referral,Free,0,2026-09-02,,False,16,4,5,3,4,242.49,15.16,2026-09-04,2027-02-28
1395,2026-04-27,2026-04,USA,Paid Ads,Basic,2000,2026-04-27,,False,6,1,1,2,2,104.32,17.39,2026-05-20,2026-10-11
1396,2026-03-28,2026-03,Germany,Referral,Basic,2000,2026-03-28,,False,7,2,2,1,2,114.34,16.33,2026-05-11,2026-08-29
1397,2026-11-30,2026-11,UK,Paid Ads,Free,0,2026-11-30,,False,11,1,3,4,3,175.61,15.96,2026-12-16,2027-05-10
1398,2026-09-16,2026-09,India,Organic,Free,0,2026-09-16,2027-01-29,True,13,5,2,2,4,199.94,15.38,2026-09-17,2027-02-16
1399,2026-04-22,2026-04,Germany,Referral,Pro,5000,2026-04-22,,False,9,3,2,1,3,133.27,14.81,2026-06-12,2026-10-10
1400,2026-11-10,2026-11,UK,Referral,Free,0,2026-11-10,,False,28,8,7,6,7,431.48,15.41,2026-11-30,2027-04-30
1401,2026-01-29,2026-01,Germany,Paid Ads,Free,0,2026-01-29,,False,14,5,2,3,4,250.54,17.9,2026-02-14,2026-07-24
1402,2026-04-19,2026-04,USA,Paid Ads,Basic,2000,2026-04-19,2026-07-02,True,15,2,2,8,3,224.33,14.96,2026-05-21,2026-09-20
1403,2026-09-07,2026-09,UK,Referral,Free,0,2026-09-07,,False,20,5,5,6,4,257.06,12.85,2026-09-25,2027-02-25
1404,2026-05-15,2026-05,India,Organic,Free,0,2026-05-15,2026-07-15,True,25,7,3,1,14,436.7,17.47,2026-05-15,2026-10-05
1405,2026-09-15,2026-09,Germany,Paid Ads,Free,0,2026-09-15,2026-11-23,True,28,8,5,7,8,506.36,18.08,2026-09-15,2027-02-13
1406,2026-07-27,2026-07,Germany,Paid Ads,Basic,2000,2026-07-27,,False,18,3,4,6,5,229.84,12.77,2026-07-30,2027-01-19
1407,2026-03-15,2026-03,USA,Paid Ads,Basic,2000,2026-03-15,,False,21,4,5,8,4,388.6,18.5,2026-03-22,2026-09-02
1408,2026-04-23,2026-04,USA,Paid Ads,Free,0,2026-04-23,2026-08-27,True,23,7,5,7,4,382.0,16.61,2026-04-29,2026-10-03
1409,2026-06-29,2026-06,USA,Paid Ads,Pro,5000,2026-06-29,,False,24,8,3,9,4,413.08,17.21,2026-07-08,2026-12-21
1410,2026-06-08,2026-06,India,Organic,Pro,5000,2026-06-08,,False,8,1,2,3,2,88.48,11.06,2026-06-17,2026-11-21
1411,2026-05-01,2026-05,India,Organic,Basic,2000,2026-05-01,,False,10,1,6,2,1,141.9,14.19,2026-06-10,2026-10-20
1412,2026-07-30,2026-07,UK,Referral,Free,0,2026-07-30,,False,18,5,3,5,5,282.95,15.72,2026-08-09,2027-01-13
1413,2026-04-09,2026-04,Germany,Paid Ads,Basic,2000,2026-04-09,2026-07-22,True,25,8,7,4,6,390.42,15.62,2026-04-09,2026-10-01
1414,2026-05-09,2026-05,UK,Referral,Free,0,2026-05-09,2026-10-28,True,16,7,5,1,3,258.89,16.18,2026-05-24,2026-10-20
1415,2026-07-16,2026-07,UK,Referral,Pro,5000,2026-07-16,,False,29,6,6,12,5,477.63,16.47,2026-08-10,2026-12-31
1416,2026-04-01,2026-04,USA,Referral,Free,0,2026-04-01,,False,25,5,4,7,9,474.73,18.99,2026-04-29,2026-09-26
1417,2026-01-27,2026-01,USA,Organic,Basic,2000,2026-01-27,,False,22,5,6,4,7,328.75,14.94,2026-01-28,2026-07-25
1418,2026-09-10,2026-09,Germany,Referral,Pro,5000,2026-09-10,,False,17,6,6,2,3,243.78,14.34,2026-09-15,2027-02-19
1419,2026-07-25,2026-07,USA,Referral,Free,0,2026-07-25,,False,22,7,4,7,4,320.0,14.55,2026-07-28,2027-01-19
1420,2026-01-02,2026-01,UK,Referral,Free,0,2026-01-02,,False,9,2,0,5,2,162.24,18.03,2026-02-23,2026-06-19
1421,2026-06-17,2026-06,USA,Paid Ads,Free,0,2026-06-17,,False,20,5,1,8,6,252.24,12.61,2026-06-21,2026-12-13
1422,2026-03-08,2026-03,UK,Organic,Free,0,2026-03-08,,False,25,5,5,4,11,333.22,13.33,2026-03-11,2026-08-14
1423,2026-10-03,2026-10,UK,Organic,Free,0,2026-10-03,2027-01-05,True,16,6,3,5,2,252.27,15.77,2026-10-14,2027-03-27
1424,2026-02-28,2026-02,USA,Paid Ads,Basic,2000,2026-02-28,2026-08-19,True,13,1,2,3,7,196.99,15.15,2026-04-02,2026-08-18
1425,2026-08-08,2026-08,Germany,Organic,Basic,2000,2026-08-08,,False,8,1,3,2,2,109.31,13.66,2026-09-06,2027-02-02
1426,2026-07-18,2026-07,India,Organic,Basic,2000,2026-07-18,,False,5,0,2,1,2,68.7,13.74,2026-07-30,2027-01-12
1427,2026-12-09,2026-12,USA,Organic,Free,0,2026-12-09,,False,18,3,4,2,9,256.08,14.23,2026-12-12,2027-06-02
1428,2026-04-25,2026-04,USA,Paid Ads,Free,0,2026-04-25,,False,23,7,7,6,3,361.31,15.71,2026-05-04,2026-10-09
1429,2026-02-08,2026-02,Germany,Paid Ads,Pro,5000,2026-02-08,,False,5,3,0,1,1,44.89,8.98,2026-02-28,2026-06-24
1430,2026-03-25,2026-03,Germany,Paid Ads,Pro,5000,2026-03-25,2026-06-14,True,24,3,6,7,8,376.02,15.67,2026-03-25,2026-09-16
1431,2026-04-29,2026-04,Germany,Paid Ads,Pro,5000,2026-04-29,2026-09-04,True,22,7,6,6,3,300.11,13.64,2026-05-03,2026-10-20
1432,2026-12-02,2026-12,USA,Paid Ads,Basic,2000,2026-12-02,,False,18,3,4,5,6,225.51,12.53,2026-12-13,2027-05-29
1433,2026-07-01,2026-07,USA,Organic,Free,0,2026-07-01,,False,10,7,1,0,2,165.42,16.54,2026-07-12,2026-11-15
1434,2026-01-20,2026-01,USA,Paid Ads,Free,0,2026-01-20,2026-02-28,True,5,2,0,1,2,63.23,12.65,2026-02-23,2026-06-27
1435,2026-06-27,2026-06,UK,Organic,Pro,5000,2026-06-27,,False,14,2,6,4,2,218.57,15.61,2026-07-23,2026-12-21
1436,2026-11-02,2026-11,USA,Organic,Pro,5000,2026-11-02,,False,23,6,9,6,2,386.2,16.79,2026-11-06,2027-04-30
1437,2026-07-30,2026-07,USA,Organic,Basic,2000,2026-07-30,,False,29,5,7,8,9,518.69,17.89,2026-08-02,2027-01-16
1438,2026-10-23,2026-10,Germany,Paid Ads,Free,0,2026-10-23,,False,15,3,4,2,6,321.16,21.41,2026-10-26,2027-04-09
1439,2026-09-29,2026-09,India,Referral,Basic,2000,2026-09-29,,False,5,1,1,2,1,78.5,15.7,2026-11-25,2027-03-25
1440,2026-03-01,2026-03,Germany,Referral,Pro,5000,2026-03-01,,False,23,8,5,3,7,427.92,18.61,2026-03-05,2026-08-14
1441,2026-11-30,2026-11,UK,Referral,Free,0,2026-11-30,,False,23,4,7,5,7,376.97,16.39,2026-12-03,2027-05-28
1442,2026-06-09,2026-06,USA,Paid Ads,Basic,2000,2026-06-09,,False,13,5,3,0,5,245.46,18.88,2026-06-13,2026-12-05
1443,2026-04-16,2026-04,Germany,Paid Ads,Basic,2000,2026-04-16,2026-08-23,True,22,5,6,5,6,331.88,15.09,2026-04-16,2026-10-05
1444,2026-12-31,2026-12,Germany,Paid Ads,Free,0,2026-12-31,,False,17,6,4,4,3,243.23,14.31,2027-01-14,2027-06-02
1445,2026-08-05,2026-08,USA,Referral,Pro,5000,2026-08-05,2026-11-05,True,29,9,5,3,12,442.03,15.24,2026-08-05,2027-01-31
1446,2026-02-22,2026-02,Germany,Referral,Free,0,2026-02-22,,False,17,6,1,6,4,282.64,16.63,2026-02-24,2026-08-03
1447,2026-08-29,2026-08,India,Referral,Free,0,2026-08-29,,False,15,4,3,3,5,167.98,11.2,2026-09-08,2027-02-18
1448,2026-06-02,2026-06,India,Organic,Basic,2000,2026-06-02,,False,15,7,2,3,3,278.59,18.57,2026-06-03,2026-11-26
1449,2026-05-12,2026-05,India,Organic,Free,0,2026-05-12,2026-06-29,True,11,2,3,5,1,185.05,16.82,2026-05-23,2026-10-28
1450,2026-09-15,2026-09,Germany,Paid Ads,Basic,2000,2026-09-15,2027-02-21,True,18,6,2,6,4,301.39,16.74,2026-09-20,2027-03-10
1451,2026-08-11,2026-08,India,Organic,Basic,2000,2026-08-11,,False,18,1,5,6,6,266.09,14.78,2026-08-15,2027-01-09
1452,2026-11-18,2026-11,UK,Paid Ads,Free,0,2026-11-18,,False,25,6,6,4,9,385.52,15.42,2026-12-08,2027-05-11
1453,2026-08-09,2026-08,Germany,Paid Ads,Basic,2000,2026-08-09,,False,14,3,3,7,1,197.42,14.1,2026-08-25,2027-01-30
1454,2026-06-12,2026-06,USA,Organic,Free,0,2026-06-12,2026-11-07,True,23,6,6,10,1,396.46,17.24,2026-06-12,2026-11-20
1455,2026-11-24,2026-11,UK,Paid Ads,Free,0,2026-11-24,2027-05-05,True,26,10,3,7,6,411.49,15.83,2026-11-24,2027-05-06
1456,2026-02-03,2026-02,USA,Paid Ads,Pro,5000,2026-02-03,,False,11,1,4,2,4,222.73,20.25,2026-03-13,2026-07-30
1457,2026-11-11,2026-11,Germany,Referral,Basic,2000,2026-11-11,,False,20,7,7,1,5,359.9,17.99,2026-11-12,2027-05-06
1458,2026-11-15,2026-11,India,Organic,Basic,2000,2026-11-15,,False,20,5,4,4,7,369.8,18.49,2026-11-16,2027-05-08
1459,2026-02-26,2026-02,UK,Referral,Pro,5000,2026-02-26,,False,21,8,6,2,5,321.63,15.32,2026-03-02,2026-08-24
1460,2026-01-10,2026-01,India,Paid Ads,Free,0,2026-01-10,2026-03-28,True,13,1,5,5,2,169.01,13.0,2026-01-30,2026-07-07
1461,2026-09-16,2026-09,UK,Paid Ads,Free,0,2026-09-16,,False,25,5,6,7,7,370.4,14.82,2026-09-30,2027-03-11
1462,2026-07-28,2026-07,Germany,Organic,Free,0,2026-07-28,,False,25,5,6,10,4,369.58,14.78,2026-08-08,2027-01-23
1463,2026-08-07,2026-08,USA,Referral,Basic,2000,2026-08-07,,False,15,2,4,5,4,221.8,14.79,2026-08-09,2027-01-11
1464,2026-04-11,2026-04,Germany,Referral,Free,0,2026-04-11,2026-06-14,True,12,2,3,2,5,163.55,13.63,2026-04-30,2026-10-02
1465,2026-05-17,2026-05,Germany,Referral,Free,0,2026-05-17,,False,20,3,9,3,5,328.68,16.43,2026-05-21,2026-10-28
1466,2026-05-02,2026-05,USA,Organic,Basic,2000,2026-05-02,,False,18,3,6,3,6,335.74,18.65,2026-05-03,2026-10-27
1467,2026-08-24,2026-08,Germany,Organic,Basic,2000,2026-08-24,,False,20,4,6,7,3,288.15,14.41,2026-08-25,2027-02-15
1468,2026-06-06,2026-06,USA,Paid Ads,Pro,5000,2026-06-06,,False,7,2,1,3,1,131.85,18.84,2026-06-08,2026-11-19
1469,2026-08-05,2026-08,USA,Organic,Free,0,2026-08-05,,False,16,4,1,3,8,192.79,12.05,2026-08-10,2027-01-19
1470,2026-11-24,2026-11,India,Referral,Free,0,2026-11-24,2027-05-21,True,8,3,1,4,0,128.56,16.07,2026-12-06,2027-04-29
1471,2026-04-17,2026-04,UK,Organic,Basic,2000,2026-04-17,,False,9,2,1,1,5,124.57,13.84,2026-04-20,2026-10-11
1472,2026-01-05,2026-01,Germany,Referral,Basic,2000,2026-01-05,2026-06-09,True,18,7,4,2,5,256.62,14.26,2026-01-28,2026-07-01
1473,2026-08-30,2026-08,USA,Organic,Free,0,2026-08-30,,False,20,4,9,3,4,355.38,17.77,2026-09-06,2027-02-21
1474,2026-04-30,2026-04,Germany,Referral,Free,0,2026-04-30,,False,14,6,1,3,4,231.85,16.56,2026-05-08,2026-09-20
1475,2026-10-31,2026-10,USA,Paid Ads,Free,0,2026-10-31,,False,23,6,8,6,3,339.4,14.76,2026-11-06,2027-04-21
1476,2026-10-12,2026-10,India,Paid Ads,Free,0,2026-10-12,,False,14,5,3,5,1,187.8,13.41,2026-10-24,2027-04-06
1477,2026-01-10,2026-01,UK,Paid Ads,Free,0,2026-01-10,,False,15,6,1,3,5,278.14,18.54,2026-01-10,2026-07-01
1478,2026-09-24,2026-09,India,Paid Ads,Free,0,2026-09-24,,False,24,5,12,4,3,314.99,13.12,2026-09-30,2027-03-17
1479,2026-04-27,2026-04,India,Organic,Basic,2000,2026-04-27,,False,28,7,7,3,11,431.36,15.41,2026-05-07,2026-10-21
1480,2026-09-01,2026-09,India,Paid Ads,Free,0,2026-09-01,,False,21,5,5,5,6,378.14,18.01,2026-09-05,2027-02-09
1481,2026-06-08,2026-06,Germany,Paid Ads,Pro,5000,2026-06-08,,False,20,7,8,3,2,278.72,13.94,2026-06-13,2026-12-01
1482,2026-09-10,2026-09,Germany,Paid Ads,Pro,5000,2026-09-10,,False,16,5,6,4,1,269.47,16.84,2026-09-23,2027-01-25
1483,2026-10-04,2026-10,UK,Referral,Free,0,2026-10-04,,False,24,8,5,5,6,312.2,13.01,2026-10-08,2027-03-29
1484,2026-03-17,2026-03,USA,Organic,Free,0,2026-03-17,2026-04-20,True,23,8,6,4,5,373.86,16.25,2026-03-26,2026-09-10
1485,2026-08-19,2026-08,Germany,Referral,Pro,5000,2026-08-19,,False,26,6,9,8,3,363.96,14.0,2026-08-22,2027-02-14
1486,2026-07-30,2026-07,USA,Organic,Basic,2000,2026-07-30,,False,17,3,6,4,4,275.74,16.22,2026-08-07,2027-01-16
1487,2026-12-17,2026-12,USA,Referral,Free,0,2026-12-17,,False,27,8,9,5,5,427.83,15.85,2026-12-29,2027-06-08
1488,2026-07-09,2026-07,USA,Paid Ads,Free,0,2026-07-09,,False,13,4,2,5,2,185.04,14.23,2026-07-17,2026-12-03
1489,2026-06-14,2026-06,India,Organic,Basic,2000,2026-06-14,,False,29,5,6,13,5,428.28,14.77,2026-06-17,2026-12-10
1490,2026-12-29,2026-12,USA,Organic,Free,0,2026-12-29,2027-05-28,True,22,8,5,4,5,365.23,16.6,2026-12-31,2027-06-26
1491,2026-08-22,2026-08,India,Organic,Free,0,2026-08-22,,False,7,1,0,4,2,157.26,22.47,2026-10-15,2027-02-11
1492,2026-05-09,2026-05,Germany,Organic,Free,0,2026-05-09,,False,24,3,8,8,5,386.13,16.09,2026-05-10,2026-11-02
1493,2026-12-17,2026-12,UK,Organic,Free,0,2026-12-17,,False,14,2,3,2,7,220.62,15.76,2026-12-19,2027-05-17
1494,2026-04-28,2026-04,USA,Paid Ads,Free,0,2026-04-28,2026-09-23,True,9,1,3,3,2,123.85,13.76,2026-06-07,2026-10-01
1495,2026-08-09,2026-08,USA,Referral,Basic,2000,2026-08-09,,False,10,2,1,2,5,134.63,13.46,2026-08-12,2027-02-02
1496,2026-05-13,2026-05,Germany,Referral,Pro,5000,2026-05-13,,False,28,8,9,6,5,397.71,14.2,2026-05-14,2026-11-07
1497,2026-08-13,2026-08,UK,Referral,Pro,5000,2026-08-13,,False,12,6,2,1,3,147.18,12.26,2026-10-10,2027-02-08
1498,2026-12-29,2026-12,UK,Referral,Pro,5000,2026-12-29,2027-03-02,True,24,7,6,6,5,377.92,15.75,2027-01-03,2027-06-22
1499,2026-09-26,2026-09,USA,Paid Ads,Free,0,2026-09-26,,False,11,3,2,2,4,172.64,15.69,2026-10-02,2027-02-26
1500,2026-06-03,2026-06,India,Paid Ads,Free,0,2026-06-03,,False,6,1,3,2,0,90.68,15.11,2026-06-07,2026-11-23
1501,2026-12-03,2026-12,India,Organic,Basic,2000,2026-12-03,,False,21,4,6,6,5,395.99,18.86,2026-12-03,2027-05-26
1502,2026-04-30,2026-04,India,Organic,Free,0,2026-04-30,,False,29,6,7,10,6,392.71,13.54,2026-05-04,2026-10-24
1503,2026-06-30,2026-06,Germany,Organic,Free,0,2026-06-30,,False,15,11,2,2,0,191.47,12.76,2026-07-06,2026-12-17
1504,2026-04-30,2026-04,India,Referral,Free,0,2026-04-30,,False,21,5,9,3,4,447.87,21.33,2026-05-09,2026-10-18
1505,2026-08-08,2026-08,India,Organic,Basic,2000,2026-08-08,,False,26,9,7,7,3,431.42,16.59,2026-08-19,2027-01-25
1506,2026-08-12,2026-08,India,Paid Ads,Pro,5000,2026-08-12,2026-11-06,True,12,5,0,2,5,189.28,15.77,2026-08-12,2026-12-03
1507,2026-05-04,2026-05,Germany,Referral,Free,0,2026-05-04,,False,28,6,6,7,9,456.26,16.29,2026-05-04,2026-10-18
1508,2026-07-19,2026-07,Germany,Paid Ads,Free,0,2026-07-19,,False,16,5,6,3,2,190.11,11.88,2026-07-23,2027-01-06
1509,2026-01-07,2026-01,USA,Paid Ads,Free,0,2026-01-07,2026-04-05,True,19,5,5,2,7,267.37,14.07,2026-01-10,2026-07-02
1510,2026-11-30,2026-11,UK,Paid Ads,Free,0,2026-11-30,2027-03-27,True,6,2,1,1,2,69.11,11.52,2026-12-27,2027-04-11
1511,2026-01-25,2026-01,Germany,Paid Ads,Free,0,2026-01-25,2026-03-02,True,13,3,4,3,3,118.7,9.13,2026-01-29,2026-07-19
1512,2026-08-05,2026-08,USA,Referral,Free,0,2026-08-05,,False,24,4,8,8,4,324.47,13.52,2026-08-19,2027-01-09
1513,2026-08-07,2026-08,UK,Referral,Free,0,2026-08-07,,False,29,8,5,9,7,497.94,17.17,2026-08-12,2027-02-01
1514,2026-07-19,2026-07,USA,Organic,Free,0,2026-07-19,,False,18,5,7,3,3,264.1,14.67,2026-08-10,2027-01-12
1515,2026-12-28,2026-12,Germany,Paid Ads,Free,0,2026-12-28,,False,13,6,4,2,1,172.76,13.29,2027-01-01,2027-06-24
1516,2026-04-20,2026-04,Germany,Paid Ads,Free,0,2026-04-20,,False,7,3,1,1,2,98.78,14.11,2026-05-12,2026-09-30
1517,2026-02-03,2026-02,UK,Organic,Basic,2000,2026-02-03,,False,13,6,3,1,3,182.05,14.0,2026-02-18,2026-07-30
1518,2026-04-21,2026-04,Germany,Paid Ads,Pro,5000,2026-04-21,2026-08-13,True,12,4,1,2,5,167.89,13.99,2026-05-15,2026-10-11
1519,2026-06-26,2026-06,Germany,Paid Ads,Free,0,2026-06-26,,False,25,5,4,10,6,300.61,12.02,2026-07-02,2026-12-12
1520,2026-11-14,2026-11,India,Paid Ads,Free,0,2026-11-14,,False,8,1,1,1,5,122.99,15.37,2026-11-18,2027-05-01
1521,2026-04-20,2026-04,USA,Referral,Basic,2000,2026-04-20,,False,8,3,1,4,0,91.92,11.49,2026-05-24,2026-09-25
1522,2026-01-31,2026-01,Germany,Referral,Free,0,2026-01-31,2026-03-12,True,23,4,5,6,8,404.96,17.61,2026-02-09,2026-07-29
1523,2026-11-07,2026-11,UK,Referral,Free,0,2026-11-07,,False,28,12,7,5,4,408.81,14.6,2026-11-07,2027-04-30
1524,2026-03-10,2026-03,UK,Paid Ads,Free,0,2026-03-10,2026-08-29,True,7,2,0,1,4,99.59,14.23,2026-03-11,2026-08-20
1525,2026-01-11,2026-01,Germany,Referral,Pro,5000,2026-01-11,,False,13,5,3,4,1,179.78,13.83,2026-01-29,2026-05-10
1526,2026-08-24,2026-08,Germany,Paid Ads,Pro,5000,2026-08-24,,False,28,5,5,7,11,418.7,14.95,2026-08-28,2027-02-14
1527,2026-04-18,2026-04,Germany,Referral,Free,0,2026-04-18,,False,6,1,1,1,3,88.15,14.69,2026-05-05,2026-10-06
1528,2026-01-11,2026-01,Germany,Referral,Free,0,2026-01-11,,False,13,4,3,3,3,193.04,14.85,2026-01-24,2026-07-03
1529,2026-07-31,2026-07,UK,Referral,Free,0,2026-07-31,,False,25,6,8,5,6,449.55,17.98,2026-08-02,2027-01-16
1530,2026-06-01,2026-06,India,Referral,Pro,5000,2026-06-01,,False,20,4,4,4,8,273.44,13.67,2026-06-05,2026-11-24
1531,2026-12-12,2026-12,India,Organic,Free,0,2026-12-12,2027-04-07,True,19,4,6,5,4,306.83,16.15,2026-12-13,2027-05-30
1532,2026-12-29,2026-12,India,Paid Ads,Free,0,2026-12-29,,False,16,6,4,2,4,268.47,16.78,2027-01-02,2027-06-24
1533,2026-05-25,2026-05,UK,Paid Ads,Basic,2000,2026-05-25,,False,5,0,1,2,2,48.01,9.6,2026-06-13,2026-11-18
1534,2026-11-25,2026-11,Germany,Referral,Pro,5000,2026-11-25,,False,6,2,4,0,0,87.16,14.53,2027-01-02,2027-04-21
1535,2026-01-30,2026-01,India,Referral,Pro,5000,2026-01-30,,False,15,6,6,2,1,278.38,18.56,2026-02-17,2026-07-04
1536,2026-12-05,2026-12,Germany,Organic,Pro,5000,2026-12-05,,False,14,4,2,5,3,230.19,16.44,2026-12-05,2027-05-16
1537,2026-09-18,2026-09,USA,Referral,Free,0,2026-09-18,,False,13,3,3,3,4,219.83,16.91,2026-09-19,2027-03-10
1538,2026-07-19,2026-07,Germany,Paid Ads,Free,0,2026-07-19,,False,20,4,8,5,3,305.94,15.3,2026-07-25,2027-01-13
1539,2026-04-10,2026-04,India,Organic,Free,0,2026-04-10,2026-08-10,True,14,2,3,6,3,167.42,11.96,2026-04-27,2026-09-19
1540,2026-06-10,2026-06,India,Paid Ads,Pro,5000,2026-06-10,2026-10-22,True,26,7,6,6,7,369.05,14.19,2026-06-13,2026-12-06
1541,2026-10-20,2026-10,Germany,Organic,Pro,5000,2026-10-20,,False,25,4,10,8,3,416.62,16.66,2026-10-22,2027-04-13
1542,2026-05-30,2026-05,USA,Paid Ads,Free,0,2026-05-30,,False,5,0,0,2,3,77.53,15.51,2026-06-22,2026-09-17
1543,2026-10-08,2026-10,USA,Referral,Basic,2000,2026-10-08,2027-03-30,True,20,5,5,6,4,265.32,13.27,2026-10-20,2027-03-17
1544,2026-07-29,2026-07,UK,Paid Ads,Basic,2000,2026-07-29,2026-10-21,True,15,2,6,3,4,247.78,16.52,2026-07-31,2026-12-31
1545,2026-09-02,2026-09,USA,Organic,Basic,2000,2026-09-02,,False,23,5,4,5,9,397.41,17.28,2026-09-05,2027-02-28
1546,2026-09-04,2026-09,UK,Paid Ads,Basic,2000,2026-09-04,,False,5,2,3,0,0,97.95,19.59,2026-09-07,2027-01-14
1547,2026-10-12,2026-10,Germany,Paid Ads,Basic,2000,2026-10-12,,False,6,2,2,0,2,80.32,13.39,2026-11-03,2027-03-13
1548,2026-12-16,2026-12,USA,Referral,Free,0,2026-12-16,2027-03-29,True,25,6,6,4,9,371.0,14.84,2026-12-24,2027-06-10
1549,2026-10-27,2026-10,UK,Organic,Basic,2000,2026-10-27,,False,12,3,4,1,4,205.68,17.14,2026-11-13,2027-03-26
1550,2026-04-17,2026-04,India,Organic,Pro,5000,2026-04-17,,False,10,2,5,1,2,159.37,15.94,2026-04-23,2026-08-13
1551,2026-11-08,2026-11,USA,Organic,Basic,2000,2026-11-08,2026-12-21,True,17,2,4,4,7,333.3,19.61,2026-11-09,2027-04-16
1552,2026-01-11,2026-01,Germany,Organic,Free,0,2026-01-11,2026-06-01,True,17,6,6,4,1,266.59,15.68,2026-01-13,2026-07-08
1553,2026-03-13,2026-03,Germany,Paid Ads,Basic,2000,2026-03-13,2026-06-08,True,21,4,6,8,3,275.13,13.1,2026-03-14,2026-08-26
1554,2026-11-01,2026-11,UK,Referral,Pro,5000,2026-11-01,,False,29,13,5,4,7,442.62,15.26,2026-11-02,2027-04-28
1555,2026-03-08,2026-03,UK,Referral,Pro,5000,2026-03-08,,False,24,8,5,7,4,379.08,15.8,2026-03-13,2026-08-30
1556,2026-02-17,2026-02,USA,Organic,Free,0,2026-02-17,2026-06-06,True,28,8,6,8,6,359.26,12.83,2026-02-19,2026-08-13
1557,2026-03-05,2026-03,UK,Paid Ads,Pro,5000,2026-03-05,,False,9,3,2,2,2,126.26,14.03,2026-04-05,2026-08-27
1558,2026-03-12,2026-03,India,Organic,Pro,5000,2026-03-12,,False,14,3,3,4,4,212.41,15.17,2026-03-15,2026-08-22
1559,2026-04-29,2026-04,Germany,Paid Ads,Basic,2000,2026-04-29,,False,20,5,5,8,2,383.47,19.17,2026-05-02,2026-10-25
1560,2026-07-17,2026-07,India,Referral,Free,0,2026-07-17,,False,28,6,8,8,6,475.47,16.98,2026-07-20,2027-01-12
1561,2026-11-10,2026-11,USA,Referral,Pro,5000,2026-11-10,2027-01-25,True,26,4,9,4,9,389.68,14.99,2026-11-14,2027-04-27
1562,2026-01-28,2026-01,UK,Paid Ads,Basic,2000,2026-01-28,2026-04-19,True,29,8,5,10,6,473.59,16.33,2026-02-05,2026-07-25
1563,2026-01-16,2026-01,USA,Organic,Free,0,2026-01-16,,False,13,2,5,2,4,161.12,12.39,2026-01-21,2026-07-02
1564,2026-09-17,2026-09,USA,Organic,Pro,5000,2026-09-17,,False,18,6,6,3,3,269.99,15.0,2026-09-26,2027-03-01
1565,2026-11-28,2026-11,Germany,Organic,Pro,5000,2026-11-28,,False,7,2,2,0,3,123.59,17.66,2026-12-21,2027-05-03
1566,2026-09-09,2026-09,India,Paid Ads,Pro,5000,2026-09-09,,False,11,2,2,4,3,123.58,11.23,2026-09-26,2027-03-02
1567,2026-04-14,2026-04,USA,Paid Ads,Free,0,2026-04-14,2026-09-19,True,5,3,2,0,0,85.04,17.01,2026-05-05,2026-09-09
1568,2026-06-17,2026-06,India,Organic,Pro,5000,2026-06-17,,False,13,7,3,3,0,216.59,16.66,2026-06-23,2026-12-05
1569,2026-07-29,2026-07,India,Referral,Free,0,2026-07-29,,False,16,4,6,3,3,279.91,17.49,2026-07-29,2026-12-29
1570,2026-06-13,2026-06,USA,Organic,Pro,5000,2026-06-13,,False,22,5,4,5,8,351.17,15.96,2026-06-21,2026-12-03
1571,2026-01-02,2026-01,India,Paid Ads,Free,0,2026-01-02,2026-04-29,True,23,6,7,6,4,376.54,16.37,2026-01-19,2026-06-28
1572,2026-08-05,2026-08,India,Organic,Free,0,2026-08-05,,False,28,4,12,5,7,442.32,15.8,2026-08-10,2027-01-29
1573,2026-10-24,2026-10,USA,Paid Ads,Pro,5000,2026-10-24,,False,16,4,2,5,5,270.37,16.9,2026-11-05,2027-04-19
1574,2026-08-25,2026-08,UK,Organic,Free,0,2026-08-25,,False,11,3,1,2,5,140.86,12.81,2026-09-07,2027-02-19
1575,2026-01-15,2026-01,USA,Referral,Basic,2000,2026-01-15,,False,9,2,3,3,1,127.71,14.19,2026-01-20,2026-07-12
1576,2026-08-20,2026-08,USA,Referral,Basic,2000,2026-08-20,,False,7,1,2,1,3,136.33,19.48,2026-08-22,2027-02-08
1577,2026-07-01,2026-07,India,Referral,Free,0,2026-07-01,,False,14,2,3,4,5,254.67,18.19,2026-07-06,2026-12-27
1578,2026-08-24,2026-08,USA,Organic,Basic,2000,2026-08-24,,False,27,6,8,9,4,431.41,15.98,2026-09-06,2027-02-13
1579,2026-05-16,2026-05,UK,Organic,Free,0,2026-05-16,,False,28,5,7,6,10,393.24,14.04,2026-05-17,2026-11-01
1580,2026-07-23,2026-07,Germany,Organic,Free,0,2026-07-23,,False,11,1,4,2,4,140.57,12.78,2026-08-10,2027-01-16
1581,2026-05-06,2026-05,UK,Referral,Free,0,2026-05-06,2026-07-01,True,17,2,6,5,4,300.49,17.68,2026-05-08,2026-10-26
1582,2026-06-07,2026-06,USA,Referral,Pro,5000,2026-06-07,,False,24,7,6,5,6,413.41,17.23,2026-06-08,2026-12-03
1583,2026-06-28,2026-06,USA,Referral,Pro,5000,2026-06-28,,False,6,1,1,2,2,130.05,21.68,2026-06-28,2026-10-28
1584,2026-12-01,2026-12,UK,Paid Ads,Basic,2000,2026-12-01,,False,21,3,5,8,5,298.34,14.21,2026-12-02,2027-05-14
1585,2026-08-05,2026-08,Germany,Paid Ads,Free,0,2026-08-05,2026-10-18,True,12,6,0,5,1,205.03,17.09,2026-08-19,2027-01-24
1586,2026-05-26,2026-05,Germany,Organic,Basic,2000,2026-05-26,2026-07-17,True,28,11,3,9,5,459.75,16.42,2026-06-03,2026-11-13
1587,2026-12-17,2026-12,India,Referral,Free,0,2026-12-17,2027-01-27,True,6,1,1,3,1,88.08,14.68,2027-01-22,2027-06-08
1588,2026-08-18,2026-08,India,Paid Ads,Basic,2000,2026-08-18,2026-12-30,True,26,6,8,6,6,380.01,14.62,2026-09-03,2027-02-02
1589,2026-06-28,2026-06,India,Referral,Free,0,2026-06-28,,False,11,3,4,3,1,182.99,16.64,2026-06-29,2026-11-02
1590,2026-11-29,2026-11,India,Paid Ads,Free,0,2026-11-29,,False,27,7,8,8,4,400.96,14.85,2026-12-04,2027-05-15
1591,2026-12-24,2026-12,USA,Referral,Basic,2000,2026-12-24,,False,23,4,8,7,4,299.9,13.04,2027-01-15,2027-06-21
1592,2026-01-30,2026-01,UK,Paid Ads,Pro,5000,2026-01-30,,False,25,8,10,3,4,452.28,18.09,2026-02-20,2026-07-14
1593,2026-10-20,2026-10,India,Organic,Free,0,2026-10-20,2027-02-16,True,9,2,1,3,3,127.58,14.18,2026-10-23,2027-04-14
1594,2026-04-23,2026-04,UK,Organic,Free,0,2026-04-23,,False,22,4,6,6,6,266.02,12.09,2026-04-30,2026-10-18
1595,2026-09-16,2026-09,USA,Referral,Free,0,2026-09-16,,False,19,2,7,6,4,306.94,16.15,2026-09-19,2027-02-26
1596,2026-09-30,2026-09,India,Paid Ads,Free,0,2026-09-30,,False,5,1,3,1,0,54.34,10.87,2026-10-12,2027-03-02
1597,2026-11-17,2026-11,Germany,Referral,Free,0,2026-11-17,,False,15,6,2,6,1,237.37,15.82,2026-11-19,2027-04-29
1598,2026-09-26,2026-09,India,Paid Ads,Free,0,2026-09-26,,False,15,1,6,6,2,232.3,15.49,2026-10-01,2027-03-20
1599,2026-03-06,2026-03,UK,Referral,Free,0,2026-03-06,2026-04-25,True,9,2,3,1,3,120.22,13.36,2026-03-17,2026-08-11
1600,2026-07-21,2026-07,USA,Referral,Free,0,2026-07-21,,False,10,1,1,4,4,154.81,15.48,2026-08-09,2027-01-06
1601,2026-10-12,2026-10,USA,Organic,Free,0,2026-10-12,,False,20,9,2,5,4,314.4,15.72,2026-10-22,2027-04-09
1602,2026-11-22,2026-11,USA,Referral,Basic,2000,2026-11-22,2027-02-08,True,5,2,0,0,3,116.14,23.23,2027-01-03,2027-04-04
1603,2026-11-28,2026-11,UK,Referral,Basic,2000,2026-11-28,2027-04-28,True,6,2,0,0,4,76.25,12.71,2027-03-31,2027-05-24
1604,2026-08-22,2026-08,UK,Organic,Basic,2000,2026-08-22,2026-10-21,True,14,5,1,6,2,177.47,12.68,2026-09-04,2027-02-12
1605,2026-09-20,2026-09,UK,Paid Ads,Free,0,2026-09-20,,False,23,5,8,6,4,376.17,16.36,2026-09-29,2027-03-08
1606,2026-12-29,2026-12,Germany,Referral,Basic,2000,2026-12-29,2027-05-22,True,20,6,5,5,4,329.03,16.45,2027-01-05,2027-06-17
1607,2026-02-12,2026-02,USA,Referral,Basic,2000,2026-02-12,2026-04-07,True,17,3,7,1,6,283.91,16.7,2026-02-16,2026-07-21
1608,2026-09-12,2026-09,UK,Paid Ads,Pro,5000,2026-09-12,,False,9,3,1,1,4,83.22,9.25,2026-09-19,2027-02-26
1609,2026-12-02,2026-12,Germany,Organic,Basic,2000,2026-12-02,2027-03-28,True,28,7,7,6,8,413.64,14.77,2026-12-07,2027-05-15
1610,2026-05-23,2026-05,Germany,Paid Ads,Free,0,2026-05-23,,False,14,4,4,3,3,168.89,12.06,2026-06-08,2026-11-14
1611,2026-01-22,2026-01,India,Referral,Free,0,2026-01-22,,False,21,4,7,7,3,364.34,17.35,2026-01-24,2026-07-17
1612,2026-12-08,2026-12,USA,Referral,Free,0,2026-12-08,,False,12,1,5,4,2,125.53,10.46,2026-12-11,2027-05-26
1613,2026-03-02,2026-03,UK,Organic,Free,0,2026-03-02,2026-06-16,True,27,7,4,9,7,406.87,15.07,2026-03-09,2026-08-28
1614,2026-05-06,2026-05,USA,Paid Ads,Basic,2000,2026-05-06,2026-09-19,True,23,4,4,12,3,303.63,13.2,2026-05-11,2026-10-25
1615,2026-12-25,2026-12,Germany,Paid Ads,Free,0,2026-12-25,,False,17,1,5,6,5,166.31,9.78,2026-12-27,2027-06-18
1616,2026-03-23,2026-03,India,Organic,Basic,2000,2026-03-23,2026-06-02,True,25,9,5,8,3,328.36,13.13,2026-04-06,2026-08-18
1617,2026-07-06,2026-07,USA,Paid Ads,Pro,5000,2026-07-06,,False,28,2,13,5,8,360.26,12.87,2026-07-21,2026-12-30
1618,2026-11-20,2026-11,India,Referral,Basic,2000,2026-11-20,,False,16,2,6,2,6,327.02,20.44,2026-11-21,2027-05-18
1619,2026-07-08,2026-07,India,Paid Ads,Basic,2000,2026-07-08,,False,17,7,2,2,6,271.53,15.97,2026-07-10,2026-12-18
1620,2026-08-24,2026-08,USA,Paid Ads,Free,0,2026-08-24,,False,22,6,7,8,1,368.2,16.74,2026-08-29,2027-01-31
1621,2026-11-24,2026-11,India,Paid Ads,Free,0,2026-11-24,,False,8,2,2,2,2,151.74,18.97,2026-12-03,2027-04-24
1622,2026-04-20,2026-04,USA,Referral,Pro,5000,2026-04-20,2026-06-08,True,15,5,4,1,5,218.74,14.58,2026-05-01,2026-09-21
1623,2026-05-18,2026-05,India,Organic,Free,0,2026-05-18,2026-08-23,True,24,3,5,6,10,359.7,14.99,2026-05-20,2026-11-13
1624,2026-01-08,2026-01,USA,Referral,Free,0,2026-01-08,2026-05-27,True,9,3,1,4,1,133.74,14.86,2026-02-25,2026-06-27
1625,2026-06-29,2026-06,UK,Organic,Basic,2000,2026-06-29,,False,13,3,5,3,2,238.01,18.31,2026-07-07,2026-12-08
1626,2026-08-13,2026-08,India,Referral,Basic,2000,2026-08-13,,False,25,6,6,7,6,405.71,16.23,2026-08-13,2027-01-13
1627,2026-02-17,2026-02,USA,Paid Ads,Free,0,2026-02-17,,False,20,2,2,8,8,282.04,14.1,2026-03-11,2026-08-12
1628,2026-10-25,2026-10,Germany,Referral,Basic,2000,2026-10-25,,False,23,6,6,5,6,377.82,16.43,2026-11-04,2027-04-09
1629,2026-09-05,2026-09,Germany,Organic,Free,0,2026-09-05,,False,27,3,7,7,10,420.09,15.56,2026-09-05,2027-03-01
1630,2026-04-26,2026-04,UK,Paid Ads,Free,0,2026-04-26,2026-07-02,True,13,2,2,6,3,204.98,15.77,2026-04-26,2026-10-21
1631,2026-03-23,2026-03,UK,Organic,Free,0,2026-03-23,2026-05-22,True,6,2,3,1,0,103.27,17.21,2026-04-20,2026-09-16
1632,2026-02-09,2026-02,India,Paid Ads,Free,0,2026-02-09,2026-07-12,True,6,2,1,3,0,92.01,15.34,2026-03-25,2026-07-17
1633,2026-09-04,2026-09,UK,Paid Ads,Basic,2000,2026-09-04,2027-02-12,True,24,9,5,3,7,322.32,13.43,2026-09-04,2027-01-20
1634,2026-06-10,2026-06,Germany,Organic,Pro,5000,2026-06-10,,False,20,7,6,0,7,240.03,12.0,2026-06-18,2026-11-27
1635,2026-03-04,2026-03,Germany,Paid Ads,Free,0,2026-03-04,,False,7,2,3,1,1,131.66,18.81,2026-04-02,2026-08-13
1636,2026-09-23,2026-09,UK,Paid Ads,Free,0,2026-09-23,,False,19,3,4,6,6,279.65,14.72,2026-09-30,2027-03-07
1637,2026-02-23,2026-02,UK,Paid Ads,Pro,5000,2026-02-23,,False,12,1,4,3,4,208.61,17.38,2026-03-02,2026-08-12
1638,2026-06-12,2026-06,USA,Organic,Pro,5000,2026-06-12,2026-09-28,True,20,6,3,9,2,324.85,16.24,2026-06-18,2026-12-07
1639,2026-02-05,2026-02,USA,Referral,Basic,2000,2026-02-05,,False,22,4,3,8,7,398.01,18.09,2026-03-04,2026-07-23
1640,2026-08-02,2026-08,Germany,Paid Ads,Free,0,2026-08-02,2026-11-29,True,7,2,1,3,1,96.17,13.74,2026-08-03,2027-01-23
1641,2026-10-17,2026-10,India,Referral,Pro,5000,2026-10-17,2026-12-24,True,16,2,9,4,1,258.79,16.17,2026-10-20,2027-03-22
1642,2026-03-21,2026-03,UK,Paid Ads,Basic,2000,2026-03-21,,False,28,8,9,8,3,405.16,14.47,2026-04-02,2026-09-15
1643,2026-04-23,2026-04,UK,Organic,Free,0,2026-04-23,2026-06-08,True,16,4,4,4,4,311.3,19.46,2026-04-26,2026-10-19
1644,2026-03-10,2026-03,USA,Paid Ads,Free,0,2026-03-10,2026-04-17,True,16,3,3,6,4,261.88,16.37,2026-03-17,2026-08-27
1645,2026-06-16,2026-06,India,Paid Ads,Basic,2000,2026-06-16,,False,12,1,1,5,5,167.32,13.94,2026-07-11,2026-12-02
1646,2026-11-16,2026-11,Germany,Organic,Free,0,2026-11-16,2027-02-20,True,24,3,6,7,8,334.01,13.92,2026-11-23,2027-05-07
1647,2026-04-23,2026-04,Germany,Organic,Pro,5000,2026-04-23,,False,17,5,7,2,3,293.63,17.27,2026-04-23,2026-10-19
1648,2026-08-07,2026-08,Germany,Organic,Free,0,2026-08-07,,False,22,4,5,7,6,288.02,13.09,2026-09-19,2027-01-28
1649,2026-11-21,2026-11,USA,Paid Ads,Basic,2000,2026-11-21,,False,13,4,2,4,3,163.67,12.59,2026-12-09,2027-03-31
1650,2026-07-21,2026-07,UK,Organic,Basic,2000,2026-07-21,,False,11,2,2,2,5,209.28,19.03,2026-07-22,2026-12-10
1651,2026-02-14,2026-02,USA,Referral,Free,0,2026-02-14,,False,8,1,5,1,1,132.57,16.57,2026-02-23,2026-08-02
1652,2026-07-11,2026-07,UK,Paid Ads,Free,0,2026-07-11,,False,16,5,4,1,6,229.96,14.37,2026-07-20,2026-12-27
1653,2026-02-13,2026-02,India,Organic,Free,0,2026-02-13,,False,24,10,6,4,4,321.45,13.39,2026-02-26,2026-08-10
1654,2026-11-03,2026-11,UK,Organic,Free,0,2026-11-03,,False,14,3,4,2,5,243.47,17.39,2026-11-14,2027-05-01
1655,2026-12-28,2026-12,UK,Paid Ads,Free,0,2026-12-28,,False,11,1,3,6,1,219.91,19.99,2027-01-09,2027-04-25
1656,2026-07-04,2026-07,USA,Referral,Free,0,2026-07-04,,False,6,3,2,0,1,81.37,13.56,2026-07-21,2026-09-30
1657,2026-12-08,2026-12,India,Organic,Pro,5000,2026-12-08,2027-04-13,True,15,2,6,6,1,280.64,18.71,2026-12-26,2027-05-31
1658,2026-11-24,2026-11,USA,Referral,Free,0,2026-11-24,,False,5,0,3,0,2,94.84,18.97,2026-12-19,2027-05-07
1659,2026-01-31,2026-01,Germany,Organic,Basic,2000,2026-01-31,,False,29,4,9,9,7,443.32,15.29,2026-01-31,2026-07-29
1660,2026-05-29,2026-05,Germany,Organic,Basic,2000,2026-05-29,,False,27,6,7,4,10,365.64,13.54,2026-06-04,2026-11-20
1661,2026-12-12,2026-12,UK,Paid Ads,Free,0,2026-12-12,,False,22,8,4,6,4,300.62,13.66,2026-12-20,2027-06-07
1662,2026-10-08,2026-10,UK,Organic,Free,0,2026-10-08,,False,19,4,5,6,4,270.57,14.24,2026-10-14,2027-04-05
1663,2026-06-08,2026-06,USA,Referral,Basic,2000,2026-06-08,,False,21,5,5,6,5,275.56,13.12,2026-06-16,2026-11-28
1664,2026-09-02,2026-09,India,Referral,Free,0,2026-09-02,,False,21,5,5,4,7,362.04,17.24,2026-09-10,2027-02-28
1665,2026-10-18,2026-10,USA,Referral,Free,0,2026-10-18,,False,14,0,5,3,6,253.72,18.12,2026-11-03,2027-04-07
1666,2026-01-17,2026-01,USA,Organic,Free,0,2026-01-17,2026-07-12,True,14,3,4,4,3,263.45,18.82,2026-01-20,2026-06-29
1667,2026-05-18,2026-05,USA,Organic,Free,0,2026-05-18,,False,17,2,1,7,7,221.31,13.02,2026-05-19,2026-11-02
1668,2026-01-05,2026-01,UK,Paid Ads,Basic,2000,2026-01-05,2026-03-01,True,28,10,7,4,7,511.1,18.25,2026-01-10,2026-06-30
1669,2026-04-12,2026-04,UK,Paid Ads,Pro,5000,2026-04-12,,False,28,5,4,11,8,492.5,17.59,2026-04-13,2026-10-06
1670,2026-09-24,2026-09,UK,Referral,Free,0,2026-09-24,,False,5,1,0,1,3,56.16,11.23,2026-11-18,2027-01-30
1671,2026-05-04,2026-05,USA,Referral,Free,0,2026-05-04,,False,5,1,1,1,2,59.63,11.93,2026-06-02,2026-09-20
1672,2026-11-19,2026-11,Germany,Organic,Basic,2000,2026-11-19,,False,7,1,2,2,2,108.72,15.53,2026-11-22,2027-05-08
1673,2026-03-09,2026-03,India,Organic,Free,0,2026-03-09,,False,8,2,3,3,0,114.58,14.32,2026-03-16,2026-07-06
1674,2026-07-04,2026-07,Germany,Paid Ads,Basic,2000,2026-07-04,2026-11-22,True,6,1,2,0,3,81.07,13.51,2026-07-28,2026-11-02
1675,2026-05-13,2026-05,India,Referral,Free,0,2026-05-13,,False,20,3,7,7,3,293.39,14.67,2026-05-15,2026-11-04
1676,2026-03-11,2026-03,India,Organic,Free,0,2026-03-11,,False,13,5,1,4,3,223.8,17.22,2026-03-24,2026-08-17
1677,2026-06-06,2026-06,Germany,Organic,Free,0,2026-06-06,,False,23,4,6,6,7,374.95,16.3,2026-06-18,2026-11-29
1678,2026-07-06,2026-07,USA,Paid Ads,Free,0,2026-07-06,,False,26,8,4,5,9,448.66,17.26,2026-07-27,2027-01-01
1679,2026-09-23,2026-09,India,Referral,Pro,5000,2026-09-23,2027-03-20,True,9,4,2,2,1,155.97,17.33,2026-10-05,2027-02-16
1680,2026-03-22,2026-03,Germany,Paid Ads,Basic,2000,2026-03-22,2026-08-13,True,23,5,5,5,8,347.24,15.1,2026-04-11,2026-09-12
1681,2026-11-25,2026-11,India,Organic,Basic,2000,2026-11-25,,False,16,3,4,4,5,207.11,12.94,2026-11-25,2027-05-05
1682,2026-12-19,2026-12,India,Organic,Pro,5000,2026-12-19,2027-03-10,True,12,3,4,2,3,242.0,20.17,2027-01-31,2027-06-03
1683,2026-09-16,2026-09,UK,Referral,Basic,2000,2026-09-16,2026-11-10,True,18,3,9,1,5,307.88,17.1,2026-09-29,2027-03-13
1684,2026-02-04,2026-02,Germany,Organic,Pro,5000,2026-02-04,,False,13,4,5,1,3,224.83,17.29,2026-02-09,2026-07-19
1685,2026-04-19,2026-04,India,Paid Ads,Basic,2000,2026-04-19,,False,12,3,3,4,2,208.84,17.4,2026-04-20,2026-10-11
1686,2026-03-17,2026-03,Germany,Organic,Free,0,2026-03-17,,False,6,1,2,1,2,110.71,18.45,2026-03-22,2026-07-17
1687,2026-05-09,2026-05,USA,Organic,Basic,2000,2026-05-09,,False,16,4,3,4,5,256.83,16.05,2026-05-14,2026-11-04
1688,2026-11-05,2026-11,Germany,Organic,Basic,2000,2026-11-05,,False,14,4,2,4,4,172.79,12.34,2026-12-01,2027-04-07
1689,2026-01-27,2026-01,Germany,Paid Ads,Basic,2000,2026-01-27,,False,15,4,4,3,4,288.42,19.23,2026-02-07,2026-07-05
1690,2026-01-19,2026-01,India,Organic,Pro,5000,2026-01-19,,False,9,2,2,2,3,141.25,15.69,2026-01-26,2026-04-22
1691,2026-09-07,2026-09,UK,Paid Ads,Free,0,2026-09-07,,False,26,4,5,11,6,403.81,15.53,2026-09-08,2027-02-27
1692,2026-05-16,2026-05,USA,Referral,Free,0,2026-05-16,2026-09-01,True,9,2,2,4,1,117.48,13.05,2026-05-28,2026-11-08
1693,2026-01-11,2026-01,USA,Paid Ads,Free,0,2026-01-11,,False,21,3,5,6,7,293.39,13.97,2026-01-21,2026-06-24
1694,2026-08-08,2026-08,Germany,Paid Ads,Free,0,2026-08-08,,False,17,6,4,2,5,235.09,13.83,2026-08-15,2027-01-20
1695,2026-09-28,2026-09,Germany,Referral,Basic,2000,2026-09-28,,False,5,0,3,1,1,87.35,17.47,2026-10-27,2027-03-02
1696,2026-04-15,2026-04,USA,Paid Ads,Free,0,2026-04-15,,False,12,2,3,4,3,204.24,17.02,2026-04-28,2026-10-06
1697,2026-10-01,2026-10,India,Paid Ads,Free,0,2026-10-01,,False,22,6,4,7,5,317.81,14.45,2026-10-03,2027-03-18
1698,2026-02-19,2026-02,Germany,Referral,Basic,2000,2026-02-19,,False,24,7,3,4,10,379.42,15.81,2026-02-25,2026-08-01
1699,2026-08-24,2026-08,UK,Organic,Free,0,2026-08-24,,False,19,4,3,5,7,302.01,15.9,2026-08-29,2027-02-19
1700,2026-07-05,2026-07,UK,Paid Ads,Basic,2000,2026-07-05,,False,17,6,2,7,2,263.06,15.47,2026-07-18,2026-11-24
1701,2026-03-07,2026-03,Germany,Referral,Basic,2000,2026-03-07,2026-07-04,True,9,2,5,2,0,132.94,14.77,2026-03-11,2026-08-25
1702,2026-07-02,2026-07,USA,Organic,Pro,5000,2026-07-02,,False,25,9,6,4,6,360.76,14.43,2026-07-07,2026-12-21
1703,2026-03-23,2026-03,Germany,Paid Ads,Free,0,2026-03-23,,False,7,2,0,4,1,86.0,12.29,2026-04-08,2026-07-03
1704,2026-11-30,2026-11,Germany,Referral,Free,0,2026-11-30,,False,8,3,2,1,2,110.12,13.76,2026-12-05,2027-03-28
1705,2026-02-05,2026-02,Germany,Organic,Free,0,2026-02-05,2026-06-04,True,6,3,1,2,0,84.72,14.12,2026-03-27,2026-07-18
1706,2026-03-06,2026-03,Germany,Paid Ads,Basic,2000,2026-03-06,,False,15,6,2,5,2,225.89,15.06,2026-03-16,2026-08-19
1707,2026-01-05,2026-01,India,Referral,Basic,2000,2026-01-05,,False,17,3,4,7,3,310.31,18.25,2026-01-18,2026-06-24
1708,2026-01-24,2026-01,India,Organic,Free,0,2026-01-24,,False,21,8,3,8,2,289.9,13.8,2026-02-03,2026-07-15
1709,2026-09-20,2026-09,UK,Referral,Pro,5000,2026-09-20,,False,17,2,3,6,6,280.4,16.49,2026-09-23,2027-02-20
1710,2026-04-20,2026-04,Germany,Paid Ads,Basic,2000,2026-04-20,,False,12,2,3,2,5,198.13,16.51,2026-04-22,2026-09-27
1711,2026-12-30,2026-12,USA,Organic,Free,0,2026-12-30,,False,22,2,7,9,4,356.2,16.19,2027-01-01,2027-06-25
1712,2026-07-02,2026-07,Germany,Referral,Basic,2000,2026-07-02,2026-11-28,True,13,6,3,1,3,178.34,13.72,2026-07-09,2026-12-26
1713,2026-06-23,2026-06,India,Paid Ads,Pro,5000,2026-06-23,,False,7,1,2,1,3,117.67,16.81,2026-06-28,2026-10-30
1714,2026-01-19,2026-01,Germany,Paid Ads,Free,0,2026-01-19,2026-06-02,True,25,4,4,7,10,393.38,15.74,2026-01-31,2026-07-17
1715,2026-08-20,2026-08,India,Paid Ads,Free,0,2026-08-20,,False,29,6,9,6,8,456.3,15.73,2026-08-24,2027-02-03
1716,2026-03-14,2026-03,Germany,Organic,Free,0,2026-03-14,,False,10,0,3,3,4,159.82,15.98,2026-04-16,2026-08-21
1717,2026-11-09,2026-11,Germany,Referral,Free,0,2026-11-09,,False,13,6,1,4,2,203.23,15.63,2026-12-06,2027-05-07
1718,2026-12-11,2026-12,India,Paid Ads,Free,0,2026-12-11,,False,29,11,7,7,4,465.1,16.04,2026-12-11,2027-05-29
1719,2026-02-08,2026-02,Germany,Organic,Free,0,2026-02-08,,False,24,5,7,7,5,433.62,18.07,2026-02-13,2026-08-05
1720,2026-07-15,2026-07,Germany,Referral,Pro,5000,2026-07-15,,False,14,2,4,5,3,204.44,14.6,2026-07-15,2026-12-14
1721,2026-07-20,2026-07,India,Organic,Free,0,2026-07-20,2026-09-05,True,16,2,7,5,2,274.38,17.15,2026-07-22,2026-12-10
1722,2026-11-17,2026-11,India,Paid Ads,Free,0,2026-11-17,,False,17,3,5,5,4,200.29,11.78,2026-11-30,2027-04-23
1723,2026-05-28,2026-05,USA,Paid Ads,Basic,2000,2026-05-28,,False,21,6,4,6,5,347.79,16.56,2026-06-07,2026-11-23
1724,2026-07-05,2026-07,USA,Organic,Free,0,2026-07-05,2026-10-19,True,8,1,3,3,1,111.08,13.88,2026-07-23,2026-12-13
1725,2026-10-08,2026-10,India,Referral,Free,0,2026-10-08,,False,19,6,7,3,3,296.22,15.59,2026-10-17,2027-03-26
1726,2026-02-27,2026-02,USA,Organic,Basic,2000,2026-02-27,,False,18,6,4,3,5,283.73,15.76,2026-03-05,2026-08-22
1727,2026-12-20,2026-12,Germany,Paid Ads,Free,0,2026-12-20,2027-05-04,True,27,6,6,6,9,394.22,14.6,2026-12-24,2027-06-16
1728,2026-07-27,2026-07,India,Organic,Free,0,2026-07-27,2026-09-27,True,28,10,10,7,1,450.94,16.1,2026-07-27,2027-01-20
1729,2026-02-15,2026-02,India,Paid Ads,Basic,2000,2026-02-15,,False,17,2,3,6,6,247.65,14.57,2026-02-18,2026-07-30
1730,2026-04-14,2026-04,USA,Paid Ads,Basic,2000,2026-04-14,,False,25,4,8,5,8,432.75,17.31,2026-04-14,2026-10-09
1731,2026-03-19,2026-03,USA,Paid Ads,Pro,5000,2026-03-19,2026-08-13,True,10,3,1,4,2,199.46,19.95,2026-03-23,2026-09-13
1732,2026-10-31,2026-10,UK,Organic,Free,0,2026-10-31,,False,26,8,6,8,4,445.56,17.14,2026-11-18,2027-04-28
1733,2026-03-12,2026-03,USA,Referral,Free,0,2026-03-12,,False,10,4,2,3,1,152.81,15.28,2026-03-22,2026-08-31
1734,2026-11-10,2026-11,USA,Referral,Free,0,2026-11-10,,False,28,5,6,10,7,430.04,15.36,2026-11-12,2027-05-04
1735,2026-12-16,2026-12,UK,Referral,Basic,2000,2026-12-16,,False,9,3,3,1,2,156.99,17.44,2027-01-01,2027-04-29
1736,2026-07-16,2026-07,India,Referral,Free,0,2026-07-16,2026-10-03,True,5,1,2,0,2,73.62,14.72,2026-09-06,2026-12-26
1737,2026-12-14,2026-12,USA,Organic,Free,0,2026-12-14,2027-05-02,True,10,3,1,2,4,193.75,19.38,2026-12-19,2027-06-10
1738,2026-12-06,2026-12,UK,Referral,Free,0,2026-12-06,,False,17,3,5,6,3,345.16,20.3,2027-01-26,2027-06-02
1739,2026-05-14,2026-05,UK,Referral,Pro,5000,2026-05-14,2026-07-16,True,6,1,1,2,2,102.13,17.02,2026-07-04,2026-10-28
1740,2026-10-29,2026-10,UK,Paid Ads,Free,0,2026-10-29,,False,19,3,6,5,5,329.14,17.32,2026-11-01,2027-04-06
1741,2026-04-13,2026-04,USA,Paid Ads,Free,0,2026-04-13,,False,19,5,8,5,1,342.82,18.04,2026-04-16,2026-10-08
1742,2026-03-30,2026-03,USA,Referral,Free,0,2026-03-30,,False,6,3,1,0,2,85.76,14.29,2026-04-04,2026-09-24
1743,2026-11-18,2026-11,UK,Paid Ads,Basic,2000,2026-11-18,2027-05-15,True,12,3,4,3,2,225.68,18.81,2026-11-25,2027-05-01
1744,2026-10-22,2026-10,India,Paid Ads,Free,0,2026-10-22,,False,14,4,3,4,3,276.71,19.76,2026-10-29,2027-03-21
1745,2026-07-26,2026-07,Germany,Organic,Basic,2000,2026-07-26,,False,14,2,6,3,3,240.21,17.16,2026-08-06,2027-01-20
1746,2026-12-01,2026-12,India,Referral,Basic,2000,2026-12-01,,False,23,11,9,2,1,302.75,13.16,2026-12-12,2027-05-27
1747,2026-12-11,2026-12,UK,Referral,Free,0,2026-12-11,,False,9,3,2,1,3,145.35,16.15,2027-01-10,2027-05-23
1748,2026-07-30,2026-07,UK,Paid Ads,Free,0,2026-07-30,,False,8,2,0,1,5,95.07,11.88,2026-07-31,2026-11-10
1749,2026-07-05,2026-07,UK,Organic,Free,0,2026-07-05,,False,28,5,9,5,9,492.43,17.59,2026-07-20,2026-12-18
1750,2026-04-06,2026-04,Germany,Referral,Pro,5000,2026-04-06,,False,5,2,1,1,1,71.78,14.36,2026-05-07,2026-09-18
1751,2026-11-20,2026-11,India,Referral,Basic,2000,2026-11-20,,False,23,11,7,3,2,445.75,19.38,2026-11-23,2027-05-08
1752,2026-08-10,2026-08,Germany,Organic,Free,0,2026-08-10,2026-12-28,True,22,5,7,5,5,386.46,17.57,2026-09-01,2027-02-01
1753,2026-05-05,2026-05,USA,Referral,Basic,2000,2026-05-05,,False,12,3,3,2,4,259.61,21.63,2026-07-06,2026-10-24
1754,2026-05-29,2026-05,UK,Organic,Free,0,2026-05-29,2026-08-13,True,6,1,4,1,0,61.79,10.3,2026-06-14,2026-11-18
1755,2026-12-07,2026-12,USA,Paid Ads,Basic,2000,2026-12-07,,False,28,13,6,7,2,429.83,15.35,2026-12-10,2027-06-01
1756,2026-09-11,2026-09,UK,Paid Ads,Free,0,2026-09-11,2026-12-01,True,18,4,5,5,4,268.38,14.91,2026-09-12,2027-03-05
1757,2026-04-03,2026-04,USA,Organic,Free,0,2026-04-03,,False,27,5,8,5,9,437.16,16.19,2026-04-12,2026-09-29
1758,2026-11-10,2026-11,Germany,Organic,Pro,5000,2026-11-10,,False,29,10,9,5,5,399.42,13.77,2026-11-28,2027-05-08
1759,2026-12-24,2026-12,USA,Organic,Free,0,2026-12-24,,False,23,5,6,7,5,403.92,17.56,2026-12-25,2027-06-19
1760,2026-04-20,2026-04,India,Organic,Free,0,2026-04-20,,False,28,7,6,6,9,425.89,15.21,2026-05-07,2026-10-10
1761,2026-03-05,2026-03,Germany,Referral,Free,0,2026-03-05,,False,28,9,5,10,4,423.79,15.14,2026-03-08,2026-08-24
1762,2026-01-14,2026-01,India,Organic,Free,0,2026-01-14,,False,13,5,3,2,3,212.07,16.31,2026-01-19,2026-07-11
1763,2026-04-28,2026-04,USA,Paid Ads,Free,0,2026-04-28,,False,18,5,3,4,6,215.59,11.98,2026-04-30,2026-10-19
1764,2026-02-17,2026-02,India,Organic,Pro,5000,2026-02-17,,False,10,2,1,3,4,150.15,15.02,2026-02-27,2026-08-10
1765,2026-01-08,2026-01,India,Paid Ads,Pro,5000,2026-01-08,,False,24,5,5,6,8,353.45,14.73,2026-01-08,2026-06-13
1766,2026-02-15,2026-02,USA,Paid Ads,Free,0,2026-02-15,2026-06-06,True,24,2,10,5,7,368.68,15.36,2026-02-16,2026-08-01
1767,2026-11-02,2026-11,UK,Referral,Pro,5000,2026-11-02,2026-12-23,True,29,6,9,7,7,460.82,15.89,2026-11-05,2027-04-27
1768,2026-05-14,2026-05,USA,Paid Ads,Free,0,2026-05-14,,False,24,4,8,9,3,344.15,14.34,2026-05-16,2026-11-03
1769,2026-09-04,2026-09,USA,Paid Ads,Free,0,2026-09-04,,False,6,3,2,0,1,90.38,15.06,2026-09-15,2027-03-02
1770,2026-07-27,2026-07,USA,Organic,Basic,2000,2026-07-27,2026-12-21,True,23,8,6,3,6,389.16,16.92,2026-08-28,2027-01-12
1771,2026-10-08,2026-10,USA,Paid Ads,Free,0,2026-10-08,,False,20,5,5,2,8,360.42,18.02,2026-10-09,2027-03-25
1772,2026-05-07,2026-05,Germany,Referral,Pro,5000,2026-05-07,2026-07-04,True,18,4,6,3,5,353.96,19.66,2026-05-08,2026-10-30
1773,2026-12-20,2026-12,India,Organic,Basic,2000,2026-12-20,,False,24,7,6,4,7,357.09,14.88,2027-01-11,2027-05-26
1774,2026-05-17,2026-05,Germany,Referral,Free,0,2026-05-17,2026-10-11,True,6,0,4,2,0,105.67,17.61,2026-05-29,2026-11-06
1775,2026-02-01,2026-02,India,Paid Ads,Pro,5000,2026-02-01,,False,23,5,10,3,5,368.33,16.01,2026-02-10,2026-07-21
1776,2026-12-06,2026-12,Germany,Referral,Free,0,2026-12-06,2027-03-02,True,19,5,2,5,7,329.51,17.34,2026-12-06,2027-05-31
1777,2026-09-21,2026-09,Germany,Referral,Free,0,2026-09-21,,False,29,8,8,7,6,453.24,15.63,2026-10-10,2027-03-17
1778,2026-07-10,2026-07,UK,Paid Ads,Free,0,2026-07-10,,False,21,6,7,2,6,296.63,14.13,2026-07-19,2027-01-02
1779,2026-08-24,2026-08,India,Organic,Basic,2000,2026-08-24,,False,8,2,1,1,4,116.62,14.58,2026-09-18,2027-02-03
1780,2026-07-30,2026-07,India,Paid Ads,Basic,2000,2026-07-30,,False,18,6,6,4,2,274.14,15.23,2026-07-31,2027-01-22
1781,2026-07-07,2026-07,India,Organic,Free,0,2026-07-07,,False,27,7,5,10,5,413.45,15.31,2026-07-11,2026-12-30
1782,2026-03-20,2026-03,USA,Paid Ads,Free,0,2026-03-20,,False,6,2,0,3,1,83.03,13.84,2026-03-21,2026-07-17
1783,2026-06-06,2026-06,Germany,Organic,Free,0,2026-06-06,2026-07-12,True,14,5,1,5,3,171.83,12.27,2026-06-20,2026-11-02
1784,2026-02-17,2026-02,India,Referral,Pro,5000,2026-02-17,,False,12,4,1,2,5,193.85,16.15,2026-02-19,2026-07-25
1785,2026-12-02,2026-12,USA,Organic,Pro,5000,2026-12-02,,False,8,2,3,1,2,118.08,14.76,2027-01-01,2027-05-29
1786,2026-08-05,2026-08,USA,Organic,Basic,2000,2026-08-05,2026-12-31,True,19,4,6,2,7,310.59,16.35,2026-08-06,2027-01-20
1787,2026-03-05,2026-03,Germany,Paid Ads,Free,0,2026-03-05,,False,28,6,9,8,5,441.85,15.78,2026-03-05,2026-08-22
1788,2026-01-26,2026-01,India,Paid Ads,Free,0,2026-01-26,,False,27,8,7,4,8,447.66,16.58,2026-01-28,2026-07-24
1789,2026-05-24,2026-05,India,Organic,Free,0,2026-05-24,2026-09-02,True,20,5,5,4,6,313.45,15.67,2026-06-01,2026-11-11
1790,2026-07-20,2026-07,Germany,Paid Ads,Free,0,2026-07-20,2026-12-31,True,6,0,1,3,2,104.64,17.44,2026-07-29,2026-12-23
1791,2026-08-21,2026-08,Germany,Paid Ads,Pro,5000,2026-08-21,,False,16,3,5,5,3,248.12,15.51,2026-08-28,2027-02-16
1792,2026-03-08,2026-03,Germany,Referral,Free,0,2026-03-08,,False,8,1,4,0,3,111.77,13.97,2026-03-14,2026-08-23
1793,2026-01-19,2026-01,USA,Paid Ads,Free,0,2026-01-19,,False,6,4,0,0,2,50.67,8.44,2026-03-27,2026-05-30
1794,2026-02-28,2026-02,India,Organic,Free,0,2026-02-28,,False,9,1,4,1,3,131.81,14.65,2026-03-10,2026-08-17
1795,2026-12-23,2026-12,Germany,Paid Ads,Basic,2000,2026-12-23,2027-01-25,True,15,6,2,2,5,224.62,14.97,2027-01-03,2027-05-24
1796,2026-02-25,2026-02,India,Paid Ads,Free,0,2026-02-25,,False,22,5,4,6,7,372.27,16.92,2026-02-26,2026-08-21
1797,2026-01-07,2026-01,Germany,Paid Ads,Basic,2000,2026-01-07,,False,16,3,3,6,4,238.92,14.93,2026-01-14,2026-06-16
1798,2026-06-05,2026-06,Germany,Referral,Basic,2000,2026-06-05,2026-10-04,True,8,0,1,5,2,106.62,13.33,2026-07-19,2026-11-27
1799,2026-07-16,2026-07,USA,Referral,Pro,5000,2026-07-16,2026-11-20,True,19,6,7,4,2,225.07,11.85,2026-07-29,2027-01-07
1800,2026-05-14,2026-05,USA,Paid Ads,Free,0,2026-05-14,,False,9,5,1,2,1,143.74,15.97,2026-05-24,2026-11-09
1801,2026-11-16,2026-11,Germany,Organic,Basic,2000,2026-11-16,,False,22,2,5,5,10,342.89,15.59,2026-11-23,2027-05-13
1802,2026-12-26,2026-12,India,Paid Ads,Basic,2000,2026-12-26,,False,23,4,8,4,7,341.99,14.87,2027-01-05,2027-06-21
1803,2026-02-13,2026-02,USA,Paid Ads,Basic,2000,2026-02-13,2026-03-27,True,9,1,3,2,3,131.09,14.57,2026-03-04,2026-07-04
1804,2026-12-03,2026-12,USA,Organic,Basic,2000,2026-12-03,2027-04-04,True,28,3,9,7,9,388.12,13.86,2026-12-03,2027-05-21
1805,2026-11-22,2026-11,USA,Referral,Pro,5000,2026-11-22,,False,6,2,1,3,0,84.14,14.02,2026-11-27,2027-03-27
1806,2026-06-22,2026-06,Germany,Referral,Basic,2000,2026-06-22,,False,16,3,3,7,3,243.17,15.2,2026-06-30,2026-12-18
1807,2026-11-17,2026-11,Germany,Referral,Pro,5000,2026-11-17,,False,12,3,2,2,5,149.68,12.47,2026-12-01,2027-04-29
1808,2026-11-16,2026-11,UK,Referral,Pro,5000,2026-11-16,2026-12-21,True,23,6,8,4,5,317.4,13.8,2026-11-16,2027-05-02
1809,2026-08-16,2026-08,India,Referral,Basic,2000,2026-08-16,,False,5,1,1,2,1,58.28,11.66,2026-08-21,2027-01-28
1810,2026-08-30,2026-08,India,Referral,Basic,2000,2026-08-30,2027-01-22,True,6,0,3,2,1,68.5,11.42,2026-09-03,2027-02-12
1811,2026-07-28,2026-07,UK,Referral,Free,0,2026-07-28,,False,27,6,8,6,7,394.32,14.6,2026-08-10,2027-01-21
1812,2026-08-12,2026-08,UK,Referral,Pro,5000,2026-08-12,,False,29,9,5,6,9,485.8,16.75,2026-08-19,2027-02-03
1813,2026-11-05,2026-11,India,Referral,Free,0,2026-11-05,2027-02-03,True,24,3,11,6,4,437.61,18.23,2026-11-19,2027-04-28
1814,2026-02-07,2026-02,UK,Organic,Free,0,2026-02-07,,False,27,4,6,7,10,390.33,14.46,2026-02-09,2026-07-26
1815,2026-10-08,2026-10,India,Referral,Pro,5000,2026-10-08,,False,27,7,5,8,7,441.78,16.36,2026-10-15,2027-03-24
1816,2026-10-07,2026-10,UK,Organic,Free,0,2026-10-07,,False,9,3,1,4,1,91.82,10.2,2026-10-07,2027-03-29
1817,2026-11-12,2026-11,USA,Organic,Pro,5000,2026-11-12,,False,26,9,7,5,5,411.26,15.82,2026-11-16,2027-05-09
1818,2026-04-08,2026-04,USA,Paid Ads,Free,0,2026-04-08,,False,6,1,2,2,1,123.81,20.64,2026-05-08,2026-07-16
1819,2026-06-28,2026-06,Germany,Organic,Free,0,2026-06-28,,False,19,6,7,1,5,347.6,18.29,2026-07-02,2026-12-14
1820,2026-08-31,2026-08,USA,Organic,Free,0,2026-08-31,,False,29,10,2,6,11,448.36,15.46,2026-09-06,2027-02-11
1821,2026-08-18,2026-08,USA,Organic,Pro,5000,2026-08-18,2027-02-05,True,21,5,3,8,5,350.1,16.67,2026-08-19,2027-02-10
1822,2026-09-06,2026-09,India,Organic,Free,0,2026-09-06,2026-10-31,True,6,2,1,2,1,86.25,14.38,2026-11-26,2027-02-26
1823,2026-01-31,2026-01,Germany,Referral,Free,0,2026-01-31,2026-04-09,True,7,1,2,3,1,101.02,14.43,2026-03-16,2026-07-23
1824,2026-10-22,2026-10,Germany,Organic,Basic,2000,2026-10-22,,False,26,4,9,9,4,382.01,14.69,2026-11-09,2027-04-16
1825,2026-10-30,2026-10,UK,Organic,Free,0,2026-10-30,,False,14,2,2,4,6,249.9,17.85,2026-11-29,2027-04-16
1826,2026-06-23,2026-06,India,Organic,Basic,2000,2026-06-23,2026-08-16,True,19,5,5,4,5,250.73,13.2,2026-06-24,2026-12-11
1827,2026-11-03,2026-11,USA,Referral,Free,0,2026-11-03,,False,13,3,5,3,2,263.72,20.29,2026-11-10,2027-04-23
1828,2026-08-08,2026-08,UK,Referral,Basic,2000,2026-08-08,2026-12-28,True,22,7,7,5,3,321.51,14.61,2026-08-24,2027-01-19
1829,2026-03-08,2026-03,UK,Organic,Free,0,2026-03-08,,False,11,2,1,5,3,124.52,11.32,2026-03-19,2026-08-31
1830,2026-07-04,2026-07,India,Referral,Pro,5000,2026-07-04,,False,28,5,7,5,11,405.4,14.48,2026-07-14,2026-12-28
1831,2026-12-22,2026-12,USA,Paid Ads,Free,0,2026-12-22,,False,12,3,2,6,1,188.89,15.74,2027-01-17,2027-06-09
1832,2026-12-18,2026-12,India,Organic,Pro,5000,2026-12-18,,False,8,0,1,3,4,142.38,17.8,2027-02-06,2027-06-01
1833,2026-08-26,2026-08,USA,Organic,Basic,2000,2026-08-26,2026-10-22,True,29,7,8,10,4,456.11,15.73,2026-09-06,2027-02-14
1834,2026-11-06,2026-11,UK,Referral,Free,0,2026-11-06,,False,19,8,2,6,3,370.19,19.48,2026-12-14,2027-05-04
1835,2026-03-24,2026-03,India,Referral,Free,0,2026-03-24,,False,21,4,10,6,1,329.32,15.68,2026-04-05,2026-09-18
1836,2026-12-16,2026-12,UK,Paid Ads,Basic,2000,2026-12-16,2027-02-01,True,23,3,4,10,6,315.84,13.73,2026-12-18,2027-06-04
1837,2026-02-15,2026-02,USA,Referral,Pro,5000,2026-02-15,2026-04-21,True,24,10,6,5,3,425.89,17.75,2026-02-16,2026-08-08
1838,2026-08-11,2026-08,UK,Paid Ads,Basic,2000,2026-08-11,,False,17,3,3,4,7,220.32,12.96,2026-08-15,2027-01-24
1839,2026-02-22,2026-02,India,Paid Ads,Free,0,2026-02-22,,False,6,1,1,1,3,91.0,15.17,2026-04-14,2026-07-10
1840,2026-08-09,2026-08,Germany,Referral,Free,0,2026-08-09,,False,18,6,2,4,6,236.59,13.14,2026-08-21,2027-01-27
1841,2026-12-26,2026-12,India,Organic,Basic,2000,2026-12-26,,False,24,9,7,3,5,357.67,14.9,2026-12-26,2027-06-22
1842,2026-07-31,2026-07,USA,Paid Ads,Free,0,2026-07-31,,False,29,2,11,10,6,485.97,16.76,2026-08-05,2027-01-15
1843,2026-10-16,2026-10,UK,Referral,Basic,2000,2026-10-16,2027-02-28,True,27,9,8,4,6,448.13,16.6,2026-10-23,2027-04-13
1844,2026-02-16,2026-02,UK,Paid Ads,Free,0,2026-02-16,,False,7,1,0,4,2,98.21,14.03,2026-05-07,2026-07-28
1845,2026-05-28,2026-05,India,Organic,Basic,2000,2026-05-28,,False,17,4,6,2,5,258.92,15.23,2026-06-20,2026-11-23
1846,2026-09-06,2026-09,USA,Paid Ads,Pro,5000,2026-09-06,,False,16,6,2,4,4,194.78,12.17,2026-09-07,2027-02-23
1847,2026-04-29,2026-04,Germany,Organic,Basic,2000,2026-04-29,2026-08-15,True,24,5,8,5,6,399.64,16.65,2026-05-04,2026-10-20
1848,2026-03-31,2026-03,USA,Paid Ads,Pro,5000,2026-03-31,,False,17,5,4,2,6,231.77,13.63,2026-04-03,2026-09-25
1849,2026-08-21,2026-08,UK,Referral,Pro,5000,2026-08-21,,False,10,2,3,2,3,156.65,15.66,2026-08-28,2027-01-09
1850,2026-02-25,2026-02,Germany,Paid Ads,Free,0,2026-02-25,,False,29,6,9,7,7,507.78,17.51,2026-02-25,2026-07-31
1851,2026-12-13,2026-12,India,Paid Ads,Free,0,2026-12-13,,False,12,1,2,7,2,157.37,13.11,2026-12-30,2027-05-29
1852,2026-01-30,2026-01,India,Organic,Basic,2000,2026-01-30,,False,11,4,3,1,3,194.26,17.66,2026-02-19,2026-07-23
1853,2026-12-14,2026-12,India,Organic,Free,0,2026-12-14,,False,13,2,5,4,2,232.2,17.86,2026-12-23,2027-05-15
1854,2026-02-14,2026-02,India,Referral,Free,0,2026-02-14,,False,26,5,9,4,8,369.93,14.23,2026-02-15,2026-08-09
1855,2026-07-01,2026-07,UK,Referral,Free,0,2026-07-01,,False,11,4,3,1,3,193.49,17.59,2026-07-19,2026-12-06
1856,2026-05-11,2026-05,India,Paid Ads,Pro,5000,2026-05-11,,False,17,5,4,5,3,294.11,17.3,2026-05-22,2026-10-09
1857,2026-07-15,2026-07,Germany,Referral,Basic,2000,2026-07-15,,False,19,4,9,4,2,328.0,17.26,2026-07-26,2026-12-10
1858,2026-08-22,2026-08,UK,Referral,Basic,2000,2026-08-22,,False,19,4,6,6,3,264.91,13.94,2026-09-07,2027-01-31
1859,2026-03-06,2026-03,UK,Referral,Free,0,2026-03-06,,False,5,1,0,4,0,74.97,14.99,2026-03-06,2026-08-07
1860,2026-08-09,2026-08,Germany,Referral,Pro,5000,2026-08-09,2026-12-18,True,15,2,4,4,5,169.84,11.32,2026-09-24,2027-01-25
1861,2026-04-08,2026-04,Germany,Referral,Basic,2000,2026-04-08,2026-05-25,True,11,2,4,0,5,172.88,15.72,2026-04-26,2026-09-20
1862,2026-07-15,2026-07,USA,Referral,Free,0,2026-07-15,,False,5,1,0,2,2,57.89,11.58,2026-10-01,2026-12-16
1863,2026-06-04,2026-06,Germany,Paid Ads,Free,0,2026-06-04,2026-11-17,True,21,4,5,7,5,346.89,16.52,2026-06-09,2026-11-28
1864,2026-12-10,2026-12,Germany,Organic,Free,0,2026-12-10,,False,23,3,8,3,9,339.06,14.74,2026-12-14,2027-06-04
1865,2026-12-10,2026-12,Germany,Organic,Free,0,2026-12-10,,False,17,4,6,4,3,253.44,14.91,2026-12-15,2027-05-27
1866,2026-04-23,2026-04,Germany,Organic,Basic,2000,2026-04-23,,False,6,2,0,2,2,82.15,13.69,2026-04-26,2026-10-17
1867,2026-11-30,2026-11,UK,Paid Ads,Free,0,2026-11-30,2027-04-02,True,7,2,0,3,2,102.08,14.58,2027-01-04,2027-05-15
1868,2026-12-22,2026-12,UK,Referral,Free,0,2026-12-22,2027-06-10,True,23,2,5,8,8,335.73,14.6,2026-12-26,2027-06-07
1869,2026-04-05,2026-04,India,Referral,Free,0,2026-04-05,2026-05-21,True,22,4,2,10,6,384.68,17.49,2026-04-09,2026-09-30
1870,2026-11-20,2026-11,Germany,Organic,Basic,2000,2026-11-20,,False,10,0,6,2,2,157.03,15.7,2026-12-01,2027-05-10
1871,2026-10-03,2026-10,USA,Organic,Free,0,2026-10-03,,False,6,3,2,0,1,99.82,16.64,2027-01-01,2027-03-26
1872,2026-06-15,2026-06,India,Organic,Basic,2000,2026-06-15,,False,6,2,1,0,3,91.69,15.28,2026-08-20,2026-12-06
1873,2026-01-25,2026-01,Germany,Paid Ads,Pro,5000,2026-01-25,,False,8,3,1,1,3,92.63,11.58,2026-02-09,2026-06-16
1874,2026-10-07,2026-10,Germany,Paid Ads,Basic,2000,2026-10-07,,False,12,6,2,1,3,196.09,16.34,2026-10-23,2027-04-04
1875,2026-09-02,2026-09,USA,Referral,Pro,5000,2026-09-02,2026-12-28,True,6,1,1,4,0,100.5,16.75,2026-09-07,2027-01-16
1876,2026-01-13,2026-01,USA,Referral,Free,0,2026-01-13,2026-07-07,True,17,3,4,5,5,242.39,14.26,2026-01-28,2026-06-25
1877,2026-05-13,2026-05,UK,Paid Ads,Pro,5000,2026-05-13,,False,12,3,4,2,3,165.94,13.83,2026-06-12,2026-10-27
1878,2026-02-01,2026-02,Germany,Organic,Basic,2000,2026-02-01,,False,27,6,7,8,6,444.62,16.47,2026-02-01,2026-07-28
1879,2026-01-17,2026-01,USA,Paid Ads,Free,0,2026-01-17,2026-06-28,True,25,6,9,5,5,392.08,15.68,2026-01-29,2026-07-10
1880,2026-07-19,2026-07,USA,Organic,Pro,5000,2026-07-19,,False,8,1,2,5,0,141.56,17.7,2026-07-19,2027-01-11
1881,2026-04-09,2026-04,India,Paid Ads,Pro,5000,2026-04-09,,False,7,2,2,2,1,81.41,11.63,2026-06-04,2026-10-05
1882,2026-01-01,2026-01,Germany,Referral,Basic,2000,2026-01-01,2026-05-25,True,24,6,6,7,5,356.04,14.84,2026-01-01,2026-06-27
1883,2026-02-01,2026-02,Germany,Organic,Free,0,2026-02-01,2026-04-02,True,9,2,2,2,3,134.25,14.92,2026-02-04,2026-06-12
1884,2026-01-04,2026-01,Germany,Referral,Free,0,2026-01-04,2026-03-30,True,24,7,5,4,8,371.43,15.48,2026-01-22,2026-06-27
1885,2026-01-13,2026-01,Germany,Referral,Free,0,2026-01-13,,False,20,6,5,6,3,311.27,15.56,2026-01-25,2026-07-09
1886,2026-02-23,2026-02,Germany,Paid Ads,Free,0,2026-02-23,,False,24,6,9,4,5,352.3,14.68,2026-02-27,2026-08-20
1887,2026-06-07,2026-06,USA,Referral,Pro,5000,2026-06-07,2026-10-25,True,20,6,3,6,5,307.84,15.39,2026-06-14,2026-12-02
1888,2026-05-29,2026-05,India,Referral,Basic,2000,2026-05-29,,False,17,3,4,6,4,265.94,15.64,2026-06-05,2026-11-21
1889,2026-09-28,2026-09,India,Paid Ads,Free,0,2026-09-28,2027-03-04,True,21,5,5,9,2,325.31,15.49,2026-10-05,2027-03-18
1890,2026-06-04,2026-06,Germany,Referral,Free,0,2026-06-04,2026-10-13,True,13,1,4,7,1,177.18,13.63,2026-06-14,2026-11-04
1891,2026-07-18,2026-07,UK,Paid Ads,Pro,5000,2026-07-18,,False,7,0,3,2,2,128.6,18.37,2026-08-10,2026-12-28
1892,2026-05-27,2026-05,Germany,Organic,Basic,2000,2026-05-27,,False,24,6,6,5,7,358.13,14.92,2026-06-07,2026-11-22
1893,2026-01-29,2026-01,Germany,Paid Ads,Free,0,2026-01-29,,False,8,3,2,1,2,97.66,12.21,2026-04-17,2026-07-16
1894,2026-12-05,2026-12,UK,Referral,Free,0,2026-12-05,,False,14,3,5,3,3,237.75,16.98,2026-12-16,2027-05-17
1895,2026-10-22,2026-10,Germany,Paid Ads,Pro,5000,2026-10-22,,False,15,4,3,2,6,261.81,17.45,2026-11-03,2027-04-18
1896,2026-02-28,2026-02,USA,Organic,Free,0,2026-02-28,2026-08-10,True,12,3,3,6,0,209.42,17.45,2026-03-01,2026-08-05
1897,2026-05-25,2026-05,Germany,Referral,Free,0,2026-05-25,,False,24,6,5,4,9,346.84,14.45,2026-05-27,2026-11-14
1898,2026-11-08,2026-11,USA,Referral,Free,0,2026-11-08,,False,23,9,8,0,6,313.28,13.62,2026-11-11,2027-04-27
1899,2026-04-30,2026-04,USA,Referral,Free,0,2026-04-30,,False,9,4,2,2,1,146.45,16.27,2026-06-03,2026-10-17
1900,2026-08-05,2026-08,India,Referral,Pro,5000,2026-08-05,,False,17,5,3,2,7,224.19,13.19,2026-08-05,2027-01-18
1901,2026-12-14,2026-12,Germany,Referral,Free,0,2026-12-14,,False,26,6,2,13,5,375.04,14.42,2027-01-01,2027-05-20
1902,2026-07-04,2026-07,UK,Referral,Free,0,2026-07-04,,False,10,1,3,5,1,192.78,19.28,2026-07-27,2026-11-26
1903,2026-02-25,2026-02,India,Organic,Free,0,2026-02-25,,False,20,5,4,5,6,280.59,14.03,2026-02-25,2026-08-21
1904,2026-07-24,2026-07,India,Organic,Free,0,2026-07-24,,False,27,2,5,9,11,454.57,16.84,2026-07-31,2026-12-31
1905,2026-10-29,2026-10,USA,Referral,Basic,2000,2026-10-29,,False,19,6,4,7,2,285.65,15.03,2026-10-31,2027-04-21
1906,2026-03-03,2026-03,UK,Organic,Basic,2000,2026-03-03,,False,28,9,9,5,5,332.45,11.87,2026-03-12,2026-08-22
1907,2026-01-17,2026-01,Germany,Referral,Pro,5000,2026-01-17,,False,13,2,1,5,5,201.26,15.48,2026-02-22,2026-07-09
1908,2026-06-11,2026-06,USA,Referral,Basic,2000,2026-06-11,,False,28,4,4,8,12,464.75,16.6,2026-06-11,2026-12-05
1909,2026-06-23,2026-06,Germany,Organic,Free,0,2026-06-23,2026-11-26,True,22,6,5,8,3,357.65,16.26,2026-06-26,2026-12-08
1910,2026-01-22,2026-01,Germany,Organic,Free,0,2026-01-22,,False,7,2,1,3,1,130.45,18.64,2026-03-28,2026-07-05
1911,2026-07-12,2026-07,USA,Paid Ads,Free,0,2026-07-12,2026-11-08,True,26,7,6,5,8,437.52,16.83,2026-07-16,2026-12-22
1912,2026-08-09,2026-08,Germany,Referral,Free,0,2026-08-09,,False,23,3,4,5,11,339.82,14.77,2026-08-24,2027-01-30
1913,2026-04-24,2026-04,USA,Organic,Free,0,2026-04-24,,False,15,4,1,5,5,279.67,18.64,2026-05-08,2026-10-02
1914,2026-02-12,2026-02,USA,Paid Ads,Free,0,2026-02-12,,False,16,4,4,5,3,293.69,18.36,2026-03-11,2026-08-08
1915,2026-06-17,2026-06,USA,Organic,Free,0,2026-06-17,,False,23,7,7,1,8,339.85,14.78,2026-06-19,2026-12-02
1916,2026-07-03,2026-07,UK,Organic,Free,0,2026-07-03,2026-10-23,True,26,11,5,7,3,449.88,17.3,2026-07-15,2026-12-28
1917,2026-08-14,2026-08,UK,Organic,Basic,2000,2026-08-14,2026-12-09,True,14,2,2,7,3,231.69,16.55,2026-08-16,2027-01-03
1918,2026-09-10,2026-09,India,Organic,Basic,2000,2026-09-10,,False,28,13,5,8,2,465.56,16.63,2026-09-21,2027-02-26
1919,2026-09-15,2026-09,USA,Organic,Pro,5000,2026-09-15,2027-02-17,True,16,4,4,4,4,253.49,15.84,2026-09-22,2027-03-12
1920,2026-07-17,2026-07,USA,Organic,Free,0,2026-07-17,2026-12-18,True,26,4,4,8,10,386.08,14.85,2026-07-19,2027-01-12
1921,2026-03-01,2026-03,USA,Paid Ads,Free,0,2026-03-01,2026-05-20,True,15,2,4,5,4,236.15,15.74,2026-03-14,2026-08-01
1922,2026-02-05,2026-02,Germany,Organic,Pro,5000,2026-02-05,,False,8,1,4,1,2,128.84,16.1,2026-02-08,2026-07-23
1923,2026-05-26,2026-05,Germany,Paid Ads,Free,0,2026-05-26,,False,6,0,4,1,1,108.15,18.03,2026-07-11,2026-10-18
1924,2026-02-07,2026-02,USA,Organic,Basic,2000,2026-02-07,,False,16,5,3,4,4,235.32,14.71,2026-02-16,2026-07-29
1925,2026-08-26,2026-08,USA,Referral,Free,0,2026-08-26,2026-11-25,True,24,7,5,3,9,352.51,14.69,2026-09-01,2027-02-21
1926,2026-03-22,2026-03,USA,Paid Ads,Free,0,2026-03-22,2026-07-14,True,10,1,5,4,0,124.65,12.46,2026-03-24,2026-08-22
1927,2026-07-05,2026-07,Germany,Organic,Pro,5000,2026-07-05,2026-09-02,True,12,3,1,4,4,195.32,16.28,2026-07-21,2026-12-13
1928,2026-03-25,2026-03,India,Organic,Free,0,2026-03-25,,False,16,4,6,3,3,209.29,13.08,2026-04-04,2026-09-18
1929,2026-02-18,2026-02,Germany,Organic,Free,0,2026-02-18,,False,18,7,2,5,4,285.79,15.88,2026-02-22,2026-08-14
1930,2026-11-18,2026-11,USA,Paid Ads,Basic,2000,2026-11-18,,False,11,2,3,4,2,175.46,15.95,2026-11-29,2027-04-03
1931,2026-06-28,2026-06,Germany,Organic,Pro,5000,2026-06-28,,False,20,6,5,4,5,295.33,14.77,2026-06-28,2026-12-21
1932,2026-01-20,2026-01,UK,Organic,Basic,2000,2026-01-20,,False,14,7,1,3,3,282.12,20.15,2026-01-25,2026-06-29
1933,2026-11-17,2026-11,Germany,Referral,Free,0,2026-11-17,,False,20,2,6,5,7,363.31,18.17,2026-11-17,2027-05-05
1934,2026-07-12,2026-07,USA,Organic,Free,0,2026-07-12,,False,6,4,1,1,0,107.28,17.88,2026-08-14,2026-12-12
1935,2026-01-22,2026-01,UK,Organic,Free,0,2026-01-22,,False,21,12,2,6,1,317.74,15.13,2026-01-26,2026-07-15
1936,2026-01-20,2026-01,India,Organic,Free,0,2026-01-20,,False,13,5,5,1,2,167.46,12.88,2026-01-25,2026-07-04
1937,2026-10-02,2026-10,UK,Referral,Free,0,2026-10-02,2026-12-31,True,18,7,4,4,3,304.48,16.92,2026-10-13,2027-03-25
1938,2026-11-24,2026-11,UK,Organic,Pro,5000,2026-11-24,,False,28,7,8,9,4,414.23,14.79,2026-11-30,2027-05-02
1939,2026-08-27,2026-08,USA,Organic,Free,0,2026-08-27,,False,16,4,6,2,4,236.55,14.78,2026-09-18,2027-02-11
1940,2026-07-27,2026-07,Germany,Organic,Free,0,2026-07-27,,False,10,1,4,1,4,122.88,12.29,2026-08-20,2027-01-11
1941,2026-11-03,2026-11,UK,Paid Ads,Free,0,2026-11-03,2027-04-28,True,24,6,6,8,4,401.32,16.72,2026-11-22,2027-04-13
1942,2026-04-06,2026-04,UK,Paid Ads,Free,0,2026-04-06,,False,27,8,5,6,8,441.9,16.37,2026-04-06,2026-09-27
1943,2026-11-01,2026-11,Germany,Organic,Free,0,2026-11-01,,False,13,5,6,0,2,183.13,14.09,2026-11-09,2027-04-28
1944,2026-12-01,2026-12,USA,Paid Ads,Free,0,2026-12-01,,False,16,4,4,4,4,290.88,18.18,2026-12-03,2027-05-13
1945,2026-08-03,2026-08,UK,Referral,Free,0,2026-08-03,,False,22,6,4,7,5,332.96,15.13,2026-08-03,2027-01-27
1946,2026-03-09,2026-03,India,Organic,Basic,2000,2026-03-09,,False,13,3,4,2,4,191.13,14.7,2026-04-05,2026-08-24
1947,2026-10-06,2026-10,UK,Referral,Pro,5000,2026-10-06,,False,6,0,1,3,2,106.37,17.73,2026-11-06,2027-02-06
1948,2026-10-12,2026-10,Germany,Paid Ads,Free,0,2026-10-12,,False,18,3,4,4,7,252.65,14.04,2026-10-12,2027-04-07
1949,2026-06-30,2026-06,Germany,Organic,Free,0,2026-06-30,,False,8,2,4,1,1,164.63,20.58,2026-08-07,2026-12-16
1950,2026-01-23,2026-01,India,Organic,Pro,5000,2026-01-23,2026-03-11,True,16,4,2,6,4,227.2,14.2,2026-01-24,2026-07-07
1951,2026-06-15,2026-06,USA,Paid Ads,Free,0,2026-06-15,,False,28,4,9,7,8,399.33,14.26,2026-06-26,2026-12-07
1952,2026-06-29,2026-06,UK,Organic,Pro,5000,2026-06-29,,False,13,4,4,4,1,174.67,13.44,2026-06-29,2026-12-24
1953,2026-10-09,2026-10,UK,Paid Ads,Free,0,2026-10-09,,False,16,3,6,3,4,254.47,15.9,2026-10-12,2027-04-04
1954,2026-02-14,2026-02,UK,Referral,Free,0,2026-02-14,,False,5,2,1,1,1,57.74,11.55,2026-03-31,2026-06-25
1955,2026-07-30,2026-07,India,Referral,Pro,5000,2026-07-30,2027-01-17,True,7,0,3,1,3,79.02,11.29,2026-07-31,2026-12-04
1956,2026-03-10,2026-03,Germany,Organic,Pro,5000,2026-03-10,,False,20,4,6,5,5,287.17,14.36,2026-03-23,2026-07-18
1957,2026-08-05,2026-08,India,Paid Ads,Basic,2000,2026-08-05,,False,15,4,4,6,1,212.89,14.19,2026-08-28,2027-01-25
1958,2026-04-22,2026-04,India,Referral,Free,0,2026-04-22,,False,6,1,3,1,1,106.54,17.76,2026-06-25,2026-10-13
1959,2026-09-23,2026-09,USA,Referral,Free,0,2026-09-23,,False,10,3,1,1,5,193.98,19.4,2026-10-02,2027-03-16
1960,2026-04-27,2026-04,Germany,Paid Ads,Basic,2000,2026-04-27,,False,13,4,3,2,4,178.21,13.71,2026-04-27,2026-10-04
1961,2026-09-03,2026-09,UK,Organic,Free,0,2026-09-03,,False,18,4,3,7,4,264.73,14.71,2026-09-05,2027-02-27
1962,2026-04-27,2026-04,India,Referral,Pro,5000,2026-04-27,,False,23,9,6,6,2,326.42,14.19,2026-04-27,2026-10-22
1963,2026-01-20,2026-01,UK,Paid Ads,Pro,5000,2026-01-20,2026-07-16,True,29,11,9,3,6,369.45,12.74,2026-01-26,2026-07-16
1964,2026-12-02,2026-12,UK,Referral,Pro,5000,2026-12-02,,False,22,4,9,4,5,283.92,12.91,2026-12-02,2027-05-17
1965,2026-04-02,2026-04,India,Paid Ads,Free,0,2026-04-02,2026-07-06,True,16,3,6,3,4,315.05,19.69,2026-04-07,2026-09-20
1966,2026-05-26,2026-05,Germany,Paid Ads,Basic,2000,2026-05-26,,False,11,5,0,2,4,203.38,18.49,2026-07-07,2026-10-05
1967,2026-12-25,2026-12,Germany,Paid Ads,Free,0,2026-12-25,,False,7,1,2,2,2,127.9,18.27,2027-01-07,2027-03-18
1968,2026-03-10,2026-03,Germany,Referral,Free,0,2026-03-10,2026-09-03,True,17,4,2,7,4,215.13,12.65,2026-03-12,2026-08-28
1969,2026-06-06,2026-06,India,Organic,Free,0,2026-06-06,,False,17,3,2,7,5,324.95,19.11,2026-06-22,2026-11-18
1970,2026-07-03,2026-07,UK,Referral,Pro,5000,2026-07-03,,False,10,2,2,4,2,151.79,15.18,2026-07-21,2026-12-16
1971,2026-04-13,2026-04,UK,Referral,Free,0,2026-04-13,,False,23,5,5,5,8,413.9,18.0,2026-04-20,2026-09-28
1972,2026-02-09,2026-02,Germany,Organic,Basic,2000,2026-02-09,,False,8,1,2,3,2,81.46,10.18,2026-02-10,2026-08-07
1973,2026-12-26,2026-12,India,Organic,Pro,5000,2026-12-26,,False,23,10,3,6,4,349.23,15.18,2027-01-07,2027-06-21
1974,2026-05-18,2026-05,USA,Organic,Pro,5000,2026-05-18,,False,8,2,1,3,2,105.06,13.13,2026-07-04,2026-10-12
1975,2026-01-08,2026-01,India,Referral,Free,0,2026-01-08,,False,7,2,3,1,1,130.64,18.66,2026-04-04,2026-07-03
1976,2026-05-26,2026-05,UK,Organic,Free,0,2026-05-26,2026-09-22,True,16,2,2,8,4,191.5,11.97,2026-07-01,2026-11-18
1977,2026-01-19,2026-01,USA,Organic,Free,0,2026-01-19,,False,28,8,7,5,8,442.79,15.81,2026-01-21,2026-07-15
1978,2026-07-03,2026-07,UK,Paid Ads,Pro,5000,2026-07-03,,False,8,1,1,4,2,136.07,17.01,2026-07-10,2026-11-07
1979,2026-05-21,2026-05,USA,Paid Ads,Free,0,2026-05-21,2026-10-02,True,16,2,3,6,5,244.36,15.27,2026-06-06,2026-11-16
1980,2026-06-30,2026-06,UK,Organic,Free,0,2026-06-30,2026-09-17,True,28,5,6,6,11,427.9,15.28,2026-07-01,2026-12-20
1981,2026-01-18,2026-01,USA,Organic,Basic,2000,2026-01-18,,False,22,6,5,5,6,367.57,16.71,2026-01-21,2026-07-08
1982,2026-01-21,2026-01,USA,Paid Ads,Free,0,2026-01-21,,False,28,8,3,10,7,473.95,16.93,2026-02-01,2026-06-17
1983,2026-09-13,2026-09,Germany,Paid Ads,Basic,2000,2026-09-13,2026-11-29,True,8,4,0,3,1,125.15,15.64,2026-09-14,2027-02-04
1984,2026-07-10,2026-07,India,Organic,Basic,2000,2026-07-10,,False,13,2,4,4,3,211.99,16.31,2026-07-13,2027-01-05
1985,2026-09-15,2026-09,UK,Organic,Free,0,2026-09-15,,False,21,5,8,6,2,338.54,16.12,2026-09-21,2027-03-08
1986,2026-06-20,2026-06,Germany,Paid Ads,Basic,2000,2026-06-20,,False,11,1,3,3,4,129.34,11.76,2026-06-22,2026-12-01
1987,2026-01-12,2026-01,UK,Referral,Free,0,2026-01-12,,False,21,3,4,3,11,301.59,14.36,2026-01-28,2026-07-08
1988,2026-07-07,2026-07,Germany,Referral,Basic,2000,2026-07-07,,False,19,6,4,6,3,281.26,14.8,2026-07-28,2026-12-31
1989,2026-10-11,2026-10,UK,Organic,Basic,2000,2026-10-11,,False,9,2,3,0,4,156.24,17.36,2026-10-24,2027-02-17
1990,2026-04-05,2026-04,Germany,Organic,Basic,2000,2026-04-05,,False,20,5,1,9,5,383.35,19.17,2026-04-06,2026-09-27
1991,2026-10-07,2026-10,USA,Paid Ads,Free,0,2026-10-07,,False,11,3,2,2,4,173.94,15.81,2026-10-07,2027-02-06
1992,2026-12-20,2026-12,Germany,Organic,Free,0,2026-12-20,,False,23,7,5,5,6,382.46,16.63,2027-01-04,2027-06-07
1993,2026-07-30,2026-07,USA,Paid Ads,Free,0,2026-07-30,,False,29,7,3,12,7,371.46,12.81,2026-08-05,2027-01-20
1994,2026-04-05,2026-04,UK,Organic,Free,0,2026-04-05,,False,17,2,5,6,4,243.07,14.3,2026-04-08,2026-09-30
1995,2026-05-25,2026-05,UK,Paid Ads,Free,0,2026-05-25,2026-10-21,True,16,3,4,2,7,205.25,12.83,2026-05-26,2026-11-19
1996,2026-07-24,2026-07,Germany,Referral,Free,0,2026-07-24,,False,5,2,2,0,1,46.82,9.36,2026-08-20,2026-12-20
1997,2026-01-05,2026-01,Germany,Organic,Basic,2000,2026-01-05,2026-03-08,True,19,4,8,2,5,270.15,14.22,2026-01-06,2026-06-14
1998,2026-08-26,2026-08,Germany,Paid Ads,Basic,2000,2026-08-26,,False,20,4,5,6,5,315.89,15.79,2026-09-03,2027-02-19
1999,2026-07-19,2026-07,USA,Referral,Free,0,2026-07-19,2026-09-13,True,29,9,7,7,6,448.85,15.48,2026-07-30,2027-01-13
2000,2026-10-10,2026-10,Germany,Paid Ads,Pro,5000,2026-10-10,,False,16,4,2,5,5,249.04,15.56,2026-10-11,2027-03-24
